Date,Start_Hour,End_Hour,Source,Day_of_Year,Day_Name,Month_Name,Season,Production
5/28/2025,20,21,Wind,148.0,Wednesday,May,Spring,8531
11/17/2025,18,19,Wind,321.0,Monday,November,Fall,5739
6/23/2021,18,19,Wind,174.0,Wednesday,June,Summer,40000
1/4/2024,2,3,Wind,4.0,Thursday,January,Winter,14859
2/26/2020,9,10,Wind,57.0,Wednesday,February,Winter,10832
8/4/2022,10,11,Solar,216.0,Thursday,August,Summer,4749
2/13/2025,7,8,Wind,44.0,Thursday,February,Winter,1587
5/26/2025,20,21,Wind,146.0,Monday,May,Spring,4548
12/2/2020,1,2,Wind,337.0,Wednesday,December,Winter,5552
11/4/2025,2,3,Wind,308.0,Tuesday,November,Fall,7867
02/27/2028,xyz,15,Solar,285.0,Wednesday,October,,-100
11/2/2022,4,5,Wind,306.0,Wednesday,November,Fall,7630
3/23/2022,4,5,Wind,82.0,Wednesday,March,Spring,2983
2/15/2025,19,20,Wind,46.0,Saturday,February,Winter,4957
1/9/2024,19,20,Wind,9.0,Tuesday,January,Winter,3663
11/28/2020,12,13,Wind,333.0,Saturday,November,Fall,3819
5/11/2020,21,22,Wind,,Monday,May,Spring,8357
5/19/2021,15,16,Wind,139.0,Wednesday,May,Spring,10673
5/13/2020,21,22,Wind,134.0,Wednesday,May,Spring,7166
1/13/2024,22,23,Wind,13.0,Saturday,January,Winter,531
9/4/2021,11,12,Solar,247.0,Saturday,September,Fall,3621
10/28/2022,9,10,Wind,301.0,Friday,October,Fall,9370
3/28/2022,18,19,Wind,87.0,Monday,March,Spring,2152
7/10/2024,17,18,Solar,192.0,Wednesday,July,Summer,7549
3/27/2021,13,14,Wind,86.0,Saturday,March,Spring,11786
3/6/2022,3,4,Wind,65.0,Sunday,March,Spring,3742
12/31/2021,19,20,Wind,365.0,Friday,December,Winter,3870
02/27/2028,xyz,2,Wind,309.0,Monday,November,Fall,-100
5/15/2022,8,9,Wind,135.0,Sunday,May,Spring,5141
5/23/2020,17,18,Wind,144.0,Saturday,May,Spring,8350
5/27/2025,11,12,Wind,147.0,Tuesday,May,Spring,16112
3/11/2025,15,16,Wind,70.0,Tuesday,March,Spring,6679
2/19/2024,21,22,Wind,50.0,Monday,February,Winter,5491
10/16/2024,8,9,Wind,290.0,Wednesday,October,Fall,11718
9/25/2021,11,12,Solar,268.0,Saturday,September,Fall,3651
7/29/2022,5,6,Wind,210.0,Friday,July,Summer,697
8/26/2021,12,13,Solar,238.0,Thursday,August,Summer,7748
8/28/2022,14,15,Solar,240.0,Sunday,August,Summer,8706
10/23/2021,5,6,Wind,296.0,Saturday,October,Fall,1407
11/28/2023,7,8,Wind,332.0,Tuesday,November,Fall,8732
2/1/2025,14,15,Solar,32.0,Saturday,February,Winter,5418
12/30/2021,2,3,Wind,364.0,Thursday,xyz,Winter,9780
8/17/2025,18,19,Wind,229.0,Sunday,August,Summer,7997
10/15/2022,22,23,Wind,288.0,Saturday,October,Fall,4948
11/22/2024,19,20,Wind,327.0,Friday,November,Fall,9866
4/28/2020,10,11,Wind,119.0,Tuesday,April,Spring,7819
12/5/2023,12,13,Wind,339.0,Tuesday,December,Winter,13241
5/29/2023,0,1,Wind,149.0,Monday,May,Spring,9830
9/25/2024,6,7,Wind,269.0,Wednesday,September,Fall,4070
5/17/2023,6,7,Wind,137.0,Wednesday,May,Spring,6266
2/1/2021,10,11,Wind,32.0,Monday,February,Winter,5954
4/21/2021,3,4,Wind,111.0,Wednesday,April,Spring,1385
2/17/2020,10,11,Wind,48.0,Monday,February,Winter,9310
02/27/2028,15,,Solar,298.0,Thursday,October,Fall,-100
2/12/2025,16,17,Solar,43.0,Wednesday,February,Winter,1025
10/10/2021,16,17,Solar,283.0,Sunday,October,Fall,4936
3/27/2025,20,21,Wind,86.0,Thursday,March,Spring,3238
2/3/2025,19,20,Wind,34.0,Monday,February,Winter,1742
,16,17,xyz,327.0,Tuesday,November,Fall,7609
7/1/2022,20,21,Wind,182.0,Friday,July,Summer,1339
8/1/2020,14,15,Solar,214.0,Saturday,August,Summer,4860
5/6/2023,22,23,Wind,126.0,Saturday,May,Spring,1893
6/5/2023,15,16,Solar,156.0,Monday,June,Summer,8451
9/19/2024,4,5,Wind,263.0,Thursday,September,Fall,7855
12/21/2022,2,3,Wind,355.0,Wednesday,December,Winter,5346
10/11/2020,2,3,Wind,285.0,Sunday,October,Fall,3611
7/29/2021,11,12,Solar,210.0,Thursday,July,Summer,7213
12/14/2023,23,0,Wind,348.0,Thursday,December,Winter,3298
1/27/2020,5,6,Wind,27.0,Monday,January,Winter,8149
9/29/2020,16,17,Solar,273.0,Tuesday,September,Fall,2944
11/22/2024,4,5,Wind,327.0,Friday,November,Fall,7538
5/16/2025,22,23,Wind,136.0,Friday,May,Spring,8198
,0,1,Wind,271.0,Thursday,September,Fall,5305
8/16/2024,22,23,Wind,229.0,Friday,August,Summer,1337
11/8/2023,1,2,Wind,312.0,Wednesday,November,Fall,7745
6/15/2022,2,3,Wind,166.0,Wednesday,June,Summer,3483
8/29/2024,1,2,Wind,242.0,Thursday,August,Summer,2689
5/12/2025,19,20,Solar,132.0,Monday,May,Spring,2644
2/3/2021,5,6,Wind,34.0,Wednesday,February,Winter,8549
12/23/2022,6,7,Wind,,Friday,December,Winter,7796
5/24/2021,9,10,Wind,144.0,Monday,May,Spring,8574
7/28/2021,2,3,Wind,209.0,Wednesday,July,Summer,3551
4/2/2021,23,0,Wind,92.0,Friday,April,Spring,10462
3/9/2023,13,14,Wind,68.0,Thursday,March,Spring,17942
,xyz,8,Wind,229.0,Sunday,August,Summer,6151
2/28/2020,8,9,Wind,59.0,Friday,February,Winter,5483
5/6/2025,16,17,Wind,126.0,Tuesday,May,Spring,7760
11/24/2020,8,9,Wind,329.0,Tuesday,November,Fall,2734
8/27/2021,1,2,Wind,239.0,Friday,August,Summer,3784
12/9/2020,20,21,Wind,344.0,Wednesday,December,Winter,3689
9/18/2024,14,15,Wind,262.0,Wednesday,September,Fall,16993
3/14/2022,15,16,Wind,73.0,Monday,March,Spring,4611
1/4/2022,3,4,Wind,4.0,Tuesday,January,Winter,7525
4/11/2020,1,2,Wind,102.0,Saturday,April,Spring,3336
6/28/2022,22,23,Wind,179.0,Tuesday,June,Summer,1624
9/7/2020,14,15,Solar,251.0,Monday,September,Fall,5181
10/8/2024,11,12,Wind,282.0,Tuesday,October,Fall,13164
8/7/2021,17,18,Wind,219.0,Saturday,August,Summer,11515
11/27/2022,17,18,Wind,331.0,Sunday,November,Fall,7195
9/4/2025,1,2,Wind,247.0,Thursday,September,Fall,8949
12/6/2022,11,12,Solar,340.0,Tuesday,December,Winter,3407
9/25/2025,21,22,Wind,268.0,Thursday,September,Fall,1987
11/22/2023,6,7,Wind,326.0,Wednesday,November,Fall,7111
8/19/2020,1,2,Wind,232.0,Wednesday,August,Summer,883
4/12/2025,21,22,Wind,102.0,Saturday,April,Spring,9193
2/23/2022,5,6,Wind,54.0,Wednesday,February,Winter,1093
02/27/2028,6,7,Wind,230.0,Monday,August,Summer,40000
8/20/2023,11,12,Solar,232.0,Sunday,August,Summer,6200
02/27/2028,11,12,xyz,21.0,Sunday,January,Winter,-100
7/26/2020,9,10,Wind,208.0,Sunday,July,Summer,4665
7/2/2022,11,xyz,Solar,xyz,Saturday,July,Summer,6792
8/9/2025,8,9,Solar,221.0,Saturday,August,Summer,3021
5/4/2023,14,15,Solar,124.0,Thursday,May,Spring,11420
3/15/2021,5,6,Wind,74.0,Monday,March,Spring,10760
6/23/2021,11,12,Solar,174.0,Wednesday,June,Summer,4038
4/8/2024,8,9,Wind,99.0,Monday,April,Spring,4766
8/6/2024,5,6,Wind,219.0,Tuesday,August,Summer,938
6/2/2020,12,13,Solar,154.0,Tuesday,June,Summer,3793
3/30/2025,13,14,Wind,89.0,Sunday,March,xyz,8264
1/1/2024,22,23,Wind,1.0,Monday,January,Winter,16858
1/9/2025,8,9,Wind,9.0,Thursday,January,Winter,14767
7/29/2023,12,13,Wind,210.0,Saturday,July,Summer,40000
8/31/2021,6,7,Wind,243.0,Tuesday,August,Summer,3287
9/24/2020,7,8,Wind,268.0,Thursday,September,Fall,5609
1/17/2021,2,3,Wind,17.0,Sunday,January,Winter,4970
2/28/2023,19,20,Wind,59.0,Tuesday,February,Winter,5823
10/6/2023,4,5,Wind,279.0,Friday,October,Fall,1372
10/21/2021,16,17,Wind,294.0,Thursday,October,Fall,10293
12/1/2024,15,16,Wind,336.0,Sunday,December,Winter,8138
5/4/2021,2,3,Wind,124.0,Tuesday,May,Spring,12948
4/25/2021,6,7,Wind,115.0,Sunday,April,Spring,8420
10/10/2020,4,5,Wind,284.0,Saturday,October,Fall,2632
2/11/2022,4,5,Wind,42.0,Friday,February,Winter,4216
5/21/2021,2,3,Wind,141.0,Friday,May,Spring,9726
3/6/2020,11,12,Wind,66.0,Friday,March,Spring,8498
4/20/2020,5,6,Wind,111.0,Monday,April,Spring,5088
8/29/2021,14,15,Solar,241.0,Sunday,August,Summer,7476
8/8/2023,9,10,Solar,220.0,Tuesday,August,Summer,4899
5/20/2025,3,4,Wind,140.0,Tuesday,May,Spring,5468
1/9/2021,12,13,Wind,9.0,Saturday,January,Winter,5558
11/5/2022,7,8,Wind,309.0,Saturday,November,Fall,3045
12/11/2020,22,23,Wind,346.0,Friday,December,Winter,5999
8/19/2025,2,3,Wind,231.0,Tuesday,August,Summer,2638
6/4/2024,9,10,Solar,156.0,Tuesday,June,Summer,4761
9/11/2023,14,15,Solar,254.0,Monday,September,Fall,7014
7/8/2023,5,6,Wind,189.0,Saturday,July,Summer,4195
10/26/2024,18,19,Wind,300.0,Saturday,October,Fall,1012
1/7/2021,0,1,Wind,xyz,,January,Winter,407
1/3/2024,6,7,Wind,3.0,Wednesday,January,Winter,16845
3/12/2021,16,17,Wind,71.0,Friday,March,Spring,16050
7/22/2023,3,4,Wind,203.0,Saturday,July,Summer,1631
3/17/2020,22,23,Wind,77.0,Tuesday,March,Spring,675
11/15/2023,13,14,Wind,319.0,Wednesday,November,Fall,11857
2/10/2023,17,18,Wind,xyz,Friday,xyz,Winter,
2/2/2023,3,4,Wind,33.0,Thursday,February,Winter,6594
7/25/2023,19,20,Wind,206.0,Tuesday,July,Summer,5503
3/10/2024,16,17,Solar,70.0,Sunday,March,Spring,2563
4/22/2021,20,21,Wind,112.0,Thursday,April,Spring,5139
1/28/2023,2,3,Wind,28.0,Saturday,January,Winter,5702
12/31/2022,8,9,Wind,365.0,Saturday,December,Winter,16030
7/7/2020,17,18,Solar,189.0,Tuesday,July,Summer,4393
8/13/2021,9,10,Solar,225.0,Friday,August,Summer,2218
4/10/2024,2,3,Wind,101.0,Wednesday,April,Spring,6858
2/25/2021,7,8,Wind,56.0,Thursday,February,Winter,4252
6/20/2022,10,11,Solar,171.0,Monday,June,Summer,5793
9/22/2020,23,0,Wind,266.0,Tuesday,September,Fall,2302
8/20/2025,5,6,Wind,232.0,Wednesday,August,Summer,3201
10/1/2022,8,9,Wind,274.0,Saturday,October,Fall,11144
8/8/2024,2,3,Wind,221.0,Thursday,August,Summer,1329
5/19/2023,8,9,Wind,139.0,Friday,May,Spring,4784
11/25/2023,8,9,Wind,329.0,Saturday,November,Fall,6315
9/20/2025,14,15,Wind,263.0,Saturday,September,Fall,14698
1/23/2020,23,0,Wind,23.0,Thursday,January,Winter,2865
3/9/2022,0,1,Wind,68.0,Wednesday,March,Spring,4802
1/6/2020,14,15,Wind,6.0,Monday,January,Winter,5009
3/28/2025,10,11,Solar,87.0,Friday,March,Spring,9526
8/16/2023,2,3,Wind,228.0,Wednesday,August,Summer,1306
3/23/2025,16,17,Wind,82.0,Sunday,March,Spring,5247
11/19/2020,15,16,Wind,324.0,Thursday,November,Fall,9334
10/14/2023,21,22,Wind,287.0,Saturday,October,Fall,1765
11/2/2024,15,16,Wind,307.0,Saturday,November,Fall,5739
1/5/2024,2,3,Wind,5.0,Friday,January,Winter,11446
2/10/2024,0,1,Wind,41.0,Saturday,February,Winter,7025
2/25/2024,12,13,Wind,56.0,Sunday,February,Winter,11989
6/18/2021,21,22,Wind,169.0,Friday,June,Summer,3563
10/4/2025,5,6,Wind,277.0,Saturday,October,Fall,17478
5/23/2023,17,18,Wind,xyz,Tuesday,May,Spring,40000
02/27/2028,3,4,Wind,34.0,,February,Winter,-100
5/21/2020,9,10,Solar,142.0,Thursday,May,Spring,2543
11/29/2025,7,8,Wind,333.0,Saturday,November,Fall,9125
9/7/2021,8,9,Wind,250.0,Tuesday,September,Fall,3966
10/2/2024,19,20,Wind,276.0,Wednesday,October,Fall,2911
6/4/2025,6,7,Wind,155.0,Wednesday,June,Summer,2858
11/13/2021,23,0,Wind,317.0,Saturday,November,Fall,2297
1/5/2025,17,18,Wind,5.0,Sunday,January,Winter,18245
7/31/2022,9,10,Solar,212.0,Sunday,July,Summer,4525
2/28/2025,1,2,Wind,59.0,Friday,February,Winter,4432
3/4/2022,16,17,Wind,63.0,Friday,March,Spring,4516
8/12/2024,9,10,Wind,225.0,Monday,August,Summer,5881
9/12/2024,20,21,Wind,256.0,Thursday,September,Fall,3614
7/4/2021,9,10,Wind,185.0,Sunday,July,Summer,2396
10/17/2024,0,1,Wind,291.0,Thursday,October,Fall,9289
8/18/2023,20,21,Wind,230.0,Friday,August,Summer,2496
02/27/2028,2,3,Wind,74.0,Wednesday,March,Spring,-100
9/25/2021,14,15,Solar,268.0,Saturday,September,xyz,xyz
6/12/2024,5,6,Wind,164.0,Wednesday,June,Summer,1791
5/8/2023,19,20,Wind,128.0,Monday,May,Spring,2549
3/11/2025,14,15,Solar,70.0,Tuesday,March,Spring,6942
5/29/2021,0,1,Wind,149.0,Saturday,May,Spring,3598
2/17/2020,8,9,Wind,48.0,Monday,February,Winter,7603
6/28/2021,xyz,xyz,Wind,179.0,Monday,June,Summer,828
12/3/2020,4,5,Wind,338.0,Thursday,December,Winter,3648
02/27/2028,12,13,Solar,280.0,Friday,October,Fall,-100
9/15/2022,3,4,Wind,258.0,Thursday,September,Fall,1595
5/12/2022,22,23,Wind,132.0,Thursday,May,Spring,2068
6/21/2025,8,9,Solar,172.0,Saturday,June,Summer,5294
2/16/2023,2,3,Wind,47.0,Thursday,February,Winter,4131
10/17/2023,3,4,Wind,290.0,Tuesday,October,Fall,7401
6/16/2021,12,13,Solar,167.0,Wednesday,June,Summer,4843
4/26/2022,15,16,Solar,116.0,Tuesday,April,Spring,7804
5/15/2022,1,2,Wind,135.0,Sunday,May,Spring,4260
5/3/2021,5,6,Wind,123.0,Monday,May,Spring,747
4/16/2024,22,23,Wind,107.0,Tuesday,April,Spring,7010
10/10/2025,3,4,Wind,283.0,Friday,October,Fall,2667
3/28/2025,11,12,Solar,87.0,Friday,March,Spring,10517
,1,2,Wind,293.0,Thursday,October,Fall,5595
9/3/2020,9,10,Wind,247.0,Thursday,September,Fall,3658
8/20/2025,14,15,Solar,232.0,Wednesday,August,Summer,9173
11/3/2025,14,15,Wind,307.0,Monday,November,Fall,13162
xyz,1,2,Wind,3.0,Wednesday,January,Winter,15788
8/19/2022,16,17,Wind,231.0,Friday,August,Summer,8143
xyz,22,23,Wind,,Friday,March,Spring,-100
7/19/2022,11,12,Solar,200.0,Tuesday,July,Summer,8527
6/8/2024,11,12,Solar,160.0,Saturday,June,Summer,3333
4/2/2025,16,17,Wind,92.0,Wednesday,April,Spring,9966
02/27/2028,6,7,,207.0,Tuesday,July,Summer,-100
3/16/2023,19,20,Wind,75.0,Thursday,March,Spring,9414
12/6/2021,18,19,Wind,340.0,Monday,December,Winter,10526
8/15/2024,12,13,Solar,228.0,Thursday,August,Summer,8801
6/8/2020,9,10,Solar,160.0,Monday,June,Summer,2884
6/8/2023,0,1,Wind,159.0,Thursday,June,Summer,5369
12/27/2020,5,6,Wind,362.0,Sunday,December,Winter,11810
5/17/2021,19,20,Wind,137.0,Monday,May,Spring,10935
12/5/2024,7,8,Wind,340.0,Thursday,December,Winter,12956
8/29/2022,7,8,Wind,241.0,Monday,August,Summer,4703
4/8/2023,4,5,Wind,98.0,Saturday,April,Spring,3272
2/24/2023,21,22,Wind,55.0,Friday,February,Winter,4489
10/7/2022,14,15,Solar,280.0,Friday,October,Fall,5802
5/20/2023,2,3,Wind,140.0,Saturday,May,Spring,7421
9/16/2020,7,8,Wind,260.0,Wednesday,September,Fall,588
12/5/2022,17,18,Wind,339.0,Monday,December,Winter,1054
02/27/2028,16,17,Wind,xyz,xyz,February,Winter,-100
7/21/2023,1,2,Wind,202.0,Friday,July,Summer,2273
10/17/2021,11,12,Solar,290.0,Sunday,October,Fall,4304
7/2/2023,6,7,Wind,183.0,Sunday,July,Summer,2950
5/23/2023,12,13,Wind,143.0,Tuesday,May,Spring,10954
4/5/2021,12,13,Wind,95.0,Monday,April,Spring,11748
5/19/2022,1,2,Wind,139.0,Thursday,May,Spring,4866
3/8/2020,5,6,Wind,68.0,Sunday,,Spring,40000
5/28/2023,8,9,Solar,148.0,Sunday,May,Spring,4487
9/24/2021,11,12,Solar,267.0,Friday,,Fall,4632
3/25/2020,0,1,Wind,85.0,Wednesday,March,Spring,7357
2/22/2020,3,4,Wind,53.0,Saturday,February,Winter,7930
5/7/2021,2,3,Wind,127.0,Friday,May,Spring,3293
8/12/2025,2,3,Wind,224.0,Tuesday,August,Summer,5275
6/6/2023,20,21,Wind,157.0,Tuesday,June,Summer,4299
4/2/2022,6,7,Wind,92.0,Saturday,April,Spring,9372
6/7/2022,3,4,Wind,158.0,Tuesday,June,Summer,2282
9/15/2022,11,12,Solar,258.0,Thursday,September,Fall,5250
10/28/2025,13,14,Wind,301.0,Tuesday,October,Fall,16066
8/20/2021,6,xyz,Wind,232.0,Friday,August,Summer,543
7/30/2024,2,3,Wind,212.0,Tuesday,July,Summer,1762
8/12/2020,12,13,Solar,225.0,Wednesday,August,Summer,4451
11/10/2022,5,6,Wind,314.0,Thursday,November,Fall,3345
3/13/2021,22,23,Wind,72.0,Saturday,March,Spring,11641
10/18/2023,14,15,Wind,291.0,Wednesday,October,Fall,13475
02/27/2028,1,2,Wind,214.0,Wednesday,August,Summer,-100
6/15/2020,18,19,Wind,167.0,Monday,June,Summer,4073
3/28/2023,14,15,Solar,87.0,Tuesday,March,Spring,11267
8/31/2024,19,20,Wind,244.0,Saturday,August,Summer,3832
5/28/2023,5,6,Wind,148.0,Sunday,May,Spring,4223
10/14/2021,0,1,Wind,287.0,Thursday,October,Fall,2062
12/9/2023,16,17,Wind,343.0,Saturday,December,Winter,17756
6/25/2024,19,20,Wind,177.0,Tuesday,June,Summer,4134
1/1/2020,17,18,Wind,1.0,Wednesday,January,Winter,950
5/9/2020,10,11,Solar,130.0,Saturday,May,Spring,2779
xyz,8,9,Wind,235.0,Monday,August,Summer,40000
12/12/2024,3,4,,347.0,Thursday,December,Winter,3320
2/28/2025,15,16,Solar,59.0,Friday,February,Winter,8984
9/7/2023,xyz,12,Solar,250.0,Thursday,September,Fall,6790
12/20/2021,1,2,Wind,354.0,Monday,December,Winter,3468
7/31/2024,15,16,Solar,213.0,Wednesday,July,Summer,7423
12/21/2023,17,18,Wind,355.0,Thursday,December,Winter,17924
1/4/2025,0,1,Wind,4.0,Saturday,January,Winter,3125
6/11/2024,10,11,Solar,163.0,Tuesday,June,Summer,6314
6/22/2020,21,22,Wind,174.0,,June,xyz,1106
5/8/2024,18,19,Wind,129.0,Wednesday,May,Spring,6476
10/31/2021,11,12,Wind,304.0,Sunday,October,Fall,14547
7/1/2024,14,15,Solar,183.0,Monday,July,Summer,9311
11/1/2025,5,6,Wind,305.0,Saturday,November,Fall,14349
12/2/2024,3,4,Wind,337.0,Monday,December,Winter,7323
2/5/2024,9,10,Wind,36.0,Monday,February,Winter,6943
10/9/2021,22,23,Wind,282.0,Saturday,October,Fall,3468
1/23/2025,2,3,Wind,23.0,Thursday,January,Winter,7092
10/7/2022,8,9,Wind,280.0,Friday,October,Fall,1537
2/3/2022,20,21,Wind,xyz,Thursday,February,Winter,3334
4/11/2022,7,8,Wind,101.0,Monday,April,Spring,10701
5/30/2021,6,7,Wind,150.0,Sunday,May,Spring,4412
2/16/2025,23,0,Wind,47.0,Sunday,February,Winter,4658
6/17/2024,3,4,Wind,169.0,Monday,June,Summer,2828
12/12/2022,13,14,Wind,346.0,Monday,December,Winter,3797
4/20/2022,1,2,Wind,110.0,Wednesday,April,Spring,4805
7/8/2021,15,16,Solar,189.0,Thursday,July,Summer,5525
10/17/2025,4,5,Wind,290.0,Friday,October,Fall,4984
10/21/2020,18,19,Wind,295.0,Wednesday,October,Fall,10119
9/10/2021,19,20,Wind,253.0,Friday,September,Fall,2608
2/8/2020,18,19,Wind,39.0,Saturday,xyz,Winter,2674
10/23/2020,16,17,Wind,297.0,Friday,October,Fall,5436
2/10/2024,4,5,Wind,41.0,Saturday,February,Winter,3943
7/28/2023,2,3,Wind,209.0,Friday,July,Summer,3917
5/3/2021,6,7,Wind,123.0,Monday,May,Spring,812
1/13/2022,13,14,Solar,13.0,Thursday,January,Winter,4866
11/22/2020,11,12,Solar,327.0,Sunday,November,Fall,3509
2/15/2025,9,10,Wind,46.0,Saturday,February,Winter,7662
7/6/2023,15,16,Solar,187.0,Thursday,July,Summer,6804
4/30/2021,6,7,Wind,120.0,Friday,April,Spring,1385
5/9/2023,20,21,Wind,129.0,Tuesday,May,Spring,6608
3/13/2024,12,13,Solar,73.0,Wednesday,March,Spring,10066
9/22/2021,2,3,Wind,265.0,Wednesday,September,Fall,2315
12/14/2022,4,5,Wind,348.0,Wednesday,December,Winter,1893
4/30/2025,13,14,Solar,120.0,xyz,April,xyz,5745
3/16/2022,11,12,Wind,75.0,Wednesday,March,Spring,4889
1/27/2024,15,16,Solar,27.0,Saturday,January,Winter,4025
6/3/2020,0,1,Wind,155.0,Wednesday,June,Summer,1882
11/19/2022,6,7,Wind,323.0,Saturday,November,Fall,2343
4/26/2025,4,5,Wind,116.0,Saturday,April,Spring,5048
8/25/2025,5,6,Wind,237.0,Monday,August,Summer,2868
5/2/2023,13,14,Solar,xyz,Tuesday,May,,40000
2/2/2025,4,5,Wind,33.0,Sunday,February,Winter,2408
9/5/2025,17,18,Solar,248.0,Friday,September,Fall,6397
4/24/2025,10,11,Solar,114.0,Thursday,April,Spring,7006
7/29/2020,18,19,Solar,211.0,Wednesday,July,Summer,2071
4/7/2020,5,6,Wind,98.0,Tuesday,April,Spring,1990
11/1/2024,6,7,Wind,306.0,Friday,November,Fall,536
1/3/2024,23,0,Wind,3.0,Wednesday,January,Winter,16309
8/19/2020,21,22,Wind,232.0,Wednesday,August,Summer,3512
7/2/2025,15,16,Wind,183.0,Wednesday,July,Summer,12473
5/6/2025,9,10,Wind,126.0,Tuesday,May,Spring,
2/16/2024,13,14,Wind,47.0,Friday,February,Winter,8765
2/11/2020,19,20,Wind,42.0,Tuesday,February,Winter,10615
xyz,7,8,Wind,366.0,Tuesday,December,Winter,40000
12/2/2023,21,22,Wind,336.0,Saturday,December,Winter,3450
10/30/2022,9,10,Wind,303.0,Sunday,October,Fall,6108
12/8/2024,21,22,Wind,343.0,Sunday,December,Winter,14724
6/7/2021,19,,Wind,158.0,Monday,June,Summer,2274
5/1/2020,7,8,Wind,122.0,Friday,May,Spring,6700
9/18/2025,14,15,Solar,261.0,Thursday,September,Fall,10524
9/30/2023,14,15,Solar,273.0,Saturday,September,Fall,6730
9/12/2021,9,10,Solar,255.0,Sunday,September,Fall,2486
2/10/2022,5,6,Wind,41.0,Thursday,February,Winter,4889
12/13/2020,22,23,Wind,348.0,Sunday,December,Winter,9414
6/11/2021,12,13,Solar,162.0,Friday,June,Summer,5221
7/30/2020,9,10,Solar,212.0,Thursday,July,Summer,2525
02/27/2028,13,14,Solar,196.0,Tuesday,,Summer,-100
4/1/2021,0,1,Wind,91.0,Thursday,April,Spring,1583
8/22/2025,13,14,Solar,234.0,Friday,August,Summer,9520
10/20/2023,1,2,Wind,293.0,Friday,October,Fall,6387
2/23/2020,5,6,Wind,54.0,Sunday,February,Winter,10329
9/26/2020,5,6,Wind,270.0,Saturday,September,Fall,11129
4/24/2023,11,12,Wind,114.0,Monday,April,Spring,8904
8/18/2023,15,16,Solar,230.0,Friday,August,Summer,7858
1/17/2020,0,1,Wind,17.0,Friday,January,Winter,9925
3/2/2025,21,22,Wind,61.0,Sunday,March,Spring,6275
4/4/2021,7,8,xyz,94.0,Sunday,xyz,Spring,4478
9/8/2020,10,11,Solar,252.0,Tuesday,September,Fall,3165
3/6/2022,8,9,Wind,65.0,Sunday,March,Spring,4750
8/28/2025,18,19,Wind,240.0,Thursday,August,Summer,10778
3/26/2023,0,1,Wind,85.0,Sunday,March,Spring,8315
9/8/2025,6,7,Wind,251.0,Monday,September,Fall,1479
1/12/2021,21,22,Wind,12.0,Tuesday,January,Winter,5156
2/7/2023,15,16,Wind,38.0,Tuesday,February,Winter,7590
11/23/2022,11,12,Wind,327.0,Wednesday,November,Fall,13734
1/27/2021,20,21,Wind,27.0,Wednesday,January,Winter,4686
6/4/2022,2,3,Wind,155.0,Saturday,June,Summer,3128
2/7/2025,12,13,Wind,38.0,Friday,February,Winter,12558
9/24/2025,3,4,Wind,267.0,Wednesday,September,Fall,7061
6/17/2025,12,13,Solar,168.0,Tuesday,June,Summer,5063
xyz,xyz,8,Wind,312.0,Saturday,November,Fall,
10/15/2024,4,5,Wind,289.0,Tuesday,October,Fall,3075
10/31/2025,23,0,Wind,304.0,Friday,October,Fall,14087
12/2/2021,16,17,Wind,336.0,Thursday,December,Winter,6388
7/6/2020,21,22,Wind,188.0,Monday,July,Summer,3259
2/15/2022,6,7,Wind,46.0,Tuesday,February,Winter,6399
11/28/2020,1,2,Wind,333.0,Saturday,November,Fall,3820
2/20/2021,13,14,Wind,51.0,Saturday,February,Winter,14473
5/13/2021,18,19,Wind,133.0,Thursday,May,Spring,3424
4/23/2020,6,7,Wind,114.0,Thursday,April,Spring,1881
2/2/2022,0,1,Wind,33.0,Wednesday,February,Winter,10764
6/29/2023,0,1,Wind,180.0,Thursday,June,Summer,1547
10/11/2023,0,1,Wind,284.0,Wednesday,October,Fall,2292
2/28/2022,1,2,Wind,59.0,Monday,February,Winter,6253
5/25/2021,20,21,Wind,145.0,Tuesday,May,Spring,7046
7/21/2023,8,9,xyz,202.0,Friday,July,Summer,3438
1/28/2023,3,4,Wind,28.0,Saturday,January,Winter,5956
6/10/2020,20,21,Wind,162.0,Wednesday,June,Summer,1354
7/26/2022,2,3,Wind,207.0,Tuesday,July,Summer,3415
11/9/2021,9,10,Wind,313.0,Tuesday,November,Fall,3260
5/27/2022,7,xyz,Wind,147.0,Friday,May,xyz,3076
9/11/2020,5,6,Wind,255.0,Friday,September,Fall,1070
1/25/2024,12,13,Solar,25.0,Thursday,January,Winter,7829
2/12/2024,9,10,Wind,43.0,Monday,February,Winter,3397
8/11/2025,8,9,Wind,223.0,Monday,August,Summer,6603
1/15/2022,20,21,Wind,15.0,Saturday,January,Winter,817
2/15/2020,8,9,,46.0,Saturday,February,Winter,40000
4/15/2022,10,11,Solar,105.0,Friday,April,Spring,4254
9/22/2021,xyz,23,Wind,265.0,,September,Fall,2225
1/29/2025,12,13,Wind,29.0,Wednesday,January,Winter,14320
6/25/2020,6,7,Wind,177.0,Thursday,June,Summer,3518
5/6/2025,12,13,Wind,126.0,Tuesday,May,Spring,16776
5/7/2023,22,23,Wind,127.0,Sunday,May,Spring,1739
2/3/2024,17,18,Wind,34.0,Saturday,February,Winter,4565
11/6/2022,21,22,Wind,310.0,Sunday,November,Fall,11184
02/27/2028,12,13,Solar,xyz,xyz,October,Fall,-100
6/6/2020,8,9,Wind,158.0,Saturday,June,Summer,5781
6/17/2020,0,1,Wind,169.0,Wednesday,June,Summer,1433
4/28/2023,xyz,14,Solar,xyz,Friday,April,Spring,11049
2/29/2020,14,15,Wind,60.0,Saturday,February,Winter,13678
12/23/2020,15,16,Wind,358.0,Wednesday,December,Winter,11592
11/14/2023,5,6,xyz,318.0,Tuesday,November,Fall,40000
11/6/2025,0,1,Wind,310.0,Thursday,November,Fall,10322
02/27/2028,11,xyz,Wind,340.0,Thursday,xyz,Winter,-100
11/20/2025,14,15,Wind,324.0,Thursday,November,Fall,7288
8/11/2021,10,11,Solar,223.0,Wednesday,August,Summer,3701
2/6/2025,21,22,Wind,37.0,Thursday,February,Winter,12123
12/19/2021,5,6,Wind,353.0,Sunday,December,Winter,3353
5/31/2021,22,23,Wind,151.0,Monday,May,Spring,4380
7/9/2025,5,6,Wind,190.0,Wednesday,July,Summer,1561
1/17/2023,20,21,Wind,17.0,Tuesday,January,Winter,4954
5/8/2022,13,14,Solar,128.0,Sunday,May,Spring,8060
12/28/2024,21,22,Wind,363.0,Saturday,December,Winter,745
3/4/2021,xyz,17,Wind,63.0,Thursday,March,Spring,40000
4/8/2024,21,22,Wind,xyz,Monday,April,Spring,9238
3/16/2023,4,5,Wind,75.0,Thursday,March,Spring,7393
6/16/2021,1,2,Wind,167.0,Wednesday,June,Summer,1584
12/29/2021,5,6,Wind,xyz,Wednesday,December,Winter,6796
02/27/2028,10,11,Solar,106.0,xyz,April,Spring,-100
12/10/2024,7,8,Wind,345.0,Tuesday,December,Winter,10094
4/3/2020,20,21,Wind,94.0,Friday,April,Spring,828
9/10/2020,23,0,Wind,254.0,Thursday,September,Fall,2274
5/7/2020,19,20,Wind,128.0,Thursday,May,Spring,1310
9/22/2021,11,12,Solar,265.0,Wednesday,September,Fall,4603
12/29/2024,1,2,Wind,364.0,Sunday,December,Winter,743
8/18/2020,17,18,Wind,231.0,Tuesday,August,Summer,4502
4/15/2023,2,3,Wind,105.0,Saturday,April,Spring,5848
12/13/2022,13,14,Wind,347.0,Tuesday,December,Winter,3752
1/4/2022,4,5,Wind,4.0,Tuesday,January,Winter,7380
10/14/2022,20,21,Wind,287.0,Friday,October,Fall,6707
7/4/2022,3,4,Wind,185.0,Monday,July,Summer,2570
4/10/2024,23,0,Wind,xyz,Wednesday,April,xyz,40000
02/27/2028,22,23,Wind,42.0,Saturday,xyz,Winter,-100
5/4/2022,13,14,Solar,124.0,Wednesday,May,Spring,5239
11/12/2020,15,16,Wind,317.0,Thursday,November,Fall,3090
7/27/2021,10,11,Solar,208.0,Tuesday,July,Summer,3463
8/7/2025,22,23,Wind,219.0,Thursday,August,Summer,1438
7/10/2024,16,17,Solar,192.0,Wednesday,July,Summer,8750
5/1/2024,6,7,Wind,122.0,Wednesday,May,Spring,1825
6/30/2020,4,5,Wind,182.0,Tuesday,June,Summer,3605
10/24/2022,10,11,Wind,297.0,Monday,October,Fall,12639
02/27/2028,7,8,xyz,27.0,Thursday,January,Winter,-100
1/4/2023,17,18,Wind,4.0,Wednesday,January,Winter,14398
3/27/2025,0,1,Wind,86.0,Thursday,March,Spring,3101
3/19/2024,6,7,Wind,79.0,Tuesday,March,Spring,1208
5/15/2025,5,6,Wind,135.0,Thursday,May,Spring,5964
11/11/2023,7,8,Wind,315.0,Saturday,November,Fall,4433
9/11/2024,9,10,Wind,255.0,Wednesday,September,Fall,7802
10/25/2021,19,20,Wind,298.0,Monday,October,Fall,40000
1/17/2025,23,0,Wind,17.0,Friday,January,Winter,1390
5/25/2021,23,0,Wind,145.0,Tuesday,May,Spring,5255
6/2/2022,6,7,Wind,153.0,Thursday,June,Summer,4227
7/17/2025,21,22,Wind,198.0,Thursday,July,Summer,1435
11/17/2023,2,3,Wind,321.0,Friday,November,Fall,5462
9/15/2024,21,22,Wind,259.0,Sunday,September,Fall,4223
9/27/2024,7,8,Wind,271.0,Friday,September,Fall,14826
9/19/2025,14,15,Solar,262.0,Friday,September,Fall,12811
3/26/2024,3,4,Wind,86.0,Tuesday,March,Spring,6418
4/28/2023,23,0,Wind,118.0,Friday,April,Spring,3011
11/26/2025,1,2,Wind,330.0,Wednesday,November,Fall,7770
9/12/2022,9,10,Solar,255.0,Monday,September,Fall,4268
2/19/2021,17,18,Wind,50.0,Friday,February,Winter,5970
11/23/2024,13,14,Wind,328.0,Saturday,November,Fall,19463
7/13/2023,14,15,Solar,194.0,Thursday,July,Summer,9911
4/25/2021,0,1,Wind,115.0,Sunday,April,Spring,8674
7/21/2025,5,6,Wind,202.0,Monday,July,Summer,10975
6/12/2022,5,6,Wind,163.0,Sunday,June,Summer,2970
3/22/2024,xyz,15,xyz,82.0,Friday,March,,9206
3/12/2020,8,9,Wind,72.0,Thursday,March,Spring,7145
7/29/2025,10,11,Solar,210.0,Tuesday,July,Summer,8892
9/5/2024,21,22,Wind,249.0,Thursday,September,Fall,951
3/4/2025,10,11,Solar,63.0,Tuesday,March,Spring,6920
9/1/2020,0,1,Wind,245.0,Tuesday,September,Fall,1530
9/25/2022,10,11,Solar,268.0,Sunday,September,Fall,4638
12/15/2022,16,17,Wind,349.0,Thursday,December,Winter,7510
7/14/2021,2,3,Wind,195.0,Wednesday,July,Summer,5074
8/1/2021,2,3,Wind,213.0,Sunday,August,Summer,2264
11/4/2025,21,22,Wind,308.0,Tuesday,November,Fall,13895
6/4/2023,0,1,Wind,155.0,Sunday,June,Summer,8248
8/8/2023,17,18,Solar,220.0,Tuesday,August,Summer,7873
5/24/2023,11,12,Solar,144.0,Wednesday,May,Spring,10267
12/26/2022,21,22,Wind,360.0,Monday,December,Winter,5825
3/25/2022,9,10,Solar,84.0,Friday,March,Spring,5110
1/4/2020,3,4,Wind,4.0,Saturday,January,Winter,3253
6/8/2024,16,17,Solar,160.0,Saturday,June,Summer,4366
2/11/2025,15,16,Solar,42.0,Tuesday,February,Winter,4216
11/22/2022,21,22,Wind,326.0,Tuesday,November,Fall,9942
7/3/2024,10,11,Solar,185.0,Wednesday,July,Summer,6941
10/8/2022,12,13,Solar,281.0,Saturday,October,Fall,4448
10/19/2022,6,7,Wind,292.0,Wednesday,October,Fall,5792
4/12/2023,17,18,Wind,102.0,Wednesday,April,Spring,17245
11/30/2022,7,8,Wind,334.0,Wednesday,November,Fall,1246
4/5/2020,6,7,Wind,96.0,Sunday,April,Spring,7395
10/2/2020,17,18,Wind,276.0,Friday,October,Fall,3875
1/22/2023,11,12,Wind,22.0,Sunday,January,Winter,7308
8/28/2022,21,22,Wind,240.0,Sunday,August,Summer,40000
1/19/2021,7,8,Wind,19.0,Tuesday,January,Winter,11337
6/18/2021,10,11,Wind,169.0,Friday,June,Summer,5835
9/13/2020,4,5,Wind,xyz,Sunday,September,Fall,1043
9/30/2021,23,0,Wind,273.0,Thursday,September,Fall,5183
12/8/2022,0,1,Wind,342.0,Thursday,December,Winter,1337
02/27/2028,4,5,Wind,46.0,Monday,February,Winter,-100
11/19/2021,7,8,Wind,323.0,Friday,November,Fall,1325
6/2/2024,4,5,Wind,154.0,Sunday,June,Summer,5531
1/26/2023,0,1,Wind,26.0,Thursday,January,Winter,1070
11/27/2021,20,21,Wind,331.0,Saturday,November,Fall,6591
11/2/2020,20,21,Wind,307.0,Monday,November,Fall,5852
1/13/2022,2,3,Wind,13.0,Thursday,January,Winter,2945
7/20/2025,7,8,Wind,201.0,Sunday,July,Summer,5190
1/25/2025,18,19,Wind,25.0,Saturday,January,Winter,7346
12/28/2023,10,11,Wind,362.0,Thursday,December,Winter,14535
10/29/2020,11,12,Wind,303.0,Thursday,October,Fall,8068
1/5/2022,8,9,Wind,5.0,Wednesday,January,Winter,6458
4/25/2024,11,12,Solar,116.0,Thursday,April,Spring,6361
2/20/2024,14,15,Wind,51.0,Tuesday,,Winter,8667
3/3/2024,6,7,Wind,63.0,Sunday,March,Spring,3184
5/27/2023,9,10,Solar,147.0,Saturday,May,Spring,6602
12/1/2021,9,10,Wind,335.0,Wednesday,December,Winter,13494
10/28/2024,17,18,Wind,302.0,Monday,October,Fall,1353
7/19/2021,4,5,Wind,200.0,Monday,July,Summer,4963
6/2/2025,10,11,Solar,153.0,Monday,June,Summer,4664
10/5/2025,18,19,Wind,278.0,Sunday,October,Fall,9581
2/9/2025,23,0,Wind,40.0,Sunday,February,Winter,2910
8/18/2023,16,17,Solar,230.0,Friday,August,Summer,7024
1/22/2023,6,7,Wind,22.0,Sunday,January,Winter,5660
12/6/2021,0,1,Wind,340.0,Monday,December,Winter,4008
02/27/2028,4,5,xyz,130.0,Saturday,May,Spring,-100
8/27/2024,1,2,Wind,240.0,Tuesday,August,Summer,2559
8/20/2024,20,21,Wind,233.0,Tuesday,August,Summer,7582
7/16/2024,0,1,Wind,198.0,Tuesday,July,Summer,9526
1/8/2020,17,18,Wind,8.0,Wednesday,January,Winter,2774
11/8/2021,23,0,Wind,312.0,Monday,November,Fall,1771
xyz,9,,Wind,284.0,Wednesday,October,Fall,40000
11/9/2021,6,7,Wind,313.0,Tuesday,November,Fall,1976
6/30/2023,10,11,Solar,181.0,Friday,June,Summer,5471
8/16/2023,3,4,Wind,228.0,Wednesday,August,Summer,1287
6/22/2025,2,3,Wind,,Sunday,June,xyz,40000
1/25/2020,10,11,Wind,25.0,Saturday,January,Winter,2309
10/19/2025,6,7,Wind,292.0,Sunday,October,Fall,7386
2/1/2020,3,4,Wind,32.0,Saturday,February,Winter,9121
5/4/2022,14,15,Solar,124.0,Wednesday,May,Spring,5436
3/21/2021,3,4,Wind,80.0,Sunday,,Spring,3164
2/20/2023,14,15,Solar,51.0,Monday,February,Winter,6828
10/31/2022,10,11,Wind,304.0,Monday,October,Fall,7597
2/9/2022,16,17,Solar,40.0,Wednesday,February,Winter,2907
5/25/2023,18,19,Wind,145.0,Thursday,May,Spring,10928
1/22/2020,3,4,Wind,22.0,Wednesday,January,Winter,3108
2/3/2023,9,10,Wind,34.0,Friday,February,Winter,7855
02/27/2028,21,22,Wind,280.0,Thursday,October,Fall,-100
10/22/2021,17,18,Wind,295.0,Friday,October,Fall,4564
7/23/2022,22,23,Wind,204.0,Saturday,July,Summer,1242
02/27/2028,2,3,Wind,xyz,Wednesday,July,Summer,-100
9/8/2024,7,8,Wind,252.0,Sunday,,Fall,xyz
10/19/2024,1,2,Wind,293.0,Saturday,October,Fall,5159
8/8/2023,20,21,Wind,220.0,Tuesday,August,Summer,2284
10/1/2020,13,14,Wind,275.0,Thursday,October,Fall,9017
11/20/2024,2,3,Wind,325.0,Wednesday,November,Fall,8770
6/24/2021,3,4,Wind,175.0,Thursday,June,Summer,2185
4/4/2021,5,6,Wind,94.0,Sunday,April,Spring,5317
3/21/2024,11,12,Solar,81.0,Thursday,March,Spring,6742
4/17/2022,4,5,Wind,107.0,Sunday,April,Spring,6844
5/5/2024,13,14,Solar,126.0,Sunday,May,Spring,4292
3/31/2023,1,2,Wind,90.0,Friday,March,Spring,12871
6/19/2025,3,4,Wind,170.0,Thursday,June,Summer,5158
4/27/2023,13,14,Solar,117.0,Thursday,April,Spring,6866
5/21/2023,15,16,Wind,141.0,Sunday,May,Spring,4258
2/18/2025,23,0,Wind,49.0,Tuesday,February,Winter,11232
9/21/2025,16,17,Solar,264.0,Sunday,September,Fall,4534
3/16/2020,18,19,Wind,76.0,Monday,March,Spring,1447
1/6/2021,15,16,Wind,6.0,Wednesday,January,Winter,1426
1/29/2024,10,11,Wind,29.0,Monday,January,Winter,9000
02/27/2028,23,0,Wind,24.0,Tuesday,January,Winter,-100
11/10/2025,8,9,Wind,314.0,Monday,November,Fall,8218
8/15/2025,12,13,Solar,227.0,Friday,August,Summer,10494
6/13/2022,xyz,9,Solar,164.0,Monday,June,Summer,40000
11/11/2022,12,13,Solar,315.0,Friday,November,Fall,6269
8/12/2020,4,5,Wind,225.0,Wednesday,August,Summer,2188
7/29/2025,14,15,Solar,210.0,Tuesday,July,Summer,10884
3/29/2023,14,15,Wind,88.0,Wednesday,March,Spring,11637
6/16/2023,17,18,Solar,167.0,Friday,June,Summer,4730
02/27/2028,16,17,,310.0,Tuesday,November,Fall,xyz
3/5/2023,19,20,Wind,64.0,Sunday,March,Spring,846
4/5/2020,16,17,Wind,96.0,Sunday,April,Spring,8385
02/27/2028,7,8,Wind,xyz,xyz,November,Fall,-100
xyz,23,0,Wind,208.0,xyz,July,Summer,3408
3/16/2023,10,11,Solar,75.0,Thursday,March,Spring,10580
9/6/2021,6,7,Wind,249.0,Monday,September,Fall,919
1/3/2025,6,7,Wind,3.0,Friday,January,Winter,2494
7/19/2025,17,18,Wind,200.0,Saturday,July,Summer,11049
10/7/2022,16,17,Solar,280.0,Friday,October,Fall,4200
6/22/2022,17,18,Solar,173.0,Wednesday,June,Summer,5382
2/20/2021,8,9,Wind,51.0,Saturday,February,Winter,12239
4/25/2024,20,21,Wind,116.0,Thursday,April,Spring,1639
2/11/2024,21,22,Wind,42.0,Sunday,February,Winter,7404
02/27/2028,12,,Solar,65.0,Monday,March,Spring,-100
2/12/2022,0,1,Wind,43.0,Saturday,February,Winter,3502
xyz,14,15,,256.0,Monday,September,xyz,5149
5/10/2023,5,6,Wind,130.0,Wednesday,May,Spring,7207
12/1/2023,16,17,Wind,335.0,Friday,xyz,Winter,40000
3/30/2024,4,5,Wind,90.0,Saturday,March,Spring,3152
2/20/2020,10,11,Wind,51.0,Thursday,February,Winter,10278
6/24/2025,16,17,Solar,175.0,Tuesday,June,Summer,9564
8/20/2020,21,22,Wind,233.0,Thursday,August,Summer,2531
3/1/2021,16,17,Wind,60.0,Monday,March,Spring,4306
3/3/2022,5,6,Wind,62.0,Thursday,March,Spring,1379
8/8/2022,1,2,Wind,220.0,Monday,August,Summer,6787
4/19/2021,6,7,Wind,109.0,Monday,April,Spring,1195
11/25/2023,7,8,Wind,329.0,Saturday,November,Fall,5964
12/9/2024,18,19,Wind,344.0,Monday,December,Winter,13273
11/2/2022,0,1,Wind,306.0,xyz,xyz,Fall,40000
10/10/2021,23,0,Wind,283.0,Sunday,October,Fall,3894
10/11/2025,3,4,Wind,284.0,Saturday,October,Fall,3051
9/24/2020,21,22,Wind,268.0,Thursday,September,Fall,8822
1/29/2024,2,3,Wind,29.0,Monday,January,Winter,7878
7/18/2025,11,12,Solar,199.0,Friday,July,Summer,7862
1/6/2021,0,1,Wind,6.0,,January,Winter,40000
6/10/2020,21,22,Wind,162.0,Wednesday,June,Summer,1000
1/13/2021,18,19,Wind,13.0,Wednesday,January,Winter,10367
3/29/2025,10,11,Wind,88.0,Saturday,March,Spring,13203
11/30/2024,4,5,Wind,335.0,Saturday,November,Fall,3757
10/4/2025,22,23,Wind,277.0,Saturday,October,Fall,14704
2/17/2022,21,xyz,Wind,,Thursday,xyz,Winter,7180
5/18/2023,4,5,Wind,138.0,Thursday,May,Spring,6065
1/9/2025,17,18,Wind,9.0,Thursday,January,Winter,6817
2/18/2022,4,5,Wind,49.0,Friday,February,Winter,10745
9/27/2020,13,14,Wind,271.0,Sunday,September,Fall,13444
10/25/2023,13,14,Wind,298.0,Wednesday,October,Fall,11171
4/11/2024,7,8,Wind,102.0,Thursday,April,Spring,3486
2/4/2021,14,15,Wind,35.0,Thursday,February,Winter,3105
1/9/2022,21,22,Wind,9.0,Sunday,January,Winter,1604
9/19/2023,19,20,Wind,262.0,Tuesday,September,Fall,6172
12/28/2023,14,15,Wind,362.0,Thursday,December,Winter,14268
02/27/2028,14,15,Solar,xyz,Sunday,May,Spring,40000
10/22/2021,xyz,6,Wind,295.0,Friday,xyz,,2488
8/15/2020,2,3,Wind,228.0,Saturday,August,Summer,453
5/1/2024,9,10,Solar,122.0,Wednesday,May,Spring,2179
5/31/2023,11,12,Solar,151.0,Wednesday,May,Spring,10588
9/9/2023,6,7,Wind,252.0,Saturday,September,Fall,2179
10/17/2023,22,23,Wind,290.0,Tuesday,October,Fall,11072
2/10/2021,12,13,Wind,41.0,Wednesday,February,Winter,8505
5/27/2025,3,4,,147.0,Tuesday,May,Spring,7359
7/6/2024,10,11,Wind,188.0,Saturday,July,Summer,8896
2/12/2021,22,23,Wind,43.0,Friday,February,Winter,8429
5/10/2020,11,12,Wind,131.0,Sunday,May,Spring,2511
9/18/2020,8,9,Wind,262.0,Friday,September,Fall,6252
3/7/2023,11,12,Wind,66.0,Tuesday,March,Spring,10349
9/5/2022,6,7,Wind,248.0,Monday,September,Fall,2699
9/23/2025,1,2,Wind,266.0,Tuesday,September,Fall,8715
8/17/2025,20,21,Wind,229.0,Sunday,August,Summer,5324
12/26/2023,17,18,Wind,360.0,Tuesday,December,Winter,2478
xyz,4,5,Wind,118.0,Wednesday,April,Spring,921
5/29/2022,10,11,Solar,149.0,Sunday,May,Spring,8706
6/14/2022,13,14,Solar,165.0,Tuesday,June,Summer,6983
6/7/2023,16,17,Solar,158.0,Wednesday,June,Summer,8275
8/28/2024,16,17,Solar,241.0,Wednesday,August,Summer,9978
5/25/2022,6,7,Wind,145.0,Wednesday,May,Spring,2701
3/21/2021,21,22,Wind,80.0,Sunday,March,Spring,6579
12/11/2021,12,13,Solar,345.0,Saturday,December,Winter,4309
4/12/2023,1,2,Wind,102.0,Wednesday,April,Spring,11939
02/27/2028,17,18,Wind,354.0,Tuesday,December,Winter,-100
4/12/2023,2,3,Wind,102.0,Wednesday,April,Spring,11833
7/24/2022,0,1,Wind,205.0,Sunday,July,Summer,874
6/13/2022,16,17,Solar,164.0,Monday,June,Summer,6275
3/3/2023,18,19,Wind,62.0,Friday,March,Spring,40000
11/4/2024,18,19,Wind,309.0,Monday,November,Fall,3028
6/3/2020,3,4,Wind,155.0,Wednesday,June,Summer,959
12/8/2020,3,4,Wind,343.0,Tuesday,December,Winter,3046
11/10/2021,0,1,Wind,314.0,Wednesday,November,Fall,666
6/13/2021,12,13,Solar,164.0,Sunday,June,Summer,4895
10/28/2020,3,4,Wind,302.0,Wednesday,October,Fall,7564
02/27/2028,0,1,Wind,199.0,Wednesday,xyz,Summer,-100
9/1/2022,17,18,Solar,244.0,Thursday,September,Fall,4101
5/17/2022,10,11,Solar,137.0,Tuesday,May,Spring,5574
02/27/2028,17,18,Solar,90.0,Wednesday,March,Spring,-100
10/13/2022,0,1,Wind,286.0,Thursday,October,Fall,1317
5/26/2023,20,21,Wind,146.0,Friday,May,Spring,7290
8/20/2022,8,9,Wind,232.0,Saturday,August,Summer,2160
7/19/2020,3,4,Wind,201.0,Sunday,July,Summer,863
8/11/2025,2,3,Wind,223.0,Monday,August,Summer,6584
12/28/2023,19,20,Wind,362.0,Thursday,December,Winter,13513
2/26/2024,14,15,Wind,57.0,Monday,February,Winter,14381
1/30/2023,0,1,Wind,30.0,Monday,January,Winter,5682
9/18/2024,2,3,Wind,262.0,Wednesday,September,Fall,9585
9/29/2025,10,11,Solar,272.0,Monday,September,Fall,6067
4/13/2021,19,20,Wind,103.0,Tuesday,April,Spring,3355
1/21/2022,6,7,Wind,21.0,Friday,January,Winter,4966
6/18/2023,11,12,Solar,169.0,Sunday,June,Summer,6046
1/14/2025,7,8,Wind,14.0,Tuesday,January,Winter,2300
7/7/2020,21,22,Wind,189.0,Tuesday,July,Summer,1708
6/16/2021,10,11,Solar,167.0,Wednesday,June,Summer,3371
4/23/2021,5,6,Wind,113.0,Friday,April,Spring,5538
3/8/2020,19,20,Wind,68.0,Sunday,March,Spring,7191
02/27/2028,xyz,13,Solar,118.0,Thursday,April,Spring,xyz
2/2/2025,23,0,Wind,33.0,Sunday,February,Winter,1309
6/6/2023,16,17,Solar,157.0,Tuesday,June,Summer,6810
7/22/2021,21,22,Wind,203.0,Thursday,July,Summer,2850
6/3/2024,9,10,Solar,155.0,Monday,June,Summer,4970
9/15/2024,16,17,Solar,259.0,Sunday,September,Fall,9549
8/28/2025,6,7,Wind,240.0,Thursday,August,Summer,2426
5/8/2022,19,20,Wind,128.0,Sunday,May,Spring,3784
12/3/2024,3,4,Wind,338.0,Tuesday,December,Winter,4925
1/14/2023,21,22,Wind,14.0,Saturday,January,Winter,12606
4/14/2021,2,3,Wind,104.0,Wednesday,April,Spring,3861
11/17/2022,13,14,Wind,321.0,Thursday,November,Fall,14561
8/6/2021,12,13,Wind,218.0,Friday,August,Summer,12324
1/17/2022,20,xyz,Wind,17.0,,January,Winter,1618
4/7/2023,1,2,Wind,97.0,Friday,April,Spring,2446
8/19/2024,13,14,Solar,232.0,Monday,August,Summer,9549
8/29/2023,9,10,Solar,241.0,Tuesday,August,Summer,xyz
8/20/2021,14,15,Solar,232.0,Friday,August,Summer,5211
1/10/2020,16,17,Wind,10.0,Friday,January,Winter,2790
9/23/2023,21,22,Wind,266.0,Saturday,September,Fall,1062
9/11/2025,8,9,Wind,254.0,Thursday,September,Fall,11938
12/19/2023,3,4,Wind,353.0,Tuesday,December,Winter,5723
8/28/2021,7,8,Wind,240.0,Saturday,August,Summer,3543
1/6/2020,2,3,Wind,6.0,Monday,January,Winter,2422
8/20/2024,18,19,Wind,233.0,Tuesday,August,Summer,9820
3/19/2023,8,9,Wind,78.0,Sunday,March,Spring,40000
12/8/2023,2,3,Wind,342.0,Friday,December,Winter,6034
9/8/2025,22,23,Wind,251.0,Monday,September,Fall,2596
7/7/2025,4,5,Wind,188.0,Monday,July,Summer,4441
7/8/2022,23,0,Wind,189.0,Friday,July,Summer,3923
8/30/2022,20,21,xyz,242.0,Tuesday,August,Summer,2964
7/2/2020,1,2,Wind,184.0,Thursday,July,Summer,2557
6/17/2023,19,20,Solar,168.0,Saturday,June,Summer,1878
2/22/2023,16,17,Wind,53.0,Wednesday,February,Winter,2706
1/3/2021,19,20,Wind,3.0,Sunday,January,Winter,2181
3/11/2023,13,xyz,Wind,70.0,Saturday,March,Spring,6640
11/25/2020,12,13,Wind,330.0,Wednesday,November,Fall,5362
10/1/2024,20,21,Wind,275.0,Tuesday,October,Fall,3845
12/21/2024,3,4,Wind,356.0,Saturday,December,Winter,9936
1/17/2021,0,1,Wind,17.0,Sunday,January,Winter,5025
7/7/2025,18,19,Wind,188.0,Monday,July,Summer,12589
3/19/2020,6,7,Wind,79.0,Thursday,March,Spring,1222
02/27/2028,9,10,,185.0,Friday,July,Summer,40000
8/3/2022,12,13,Solar,215.0,Wednesday,August,Summer,6322
10/4/2022,5,6,Wind,277.0,Tuesday,October,Fall,1006
3/11/2023,9,10,Wind,70.0,Saturday,March,Spring,5264
9/28/2020,9,10,Wind,272.0,Monday,September,Fall,4118
7/23/2020,8,9,Solar,205.0,Thursday,July,Summer,1304
4/30/2023,18,19,Solar,120.0,Sunday,April,Spring,3843
6/30/2025,18,19,Solar,181.0,Monday,June,Summer,4963
4/25/2025,4,5,Wind,115.0,Friday,April,Spring,2651
1/14/2025,19,20,Wind,14.0,Tuesday,January,Winter,2466
10/24/2022,19,20,Wind,297.0,Monday,October,Fall,7803
5/17/2025,15,16,Solar,137.0,Saturday,May,Spring,5475
7/20/2025,18,19,Wind,201.0,Sunday,July,Summer,11288
3/14/2023,12,13,Wind,73.0,Tuesday,March,Spring,20272
xyz,17,18,Wind,15.0,Friday,January,xyz,3373
1/9/2021,8,9,Wind,9.0,Saturday,January,Winter,3720
xyz,4,5,Wind,120.0,Wednesday,April,Spring,5047
10/2/2022,23,0,Wind,275.0,Sunday,October,Fall,1228
12/14/2021,15,16,Solar,348.0,Tuesday,December,Winter,1717
12/8/2022,15,16,Wind,342.0,Thursday,December,Winter,2234
6/26/2020,23,0,Wind,178.0,Friday,June,Summer,2221
8/4/2021,1,2,Wind,216.0,Wednesday,August,Summer,717
11/6/2024,15,16,Solar,311.0,Wednesday,November,Fall,2722
10/29/2020,10,11,Wind,303.0,Thursday,October,Fall,7942
7/29/2022,0,1,Wind,210.0,Friday,July,Summer,1991
9/29/2025,1,2,Wind,272.0,Monday,September,Fall,1543
12/30/2024,21,22,Wind,365.0,Monday,December,Winter,1533
11/22/2023,8,9,Wind,326.0,xyz,November,xyz,40000
10/2/2022,2,3,Wind,275.0,Sunday,October,Fall,6294
10/11/2022,3,4,Wind,284.0,xyz,October,Fall,40000
3/24/2020,8,9,Wind,84.0,Tuesday,March,Spring,5156
1/2/2024,14,15,Wind,2.0,Tuesday,January,Winter,18611
2/1/2023,19,20,Wind,32.0,Wednesday,February,Winter,8874
7/5/2025,8,9,Solar,186.0,Saturday,July,Summer,4789
4/13/2021,12,13,Solar,103.0,Tuesday,April,Spring,6866
5/27/2021,12,13,Solar,147.0,Thursday,May,Spring,4887
12/8/2021,20,21,Wind,342.0,Wednesday,December,Winter,5899
7/15/2023,12,13,Wind,196.0,Saturday,,Summer,9670
8/21/2024,18,19,Solar,234.0,Wednesday,xyz,Summer,5540
9/13/2022,7,8,Wind,256.0,Tuesday,September,Fall,2728
02/27/2028,12,13,Solar,xyz,Tuesday,November,Fall,-100
8/20/2024,10,11,Solar,233.0,Tuesday,August,Summer,8073
4/1/2022,21,22,Wind,91.0,Friday,April,Spring,10624
6/17/2020,21,22,Wind,169.0,Wednesday,June,Summer,1173
10/30/2023,16,17,Wind,303.0,Monday,October,Fall,6592
1/8/2022,11,12,Wind,8.0,Saturday,January,Winter,12836
6/21/2021,20,21,Wind,172.0,Monday,June,Summer,3432
10/18/2023,13,14,Wind,291.0,Wednesday,October,Fall,13322
2/26/2021,23,0,Wind,57.0,Friday,February,Winter,5843
4/14/2025,3,4,Wind,104.0,Monday,April,Spring,870
10/29/2022,22,23,Wind,302.0,Saturday,October,Fall,4708
3/9/2025,7,8,Wind,68.0,Sunday,March,Spring,8337
3/16/2023,18,19,Wind,75.0,Thursday,March,Spring,8469
8/6/2024,9,10,Solar,219.0,Tuesday,August,Summer,4214
11/19/2025,20,21,Wind,323.0,Wednesday,November,Fall,12830
11/26/2022,11,12,Wind,330.0,Saturday,November,Fall,5682
10/7/2021,10,11,Solar,280.0,Thursday,October,Fall,4225
6/16/2024,4,5,Wind,168.0,Sunday,June,Summer,8402
1/9/2025,1,2,Wind,9.0,Thursday,January,Winter,11407
8/31/2023,16,17,Wind,243.0,Thursday,August,Summer,9178
3/25/2024,12,13,Wind,85.0,Monday,March,Spring,11030
02/27/2028,17,18,Wind,20.0,Wednesday,January,Winter,-100
02/27/2028,0,1,Wind,73.0,Friday,March,Spring,-100
12/20/2024,9,10,Wind,355.0,Friday,December,Winter,6332
3/19/2021,18,19,Wind,78.0,Friday,March,Spring,9027
8/2/2025,23,0,Wind,214.0,Saturday,August,Summer,1823
9/17/2020,20,21,Wind,261.0,Thursday,September,Fall,7492
5/20/2025,10,11,Solar,140.0,Tuesday,May,Spring,6320
8/18/2024,4,5,Wind,231.0,Sunday,August,Summer,2707
3/17/2024,22,23,Wind,77.0,Sunday,March,Spring,1507
8/29/2025,5,6,Wind,241.0,Friday,August,Summer,9138
1/17/2022,12,13,Solar,17.0,Monday,January,Winter,3597
3/23/2021,22,23,Wind,82.0,Tuesday,March,Spring,1100
11/5/2022,10,11,Solar,309.0,Saturday,November,Fall,6400
10/14/2023,8,9,Wind,287.0,Saturday,October,Fall,4602
5/24/2023,2,3,Wind,144.0,Wednesday,May,Spring,7072
5/28/2024,10,11,Wind,149.0,Tuesday,May,Spring,40000
2/8/2022,8,9,Wind,39.0,Tuesday,February,Winter,4718
9/12/2023,18,19,Wind,255.0,Tuesday,September,Fall,2470
11/17/2020,17,18,Wind,322.0,Tuesday,November,Fall,1732
7/12/2020,11,12,Solar,194.0,Sunday,July,Summer,5403
4/9/2021,5,6,Wind,99.0,Friday,April,Spring,4058
2/14/2020,3,4,Wind,45.0,Friday,February,Winter,6196
4/15/2024,2,3,Wind,106.0,Monday,April,Spring,2801
7/22/2025,15,16,Wind,203.0,Tuesday,July,Summer,15043
10/12/2024,10,11,Wind,286.0,Saturday,October,Fall,6654
8/14/2025,14,15,Solar,226.0,Thursday,August,Summer,9229
9/30/2020,3,4,Wind,274.0,Wednesday,September,Fall,764
8/27/2025,12,13,Solar,239.0,Wednesday,August,Summer,9132
9/29/2023,17,18,Wind,272.0,Friday,September,Fall,40000
02/27/2028,6,7,Wind,351.0,Monday,,Winter,-100
11/29/2023,,1,Wind,333.0,Wednesday,November,xyz,2413
6/6/2021,12,13,Solar,157.0,Sunday,June,Summer,4982
7/22/2022,5,6,Wind,203.0,Friday,July,Summer,3005
4/7/2024,5,6,Wind,98.0,Sunday,April,Spring,7650
8/20/2024,15,16,Solar,233.0,Tuesday,August,Summer,12041
xyz,23,0,xyz,66.0,Friday,March,Spring,4159
12/23/2020,6,7,Wind,358.0,Wednesday,December,Winter,6294
7/8/2021,6,7,Wind,189.0,Thursday,July,Summer,1286
5/9/2023,18,19,Wind,129.0,Tuesday,May,Spring,8057
2/12/2021,23,0,xyz,43.0,,February,Winter,40000
7/7/2023,8,9,Wind,188.0,Friday,July,Summer,4729
3/22/2021,2,3,Wind,81.0,Monday,March,Spring,4743
4/13/2021,14,15,Solar,103.0,Tuesday,April,Spring,6596
6/12/2025,16,17,Solar,163.0,Thursday,June,Summer,10178
3/12/2023,23,0,Wind,71.0,Sunday,March,Spring,13490
2/18/2021,19,20,Wind,49.0,Thursday,February,Winter,7164
10/29/2023,19,xyz,Wind,302.0,Sunday,October,Fall,40000
12/28/2024,8,9,Wind,363.0,Saturday,December,Winter,731
2/22/2025,22,23,Wind,53.0,Saturday,February,Winter,2668
3/23/2022,21,22,Wind,82.0,Wednesday,March,Spring,2924
8/23/2024,18,19,Wind,236.0,Friday,August,Summer,8407
02/27/2028,1,2,Wind,,xyz,March,Spring,-100
2/29/2024,3,4,Wind,60.0,Thursday,February,Winter,7594
8/23/2020,5,6,Wind,236.0,Sunday,August,Summer,4279
6/19/2021,3,4,Wind,170.0,Saturday,June,Summer,1567
1/28/2022,9,10,Wind,28.0,Friday,January,Winter,1633
7/10/2022,22,23,Wind,191.0,Sunday,July,Summer,4643
02/27/2028,xyz,15,Solar,141.0,Wednesday,May,Spring,-100
7/14/2020,19,20,Wind,196.0,Tuesday,July,Summer,3463
12/10/2020,0,1,Wind,345.0,Thursday,December,Winter,4950
02/27/2028,16,17,Wind,143.0,Tuesday,xyz,Spring,-100
1/1/2021,1,2,Wind,1.0,Friday,January,Winter,899
1/28/2023,7,,Wind,28.0,Saturday,January,xyz,6314
11/29/2021,2,3,Wind,333.0,Monday,November,Fall,3879
2/26/2020,20,xyz,Wind,57.0,Wednesday,February,Winter,40000
5/13/2023,21,22,Wind,133.0,Saturday,May,Spring,5171
9/12/2022,3,4,Wind,255.0,Monday,September,Fall,3334
xyz,5,6,Wind,263.0,Tuesday,xyz,Fall,2043
2/8/2021,16,xyz,Wind,39.0,Monday,February,Winter,1779
7/9/2024,1,xyz,Wind,191.0,Tuesday,xyz,Summer,4638
2/12/2022,9,10,Wind,43.0,Saturday,February,Winter,6373
6/23/2025,7,8,Wind,174.0,Monday,June,Summer,xyz
12/9/2020,19,20,Wind,344.0,Wednesday,December,Winter,3273
11/4/2023,11,12,Wind,308.0,Saturday,November,Fall,18223
9/26/2021,16,17,Wind,269.0,Sunday,September,Fall,5076
1/11/2025,5,6,Wind,11.0,Saturday,January,Winter,2074
2/18/2020,11,12,Wind,49.0,Tuesday,February,Winter,10069
3/13/2022,20,21,Wind,72.0,Sunday,March,Spring,5905
1/12/2025,2,3,Wind,12.0,Sunday,January,Winter,2604
7/30/2020,16,17,Solar,212.0,Thursday,July,Summer,3939
10/14/2025,0,1,Wind,287.0,Tuesday,October,Fall,6498
2/3/2024,20,21,Wind,xyz,,February,Winter,40000
6/11/2024,19,20,Wind,163.0,Tuesday,June,Summer,4560
7/29/2024,22,23,Wind,211.0,Monday,July,Summer,2873
9/6/2023,2,3,Wind,249.0,Wednesday,September,Fall,2774
7/4/2023,11,12,Solar,185.0,Tuesday,July,Summer,40000
5/20/2023,21,22,Wind,140.0,Saturday,May,Spring,5603
4/28/2021,19,20,Wind,118.0,Wednesday,April,Spring,3819
11/22/2022,11,12,Wind,326.0,Tuesday,November,Fall,15370
9/17/2021,15,16,Solar,260.0,Friday,September,Fall,4338
12/3/2022,6,7,Wind,337.0,Saturday,December,Winter,6435
7/27/2024,12,13,Solar,209.0,Saturday,July,Summer,6144
10/9/2025,10,11,Solar,282.0,Thursday,October,Fall,3977
6/30/2024,23,0,Wind,182.0,Sunday,June,Summer,2674
02/27/2028,7,xyz,Wind,364.0,Saturday,December,Winter,xyz
9/24/2022,16,17,Wind,267.0,Saturday,September,Fall,4654
8/22/2024,0,1,Wind,235.0,Thursday,August,Summer,1385
1/18/2021,23,0,Wind,18.0,Monday,January,Winter,7701
8/11/2022,13,14,Solar,223.0,Thursday,August,Summer,10450
7/29/2021,17,18,Solar,210.0,Thursday,July,Summer,5381
10/31/2023,7,8,Wind,304.0,Tuesday,October,Fall,6533
5/5/2024,9,10,Solar,xyz,Sunday,May,Spring,4918
4/2/2021,15,16,Wind,92.0,Friday,April,Spring,12789
5/26/2025,1,2,Wind,146.0,xyz,May,Spring,40000
2/5/2024,23,0,Wind,36.0,Monday,February,Winter,8753
2/20/2025,19,20,Wind,51.0,Thursday,February,Winter,8911
10/18/2024,9,10,Wind,292.0,Friday,October,Fall,3312
7/16/2022,6,7,Wind,197.0,Saturday,July,Summer,3169
1/4/2023,22,23,Wind,4.0,Wednesday,January,Winter,13046
8/16/2025,20,21,Wind,228.0,Saturday,August,Summer,7859
1/12/2020,1,2,Wind,12.0,Sunday,January,Winter,5651
1/26/2022,2,3,Wind,26.0,Wednesday,January,Winter,350
7/24/2023,3,4,Wind,205.0,Monday,July,Summer,4396
8/1/2025,5,6,Wind,213.0,Friday,August,Summer,1647
7/28/2022,21,22,Wind,209.0,Thursday,July,Summer,1804
10/26/2020,5,6,Wind,300.0,Monday,October,Fall,5843
6/15/2022,9,10,Solar,166.0,Wednesday,June,Summer,3487
8/14/2023,15,16,Solar,226.0,Monday,August,Summer,9300
5/21/2022,21,22,Wind,141.0,Saturday,May,Spring,1661
7/14/2023,1,2,Wind,195.0,Friday,July,Summer,679
3/30/2024,1,2,Wind,90.0,Saturday,March,Spring,xyz
7/12/2025,7,8,Wind,193.0,Saturday,July,Summer,4084
11/3/2023,22,23,Wind,307.0,Friday,November,Fall,11230
11/2/2024,14,15,Wind,307.0,Saturday,November,Fall,7232
9/19/2025,4,5,Wind,262.0,Friday,September,Fall,3802
10/11/2025,16,17,Solar,284.0,Saturday,October,Fall,8433
4/29/2023,3,4,Wind,119.0,Saturday,April,Spring,1388
4/28/2020,0,1,Wind,119.0,Tuesday,April,Spring,2602
1/1/2023,3,4,Wind,1.0,Sunday,January,Winter,10590
12/15/2020,23,0,Wind,350.0,Tuesday,December,Winter,3735
9/24/2020,1,2,Wind,268.0,Thursday,September,Fall,7215
11/30/2025,4,5,Wind,334.0,Sunday,November,Fall,4231
3/27/2022,5,6,Wind,86.0,Sunday,March,Spring,5713
9/16/2024,14,15,Solar,260.0,Monday,September,Fall,10766
5/11/2025,20,21,Wind,131.0,Sunday,May,Spring,3113
11/7/2022,21,22,Wind,311.0,,November,xyz,11647
7/14/2022,13,14,Solar,195.0,Thursday,July,Summer,8239
1/15/2021,5,6,Wind,15.0,Friday,January,Winter,6951
10/3/2020,20,21,Wind,277.0,Saturday,October,Fall,7169
6/17/2020,5,6,Wind,169.0,Wednesday,June,Summer,1265
02/27/2028,14,15,Solar,286.0,Wednesday,October,Fall,-100
5/8/2020,23,0,Wind,129.0,Friday,May,Spring,2462
9/17/2024,5,6,Wind,261.0,Tuesday,September,Fall,8937
3/2/2022,22,23,Wind,61.0,Wednesday,March,Spring,1841
1/2/2025,20,21,Wind,2.0,Thursday,January,Winter,3158
12/9/2021,21,22,Wind,343.0,Thursday,December,Winter,10164
3/23/2022,23,0,Wind,82.0,Wednesday,March,Spring,2990
02/27/2028,19,20,Wind,331.0,Thursday,November,,-100
3/24/2020,17,18,Wind,84.0,Tuesday,March,Spring,5661
11/4/2024,17,18,Wind,309.0,Monday,November,Fall,2571
10/2/2020,10,11,Wind,276.0,Friday,October,Fall,8425
7/27/2021,7,8,Wind,208.0,Tuesday,July,Summer,1800
12/18/2021,4,5,Wind,352.0,Saturday,December,Winter,6103
8/17/2020,1,2,Wind,230.0,Monday,August,Summer,1840
4/18/2020,17,18,Solar,109.0,Saturday,April,Spring,2157
5/25/2022,3,4,Wind,145.0,Wednesday,May,Spring,2465
12/10/2024,8,9,Wind,345.0,Tuesday,December,Winter,10490
11/13/2023,3,4,Wind,317.0,Monday,November,Fall,10366
7/17/2021,5,6,Wind,198.0,Saturday,July,Summer,2726
1/11/2023,19,20,Wind,11.0,Wednesday,January,Winter,14823
8/31/2022,2,3,Wind,243.0,Wednesday,August,Summer,3099
5/18/2020,13,14,Solar,139.0,Monday,May,Spring,xyz
10/5/2023,16,17,Solar,278.0,Thursday,October,Fall,4545
1/12/2023,21,22,Wind,12.0,Thursday,January,Winter,15439
9/19/2022,22,23,Wind,262.0,Monday,September,Fall,3395
8/21/2020,6,7,Wind,234.0,Friday,xyz,xyz,40000
11/21/2022,13,,Wind,325.0,Monday,November,Fall,40000
1/9/2022,9,10,Wind,9.0,Sunday,January,Winter,8284
9/16/2025,19,20,Wind,259.0,xyz,September,Fall,5059
1/31/2024,22,23,Wind,31.0,Wednesday,January,Winter,7457
8/11/2020,14,15,Solar,224.0,Tuesday,August,Summer,3537
1/8/2020,21,22,Wind,8.0,Wednesday,January,Winter,4286
1/6/2020,21,22,Wind,6.0,Monday,January,Winter,6604
3/15/2023,18,19,Wind,74.0,Wednesday,March,Spring,1927
2/22/2025,13,14,Wind,53.0,Saturday,February,Winter,12178
1/11/2021,20,21,Wind,11.0,Monday,January,Winter,7590
6/26/2020,2,3,Wind,178.0,Friday,June,Summer,3692
3/29/2022,22,23,Wind,88.0,Tuesday,March,Spring,1747
6/18/2023,17,18,Wind,169.0,Sunday,June,Summer,
10/30/2024,8,9,Wind,304.0,Wednesday,October,Fall,2906
12/29/2020,7,8,Wind,364.0,Tuesday,December,Winter,4603
1/25/2024,8,9,Wind,25.0,Thursday,January,Winter,3333
12/12/2023,13,14,Wind,346.0,Tuesday,December,Winter,12277
9/17/2024,17,18,Wind,261.0,Tuesday,September,Fall,15566
4/23/2022,18,19,Wind,113.0,Saturday,April,Spring,7248
02/27/2028,12,13,Wind,xyz,Friday,February,Winter,-100
7/9/2023,21,22,Wind,190.0,Sunday,July,Summer,1771
10/16/2025,10,11,Solar,289.0,Thursday,October,,40000
6/18/2022,8,9,Solar,169.0,Saturday,June,Summer,3257
1/23/2021,5,6,Wind,23.0,Saturday,January,Winter,6252
11/28/2025,21,22,Wind,332.0,Friday,November,Fall,6545
1/15/2023,23,0,Wind,15.0,Sunday,January,Winter,14184
7/18/2021,7,8,Wind,199.0,Sunday,July,Summer,4581
6/4/2025,23,0,Wind,155.0,Wednesday,June,Summer,3771
12/18/2023,22,23,Wind,352.0,Monday,December,Winter,4551
8/5/2020,10,11,Solar,218.0,Wednesday,August,Summer,4172
9/30/2021,2,3,Wind,273.0,Thursday,September,Fall,2198
10/20/2024,15,16,Wind,294.0,Sunday,October,Fall,14777
12/12/2023,21,22,Wind,346.0,Tuesday,December,Winter,11950
02/27/2028,13,14,Solar,160.0,Wednesday,June,Summer,-100
10/30/2023,3,4,Wind,303.0,Monday,October,Fall,6758
5/1/2021,2,3,Wind,121.0,Saturday,May,Spring,1529
7/11/2025,19,20,Wind,192.0,Friday,July,Summer,8167
7/14/2021,1,2,Wind,195.0,Wednesday,July,Summer,5174
7/24/2022,22,23,Wind,205.0,Sunday,July,Summer,1576
6/1/2022,9,10,Solar,152.0,Wednesday,June,Summer,3291
7/10/2022,17,18,Solar,191.0,Sunday,July,Summer,8534
8/9/2022,9,10,Solar,221.0,Tuesday,,Summer,5599
6/28/2020,17,18,Wind,180.0,Sunday,June,Summer,6109
3/29/2023,10,11,Wind,88.0,Wednesday,March,Spring,7172
6/1/2022,10,11,,152.0,Wednesday,June,Summer,4579
7/26/2025,11,12,Solar,207.0,Saturday,July,Summer,9696
02/27/2028,6,7,xyz,7.0,xyz,January,Winter,-100
10/14/2022,2,3,Wind,287.0,Friday,October,Fall,3178
4/24/2023,7,8,Wind,114.0,Monday,April,Spring,7202
4/9/2025,4,5,Wind,99.0,Wednesday,April,Spring,4809
11/11/2022,0,1,Wind,315.0,Friday,November,Fall,3260
8/15/2022,20,21,Wind,227.0,Monday,August,Summer,1672
11/15/2020,7,8,Wind,320.0,Sunday,November,Fall,12883
8/1/2025,4,5,Wind,213.0,Friday,August,Summer,1864
3/15/2024,19,20,Wind,75.0,Friday,March,Spring,11130
10/23/2025,18,19,Wind,296.0,Thursday,October,Fall,18901
1/31/2024,18,19,Wind,31.0,Wednesday,January,Winter,3644
10/27/2023,13,14,Wind,300.0,,October,Fall,12859
8/21/2022,13,14,Solar,233.0,Sunday,August,Summer,5750
12/10/2021,6,7,Wind,344.0,Friday,December,Winter,40000
6/16/2022,13,14,Solar,167.0,Thursday,June,Summer,6779
8/2/2023,9,10,Wind,214.0,Wednesday,August,Summer,16901
5/20/2021,4,5,Wind,140.0,Thursday,May,Spring,1694
8/22/2020,23,0,Wind,235.0,Saturday,August,Summer,4101
4/19/2020,11,12,Wind,110.0,Sunday,April,Spring,3044
3/14/2020,8,9,Wind,74.0,Saturday,March,Spring,4390
2/24/2022,10,11,Wind,55.0,Thursday,February,Winter,10940
xyz,19,20,Wind,126.0,Saturday,May,Spring,1867
11/13/2025,11,12,Wind,317.0,Thursday,November,Fall,11277
7/17/2025,12,13,Solar,198.0,Thursday,July,Summer,9231
4/4/2020,14,15,Solar,95.0,Saturday,April,Spring,6508
7/3/2020,22,23,Wind,185.0,Friday,July,Summer,2524
8/8/2023,18,19,Solar,xyz,Tuesday,August,xyz,5679
3/10/2023,22,23,Wind,69.0,Friday,March,Spring,3585
11/29/2020,12,13,Solar,334.0,Sunday,November,Fall,4441
10/13/2021,5,6,Wind,286.0,Wednesday,October,Fall,2635
7/14/2022,3,4,xyz,195.0,Thursday,July,Summer,1144
12/3/2024,5,6,Wind,338.0,Tuesday,xyz,Winter,40000
10/22/2022,9,10,Wind,295.0,Saturday,October,Fall,4670
7/10/2021,22,23,Wind,191.0,Saturday,July,Summer,1341
5/10/2020,3,4,Wind,131.0,Sunday,May,Spring,2119
1/8/2022,6,7,Wind,8.0,Saturday,January,Winter,5560
6/11/2025,16,17,Solar,162.0,Wednesday,June,Summer,xyz
02/27/2028,13,14,Solar,73.0,Wednesday,xyz,Spring,-100
4/20/2020,13,14,Wind,111.0,Monday,April,Spring,6295
12/6/2020,19,20,Wind,341.0,Sunday,December,Winter,1831
02/27/2028,14,15,,273.0,Thursday,September,Fall,-100
2/22/2020,9,10,Wind,53.0,Saturday,February,Winter,9798
6/5/2023,6,7,Wind,156.0,Monday,June,Summer,5236
3/13/2024,3,4,Wind,73.0,Wednesday,March,Spring,5628
10/29/2021,19,20,Wind,302.0,Friday,October,Fall,6365
12/5/2022,9,xyz,Solar,xyz,Monday,December,Winter,40000
4/23/2023,16,17,Wind,113.0,Sunday,April,Spring,17128
9/7/2022,0,1,Wind,250.0,Wednesday,September,Fall,2068
8/1/2023,17,18,Wind,213.0,Tuesday,August,Summer,14385
6/7/2025,22,23,Wind,158.0,Saturday,June,Summer,11872
12/11/2023,7,8,Wind,345.0,Monday,December,Winter,12197
5/18/2025,16,17,Solar,138.0,Sunday,May,Spring,4639
5/25/2023,22,23,Wind,145.0,Thursday,May,Spring,7838
10/21/2020,2,3,Wind,295.0,Wednesday,October,Fall,8784
11/16/2022,6,7,Wind,320.0,Wednesday,November,Fall,8891
9/20/2021,5,6,Wind,263.0,Monday,September,Fall,1476
3/25/2021,1,2,Wind,84.0,xyz,March,Spring,1828
5/18/2020,23,0,Wind,139.0,Monday,May,Spring,4354
3/20/2020,19,20,Wind,80.0,Friday,March,Spring,8034
5/8/2025,1,2,Wind,128.0,Thursday,May,Spring,5736
12/31/2020,xyz,17,Wind,xyz,Thursday,December,Winter,2357
02/27/2028,xyz,3,xyz,18.0,Monday,January,Winter,-100
3/20/2025,18,19,Wind,79.0,Thursday,March,Spring,6079
xyz,3,xyz,Wind,347.0,Monday,December,Winter,-100
12/1/2021,6,7,Wind,335.0,Wednesday,December,Winter,13796
3/20/2020,21,22,Wind,80.0,Friday,March,Spring,8477
4/5/2020,10,11,Wind,96.0,Sunday,April,Spring,7338
1/4/2020,12,13,Wind,4.0,Saturday,January,Winter,5032
2/27/2023,2,3,Wind,58.0,Monday,February,Winter,13375
2/26/2024,5,6,Wind,57.0,Monday,February,Winter,8685
5/10/2022,12,13,Solar,130.0,Tuesday,May,Spring,8156
11/20/2025,13,14,Wind,324.0,Thursday,November,Fall,8270
7/27/2024,8,9,Solar,209.0,Saturday,July,Summer,1867
11/5/2020,22,23,Wind,310.0,Thursday,November,Fall,7939
xyz,19,20,Wind,354.0,Monday,December,Winter,3491
6/11/2022,5,6,Wind,162.0,Saturday,June,Summer,821
8/20/2024,21,22,Wind,233.0,Tuesday,August,Summer,7387
4/16/2024,21,22,Wind,107.0,Tuesday,April,Spring,8195
3/23/2022,6,7,Wind,82.0,Wednesday,March,Spring,2971
6/5/2021,18,19,Solar,156.0,Saturday,June,Summer,3619
9/16/2021,5,6,Wind,259.0,Thursday,September,Fall,699
9/29/2021,19,20,Wind,272.0,Wednesday,September,Fall,4060
7/14/2020,11,12,Solar,196.0,Tuesday,July,Summer,3964
1/4/2022,2,3,Wind,4.0,Tuesday,January,Winter,7777
02/27/2028,23,0,Wind,51.0,Tuesday,February,Winter,-100
11/25/2022,22,23,Wind,329.0,Friday,November,Fall,3305
10/8/2020,11,12,Wind,282.0,Thursday,October,Fall,10615
3/9/2023,0,1,Wind,68.0,Thursday,March,Spring,15224
2/2/2021,2,3,Wind,33.0,Tuesday,February,Winter,6510
4/24/2022,5,6,Wind,114.0,Sunday,April,Spring,2907
2/11/2023,23,0,Wind,42.0,Saturday,February,Winter,3519
8/23/2024,14,15,Wind,236.0,Friday,August,Summer,9041
5/11/2020,8,9,Wind,132.0,Monday,May,Spring,12575
7/2/2020,6,7,Wind,184.0,Thursday,July,Summer,2658
11/12/2023,17,18,Wind,316.0,Sunday,November,Fall,8377
7/19/2022,2,3,Wind,200.0,Tuesday,July,Summer,5991
6/26/2024,7,8,Wind,178.0,Wednesday,June,Summer,1858
1/17/2023,10,11,Wind,17.0,Tuesday,January,Winter,4286
4/5/2025,5,6,Wind,95.0,Saturday,April,Spring,6698
1/29/2022,16,17,Wind,29.0,Saturday,January,Winter,10506
9/19/2024,12,13,Solar,xyz,Thursday,September,Fall,14571
1/6/2025,4,5,Wind,6.0,Monday,January,Winter,18425
10/7/2024,3,4,Wind,281.0,Monday,October,Fall,6923
9/15/2020,3,4,Wind,259.0,Tuesday,September,Fall,3210
2/22/2022,16,17,Wind,53.0,Tuesday,February,Winter,13212
4/11/2025,21,22,Wind,101.0,Friday,April,Spring,7061
4/13/2024,15,16,Solar,104.0,Saturday,April,Spring,5731
5/15/2025,6,7,Wind,135.0,Thursday,May,Spring,6116
11/7/2025,19,20,Wind,311.0,Friday,November,Fall,3663
3/27/2022,8,9,Wind,86.0,Sunday,March,Spring,4977
3/31/2023,19,20,Wind,90.0,Friday,March,Spring,18011
3/7/2024,1,2,Wind,67.0,Thursday,March,Spring,3440
11/20/2020,1,2,Wind,325.0,Friday,November,Fall,4107
1/24/2021,8,9,Wind,24.0,Sunday,January,Winter,4228
1/18/2023,13,14,Wind,18.0,Wednesday,January,Winter,6028
5/7/2022,14,15,Solar,127.0,Saturday,May,Spring,6943
11/21/2024,8,9,Wind,326.0,Thursday,November,Fall,7834
12/27/2021,0,1,Wind,361.0,Monday,December,Winter,4025
5/24/2021,22,23,Wind,,Monday,May,Spring,9483
10/13/2023,2,3,Wind,286.0,Friday,October,Fall,7476
3/21/2024,2,3,Wind,81.0,Thursday,March,Spring,2363
1/24/2022,12,13,Solar,24.0,Monday,January,Winter,4464
10/16/2024,4,5,Wind,290.0,Wednesday,October,Fall,11312
3/29/2020,22,23,Wind,89.0,Sunday,March,Spring,12612
8/3/2020,2,3,Wind,216.0,xyz,xyz,Summer,2390
3/7/2021,22,xyz,Wind,66.0,Sunday,xyz,Spring,3739
2/6/2023,0,1,Wind,37.0,Monday,February,Winter,8478
6/19/2022,6,xyz,Wind,170.0,Sunday,June,Summer,6959
6/21/2020,12,13,Wind,173.0,Sunday,June,Summer,7780
8/2/2023,19,20,Wind,214.0,Wednesday,August,Summer,16928
3/2/2021,15,16,Solar,61.0,Tuesday,March,Spring,3434
11/3/2024,23,0,Wind,308.0,Sunday,November,Fall,2561
5/14/2022,5,6,Wind,134.0,Saturday,May,Spring,1726
8/15/2021,8,9,Wind,227.0,Sunday,August,Summer,1863
2/28/2020,6,7,Wind,59.0,Friday,February,Winter,2998
6/27/2023,22,23,Wind,178.0,Tuesday,June,Summer,2535
8/24/2021,22,23,Wind,236.0,Tuesday,August,Summer,7178
11/4/2024,11,12,Solar,309.0,Monday,November,Fall,4989
8/14/2023,5,6,Wind,226.0,Monday,August,Summer,2504
4/14/2022,10,11,Solar,104.0,Thursday,April,Spring,4167
10/28/2025,17,18,Wind,301.0,Tuesday,October,Fall,7492
12/16/2024,3,4,Wind,351.0,Monday,December,Winter,8013
1/22/2025,19,20,Wind,22.0,Wednesday,January,Winter,7737
10/28/2020,13,14,Wind,302.0,,October,Fall,12937
7/14/2025,2,3,Wind,195.0,Monday,July,Summer,3887
10/31/2023,2,3,Wind,304.0,Tuesday,October,Fall,7130
,21,22,Wind,31.0,Friday,January,Winter,40000
2/19/2020,8,9,Wind,50.0,Wednesday,February,Winter,7418
8/8/2024,18,19,Solar,221.0,Thursday,August,Summer,6114
xyz,13,14,xyz,28.0,Thursday,January,,15125
10/9/2023,8,9,Wind,282.0,Monday,October,Fall,1479
12/2/2022,8,9,Wind,336.0,Friday,December,Winter,1891
6/5/2020,1,2,Wind,157.0,Friday,June,Summer,3083
2/22/2021,12,13,Wind,53.0,Monday,February,Winter,5207
9/8/2023,11,12,Solar,251.0,Friday,September,Fall,6264
6/2/2022,2,3,Wind,153.0,Thursday,June,Summer,4489
11/12/2020,0,1,Wind,317.0,Thursday,November,Fall,7815
12/11/2020,17,18,Wind,346.0,Friday,December,Winter,6128
3/9/2023,17,18,Wind,68.0,Thursday,March,Spring,14276
3/17/2021,14,15,Wind,76.0,Wednesday,March,Spring,11369
11/1/2022,8,9,Wind,305.0,Tuesday,November,Fall,11128
2/25/2020,6,7,Wind,56.0,Tuesday,February,Winter,9167
8/9/2022,21,22,Wind,221.0,Tuesday,August,Summer,6647
9/6/2021,7,8,Wind,249.0,Monday,September,Fall,1047
7/22/2020,9,10,Solar,204.0,Wednesday,July,Summer,2274
11/20/2022,19,20,Wind,324.0,Sunday,November,Fall,9592
5/6/2024,13,14,Wind,127.0,Monday,May,Spring,10471
4/3/2020,21,22,Wind,94.0,Friday,April,Spring,822
6/2/2024,8,9,Wind,154.0,Sunday,June,Summer,6742
11/14/2023,11,12,Wind,318.0,Tuesday,November,Fall,14452
6/1/2024,11,12,Wind,153.0,Saturday,June,Summer,6742
11/10/2021,14,15,Solar,314.0,Wednesday,November,Fall,2377
9/1/2020,15,16,Solar,245.0,Tuesday,September,Fall,4468
12/5/2024,12,13,Wind,340.0,Thursday,December,Winter,17990
1/3/2023,1,2,Wind,3.0,xyz,January,xyz,
4/1/2021,12,13,Solar,91.0,Thursday,April,Spring,5138
02/27/2028,22,23,Wind,334.0,Thursday,November,Fall,40000
4/2/2021,12,13,Wind,92.0,Friday,April,Spring,10686
6/27/2025,9,10,Solar,178.0,Friday,June,Summer,6183
6/17/2020,10,11,Solar,169.0,Wednesday,June,Summer,3020
8/23/2025,4,5,Wind,235.0,Saturday,August,Summer,1388
6/5/2025,21,22,xyz,156.0,Thursday,June,Summer,12863
4/9/2021,19,20,Wind,99.0,Friday,April,Spring,4660
11/7/2025,21,22,Wind,311.0,Friday,November,Fall,3455
9/16/2023,11,12,Solar,259.0,Saturday,September,Fall,7132
10/31/2021,23,0,Wind,304.0,Sunday,October,Fall,9036
9/2/2020,14,15,Solar,246.0,Wednesday,September,Fall,4475
11/22/2022,6,7,Wind,326.0,Tuesday,November,Fall,12684
1/31/2024,6,7,Wind,31.0,Wednesday,January,Winter,702
6/3/2023,15,16,Solar,xyz,Saturday,xyz,Summer,40000
3/29/2024,13,14,Wind,89.0,Friday,March,Spring,12451
12/26/2020,10,11,Wind,361.0,Saturday,December,Winter,5443
5/29/2020,0,1,Wind,150.0,Friday,May,Spring,6833
6/16/2025,11,12,Solar,167.0,Monday,June,Summer,9648
10/12/2025,3,4,Wind,285.0,Sunday,October,Fall,4975
2/9/2024,0,1,Wind,40.0,Friday,February,Winter,16468
02/27/2028,9,10,Wind,152.0,Sunday,May,Spring,-100
8/14/2021,9,10,Solar,226.0,xyz,August,Summer,2699
1/22/2020,20,21,Wind,22.0,Wednesday,January,Winter,6559
12/18/2022,17,18,Wind,352.0,Sunday,December,Winter,10405
8/6/2020,23,0,Wind,219.0,Thursday,August,Summer,2711
02/27/2028,17,18,Wind,325.0,Monday,November,Fall,-100
5/16/2020,18,19,Wind,137.0,Saturday,May,Spring,3719
10/24/2024,7,8,Wind,298.0,Thursday,October,Fall,6244
5/27/2021,1,2,xyz,147.0,Thursday,May,Spring,1901
12/15/2023,8,9,Wind,349.0,Friday,December,Winter,1618
2/7/2022,8,9,Wind,38.0,Monday,February,Winter,4208
3/31/2021,12,13,Solar,90.0,Wednesday,March,Spring,4968
3/30/2023,9,10,Wind,89.0,Thursday,March,Spring,13258
9/6/2021,13,14,Solar,249.0,Monday,September,Fall,5761
12/18/2023,23,0,Wind,352.0,Monday,December,Winter,4894
7/12/2023,0,1,Wind,193.0,Wednesday,July,Summer,3608
10/2/2025,14,15,Solar,275.0,Thursday,October,Fall,10014
5/14/2020,12,13,Wind,135.0,Thursday,May,Spring,10868
7/7/2025,19,20,Wind,188.0,Monday,July,Summer,10176
8/13/2023,23,0,Wind,225.0,Sunday,August,Summer,1024
4/8/2022,6,7,Wind,98.0,Friday,April,Spring,5180
7/23/2024,6,7,Wind,205.0,Tuesday,July,Summer,5757
5/12/2023,17,18,Wind,132.0,Friday,May,Spring,6407
8/12/2020,21,22,Wind,225.0,Wednesday,August,Summer,1803
8/8/2021,2,3,Wind,220.0,Sunday,August,Summer,7015
3/24/2021,3,4,Wind,83.0,Wednesday,March,Spring,1617
10/13/2023,11,12,Wind,286.0,Friday,October,Fall,16243
12/16/2023,16,17,Wind,350.0,Saturday,,Winter,40000
10/24/2023,3,4,Wind,297.0,Tuesday,October,Fall,3857
10/20/2022,13,14,Wind,293.0,Thursday,October,Fall,8279
8/10/2025,9,10,Solar,222.0,Sunday,August,Summer,2877
8/26/2021,5,6,Wind,238.0,Thursday,August,Summer,2577
2/9/2020,21,22,Wind,40.0,Sunday,February,Winter,11121
6/4/2020,22,23,Wind,156.0,Thursday,June,Summer,3036
9/16/2021,23,0,Wind,259.0,Thursday,September,Fall,823
12/24/2022,1,2,Wind,358.0,Saturday,December,Winter,9924
02/27/2028,10,,Solar,247.0,Monday,September,Fall,-100
9/24/2023,0,1,Wind,267.0,Sunday,September,Fall,1551
9/3/2025,4,5,Wind,246.0,Wednesday,September,Fall,11536
9/24/2021,9,10,Solar,267.0,Friday,September,Fall,2389
5/19/2025,19,20,Wind,139.0,Monday,May,Spring,5014
3/5/2022,1,2,Wind,64.0,Saturday,March,Spring,2844
9/2/2023,3,4,Wind,245.0,Saturday,September,Fall,2344
4/21/2025,23,0,Wind,111.0,Monday,April,Spring,2488
9/25/2022,19,20,Wind,268.0,Sunday,September,Fall,2026
6/4/2020,3,4,Wind,156.0,Thursday,June,Summer,2745
5/23/2020,20,21,Wind,144.0,Saturday,May,Spring,6050
1/1/2021,20,21,Wind,1.0,Friday,January,Winter,1400
02/27/2028,21,xyz,xyz,141.0,Monday,May,Spring,-100
1/7/2025,17,18,Wind,7.0,Tuesday,January,Winter,10787
10/24/2020,16,17,Wind,298.0,Saturday,October,Fall,11847
4/2/2021,8,9,Wind,92.0,Friday,April,Spring,7431
3/9/2022,21,22,Wind,68.0,Wednesday,March,Spring,6486
xyz,4,5,Wind,163.0,Saturday,June,Summer,1602
10/4/2022,11,12,Solar,277.0,Tuesday,October,Fall,5095
1/26/2025,6,7,Wind,26.0,Sunday,January,Winter,9622
8/10/2022,0,1,Wind,222.0,Wednesday,August,Summer,7497
xyz,15,16,Solar,104.0,xyz,April,Spring,5744
02/27/2028,5,6,Wind,187.0,Friday,July,Summer,-100
7/2/2025,1,2,Wind,183.0,Wednesday,July,Summer,1680
2/15/2023,7,8,Wind,46.0,Wednesday,February,Winter,4689
02/27/2028,xyz,xyz,Solar,291.0,Tuesday,October,Fall,-100
6/21/2023,20,21,Wind,172.0,Wednesday,June,Summer,2103
2/19/2025,10,11,Wind,50.0,Wednesday,February,Winter,9254
02/27/2028,4,5,,248.0,Friday,xyz,Fall,-100
12/25/2022,11,12,Wind,359.0,Sunday,December,Winter,8005
xyz,21,22,Wind,xyz,Monday,,Spring,8276
1/21/2025,9,10,Wind,21.0,Tuesday,January,Winter,3532
2/23/2024,10,11,Wind,54.0,Friday,February,Winter,16254
5/31/2023,1,2,Wind,151.0,Wednesday,May,Spring,9202
,2,3,Wind,249.0,Tuesday,September,Fall,3954
3/23/2025,1,2,Wind,82.0,Sunday,March,Spring,3960
12/31/2024,0,1,Wind,366.0,Tuesday,December,Winter,2264
02/27/2028,15,16,Solar,344.0,Saturday,December,Winter,-100
9/4/2021,9,10,Solar,xyz,Saturday,September,Fall,1919
2/6/2022,3,4,Wind,37.0,Sunday,February,Winter,13367
12/26/2021,11,12,Wind,360.0,Sunday,December,Winter,4422
1/5/2020,8,9,Wind,5.0,Sunday,January,Winter,1711
6/17/2025,17,18,Solar,168.0,Tuesday,,xyz,xyz
1/3/2025,3,4,Wind,3.0,Friday,January,Winter,2554
12/17/2023,10,11,Wind,351.0,Sunday,December,Winter,4841
12/24/2020,5,6,Wind,359.0,Thursday,December,Winter,10082
2/20/2025,22,23,Wind,51.0,Thursday,February,Winter,9192
02/27/2028,16,17,Wind,122.0,Wednesday,May,Spring,-100
6/28/2021,3,4,Wind,179.0,Monday,June,Summer,993
4/20/2025,2,3,Wind,110.0,Sunday,April,Spring,7949
4/28/2020,9,10,Wind,119.0,Tuesday,April,Spring,6544
11/22/2023,21,22,Wind,326.0,Wednesday,November,Fall,4015
2/23/2023,0,1,Wind,54.0,Thursday,February,Winter,1326
2/4/2025,5,6,Wind,35.0,Tuesday,February,Winter,1813
12/4/2020,13,14,Wind,339.0,Friday,December,Winter,6709
3/27/2021,20,21,Wind,86.0,Saturday,March,Spring,40000
2/13/2023,18,19,Wind,44.0,Monday,February,Winter,1722
xyz,15,16,Wind,158.0,Tuesday,June,xyz,40000
1/17/2025,6,7,Wind,17.0,Friday,January,Winter,907
4/21/2020,20,21,Wind,112.0,Tuesday,April,Spring,3274
10/26/2022,14,15,Wind,299.0,Wednesday,October,Fall,8329
9/13/2021,16,17,Solar,256.0,Monday,September,Fall,3823
11/4/2024,0,1,Wind,309.0,Monday,November,Fall,2535
12/6/2024,22,23,Wind,341.0,Friday,December,Winter,13401
4/29/2022,1,2,Wind,119.0,Friday,April,Spring,4016
3/25/2023,0,1,Wind,84.0,Saturday,March,Spring,15938
9/7/2024,6,7,Wind,251.0,Saturday,September,Fall,3367
1/9/2025,20,21,Wind,9.0,Thursday,January,Winter,6470
8/20/2023,4,5,Wind,232.0,Sunday,August,Summer,1180
02/27/2028,20,xyz,Wind,29.0,Wednesday,January,Winter,-100
7/2/2023,19,20,Wind,183.0,Sunday,July,Summer,7873
9/8/2025,11,12,Solar,251.0,Monday,September,Fall,5497
11/10/2023,23,0,Wind,314.0,Friday,November,Fall,9706
11/17/2020,2,3,Wind,322.0,Tuesday,November,Fall,4690
12/20/2022,14,15,Wind,354.0,Tuesday,December,Winter,9921
3/26/2020,2,3,Wind,86.0,Thursday,March,Spring,6822
02/27/2028,,xyz,Wind,300.0,Friday,October,Fall,-100
10/14/2023,16,17,Wind,287.0,Saturday,October,Fall,5669
6/15/2023,8,9,Solar,166.0,Thursday,June,Summer,3150
9/17/2024,16,17,Wind,261.0,Tuesday,September,Fall,16641
11/24/2022,0,1,Wind,328.0,Thursday,November,Fall,12304
4/16/2021,10,11,Solar,106.0,Friday,April,Spring,5704
11/6/2023,14,15,Wind,310.0,Monday,November,Fall,13487
9/17/2023,6,7,Wind,260.0,Sunday,September,Fall,2803
3/22/2025,10,11,Wind,81.0,Saturday,March,Spring,xyz
5/6/2024,0,1,Wind,127.0,Monday,May,Spring,2496
xyz,10,11,Wind,38.0,Friday,February,xyz,12922
2/26/2024,0,1,Wind,57.0,Monday,February,Winter,11143
10/28/2021,15,16,Wind,301.0,Thursday,October,Fall,9175
xyz,xyz,16,Wind,150.0,Tuesday,May,Spring,-100
5/23/2025,21,22,Wind,143.0,Friday,May,Spring,2357
3/15/2024,20,21,Wind,75.0,Friday,March,Spring,10873
3/27/2021,22,,Wind,86.0,Saturday,March,Spring,2170
2/27/2021,5,6,Wind,58.0,Saturday,February,Winter,5959
8/15/2023,8,9,Solar,227.0,Tuesday,August,Summer,1912
7/8/2023,8,9,Solar,189.0,Saturday,July,Summer,3767
10/8/2024,6,7,Wind,282.0,Tuesday,October,Fall,9141
5/30/2025,3,4,Wind,150.0,Friday,May,Spring,991
2/21/2022,xyz,5,xyz,52.0,Monday,February,xyz,14649
9/14/2023,0,1,Wind,257.0,Thursday,September,Fall,1211
12/12/2023,0,1,Wind,346.0,Tuesday,December,Winter,4486
5/26/2025,0,1,Wind,146.0,Monday,May,xyz,6927
9/26/2021,18,xyz,Wind,269.0,Sunday,September,Fall,40000
4/15/2022,21,22,Wind,105.0,Friday,April,Spring,4839
10/24/2025,xyz,,Wind,297.0,xyz,October,Fall,14422
1/27/2021,12,13,Wind,27.0,Wednesday,January,Winter,5380
12/10/2021,11,12,Wind,344.0,Friday,December,Winter,15172
4/16/2023,11,12,Solar,106.0,Sunday,April,Spring,8757
9/27/2023,12,13,Solar,270.0,Wednesday,September,Fall,8377
02/27/2028,21,22,Wind,271.0,Wednesday,,Fall,-100
12/21/2023,16,17,Wind,355.0,Thursday,December,Winter,18157
11/5/2021,13,14,Solar,309.0,Friday,November,Fall,4309
11/13/2024,0,1,Wind,318.0,Wednesday,November,Fall,7547
1/21/2022,16,17,Wind,21.0,Friday,January,Winter,4930
9/18/2025,1,2,Wind,261.0,Thursday,September,Fall,2658
02/27/2028,21,22,Wind,330.0,xyz,November,Fall,-100
12/6/2024,4,5,Wind,341.0,Friday,December,Winter,16790
5/7/2020,6,7,Wind,128.0,Thursday,May,Spring,1940
3/1/2022,20,21,Wind,60.0,Tuesday,March,Spring,2587
4/5/2021,13,14,Wind,95.0,Monday,April,Spring,12272
8/14/2025,11,12,Solar,226.0,Thursday,August,Summer,7778
12/2/2024,19,20,Wind,337.0,xyz,December,Winter,8640
7/18/2020,9,10,Solar,200.0,Saturday,July,Summer,2751
2/21/2025,3,4,Wind,52.0,Friday,February,Winter,8852
9/3/2022,11,12,Solar,246.0,,September,Fall,5300
3/11/2021,12,13,Wind,70.0,Thursday,March,Spring,15952
4/9/2022,3,4,Wind,99.0,Saturday,April,Spring,4941
5/18/2024,20,21,Wind,139.0,Saturday,May,Spring,1089
1/21/2025,15,16,Wind,21.0,Tuesday,January,Winter,4033
2/17/2023,21,22,Wind,48.0,Friday,February,Winter,6602
xyz,13,,Solar,165.0,Saturday,June,Summer,4547
4/18/2025,10,11,Solar,108.0,Friday,April,Spring,10165
11/26/2023,16,17,Wind,330.0,Sunday,November,Fall,2684
4/6/2020,11,12,Wind,97.0,Monday,April,Spring,7000
9/9/2022,6,7,Wind,252.0,Friday,September,Fall,8609
11/11/2024,9,10,Wind,316.0,Monday,November,Fall,5238
5/23/2023,6,7,Wind,143.0,Tuesday,May,Spring,5042
12/30/2021,23,0,Wind,364.0,Thursday,December,Winter,5789
12/1/2024,17,18,Wind,336.0,Sunday,December,Winter,6455
7/23/2023,12,13,Wind,204.0,Sunday,July,Summer,10378
5/14/2021,18,19,Wind,134.0,Friday,May,Spring,7203
2/28/2021,19,20,Wind,59.0,Sunday,February,Winter,6539
7/2/2023,16,17,Wind,183.0,Sunday,July,Summer,8074
10/11/2024,2,3,Wind,285.0,Friday,October,Fall,1368
7/19/2023,3,4,Wind,200.0,Wednesday,July,Summer,2642
6/12/2023,14,15,Solar,163.0,Monday,June,Summer,5430
10/5/2020,14,15,Wind,279.0,Monday,October,Fall,11225
,3,4,Wind,253.0,Wednesday,September,Fall,xyz
2/17/2020,2,3,Wind,48.0,Monday,February,Winter,7484
10/18/2024,7,8,Wind,292.0,Friday,October,Fall,3601
4/14/2020,11,12,Wind,105.0,Tuesday,April,Spring,9135
1/29/2025,,21,Wind,29.0,Wednesday,xyz,Winter,xyz
02/27/2028,0,1,Wind,269.0,Friday,September,,xyz
10/22/2024,xyz,12,Solar,296.0,Tuesday,October,Fall,3991
11/2/2025,5,6,Wind,306.0,Sunday,November,Fall,8568
12/16/2022,9,10,Wind,350.0,Friday,December,Winter,4580
02/27/2028,6,7,Wind,298.0,Wednesday,October,Fall,40000
2/6/2024,16,17,Wind,37.0,Tuesday,February,Winter,14753
02/27/2028,xyz,10,Solar,138.0,Sunday,May,Spring,-100
9/13/2021,12,13,Solar,256.0,Monday,September,Fall,4974
9/1/2023,12,13,Solar,244.0,Friday,xyz,Fall,
02/27/2028,19,20,Wind,54.0,Sunday,February,xyz,
3/24/2023,13,14,Wind,83.0,Friday,March,Spring,18253
7/21/2022,3,4,Wind,202.0,Thursday,July,Summer,2034
9/3/2021,3,4,Wind,246.0,Friday,September,Fall,2875
6/6/2021,22,23,Wind,157.0,Sunday,June,Summer,1895
1/16/2025,2,3,Wind,16.0,Thursday,January,Winter,4050
7/1/2022,6,7,Wind,182.0,Friday,July,Summer,2163
5/25/2021,10,11,Wind,145.0,Tuesday,May,Spring,12191
9/30/2020,4,5,Wind,274.0,Wednesday,September,Fall,765
02/27/2028,7,xyz,Wind,80.0,Friday,March,Spring,-100
6/4/2025,0,1,Wind,155.0,Wednesday,June,Summer,4931
4/12/2020,1,2,Wind,103.0,Sunday,April,Spring,882
8/25/2022,23,0,Wind,237.0,Thursday,August,Summer,4884
5/1/2021,10,11,Solar,121.0,Saturday,May,Spring,2714
3/28/2020,18,19,Wind,88.0,Saturday,March,Spring,8583
4/7/2022,10,11,Wind,97.0,Thursday,April,Spring,17301
2/26/2024,19,20,Wind,57.0,Monday,February,Winter,13529
3/1/2020,12,13,Wind,61.0,Sunday,March,Spring,10344
9/17/2020,23,0,Wind,261.0,Thursday,September,Fall,8180
1/3/2025,7,8,Wind,3.0,Friday,January,Winter,2724
5/2/2020,20,21,Wind,123.0,Saturday,May,Spring,2311
5/15/2023,14,15,Wind,135.0,Monday,May,Spring,11400
10/16/2022,8,9,Wind,289.0,Sunday,October,Fall,2699
9/2/2025,8,9,Wind,245.0,Tuesday,September,Fall,8765
12/7/2022,11,12,Solar,341.0,Wednesday,December,Winter,4223
7/26/2022,16,17,Solar,207.0,Tuesday,July,Summer,6899
6/24/2021,15,16,Solar,175.0,Thursday,June,Summer,4655
6/25/2020,7,8,Wind,177.0,Thursday,June,Summer,3207
10/14/2024,19,,xyz,xyz,Monday,October,Fall,1064
02/27/2028,xyz,,Wind,322.0,Tuesday,November,Fall,-100
1/30/2022,21,22,Wind,30.0,Sunday,January,Winter,3246
3/8/2023,15,16,Wind,67.0,Wednesday,March,Spring,14139
12/29/2024,0,1,Wind,364.0,Sunday,December,Winter,697
11/11/2022,15,xyz,Solar,315.0,Friday,xyz,Fall,4182
02/27/2028,xyz,6,xyz,55.0,Monday,February,Winter,-100
3/6/2020,9,10,Wind,66.0,Friday,March,Spring,7931
9/28/2025,14,15,Solar,xyz,Sunday,September,Fall,6078
2/13/2025,19,20,Wind,44.0,Thursday,February,Winter,4250
2/19/2022,14,15,Wind,50.0,Saturday,February,Winter,15721
2/3/2024,6,7,Wind,34.0,Saturday,February,Winter,4353
1/28/2020,6,7,Wind,28.0,Tuesday,January,Winter,12760
10/1/2023,3,4,Wind,274.0,Sunday,October,Fall,2887
6/30/2022,9,10,Solar,181.0,Thursday,June,Summer,2255
10/29/2023,4,5,Wind,302.0,Sunday,October,Fall,14660
1/12/2020,21,22,Wind,12.0,Sunday,January,Winter,3874
1/27/2021,5,6,Wind,27.0,Wednesday,January,Winter,5623
7/1/2021,23,0,Wind,182.0,Thursday,July,Summer,556
9/16/2022,4,5,Wind,259.0,Friday,September,Fall,1832
10/27/2020,17,18,Wind,301.0,Tuesday,October,Fall,11435
1/21/2022,2,3,Wind,21.0,Friday,January,Winter,5207
9/21/2024,0,1,Wind,265.0,Saturday,September,Fall,3226
8/1/2023,2,3,Wind,213.0,Tuesday,August,Summer,11323
10/30/2024,xyz,3,Wind,304.0,xyz,October,Fall,40000
9/14/2022,5,6,Wind,257.0,Wednesday,September,Fall,2573
7/17/2021,8,9,Wind,198.0,Saturday,July,Summer,3381
6/5/2025,23,0,Wind,156.0,Thursday,June,Summer,11656
12/19/2022,22,23,Wind,353.0,Monday,December,Winter,13726
02/27/2028,14,15,,285.0,Sunday,October,Fall,-100
5/7/2022,19,20,Wind,127.0,Saturday,May,Spring,4935
7/30/2021,18,19,Wind,211.0,Friday,July,Summer,12014
1/25/2025,4,5,Wind,25.0,Saturday,January,Winter,13110
9/17/2022,10,11,Wind,260.0,Saturday,September,Fall,8550
9/8/2024,2,3,Wind,252.0,Sunday,September,Fall,5942
6/18/2023,0,1,Wind,169.0,Sunday,June,Summer,3061
3/1/2025,1,2,Wind,60.0,Saturday,March,Spring,6559
4/20/2023,22,23,Wind,110.0,Thursday,April,Spring,3577
5/23/2022,18,19,Wind,143.0,Monday,May,Spring,9632
02/27/2028,19,20,Wind,36.0,Wednesday,February,Winter,-100
2/14/2025,7,8,Wind,45.0,Friday,,Winter,5237
10/28/2025,5,6,Wind,301.0,Tuesday,October,Fall,11677
7/11/2021,20,21,Wind,192.0,Sunday,July,Summer,847
4/12/2020,23,0,Wind,103.0,Sunday,April,Spring,2330
1/20/2023,17,18,Wind,20.0,Friday,January,Winter,3916
5/13/2022,7,8,Wind,133.0,Friday,May,Spring,2060
5/20/2021,8,9,Solar,140.0,Thursday,May,Spring,2571
11/4/2025,4,5,Wind,308.0,Tuesday,November,Fall,7696
8/16/2021,16,17,Wind,228.0,Monday,August,Summer,10531
7/13/2020,5,6,Wind,195.0,Monday,July,Summer,2964
xyz,13,14,Wind,69.0,Thursday,March,Spring,6557
7/2/2021,18,19,Solar,183.0,Friday,July,Summer,2219
02/27/2028,3,4,xyz,37.0,Saturday,February,Winter,-100
8/27/2023,0,1,Wind,239.0,Sunday,August,Summer,1688
12/21/2021,9,10,Wind,355.0,Tuesday,December,Winter,3052
2/7/2024,21,22,Wind,38.0,Wednesday,February,Winter,9656
2/22/2024,11,12,Wind,53.0,Thursday,February,Winter,18811
3/14/2021,1,2,Wind,73.0,Sunday,March,Spring,10694
11/9/2023,0,1,Wind,313.0,Thursday,November,Fall,12461
8/9/2020,14,15,Solar,222.0,Sunday,August,Summer,4141
6/6/2023,17,18,Solar,157.0,Tuesday,June,Summer,6228
2/26/2020,21,22,Wind,57.0,Wednesday,February,Winter,6047
10/17/2020,18,19,Wind,291.0,Saturday,October,Fall,604
7/31/2023,10,11,Wind,212.0,xyz,July,Summer,15013
4/12/2024,4,5,Wind,103.0,Friday,April,Spring,1424
1/17/2023,1,2,Wind,17.0,Tuesday,January,Winter,2739
6/9/2025,6,7,Wind,160.0,Monday,June,Summer,1985
2/6/2024,0,1,Wind,37.0,Tuesday,February,Winter,9034
2/7/2020,21,22,Wind,38.0,Friday,February,Winter,5778
4/9/2023,23,0,Wind,99.0,Sunday,April,Spring,3803
5/12/2024,2,3,Wind,133.0,Sunday,May,Spring,4197
11/6/2025,20,21,Wind,310.0,Thursday,November,Fall,2578
10/3/2025,5,6,Wind,276.0,Friday,October,Fall,4762
11/18/2022,12,13,Wind,322.0,Friday,November,Fall,7660
12/2/2021,18,19,Wind,336.0,Thursday,December,Winter,5623
12/1/2020,11,12,Wind,336.0,Tuesday,December,Winter,7915
8/27/2021,21,22,Wind,239.0,Friday,August,Summer,4231
1/30/2021,3,4,Wind,30.0,Saturday,January,Winter,5877
5/2/2022,9,10,Solar,122.0,Monday,May,Spring,3340
12/11/2020,6,7,Wind,346.0,Friday,December,Winter,8228
2/12/2024,19,xyz,Wind,43.0,Monday,February,xyz,2941
2/20/2024,21,22,Wind,51.0,Tuesday,February,Winter,4972
8/2/2023,11,12,Wind,214.0,Wednesday,August,Summer,19452
11/16/2023,23,0,Wind,320.0,Thursday,November,Fall,6242
7/25/2021,0,1,Wind,206.0,Sunday,July,Summer,2479
11/22/2020,5,6,Wind,327.0,Sunday,November,Fall,1657
xyz,14,xyz,Wind,356.0,Monday,December,Winter,12181
9/17/2021,14,xyz,Solar,260.0,Friday,September,Fall,4701
6/16/2023,16,17,Solar,167.0,Friday,June,Summer,5958
5/26/2022,13,14,Solar,146.0,Thursday,May,Spring,7127
11/30/2024,15,16,Solar,335.0,Saturday,November,Fall,2688
6/10/2021,18,19,Solar,161.0,Thursday,June,Summer,3022
4/30/2025,21,22,Wind,120.0,Wednesday,April,Spring,4203
11/6/2020,11,12,Wind,311.0,Friday,xyz,Fall,6576
2/22/2022,20,21,Wind,53.0,Tuesday,February,Winter,9371
4/7/2020,0,1,Wind,98.0,Tuesday,April,Spring,1164
3/5/2022,8,9,Wind,64.0,Saturday,March,Spring,2833
8/12/2023,14,15,Solar,224.0,Saturday,August,Summer,9859
5/20/2020,8,9,Wind,141.0,Wednesday,May,Spring,2983
xyz,xyz,19,Wind,138.0,Sunday,May,Spring,3522
8/26/2021,0,1,Wind,238.0,Thursday,August,Summer,4284
11/21/2024,10,11,Wind,326.0,Thursday,November,Fall,8722
4/8/2023,20,21,Wind,98.0,Saturday,April,Spring,2306
3/24/2022,15,16,Solar,83.0,Thursday,March,Spring,5951
6/19/2025,7,8,Wind,170.0,Thursday,June,Summer,5082
1/7/2023,16,17,Wind,7.0,Saturday,January,Winter,14869
7/31/2023,0,1,Wind,212.0,Monday,July,Summer,6278
3/8/2021,9,10,Wind,67.0,Monday,March,Spring,3616
1/19/2025,9,10,Wind,19.0,Sunday,January,xyz,1475
7/26/2023,16,17,Solar,207.0,Wednesday,July,Summer,8656
9/27/2020,1,2,Wind,271.0,Sunday,September,Fall,8456
02/27/2028,8,9,Wind,64.0,Wednesday,March,Spring,-100
10/13/2022,16,17,Wind,286.0,Thursday,October,Fall,4620
1/26/2022,xyz,8,Wind,26.0,Wednesday,,Winter,xyz
9/28/2022,6,7,Wind,271.0,Wednesday,September,Fall,5218
7/11/2020,14,15,Solar,193.0,Saturday,July,Summer,5898
5/17/2024,5,6,Wind,138.0,Friday,May,Spring,2154
4/29/2020,11,12,Wind,120.0,Wednesday,April,Spring,8220
xyz,23,0,Wind,56.0,Saturday,February,xyz,11173
7/8/2021,10,11,Solar,189.0,Thursday,July,Summer,3625
10/16/2021,3,4,Wind,289.0,Saturday,October,Fall,1803
11/20/2021,23,0,Wind,324.0,Saturday,xyz,Fall,
5/13/2025,17,18,Solar,133.0,Tuesday,May,Spring,5811
8/10/2023,3,4,Wind,222.0,Thursday,August,Summer,2702
4/28/2025,12,13,Solar,118.0,Monday,April,Spring,4784
7/23/2024,12,13,Wind,205.0,Tuesday,July,Summer,13952
12/24/2023,13,14,Wind,358.0,Sunday,December,Winter,18901
7/21/2021,12,13,Solar,202.0,Wednesday,July,Summer,5862
4/17/2023,19,20,Wind,107.0,Monday,April,Spring,6717
10/28/2022,17,18,Wind,301.0,Friday,October,Fall,2848
02/27/2028,19,20,,60.0,Monday,March,Spring,-100
6/12/2021,9,10,Solar,163.0,Saturday,June,Summer,2788
4/22/2024,5,6,Wind,113.0,Monday,April,Spring,6950
10/16/2025,4,5,Wind,289.0,Thursday,October,Fall,4512
8/15/2025,5,6,Wind,227.0,Friday,August,Summer,3500
12/26/2024,5,6,Wind,361.0,Thursday,December,Winter,2739
12/28/2024,9,10,Solar,363.0,Saturday,December,Winter,1612
10/17/2025,10,11,Solar,290.0,Friday,October,Fall,7404
5/22/2022,20,21,Wind,142.0,Sunday,May,Spring,2187
6/9/2020,4,5,Wind,161.0,Tuesday,June,Summer,3508
02/27/2028,18,19,Solar,214.0,,August,Summer,-100
4/8/2020,20,21,Wind,99.0,Wednesday,April,Spring,467
8/21/2020,21,,Wind,234.0,Friday,August,Summer,5079
11/10/2024,15,16,Solar,315.0,Sunday,November,Fall,2953
7/12/2023,6,7,Wind,193.0,Wednesday,July,Summer,3671
3/28/2023,3,4,Wind,87.0,Tuesday,March,Spring,3165
7/24/2023,14,15,Wind,205.0,Monday,July,Summer,13611
1/10/2020,11,12,Wind,10.0,Friday,January,Winter,40000
1/29/2024,15,16,Wind,29.0,Monday,January,Winter,6607
9/11/2021,18,19,Solar,254.0,Saturday,September,Fall,2301
9/11/2022,16,17,Solar,254.0,Sunday,September,Fall,5240
7/6/2025,9,10,Wind,187.0,Sunday,July,Summer,8712
02/27/2028,12,13,Solar,137.0,Saturday,,Spring,-100
8/8/2020,18,19,Solar,221.0,Saturday,August,Summer,2078
12/3/2022,21,22,Wind,337.0,Saturday,December,Winter,4456
12/14/2023,16,17,Wind,348.0,Thursday,December,Winter,3670
1/10/2024,6,7,Wind,10.0,Wednesday,January,Winter,2550
6/29/2023,20,21,Wind,180.0,Thursday,June,Summer,4447
9/23/2025,23,0,xyz,266.0,xyz,September,Fall,7703
1/13/2024,19,20,Wind,13.0,Saturday,January,Winter,948
8/28/2020,18,19,Wind,241.0,Friday,August,Summer,7044
11/18/2021,16,17,Wind,322.0,Thursday,November,Fall,1903
10/4/2024,13,14,Solar,278.0,Friday,October,Fall,9370
02/27/2028,3,4,Wind,271.0,Tuesday,September,Fall,-100
10/5/2024,18,19,Wind,279.0,Saturday,October,Fall,5490
2/14/2022,10,11,Wind,45.0,Monday,February,Winter,11029
2/17/2024,21,22,,48.0,Saturday,February,Winter,4018
4/28/2020,12,xyz,Wind,119.0,Tuesday,April,xyz,8739
6/6/2021,8,9,Solar,157.0,Sunday,June,Summer,2523
9/13/2021,0,1,Wind,256.0,Monday,September,Fall,2496
xyz,14,,Solar,100.0,Thursday,April,xyz,7208
1/12/2020,23,0,Wind,12.0,Sunday,January,Winter,3414
11/21/2021,22,23,Wind,325.0,Sunday,November,Fall,5604
2/29/2020,20,21,Wind,60.0,Saturday,February,Winter,11348
2/25/2024,13,14,Wind,56.0,Sunday,February,Winter,12231
12/13/2020,15,16,Wind,348.0,Sunday,December,Winter,7786
5/19/2025,23,0,Wind,139.0,Monday,May,Spring,7197
2/7/2021,7,8,Wind,38.0,Sunday,February,Winter,4673
1/16/2025,15,16,Wind,16.0,Thursday,January,Winter,4905
10/8/2022,11,12,Solar,281.0,Saturday,October,Fall,3673
1/10/2020,2,3,Wind,10.0,Friday,January,Winter,8774
11/25/2023,4,5,Wind,329.0,Saturday,November,Fall,6963
3/24/2022,20,21,Wind,83.0,Thursday,March,Spring,5126
3/11/2023,19,20,Wind,70.0,Saturday,March,Spring,3991
6/22/2023,16,17,Wind,173.0,Thursday,June,Summer,9894
12/14/2023,0,1,Wind,348.0,Thursday,December,Winter,8201
7/15/2023,9,10,Wind,196.0,Saturday,July,Summer,10120
4/20/2025,20,21,Wind,xyz,Sunday,April,xyz,
1/30/2021,7,8,Wind,30.0,Saturday,January,Winter,6227
11/29/2024,18,19,Wind,334.0,Friday,November,Fall,6728
10/8/2022,18,19,Wind,281.0,Saturday,October,Fall,1438
3/10/2024,15,16,Solar,70.0,Sunday,March,Spring,3525
9/12/2025,12,13,Wind,255.0,Friday,September,Fall,15148
10/11/2024,22,23,Wind,285.0,Friday,October,Fall,40000
12/21/2020,4,5,Wind,356.0,Monday,December,Winter,6940
9/11/2025,1,2,Wind,254.0,Thursday,September,Fall,9935
11/19/2024,8,9,Wind,324.0,Tuesday,November,Fall,18156
10/31/2021,15,16,Wind,304.0,Sunday,October,Fall,13024
1/18/2025,8,9,Wind,18.0,Saturday,January,Winter,1412
8/29/2021,12,13,Solar,241.0,Sunday,August,,7078
5/8/2024,8,9,Wind,129.0,Wednesday,May,Spring,5996
6/30/2020,11,12,Wind,182.0,Tuesday,June,Summer,7643
8/31/2021,20,21,Wind,243.0,Tuesday,August,Summer,4853
5/13/2025,2,3,Wind,133.0,Tuesday,May,Spring,800
3/30/2021,7,8,Wind,89.0,Tuesday,March,Spring,3050
9/10/2025,2,3,Wind,253.0,Wednesday,September,Fall,3693
3/8/2022,23,0,Wind,67.0,Tuesday,March,Spring,5240
4/22/2021,7,8,Wind,112.0,Thursday,April,Spring,5978
3/5/2020,18,19,Wind,65.0,Thursday,March,Spring,9372
9/18/2024,19,20,Wind,262.0,Wednesday,September,Fall,8628
1/1/2022,18,19,Wind,1.0,Saturday,January,Winter,5033
xyz,8,9,Wind,xyz,Tuesday,July,Summer,10499
1/24/2025,18,19,Wind,24.0,Friday,January,Winter,11644
12/6/2024,5,6,Wind,341.0,Friday,December,Winter,16229
11/9/2020,17,18,Wind,314.0,Monday,November,Fall,1068
4/21/2021,17,18,Wind,111.0,Wednesday,April,Spring,6000
5/14/2024,21,22,Wind,135.0,Tuesday,May,Spring,3751
6/13/2021,4,5,Wind,164.0,Sunday,June,Summer,3041
7/22/2020,20,21,Wind,204.0,Wednesday,July,Summer,1664
5/1/2022,9,10,Solar,121.0,Sunday,May,Spring,3570
6/28/2020,18,19,Wind,180.0,Sunday,June,Summer,5377
11/10/2025,15,16,Wind,314.0,Monday,November,Fall,11353
6/5/2024,0,1,Wind,157.0,Wednesday,June,Summer,4109
9/15/2025,6,7,Wind,258.0,Monday,September,Fall,13765
3/24/2025,2,3,Wind,83.0,Monday,March,Spring,1017
9/17/2020,22,23,Wind,261.0,Thursday,September,Fall,8246
10/10/2021,13,14,Solar,283.0,Sunday,October,Fall,5597
4/18/2022,19,20,Wind,108.0,Monday,April,Spring,2225
3/23/2020,7,8,Wind,83.0,Monday,March,Spring,7842
3/3/2021,11,12,Solar,62.0,Wednesday,March,Spring,2455
8/11/2023,11,12,Solar,223.0,Friday,August,Summer,6511
3/27/2025,3,4,Wind,86.0,Thursday,March,Spring,2898
1/2/2022,9,10,Wind,2.0,Sunday,January,Winter,10517
1/1/2024,7,8,Wind,1.0,Monday,January,Winter,8313
7/26/2022,17,18,Solar,207.0,Tuesday,July,Summer,6442
10/16/2025,8,9,Wind,289.0,Thursday,October,Fall,5327
6/9/2023,11,12,Solar,160.0,Friday,June,Summer,6026
11/18/2021,11,12,Solar,322.0,Thursday,November,Fall,3691
2/19/2023,17,18,Wind,50.0,Sunday,February,Winter,2941
9/14/2021,15,16,Wind,257.0,Tuesday,September,Fall,4725
2/15/2024,12,13,Wind,46.0,xyz,February,Winter,40000
5/2/2020,16,17,Wind,123.0,Saturday,May,Spring,5517
11/30/2023,19,20,Wind,334.0,Thursday,November,Fall,1586
11/2/2023,13,14,Wind,306.0,Thursday,November,Fall,16568
8/20/2024,6,7,Wind,233.0,Tuesday,August,Summer,3147
2/9/2022,19,20,Wind,40.0,Wednesday,February,Winter,2468
9/6/2025,2,3,Wind,249.0,Saturday,September,Fall,3308
4/7/2021,18,19,Wind,97.0,Wednesday,April,Spring,7072
7/11/2025,3,4,Wind,192.0,Friday,July,Summer,4447
6/16/2020,14,15,Solar,168.0,Tuesday,June,Summer,xyz
7/14/2025,7,8,Wind,195.0,Monday,July,Summer,5773
6/11/2020,3,4,Wind,163.0,Thursday,June,Summer,848
4/20/2022,7,8,Wind,110.0,Wednesday,April,Spring,4757
9/6/2020,8,9,Wind,250.0,Sunday,September,Fall,1543
4/1/2020,1,2,Wind,92.0,Wednesday,April,Spring,6293
5/3/2022,11,12,Solar,123.0,Tuesday,May,Spring,6254
02/27/2028,9,10,Wind,62.0,,March,Spring,40000
8/8/2022,22,23,Wind,220.0,Monday,August,Summer,7986
1/24/2025,6,7,Wind,24.0,Friday,January,Winter,16820
8/15/2022,10,11,Wind,227.0,Monday,August,Summer,6363
6/15/2022,8,9,Solar,166.0,Wednesday,June,xyz,40000
2/3/2020,16,17,Wind,34.0,Monday,February,Winter,7611
3/5/2024,2,3,Wind,65.0,Tuesday,March,Spring,6137
4/15/2020,12,13,Wind,106.0,Wednesday,April,Spring,8107
6/23/2022,23,0,Wind,174.0,Thursday,June,Summer,2176
2/15/2024,7,8,Wind,46.0,Thursday,February,Winter,8356
2/13/2024,12,xyz,,44.0,Tuesday,February,Winter,40000
4/7/2020,13,14,Solar,98.0,Tuesday,April,Spring,5158
1/11/2022,19,20,Wind,11.0,Tuesday,January,Winter,2775
1/17/2021,6,7,Wind,17.0,Sunday,January,Winter,5399
11/22/2020,7,8,Wind,327.0,Sunday,November,Fall,1571
10/15/2023,0,1,Wind,288.0,Sunday,October,Fall,1816
7/29/2023,17,18,Wind,210.0,Saturday,July,Summer,10613
6/29/2024,22,23,Wind,181.0,Saturday,June,Summer,4103
11/27/2021,8,9,Wind,331.0,Saturday,November,Fall,8176
1/5/2023,19,20,Wind,5.0,Thursday,January,Winter,5850
7/22/2025,2,3,Wind,203.0,Tuesday,July,Summer,7248
8/25/2025,2,3,Wind,237.0,Monday,August,Summer,4359
10/28/2022,3,4,Wind,301.0,Friday,October,Fall,8527
4/7/2025,xyz,1,Wind,97.0,Monday,April,Spring,8969
12/11/2020,11,12,Wind,346.0,Friday,December,Winter,8366
02/27/2028,7,8,Wind,6.0,xyz,January,Winter,-100
10/18/2025,0,1,Wind,291.0,Saturday,October,Fall,5956
02/27/2028,6,7,Wind,190.0,Friday,xyz,Summer,-100
12/29/2023,16,17,Wind,363.0,Friday,December,Winter,12703
9/7/2021,21,22,Wind,250.0,Tuesday,September,Fall,6214
1/27/2020,19,20,Wind,27.0,Monday,January,Winter,12013
11/6/2022,10,11,Wind,310.0,Sunday,November,Fall,10772
6/25/2024,21,22,Wind,177.0,Tuesday,June,Summer,2957
11/1/2025,7,8,Wind,305.0,Saturday,November,Fall,14758
7/8/2023,11,12,Solar,189.0,Saturday,July,Summer,7894
12/7/2024,14,15,Wind,342.0,Saturday,December,Winter,20507
11/29/2023,9,10,Wind,333.0,Wednesday,November,Fall,4271
4/30/2024,8,9,Wind,121.0,Tuesday,April,Spring,4921
5/3/2020,6,7,Wind,124.0,Sunday,May,Spring,2206
8/17/2020,17,18,Wind,230.0,Monday,August,Summer,4968
1/16/2021,7,8,Wind,16.0,Saturday,January,Winter,3043
3/23/2023,2,3,Wind,82.0,Thursday,March,Spring,13259
02/27/2028,12,13,Solar,xyz,Monday,September,Fall,-100
4/26/2021,19,20,Wind,116.0,Monday,April,Spring,6462
7/7/2021,6,7,Wind,188.0,Wednesday,July,Summer,2994
12/14/2021,13,14,Solar,348.0,Tuesday,December,Winter,2885
8/5/2024,2,3,Wind,218.0,Monday,August,Summer,853
11/6/2025,8,9,xyz,310.0,Thursday,xyz,Fall,
1/25/2024,13,14,Solar,25.0,Thursday,January,Winter,8183
4/7/2022,2,3,Wind,97.0,Thursday,April,Spring,14668
6/10/2021,1,2,Wind,161.0,Thursday,June,Summer,1695
1/10/2024,16,17,Wind,10.0,Wednesday,January,Winter,2394
8/9/2024,9,10,Wind,222.0,Friday,August,xyz,8316
10/30/2023,4,5,Wind,303.0,Monday,October,Fall,6489
6/22/2024,16,17,Wind,174.0,Saturday,June,Summer,8282
2/17/2023,18,19,Wind,48.0,Friday,February,Winter,8349
02/27/2028,23,0,xyz,89.0,Wednesday,March,Spring,40000
6/22/2020,23,0,Wind,174.0,Monday,June,Summer,1654
xyz,19,20,Wind,113.0,Wednesday,April,xyz,5406
9/1/2022,0,1,Wind,244.0,Thursday,September,Fall,3594
12/17/2020,16,17,Wind,352.0,Thursday,December,Winter,2623
1/17/2020,3,4,Wind,17.0,Friday,January,Winter,9190
1/15/2020,12,13,Wind,15.0,Wednesday,January,Winter,13650
8/13/2021,4,5,Wind,225.0,Friday,August,Summer,1428
10/16/2025,15,16,Solar,289.0,Thursday,October,Fall,10045
9/25/2022,,4,Wind,268.0,xyz,September,Fall,2834
6/10/2021,2,3,Wind,161.0,Thursday,June,Summer,1561
4/28/2022,4,5,Wind,118.0,Thursday,April,Spring,6175
9/22/2020,3,4,Wind,266.0,Tuesday,September,Fall,729
4/16/2024,5,6,Wind,107.0,Tuesday,April,Spring,13923
12/11/2020,5,6,Wind,346.0,Friday,December,Winter,8150
2/20/2022,9,10,Wind,51.0,Sunday,February,Winter,14285
7/19/2024,23,0,Wind,201.0,Friday,July,Summer,1858
4/18/2022,14,15,Solar,108.0,Monday,April,Spring,5758
7/19/2022,19,20,Wind,200.0,Tuesday,July,Summer,5572
1/5/2021,11,12,Wind,5.0,Tuesday,January,Winter,2287
8/29/2022,13,14,Solar,241.0,Monday,August,Summer,40000
6/24/2025,5,6,xyz,175.0,Tuesday,June,Summer,40000
2/28/2024,17,18,Wind,59.0,Wednesday,February,Winter,4478
1/12/2022,22,23,Wind,12.0,Wednesday,January,Winter,3280
2/3/2025,7,8,Wind,xyz,Monday,,Winter,xyz
10/22/2022,13,14,Solar,295.0,Saturday,October,Fall,6438
6/21/2025,23,0,Wind,172.0,Saturday,June,Summer,5132
10/11/2021,3,4,Wind,284.0,Monday,October,Fall,3139
10/10/2024,1,2,Wind,284.0,Thursday,October,Fall,11780
10/26/2024,14,15,Solar,300.0,Saturday,October,Fall,3052
10/12/2023,14,15,Solar,285.0,Thursday,October,Fall,9474
10/23/2024,11,12,Solar,297.0,Wednesday,October,Fall,5653
11/6/2021,8,9,Wind,xyz,Saturday,November,Fall,40000
7/7/2024,21,22,Wind,189.0,Sunday,July,Summer,1941
2/12/2023,9,10,Wind,43.0,Sunday,February,Winter,4441
5/19/2020,13,14,Solar,140.0,Tuesday,May,Spring,5807
10/12/2023,xyz,21,Wind,285.0,Thursday,October,Fall,xyz
11/24/2022,18,19,Wind,328.0,Thursday,November,Fall,10480
6/9/2023,21,22,Wind,xyz,Friday,June,Summer,2441
5/10/2021,6,7,Wind,130.0,Monday,May,Spring,40000
9/7/2024,18,19,Wind,251.0,xyz,September,Fall,5395
10/26/2024,23,0,Wind,300.0,Saturday,October,Fall,1544
3/11/2020,21,22,Wind,71.0,Wednesday,March,Spring,10542
5/18/2023,13,14,Solar,138.0,Thursday,May,Spring,10403
8/10/2023,14,15,Solar,222.0,Thursday,August,Summer,7362
6/2/2020,16,17,Solar,154.0,Tuesday,June,Summer,3347
8/27/2020,7,8,Wind,240.0,Thursday,August,Summer,1048
12/22/2020,8,9,Wind,xyz,Tuesday,December,Winter,40000
3/3/2022,15,16,Solar,62.0,Thursday,March,Spring,2948
12/1/2023,19,20,Wind,335.0,Friday,December,Winter,5459
8/4/2020,8,9,Wind,217.0,Tuesday,August,Summer,2221
2/1/2024,2,3,Wind,32.0,Thursday,February,Winter,8490
10/15/2023,16,17,Solar,288.0,Sunday,October,Fall,5663
11/20/2023,21,22,Wind,324.0,Monday,November,Fall,7214
10/10/2023,4,5,Wind,283.0,Tuesday,October,Fall,829
5/1/2024,12,13,Solar,122.0,Wednesday,May,Spring,1959
6/18/2021,8,9,Wind,169.0,Friday,June,Summer,3797
6/21/2022,14,15,Solar,xyz,Tuesday,June,Summer,4865
1/13/2025,20,21,Wind,13.0,Monday,January,Winter,3935
8/8/2023,19,20,Wind,220.0,Tuesday,August,Summer,3486
10/3/2025,3,4,Wind,276.0,Friday,October,Fall,4857
7/21/2024,10,11,Solar,203.0,Sunday,July,Summer,5289
02/27/2028,20,xyz,Wind,48.0,Saturday,February,Winter,-100
12/16/2022,17,18,Wind,350.0,Friday,December,Winter,2642
8/2/2022,14,15,Solar,214.0,Tuesday,August,Summer,6826
xyz,20,21,Wind,181.0,Monday,June,Summer,40000
9/14/2021,18,19,Wind,257.0,Tuesday,September,Fall,2384
11/14/2021,22,23,Wind,318.0,Sunday,November,Fall,4268
4/7/2021,12,13,Wind,97.0,Wednesday,April,Spring,10408
3/7/2023,18,19,xyz,66.0,Tuesday,March,Spring,xyz
7/11/2021,11,12,Solar,192.0,Sunday,July,Summer,4305
4/21/2021,7,8,Wind,111.0,Wednesday,April,Spring,1406
3/25/2023,4,5,Wind,84.0,Saturday,March,Spring,15307
xyz,1,2,Wind,47.0,Thursday,February,xyz,-100
1/16/2022,2,3,Wind,16.0,Sunday,January,Winter,1615
7/8/2022,9,10,Solar,189.0,Friday,July,Summer,5099
xyz,14,15,Solar,233.0,Sunday,,Summer,5606
3/25/2025,10,11,Solar,84.0,Tuesday,March,Spring,5910
8/23/2021,22,23,Wind,235.0,Monday,August,Summer,5164
1/3/2022,16,17,Wind,3.0,Monday,January,Winter,9265
2/3/2023,2,3,Wind,34.0,Friday,February,Winter,7003
1/20/2020,11,12,Wind,20.0,Monday,January,Winter,6491
2/21/2022,2,3,Wind,52.0,Monday,February,Winter,15187
6/5/2022,16,17,Wind,156.0,Sunday,June,Summer,9410
9/2/2022,23,0,Wind,245.0,Friday,September,Fall,1202
2/2/2021,6,7,Wind,33.0,Tuesday,February,,10538
8/29/2021,0,1,Wind,241.0,Sunday,August,Summer,4582
8/20/2023,22,23,Wind,232.0,Sunday,August,Summer,2847
5/22/2021,2,3,Wind,142.0,Saturday,May,Spring,11902
3/3/2020,23,0,Wind,63.0,Tuesday,March,Spring,3994
9/8/2025,13,14,Solar,251.0,Monday,September,Fall,7140
3/2/2025,11,12,Solar,61.0,Sunday,March,Spring,12636
4/7/2021,14,15,Wind,97.0,Wednesday,April,Spring,10791
12/29/2021,13,14,Wind,363.0,Wednesday,December,Winter,12943
10/2/2024,21,22,Wind,276.0,Wednesday,October,Fall,4560
10/1/2024,21,22,Wind,275.0,Tuesday,October,Fall,4147
7/6/2025,8,9,Wind,187.0,Sunday,July,Summer,40000
8/18/2024,15,16,Solar,231.0,Sunday,August,Summer,10128
4/6/2024,7,8,Wind,97.0,Saturday,April,Spring,15598
9/11/2022,23,0,Wind,254.0,Sunday,September,Fall,3625
1/31/2025,11,12,Wind,31.0,Friday,January,Winter,8391
3/11/2024,3,4,Wind,71.0,Monday,March,Spring,3924
9/4/2022,11,12,Solar,247.0,Sunday,September,Fall,6669
8/11/2022,17,18,Solar,223.0,Thursday,August,Summer,6843
10/5/2020,xyz,2,xyz,279.0,Monday,October,Fall,11425
02/27/2028,7,8,xyz,25.0,Wednesday,January,Winter,-100
5/20/2023,0,1,Wind,140.0,Saturday,May,Spring,7401
3/24/2025,18,19,Wind,83.0,Monday,March,Spring,2672
3/4/2021,5,6,Wind,63.0,Thursday,March,Spring,962
7/18/2021,14,15,Wind,199.0,Sunday,July,Summer,8289
4/15/2020,3,4,Wind,106.0,Wednesday,April,Spring,6114
3/26/2025,23,0,Wind,85.0,Wednesday,March,Spring,3306
11/16/2020,4,5,Wind,321.0,Monday,November,Fall,8707
6/27/2021,6,7,Wind,178.0,Sunday,June,Summer,2151
9/18/2024,20,21,Wind,262.0,Wednesday,September,Fall,8242
3/18/2025,19,20,Wind,77.0,Tuesday,March,Spring,8869
8/23/2023,17,18,Solar,235.0,Wednesday,August,Summer,4360
6/20/2024,8,9,Wind,172.0,Thursday,June,Summer,3855
5/20/2020,21,22,Wind,141.0,Wednesday,May,Spring,1728
4/17/2021,8,9,Wind,107.0,Saturday,April,Spring,4584
6/23/2022,7,8,Wind,174.0,Thursday,June,Summer,1604
9/22/2025,20,21,Wind,265.0,Monday,September,Fall,9886
2/1/2021,8,9,Wind,32.0,Monday,February,Winter,5242
7/4/2020,22,23,Wind,186.0,Saturday,July,Summer,7464
11/4/2023,15,16,Wind,308.0,Saturday,November,Fall,16988
11/22/2020,8,9,Wind,327.0,Sunday,November,Fall,1837
9/1/2021,23,xyz,Wind,244.0,Wednesday,September,Fall,6821
02/27/2028,20,21,Wind,208.0,xyz,July,Summer,-100
1/21/2020,22,23,Wind,21.0,Tuesday,January,Winter,3837
1/24/2022,20,21,Wind,24.0,Monday,January,Winter,1354
6/7/2021,14,15,Solar,158.0,Monday,June,Summer,4416
5/23/2021,18,19,Wind,,Sunday,May,xyz,8652
9/6/2020,20,21,Wind,250.0,Sunday,September,Fall,1691
02/27/2028,6,7,Wind,102.0,Thursday,April,Spring,-100
10/28/2021,23,0,Wind,301.0,Thursday,October,Fall,10907
12/22/2020,10,11,Wind,357.0,Tuesday,December,Winter,9321
11/20/2021,0,1,Wind,324.0,Saturday,November,Fall,1660
4/21/2024,9,10,Wind,112.0,Sunday,April,Spring,10429
12/13/2024,23,0,Wind,348.0,Friday,xyz,Winter,876
11/28/2022,8,9,Wind,332.0,Monday,November,Fall,4270
12/13/2023,22,23,Wind,347.0,Wednesday,December,Winter,8277
6/17/2020,18,19,Solar,169.0,Wednesday,June,Summer,2916
3/31/2023,16,17,Wind,90.0,Friday,March,Spring,20694
02/27/2028,19,20,Wind,154.0,xyz,June,Summer,-100
2/14/2021,10,11,Wind,45.0,Sunday,February,Winter,9298
10/29/2020,22,23,Wind,303.0,Thursday,October,Fall,7596
6/29/2020,14,15,Wind,181.0,Monday,June,Summer,9757
5/28/2021,15,16,Solar,148.0,Friday,May,Spring,5041
11/5/2022,4,5,Wind,309.0,Saturday,November,Fall,2757
9/25/2021,17,18,Wind,268.0,Saturday,September,Fall,2523
3/23/2025,14,15,Solar,82.0,Sunday,March,Spring,7897
6/25/2022,3,4,Wind,176.0,Saturday,June,Summer,4237
9/10/2021,23,0,Wind,253.0,Friday,September,Fall,1993
12/3/2020,16,17,Wind,338.0,Thursday,December,Winter,11610
11/23/2024,9,10,Wind,328.0,Saturday,November,Fall,16911
10/12/2022,21,22,Wind,285.0,Wednesday,October,Fall,775
8/7/2024,15,16,Solar,220.0,Wednesday,August,Summer,8432
12/2/2023,6,7,Wind,336.0,Saturday,December,Winter,2863
1/26/2022,14,15,Solar,26.0,Wednesday,January,Winter,3560
10/13/2022,11,12,Wind,286.0,Thursday,October,Fall,5374
11/30/2020,14,15,Solar,335.0,Monday,November,Fall,3524
10/31/2023,5,6,Wind,304.0,Tuesday,October,Fall,6667
5/21/2025,5,6,Wind,141.0,Wednesday,May,Spring,1724
2/24/2023,23,0,Wind,55.0,Friday,February,Winter,4021
9/14/2021,2,3,Wind,257.0,Tuesday,September,Fall,3505
02/27/2028,xyz,4,Wind,206.0,Sunday,July,Summer,-100
3/22/2025,6,7,Wind,81.0,Saturday,March,Spring,9152
9/14/2025,20,21,Wind,257.0,Sunday,September,Fall,13632
10/10/2024,15,16,Solar,284.0,Thursday,October,Fall,8806
xyz,3,4,Wind,45.0,xyz,February,Winter,9241
2/27/2023,11,12,Wind,58.0,Monday,February,Winter,17637
9/11/2025,16,17,Wind,254.0,Thursday,September,Fall,9700
3/9/2025,18,19,Wind,68.0,Sunday,March,Spring,3464
7/9/2023,15,16,Solar,190.0,Sunday,July,Summer,7288
3/3/2022,2,3,Wind,62.0,Thursday,March,Spring,1828
8/18/2023,23,0,Wind,230.0,Friday,August,Summer,4118
11/26/2020,9,10,Wind,331.0,Thursday,November,Fall,3361
5/4/2021,11,12,Wind,124.0,Tuesday,May,Spring,40000
7/7/2020,2,3,Wind,189.0,Tuesday,July,Summer,2931
9/25/2021,4,5,Wind,268.0,Saturday,September,Fall,1304
5/10/2022,15,16,Solar,130.0,Tuesday,May,Spring,9643
12/23/2021,16,17,Wind,357.0,Thursday,December,Winter,5465
1/13/2023,4,5,Wind,13.0,Friday,January,Winter,14206
9/20/2024,23,0,Wind,264.0,Friday,September,Fall,3407
xyz,22,23,Wind,185.0,Friday,July,Summer,3119
6/13/2024,6,7,Wind,165.0,Thursday,June,Summer,1801
7/17/2021,15,16,Solar,198.0,Saturday,July,Summer,8147
02/27/2028,9,10,Wind,,Sunday,February,Winter,-100
2/4/2024,6,7,Wind,35.0,Sunday,February,Winter,6326
1/20/2021,6,7,Wind,20.0,Wednesday,January,Winter,11920
11/20/2025,9,10,Wind,324.0,Thursday,November,Fall,6853
xyz,15,,Wind,93.0,Sunday,April,xyz,6164
5/27/2024,13,14,Wind,148.0,Monday,May,Spring,7546
8/14/2023,13,14,Solar,226.0,Monday,August,Summer,9604
4/27/2021,9,10,Solar,117.0,Tuesday,April,Spring,2226
1/23/2023,2,3,Wind,23.0,Monday,January,Winter,3777
5/23/2025,13,14,Solar,143.0,Friday,May,Spring,10843
7/30/2022,16,17,Solar,211.0,Saturday,July,Summer,7153
5/10/2024,1,2,Wind,131.0,Friday,May,Spring,5393
7/30/2023,13,14,Wind,211.0,Sunday,July,Summer,13742
10/4/2020,22,23,Wind,278.0,Sunday,October,Fall,10467
5/26/2023,10,11,Solar,146.0,Friday,May,Spring,8929
11/16/2025,0,1,Wind,320.0,Sunday,November,Fall,2313
4/29/2023,23,0,Wind,119.0,Saturday,April,Spring,2819
3/12/2023,12,13,Wind,71.0,Sunday,March,Spring,13593
9/10/2023,10,11,xyz,253.0,Sunday,September,Fall,40000
xyz,21,22,Wind,6.0,Saturday,January,Winter,7697
6/21/2022,2,3,Wind,172.0,Tuesday,June,Summer,5201
5/1/2023,6,7,Wind,121.0,Monday,May,Spring,2540
xyz,2,3,Wind,246.0,Friday,September,xyz,3215
12/10/2024,17,18,Wind,345.0,Tuesday,December,Winter,7884
02/27/2028,16,17,Wind,200.0,xyz,July,,-100
9/11/2021,22,23,Wind,254.0,Saturday,September,Fall,613
1/23/2024,18,19,Wind,23.0,Tuesday,January,Winter,16979
11/19/2023,12,13,Wind,323.0,Sunday,November,Fall,17624
xyz,12,13,Wind,318.0,Wednesday,November,Fall,40000
4/9/2025,6,7,Wind,99.0,Wednesday,April,Spring,4887
11/22/2021,23,0,Wind,326.0,Monday,November,Fall,9159
3/6/2024,14,15,Solar,66.0,Wednesday,March,Spring,5624
2/1/2025,22,23,Wind,32.0,Saturday,February,Winter,4133
6/30/2020,16,17,Wind,182.0,Tuesday,June,Summer,8255
9/22/2024,21,22,Wind,266.0,Sunday,xyz,Fall,2858
11/9/2021,14,15,Solar,313.0,Tuesday,November,Fall,3935
02/27/2028,7,8,Wind,312.0,Thursday,November,Fall,-100
6/7/2022,12,13,Wind,158.0,Tuesday,June,Summer,9848
10/18/2025,18,19,Wind,291.0,Saturday,October,Fall,3702
6/24/2023,17,18,Solar,175.0,Saturday,June,Summer,6271
4/1/2020,0,1,Wind,92.0,Wednesday,April,Spring,6761
2/13/2020,23,0,Wind,44.0,Thursday,February,Winter,10656
3/31/2021,22,23,Wind,90.0,Wednesday,March,Spring,1269
6/10/2023,13,14,Solar,161.0,Saturday,June,Summer,7271
8/26/2021,14,15,Solar,238.0,Thursday,August,Summer,8585
11/25/2023,1,2,Wind,329.0,Saturday,November,xyz,40000
8/8/2021,15,16,Wind,220.0,Sunday,August,Summer,9794
10/1/2024,0,1,Wind,275.0,Tuesday,October,Fall,10517
6/22/2025,14,15,Solar,173.0,Sunday,June,Summer,6261
4/8/2022,20,21,Wind,98.0,Friday,April,Spring,9398
11/19/2020,16,17,Wind,324.0,Thursday,November,Fall,7391
02/27/2028,9,10,Solar,150.0,Friday,May,Spring,40000
1/14/2024,22,23,Wind,14.0,Sunday,January,Winter,2314
12/23/2023,18,19,Wind,357.0,Saturday,December,Winter,14274
6/28/2024,12,13,Solar,180.0,Friday,June,Summer,7527
11/17/2022,19,20,Wind,xyz,,November,Fall,xyz
xyz,10,11,Solar,246.0,Wednesday,September,Fall,3226
3/9/2025,10,11,Wind,68.0,Sunday,March,Spring,40000
10/24/2022,15,16,Wind,297.0,Monday,October,Fall,13335
02/27/2028,10,11,Solar,219.0,Tuesday,August,Summer,40000
10/5/2022,5,6,Wind,278.0,Wednesday,October,Fall,5850
9/3/2025,12,13,Wind,246.0,Wednesday,September,Fall,12906
12/17/2020,18,19,Wind,352.0,Thursday,December,Winter,3514
4/26/2021,4,5,Wind,116.0,Monday,April,Spring,8837
12/23/2023,8,9,Wind,357.0,Saturday,December,Winter,14032
2/15/2020,2,3,Wind,46.0,Saturday,February,Winter,5052
11/11/2021,23,0,Wind,315.0,Thursday,November,Fall,898
1/1/2023,20,21,Wind,1.0,Sunday,January,Winter,13576
5/5/2021,20,21,Wind,125.0,Wednesday,May,Spring,5339
1/7/2024,21,22,Wind,7.0,Sunday,January,Winter,11951
5/26/2024,16,17,Wind,147.0,Sunday,May,Spring,6670
5/29/2024,5,6,Wind,150.0,Wednesday,May,Spring,6420
9/23/2023,16,17,Solar,266.0,Saturday,September,Fall,7072
11/29/2025,16,17,Wind,333.0,Saturday,November,Fall,11203
4/14/2024,12,13,Solar,105.0,Sunday,April,Spring,4222
4/11/2021,2,3,Wind,101.0,Sunday,April,Spring,4495
7/23/2024,17,18,Wind,205.0,Tuesday,July,Summer,11807
7/26/2025,12,13,Solar,207.0,Saturday,July,Summer,10641
9/24/2023,16,17,Solar,xyz,Sunday,September,Fall,8962
12/15/2023,9,10,Wind,349.0,Friday,December,Winter,2186
2/2/2022,19,20,Wind,33.0,Wednesday,February,Winter,2807
6/23/2025,21,22,Wind,174.0,Monday,June,Summer,4712
11/18/2020,16,17,Wind,323.0,Wednesday,November,Fall,5320
1/21/2020,13,14,Wind,21.0,Tuesday,January,Winter,3177
2/28/2025,17,18,Wind,59.0,Friday,February,Winter,6224
9/22/2025,13,14,Wind,265.0,Monday,September,Fall,8931
xyz,15,16,Wind,322.0,Saturday,November,Fall,
9/13/2020,6,7,Wind,257.0,Sunday,September,Fall,972
7/22/2022,10,11,Solar,203.0,Friday,July,Summer,4512
4/3/2024,3,4,Wind,94.0,Wednesday,April,Spring,9610
10/3/2024,18,19,Wind,277.0,Thursday,October,Fall,5978
5/25/2025,5,6,Wind,145.0,Sunday,May,Spring,8335
8/5/2021,16,17,Wind,217.0,Thursday,August,Summer,9704
8/15/2021,19,20,Wind,227.0,Sunday,August,Summer,7291
12/9/2024,20,21,Wind,344.0,Monday,December,Winter,12403
6/19/2021,17,18,Wind,170.0,Saturday,June,Summer,4515
1/26/2022,1,2,Wind,26.0,Wednesday,January,Winter,315
11/18/2025,3,4,Wind,322.0,Tuesday,November,Fall,2624
8/2/2025,18,19,Wind,214.0,Saturday,August,Summer,7796
12/5/2020,7,8,Wind,340.0,Saturday,December,Winter,5782
5/9/2024,17,18,Solar,130.0,Thursday,May,Spring,7839
11/20/2020,9,10,Wind,325.0,Friday,November,Fall,2787
8/10/2023,9,10,Solar,222.0,Thursday,August,Summer,4399
11/28/2022,11,12,Wind,332.0,Monday,November,Fall,4542
12/22/2024,17,18,Wind,357.0,Sunday,December,Winter,14953
8/20/2023,19,20,Wind,232.0,Sunday,August,Summer,2423
5/20/2023,4,5,Wind,140.0,Saturday,May,Spring,6850
8/1/2021,13,14,Solar,213.0,Sunday,August,Summer,6630
6/29/2024,11,12,Solar,181.0,Saturday,June,Summer,6115
2/13/2024,19,20,Wind,44.0,Tuesday,February,Winter,9677
7/6/2025,5,6,Wind,187.0,Sunday,July,Summer,5578
02/27/2028,5,6,Wind,xyz,Monday,January,Winter,40000
1/18/2022,3,4,Wind,18.0,Tuesday,January,Winter,2435
11/29/2025,22,23,Wind,333.0,Saturday,November,Fall,5630
1/17/2023,8,9,Wind,17.0,Tuesday,January,Winter,3419
11/3/2024,12,13,Solar,308.0,Sunday,November,Fall,6197
1/9/2025,xyz,22,Wind,9.0,Thursday,January,Winter,6278
02/27/2028,9,10,Wind,33.0,Thursday,February,Winter,-100
8/18/2021,4,5,Wind,230.0,Wednesday,August,Summer,2188
02/27/2028,2,3,Wind,143.0,Tuesday,May,Spring,-100
5/14/2024,19,20,Wind,135.0,Tuesday,May,Spring,4934
3/2/2025,17,18,Wind,61.0,Sunday,March,Spring,5392
2/6/2023,16,17,Wind,37.0,Monday,February,Winter,7667
7/22/2024,7,8,Wind,204.0,Monday,July,Summer,3789
6/21/2021,21,22,Wind,172.0,Monday,June,Summer,3375
6/15/2021,3,4,Wind,166.0,Tuesday,June,Summer,2026
9/24/2024,5,6,Wind,268.0,Tuesday,September,Fall,5309
9/15/2025,20,21,Wind,258.0,Monday,September,Fall,13560
12/20/2020,22,23,Wind,355.0,Sunday,December,Winter,5433
7/20/2024,16,17,Solar,202.0,Saturday,July,Summer,7813
6/3/2025,14,15,Wind,154.0,Tuesday,June,Summer,6731
9/10/2024,23,0,Wind,254.0,Tuesday,September,Fall,13276
3/19/2021,14,15,Wind,78.0,Friday,March,Spring,13684
2/8/2023,1,2,Wind,39.0,Wednesday,February,Winter,3763
1/3/2020,12,13,Wind,3.0,Friday,January,Winter,9926
11/9/2021,16,17,Wind,313.0,Tuesday,November,Fall,1718
4/22/2020,11,12,Solar,113.0,Wednesday,April,Spring,2844
9/20/2020,14,15,Solar,264.0,Sunday,September,Fall,2541
9/24/2022,10,11,Solar,267.0,Saturday,September,Fall,2547
1/31/2022,4,5,Wind,31.0,Monday,January,Winter,11934
11/30/2025,9,10,Wind,334.0,Sunday,November,Fall,5092
3/20/2021,2,3,Wind,79.0,Saturday,March,Spring,5880
7/14/2023,5,6,Wind,195.0,Friday,July,Summer,1170
6/22/2023,7,8,Wind,173.0,Thursday,June,Summer,4914
02/27/2028,14,15,Solar,xyz,Wednesday,February,Winter,40000
5/15/2021,23,0,Wind,135.0,Saturday,May,Spring,5173
8/10/2020,xyz,20,Wind,xyz,Monday,August,Summer,1332
9/22/2024,1,2,Wind,266.0,Sunday,September,Fall,4858
5/11/2020,22,23,Wind,132.0,Monday,May,Spring,7514
11/10/2024,10,11,Solar,315.0,Sunday,November,Fall,3266
12/9/2022,1,2,Wind,343.0,Friday,December,Winter,2889
6/5/2022,12,13,Wind,156.0,Sunday,June,Summer,7429
1/11/2020,21,22,Wind,11.0,Saturday,January,Winter,4511
11/2/2023,2,3,Wind,306.0,Thursday,November,Fall,16078
1/16/2023,17,18,Wind,16.0,Monday,January,Winter,12138
12/23/2024,16,17,Wind,358.0,Monday,December,Winter,8330
6/10/2021,12,13,Solar,161.0,Thursday,June,Summer,5048
7/10/2022,1,2,Wind,191.0,Sunday,July,Summer,5668
3/26/2022,12,13,Wind,85.0,Saturday,March,Spring,12970
6/6/2020,17,18,Wind,158.0,Saturday,June,Summer,9711
7/6/2021,7,8,Wind,187.0,Tuesday,July,Summer,9882
4/22/2022,12,xyz,xyz,112.0,Friday,April,xyz,8164
2/14/2023,18,19,Wind,45.0,Tuesday,February,xyz,2283
8/5/2021,15,16,Wind,217.0,Thursday,August,Summer,9547
5/16/2025,21,22,Wind,136.0,Friday,May,Spring,7218
5/3/2025,15,16,Solar,123.0,Saturday,May,Spring,5873
6/12/2020,13,14,xyz,164.0,Friday,,Summer,6520
1/16/2023,22,23,Wind,16.0,Monday,January,Winter,4483
4/8/2025,14,15,Solar,98.0,Tuesday,April,Spring,4951
5/5/2021,4,5,Wind,125.0,Wednesday,May,Spring,7308
5/17/2021,20,21,Wind,137.0,Monday,May,Spring,9132
6/10/2022,3,4,Wind,161.0,Friday,June,Summer,2384
1/19/2024,13,14,Solar,19.0,Friday,January,Winter,4547
2/26/2024,9,10,Wind,57.0,Monday,February,Winter,10500
2/9/2020,22,23,Wind,40.0,Sunday,February,Winter,10989
2/14/2025,6,7,Wind,45.0,Friday,February,Winter,5259
8/26/2023,6,7,Wind,238.0,Saturday,August,Summer,3413
8/3/2020,19,20,Wind,216.0,Monday,August,Summer,5393
5/9/2021,8,9,Wind,129.0,Sunday,May,Spring,9514
4/18/2025,13,14,Solar,108.0,Friday,April,Spring,13236
4/28/2022,,8,Wind,118.0,xyz,April,Spring,5427
9/3/2023,4,5,Wind,246.0,Sunday,September,Fall,3180
6/25/2025,21,22,Wind,176.0,Wednesday,June,Summer,4563
4/7/2025,2,3,Wind,97.0,Monday,April,Spring,7129
2/4/2021,6,7,Wind,35.0,Thursday,February,Winter,2925
1/6/2020,5,6,Wind,6.0,Monday,January,Winter,2736
7/11/2023,23,0,Wind,xyz,Tuesday,xyz,Summer,40000
10/14/2024,11,12,Solar,288.0,Monday,October,Fall,5683
7/1/2021,4,5,Wind,182.0,Thursday,July,Summer,688
6/17/2025,11,12,Solar,168.0,Tuesday,June,Summer,9225
6/28/2022,20,21,Wind,179.0,Tuesday,June,Summer,2044
5/24/2024,11,12,Solar,145.0,Friday,May,Spring,4956
9/28/2025,16,17,Solar,271.0,Sunday,September,Fall,4324
2/6/2021,6,7,Wind,37.0,Saturday,February,Winter,2126
2/6/2021,19,20,Wind,37.0,Saturday,February,Winter,4587
6/21/2023,10,11,Solar,172.0,Wednesday,June,Summer,3767
3/21/2021,23,0,Wind,80.0,Sunday,March,Spring,5977
6/20/2021,4,5,Wind,171.0,Sunday,June,Summer,3924
2/14/2024,22,23,Wind,45.0,Wednesday,February,Winter,7812
3/25/2023,2,3,Wind,84.0,Saturday,March,Spring,15559
7/16/2022,12,13,Solar,197.0,Saturday,July,Summer,8617
8/18/2023,14,15,Solar,230.0,Friday,August,Summer,8336
2/28/2022,5,xyz,Wind,59.0,Monday,February,Winter,4633
2/4/2025,14,15,Solar,35.0,Tuesday,February,Winter,8166
11/1/2022,0,1,Wind,305.0,Tuesday,November,Fall,12571
6/19/2024,0,1,Wind,171.0,Wednesday,June,Summer,3100
3/22/2024,xyz,13,Solar,82.0,Friday,March,Spring,40000
3/29/2025,14,15,Wind,88.0,Saturday,March,Spring,13460
9/4/2020,16,17,Solar,248.0,Friday,September,Fall,xyz
7/15/2020,4,5,Wind,197.0,Wednesday,July,Summer,1361
8/23/2025,5,6,Wind,235.0,Saturday,August,Summer,1322
6/8/2022,23,0,Wind,159.0,Wednesday,June,Summer,6553
9/14/2023,9,10,Solar,257.0,Thursday,September,Fall,3103
10/7/2023,15,16,Solar,280.0,Saturday,October,Fall,7746
7/2/2025,11,12,Solar,183.0,Wednesday,July,Summer,8645
11/4/2025,22,23,Wind,308.0,Tuesday,November,Fall,13049
5/3/2021,15,16,Wind,123.0,Monday,May,Spring,10406
3/16/2022,19,20,Wind,75.0,Wednesday,March,Spring,3554
11/17/2023,21,22,Wind,321.0,Friday,November,Fall,2126
3/18/2020,23,0,Wind,78.0,Wednesday,March,Spring,740
11/10/2021,18,19,Wind,314.0,Wednesday,November,Fall,945
10/3/2022,17,18,Solar,276.0,Monday,October,Fall,3251
10/12/2023,22,23,Wind,285.0,Thursday,October,Fall,3696
8/5/2024,18,19,Solar,218.0,Monday,August,Summer,4272
6/14/2022,19,20,Solar,165.0,Tuesday,June,Summer,2287
1/22/2022,10,11,Solar,22.0,Saturday,January,Winter,4033
2/2/2021,22,23,Wind,33.0,Tuesday,February,Winter,10405
2/28/2022,0,1,Wind,59.0,Monday,February,Winter,40000
1/19/2023,11,12,Wind,19.0,Thursday,January,Winter,4025
5/27/2022,20,21,Wind,147.0,Friday,May,Spring,3573
11/9/2025,5,6,xyz,313.0,Sunday,xyz,Fall,40000
10/14/2020,16,17,Wind,288.0,Wednesday,October,Fall,6973
11/14/2020,12,13,Wind,319.0,Saturday,November,Fall,9473
12/1/2021,10,11,Wind,335.0,Wednesday,December,Winter,13159
5/19/2024,13,14,Solar,140.0,Sunday,May,Spring,3141
6/9/2020,7,8,Wind,161.0,Tuesday,June,Summer,2980
11/6/2025,22,23,Wind,310.0,Thursday,November,Fall,2572
10/31/2024,5,6,Wind,305.0,Thursday,October,Fall,1649
7/30/2023,16,17,Wind,211.0,Sunday,July,Summer,8734
9/4/2022,1,2,Wind,247.0,Sunday,September,Fall,1550
12/15/2021,7,8,Wind,349.0,Wednesday,December,Winter,1676
5/9/2023,13,14,Wind,129.0,Tuesday,May,Spring,6576
1/22/2021,20,21,Wind,22.0,Friday,January,Winter,5810
2/12/2022,2,3,Wind,43.0,Saturday,February,Winter,4118
9/7/2020,18,19,Wind,251.0,Monday,September,Fall,2951
xyz,4,xyz,Wind,24.0,Monday,xyz,Winter,3093
3/16/2020,2,3,Wind,76.0,Monday,March,Spring,3376
1/2/2025,14,15,Wind,2.0,Thursday,January,Winter,4127
6/6/2020,5,6,Wind,158.0,Saturday,June,Summer,5303
7/1/2024,xyz,13,Solar,183.0,Monday,July,Summer,xyz
5/9/2025,1,2,Wind,129.0,Friday,May,Spring,6447
9/13/2023,18,19,Solar,256.0,Wednesday,September,Fall,2744
12/19/2022,6,7,Wind,353.0,Monday,December,Winter,12667
10/19/2024,16,17,Wind,293.0,Saturday,October,Fall,7335
12/13/2022,11,12,Wind,347.0,Tuesday,December,Winter,4629
9/17/2025,16,17,Solar,260.0,Wednesday,September,Fall,11660
12/9/2024,7,8,Wind,344.0,Monday,December,Winter,15162
3/5/2021,4,5,xyz,64.0,Friday,March,Spring,3181
9/13/2024,3,4,Wind,257.0,Friday,September,Fall,5002
12/14/2022,5,6,Wind,348.0,Wednesday,December,Winter,1795
4/7/2021,23,0,Wind,97.0,Wednesday,April,Spring,1052
12/30/2021,4,5,Wind,364.0,Thursday,December,Winter,9091
8/6/2024,8,9,Solar,219.0,Tuesday,August,Summer,2621
5/2/2024,4,5,Wind,123.0,Thursday,May,Spring,5608
8/17/2021,14,15,Wind,229.0,Tuesday,August,Summer,7792
8/14/2023,18,19,Wind,226.0,Monday,August,Summer,5489
10/25/2023,19,20,Wind,298.0,Wednesday,October,Fall,6025
8/5/2021,10,11,Solar,217.0,Thursday,August,Summer,4541
5/4/2020,21,22,Wind,125.0,Monday,May,Spring,5193
8/23/2025,15,16,,235.0,Saturday,August,Summer,40000
5/9/2021,6,7,Wind,129.0,Sunday,May,Spring,8970
6/30/2025,23,0,Wind,181.0,Monday,xyz,Summer,40000
5/21/2024,10,11,Solar,142.0,Tuesday,May,Spring,5188
7/6/2025,10,11,Wind,187.0,Sunday,July,Summer,10399
1/5/2025,23,0,Wind,5.0,Sunday,January,Winter,18659
02/27/2028,19,20,Wind,353.0,Wednesday,December,Winter,-100
11/4/2025,12,13,Wind,308.0,Tuesday,November,Fall,12818
8/19/2021,16,17,Solar,231.0,Thursday,August,Summer,4632
9/24/2025,19,20,Wind,267.0,Wednesday,September,Fall,4800
3/16/2023,12,13,Solar,75.0,Thursday,March,Spring,12478
5/22/2021,5,6,Wind,142.0,Saturday,May,Spring,8970
6/7/2023,7,8,Wind,158.0,Wednesday,June,Summer,4864
4/2/2020,18,19,Wind,93.0,Thursday,April,Spring,3854
10/26/2020,17,18,Wind,300.0,Monday,October,Fall,7476
2/20/2022,16,17,Wind,51.0,Sunday,February,Winter,16662
9/18/2021,xyz,12,Solar,261.0,Saturday,September,Fall,
2/18/2024,3,4,Wind,49.0,Sunday,February,Winter,6175
1/28/2022,17,18,Wind,28.0,Friday,January,Winter,2266
12/30/2022,12,13,Wind,364.0,Friday,December,Winter,17568
5/6/2024,9,10,Wind,127.0,Monday,May,Spring,6400
11/3/2024,10,11,Solar,308.0,Sunday,November,,5568
10/20/2025,22,23,Wind,293.0,Monday,October,Fall,16732
5/16/2023,19,20,Wind,136.0,Tuesday,May,Spring,10165
3/30/2023,10,11,Wind,89.0,Thursday,March,Spring,14768
11/25/2024,7,8,Wind,330.0,Monday,November,Fall,13772
4/8/2024,12,13,Wind,99.0,Monday,April,Spring,12159
2/8/2023,20,21,Wind,39.0,Wednesday,February,Winter,3001
11/21/2024,4,5,Wind,326.0,Thursday,November,Fall,4510
5/28/2022,17,18,Wind,148.0,Saturday,May,Spring,9330
10/21/2025,3,4,Wind,294.0,Tuesday,October,Fall,13897
02/27/2028,12,13,Solar,180.0,Wednesday,xyz,Summer,40000
6/1/2025,14,15,Solar,152.0,Sunday,June,xyz,40000
xyz,2,3,Wind,107.0,Thursday,April,Spring,4632
12/9/2022,16,17,Wind,343.0,Friday,December,Winter,1961
11/16/2023,xyz,14,Wind,320.0,Thursday,November,Fall,40000
9/20/2022,21,22,Wind,263.0,Tuesday,September,Fall,2781
8/6/2024,18,19,Solar,219.0,Tuesday,August,Summer,40000
12/12/2024,0,1,Wind,347.0,Thursday,December,Winter,4143
5/1/2020,15,16,Wind,122.0,Friday,May,Spring,9298
02/27/2028,8,9,Wind,72.0,xyz,March,Spring,-100
7/4/2021,11,12,Wind,185.0,Sunday,July,Summer,4922
9/14/2023,7,8,Wind,257.0,Thursday,September,Fall,784
10/19/2022,23,0,Wind,292.0,Wednesday,October,Fall,6304
12/5/2023,19,20,Wind,339.0,Tuesday,December,Winter,6507
10/8/2023,5,6,Wind,281.0,Sunday,xyz,Fall,1123
10/15/2022,7,8,Wind,288.0,Saturday,October,Fall,8476
5/5/2023,5,6,Wind,125.0,Friday,May,Spring,2276
4/29/2022,4,5,Wind,119.0,Friday,April,Spring,3020
2/16/2022,20,21,Wind,47.0,Wednesday,February,Winter,16072
11/15/2023,11,12,Wind,319.0,Wednesday,November,Fall,11153
12/21/2023,15,16,Wind,355.0,Thursday,December,Winter,18798
02/27/2028,21,22,,75.0,Wednesday,March,Spring,40000
3/28/2025,14,15,Solar,xyz,Friday,March,Spring,
2/22/2022,5,6,Wind,53.0,Tuesday,February,Winter,6165
3/2/2020,11,12,Wind,62.0,Monday,March,Spring,5800
7/26/2021,13,14,,207.0,Monday,July,Summer,40000
4/16/2025,23,0,Wind,106.0,Wednesday,April,Spring,2140
3/3/2023,0,1,Wind,62.0,Friday,March,Spring,4135
5/31/2023,13,14,Wind,151.0,Wednesday,May,Spring,13686
7/16/2022,20,21,Wind,197.0,Saturday,July,Summer,3720
7/23/2020,2,3,Wind,205.0,Thursday,July,Summer,2017
11/1/2022,13,14,Wind,305.0,Tuesday,November,Fall,15994
2/2/2024,1,2,Wind,33.0,Friday,February,Winter,2577
6/18/2020,16,17,Solar,170.0,Thursday,June,Summer,5271
02/27/2028,23,0,Wind,78.0,Friday,xyz,Spring,-100
10/3/2023,22,23,Wind,276.0,Tuesday,October,Fall,3920
4/7/2023,8,9,Wind,97.0,Friday,April,Spring,2412
02/27/2028,15,xyz,Wind,68.0,,March,Spring,-100
5/25/2023,14,15,Wind,145.0,Thursday,May,Spring,15037
12/11/2022,1,2,Wind,345.0,Sunday,December,Winter,2389
4/5/2024,6,7,Wind,96.0,Friday,April,Spring,13536
1/10/2022,13,14,Solar,10.0,Monday,January,Winter,2823
10/12/2022,2,3,Wind,285.0,Wednesday,October,Fall,824
4/21/2024,4,5,Wind,112.0,Sunday,April,Spring,5502
8/14/2025,17,18,Solar,226.0,Thursday,August,Summer,6182
9/12/2020,4,5,Wind,256.0,Saturday,September,Fall,950
1/14/2025,2,3,xyz,14.0,Tuesday,January,Winter,40000
11/7/2023,16,17,Wind,311.0,Tuesday,November,Fall,8008
8/8/2023,0,1,Wind,220.0,Tuesday,August,Summer,2060
3/29/2024,19,20,Wind,89.0,Friday,March,Spring,5925
12/21/2022,21,22,Wind,355.0,Wednesday,December,Winter,12148
xyz,0,1,Wind,81.0,Wednesday,March,,xyz
2/11/2020,18,19,Wind,42.0,Tuesday,February,Winter,xyz
10/19/2022,2,3,Wind,292.0,Wednesday,October,Fall,5297
5/19/2022,12,13,Solar,139.0,Thursday,May,Spring,8550
9/13/2023,7,8,Wind,256.0,Wednesday,September,Fall,1112
6/16/2021,xyz,,Solar,167.0,Wednesday,June,Summer,4314
6/10/2020,12,13,Solar,162.0,Wednesday,June,Summer,3778
11/5/2024,14,15,Solar,310.0,Tuesday,November,Fall,2666
6/14/2021,5,6,Wind,165.0,Monday,June,Summer,2260
9/3/2021,21,22,Wind,246.0,Friday,September,Fall,1697
2/27/2025,4,5,Wind,58.0,Thursday,February,Winter,5729
4/29/2021,20,21,Wind,119.0,Thursday,April,Spring,1342
10/25/2024,7,8,Wind,299.0,Friday,October,Fall,6926
10/28/2023,6,7,Wind,301.0,Saturday,October,Fall,12273
6/30/2023,11,12,Solar,181.0,Friday,June,Summer,6748
7/13/2020,1,2,Wind,195.0,Monday,July,Summer,4630
2/25/2025,10,11,Wind,56.0,Tuesday,February,Winter,10141
9/20/2021,11,12,Solar,263.0,Monday,September,Fall,3998
10/3/2024,8,9,Wind,277.0,Thursday,October,Fall,7315
02/27/2028,2,3,xyz,44.0,Monday,February,,-100
6/15/2024,3,4,Wind,167.0,Saturday,June,Summer,13446
12/14/2020,4,5,Wind,349.0,Monday,December,Winter,9056
1/12/2021,23,0,Wind,12.0,Tuesday,January,Winter,3989
,16,17,Wind,312.0,xyz,November,Fall,-100
7/30/2023,14,15,Wind,211.0,Sunday,July,Summer,9479
6/18/2025,6,7,Wind,169.0,Wednesday,June,Summer,2341
7/26/2025,23,0,Wind,207.0,Saturday,July,Summer,3433
4/24/2020,14,15,Solar,115.0,Friday,April,Spring,3958
10/18/2020,0,1,Wind,292.0,Sunday,October,Fall,483
12/19/2023,11,12,Wind,353.0,Tuesday,December,Winter,10994
4/9/2024,15,16,Wind,100.0,Tuesday,April,Spring,12344
8/5/2020,22,23,Wind,218.0,Wednesday,August,Summer,1166
3/2/2024,14,15,Wind,62.0,Saturday,March,Spring,9676
4/29/2025,10,11,Solar,119.0,Tuesday,April,Spring,9032
02/27/2028,0,1,Wind,182.0,Thursday,July,Summer,-100
1/18/2024,4,5,Wind,18.0,Thursday,January,Winter,8483
11/18/2020,4,5,Wind,323.0,Wednesday,November,Fall,5159
7/7/2022,3,4,Wind,188.0,Thursday,July,Summer,3626
11/22/2020,21,22,Wind,327.0,Sunday,November,Fall,826
3/26/2021,11,12,Wind,85.0,Friday,March,Spring,9909
5/24/2025,15,16,Wind,144.0,Saturday,May,Spring,15140
10/27/2025,0,1,Wind,300.0,Monday,October,Fall,16864
8/5/2024,23,0,Wind,218.0,Monday,August,Summer,1372
2/10/2025,5,6,Wind,41.0,Monday,February,Winter,3349
9/12/2025,10,11,Wind,255.0,Friday,September,Fall,12157
02/27/2028,19,20,Wind,264.0,xyz,September,Fall,40000
10/17/2022,21,22,Wind,290.0,Monday,October,Fall,1663
10/28/2022,8,9,Wind,301.0,Friday,October,Fall,9418
7/14/2022,0,1,Wind,195.0,Thursday,July,Summer,1075
2/2/2022,23,0,xyz,33.0,Wednesday,xyz,Winter,2270
6/7/2023,11,12,Solar,158.0,Wednesday,June,Summer,8114
6/16/2025,6,7,Wind,167.0,Monday,June,Summer,2290
9/6/2022,7,8,Wind,249.0,Tuesday,September,Fall,2999
7/9/2022,22,23,Wind,190.0,Saturday,July,Summer,5835
10/5/2025,13,14,Wind,278.0,Sunday,October,Fall,9457
6/21/2021,11,12,Solar,172.0,Monday,June,Summer,4097
xyz,20,21,Wind,308.0,,November,Fall,15674
5/26/2025,18,xyz,Wind,146.0,Monday,May,Spring,8342
6/10/2025,14,15,Solar,161.0,Tuesday,June,Summer,6234
2/22/2021,9,10,Wind,53.0,Monday,February,Winter,6052
9/5/2024,19,20,Wind,249.0,Thursday,September,Fall,2147
2/9/2025,21,22,Wind,40.0,Sunday,February,Winter,3580
10/4/2023,20,21,Wind,277.0,Wednesday,October,Fall,1445
11/13/2024,2,3,Wind,318.0,Wednesday,November,Fall,7191
9/17/2021,16,17,Solar,260.0,Friday,September,Fall,3747
10/15/2023,6,7,Wind,288.0,Sunday,October,Fall,3702
6/11/2023,13,14,Solar,162.0,Sunday,June,Summer,4455
2/17/2021,9,10,Wind,48.0,Wednesday,February,Winter,9096
7/30/2021,3,4,Wind,211.0,Friday,July,Summer,2379
3/21/2020,6,7,Wind,81.0,Saturday,March,Spring,7786
11/4/2020,18,19,Wind,309.0,Wednesday,November,Fall,3624
12/11/2020,23,0,Wind,346.0,Friday,December,Winter,6053
02/27/2028,5,,Wind,111.0,Monday,April,Spring,xyz
1/18/2023,14,15,Wind,18.0,Wednesday,January,Winter,6312
12/11/2020,9,10,Wind,346.0,Friday,December,Winter,8233
11/1/2023,10,11,Wind,305.0,Wednesday,November,Fall,14025
2/4/2024,7,xyz,,35.0,Sunday,February,Winter,40000
1/21/2025,6,7,Wind,21.0,Tuesday,xyz,Winter,40000
2/28/2021,xyz,23,Wind,xyz,Sunday,February,Winter,6576
12/26/2022,17,18,Wind,360.0,Monday,December,Winter,6051
1/29/2020,0,1,Wind,29.0,Wednesday,January,Winter,10130
8/13/2021,16,17,Solar,225.0,Friday,August,Summer,4902
6/16/2020,6,7,Wind,168.0,Tuesday,June,Summer,1489
1/19/2022,20,21,Wind,19.0,Wednesday,January,Winter,4078
11/2/2023,3,4,Wind,306.0,Thursday,November,Fall,15874
2/8/2022,6,7,Wind,39.0,Tuesday,February,Winter,4712
4/28/2022,20,21,Wind,118.0,Thursday,April,Spring,3981
10/23/2020,20,21,Wind,297.0,Friday,October,Fall,4944
7/5/2021,22,23,Wind,186.0,Monday,July,Summer,5529
4/15/2024,7,8,Wind,106.0,Monday,April,Spring,6082
5/22/2020,18,19,xyz,143.0,Friday,,Spring,5162
1/26/2025,22,23,Wind,26.0,Sunday,January,Winter,40000
8/9/2020,19,20,Wind,222.0,Sunday,August,Summer,3049
3/24/2020,22,23,Wind,84.0,Tuesday,March,Spring,7381
1/7/2024,20,21,Wind,7.0,Sunday,January,Winter,11511
7/28/2023,15,16,Wind,209.0,Friday,,Summer,xyz
9/18/2024,5,6,Wind,262.0,Wednesday,September,Fall,8872
9/16/2025,9,10,Wind,259.0,Tuesday,September,Fall,11265
4/17/2023,12,13,Solar,107.0,Monday,April,Spring,9678
4/22/2022,17,18,Solar,112.0,Friday,April,Spring,5572
7/16/2021,14,15,Wind,197.0,Friday,July,Summer,7645
2/10/2025,8,9,Wind,41.0,Monday,February,Winter,4050
2/25/2021,6,7,Wind,56.0,Thursday,February,Winter,4165
2/13/2023,17,18,Wind,44.0,Monday,,Winter,1982
2/1/2023,3,4,Wind,32.0,Wednesday,February,Winter,7462
7/28/2025,20,21,Wind,209.0,Monday,July,Summer,4186
5/30/2020,12,13,Solar,151.0,Saturday,,Spring,40000
2/23/2021,20,21,Wind,54.0,Tuesday,February,Winter,7708
1/27/2021,8,9,Wind,27.0,Wednesday,January,xyz,5352
5/8/2025,9,xyz,Solar,128.0,Thursday,May,Spring,7352
4/27/2025,20,21,Wind,117.0,Sunday,April,Spring,2193
6/3/2024,4,5,Wind,155.0,Monday,June,Summer,2506
4/26/2021,0,1,Wind,116.0,Monday,April,Spring,10118
11/24/2022,2,3,Wind,328.0,Thursday,November,Fall,11515
9/30/2023,23,0,Wind,273.0,Saturday,September,Fall,1323
1/14/2024,20,21,Wind,14.0,Sunday,January,Winter,1773
3/13/2025,7,8,Wind,72.0,Thursday,March,Spring,4043
8/23/2021,0,1,Wind,235.0,Monday,August,Summer,2857
6/7/2025,20,21,Wind,158.0,Saturday,June,Summer,10297
9/25/2021,21,22,Wind,268.0,Saturday,September,Fall,1782
3/11/2023,21,22,Wind,70.0,Saturday,March,Spring,5087
3/23/2023,0,1,Wind,82.0,Thursday,March,Spring,12984
2/6/2022,11,12,Wind,37.0,Sunday,February,Winter,17816
9/23/2022,16,17,Solar,266.0,Friday,September,Fall,2307
8/7/2023,12,13,Solar,219.0,Monday,August,Summer,9708
11/28/2025,8,9,Wind,332.0,Friday,November,Fall,7905
2/2/2023,11,12,Wind,33.0,Thursday,February,Winter,9258
02/27/2028,18,19,Wind,xyz,Tuesday,March,Spring,-100
6/16/2020,19,20,Wind,168.0,Tuesday,June,Summer,1949
02/27/2028,12,13,Wind,310.0,Sunday,November,Fall,-100
9/30/2024,18,19,Wind,274.0,Monday,September,Fall,14173
6/12/2022,21,22,Wind,163.0,Sunday,June,Summer,3788
10/21/2022,21,22,Wind,294.0,Friday,October,Fall,7053
9/30/2024,8,9,Wind,274.0,Monday,September,Fall,14879
10/27/2021,5,6,Wind,300.0,Wednesday,October,Fall,2076
11/29/2025,4,5,Wind,333.0,Saturday,November,Fall,6647
9/26/2024,3,4,Wind,270.0,Thursday,September,Fall,12026
9/19/2023,4,5,Wind,262.0,Tuesday,September,Fall,3795
11/20/2020,5,6,Wind,325.0,Friday,November,Fall,2819
8/4/2025,1,2,Wind,216.0,Monday,August,Summer,3918
9/25/2025,15,16,Solar,268.0,Thursday,September,Fall,6129
9/23/2021,11,12,Solar,266.0,Thursday,September,Fall,4987
11/20/2021,13,14,Solar,324.0,Saturday,November,Fall,2574
02/27/2028,4,5,Wind,xyz,Monday,August,Summer,40000
2/19/2024,7,8,Wind,50.0,Monday,February,Winter,3266
10/1/2024,12,13,Wind,275.0,Tuesday,October,Fall,9109
3/15/2024,6,7,Wind,75.0,Friday,March,Spring,9940
12/12/2023,15,16,Wind,346.0,Tuesday,December,Winter,11298
3/6/2023,17,18,Wind,65.0,Monday,March,Spring,4892
2/2/2025,14,15,Solar,33.0,Sunday,February,Winter,5493
2/1/2021,14,15,Wind,32.0,Monday,February,Winter,7636
9/18/2023,21,22,Wind,261.0,Monday,September,Fall,8009
12/6/2023,0,1,Wind,340.0,Wednesday,December,Winter,3532
2/24/2021,0,1,Wind,55.0,Wednesday,February,Winter,8352
10/11/2023,6,7,Wind,284.0,Wednesday,October,Fall,2771
11/6/2021,5,6,Wind,310.0,Saturday,November,Fall,2762
8/29/2022,15,16,Solar,241.0,Monday,August,Summer,6315
2/1/2023,18,19,Wind,32.0,Wednesday,February,Winter,8673
1/25/2022,14,15,Solar,25.0,Tuesday,January,Winter,3257
12/23/2022,5,6,Wind,357.0,Friday,December,Winter,7700
6/8/2024,19,20,Wind,160.0,Saturday,June,Summer,4767
12/9/2024,1,2,Wind,344.0,Monday,December,Winter,13920
7/20/2025,22,23,Wind,201.0,Sunday,July,Summer,6379
6/4/2022,16,17,Solar,155.0,Saturday,June,Summer,5520
7/31/2024,9,10,Solar,213.0,Wednesday,July,Summer,5378
12/17/2024,17,18,Wind,352.0,Tuesday,December,Winter,5885
02/27/2028,6,7,Wind,319.0,xyz,November,Fall,-100
9/23/2023,19,xyz,Wind,266.0,Saturday,September,Fall,1490
12/30/2021,13,14,Wind,364.0,Thursday,December,Winter,9140
11/7/2020,13,14,Wind,312.0,Saturday,November,Fall,4014
11/27/2024,5,6,Wind,332.0,Wednesday,November,Fall,13276
7/9/2024,8,9,Wind,191.0,Tuesday,July,Summer,5761
12/20/2022,15,16,Wind,354.0,Tuesday,December,Winter,9105
9/15/2024,23,0,Wind,259.0,Sunday,September,Fall,4212
10/12/2022,11,12,Solar,285.0,Wednesday,October,Fall,3061
12/18/2020,3,4,Wind,353.0,Friday,December,Winter,5668
7/12/2020,23,0,Wind,194.0,Sunday,July,Summer,5234
11/25/2020,4,5,Wind,330.0,Wednesday,November,Fall,6356
9/25/2024,20,21,Wind,269.0,Wednesday,September,Fall,10413
10/23/2020,14,15,Wind,297.0,Friday,October,Fall,4974
3/21/2023,8,9,Wind,80.0,Tuesday,March,Spring,5698
5/9/2024,15,16,Solar,130.0,Thursday,May,Spring,5619
12/20/2024,21,22,Wind,355.0,Friday,December,Winter,13100
6/14/2020,8,9,Wind,166.0,Sunday,June,Summer,3271
4/30/2020,11,12,Wind,121.0,Thursday,April,Spring,9146
1/27/2025,23,0,Wind,27.0,Monday,January,Winter,17371
6/25/2022,8,9,Solar,176.0,Saturday,June,Summer,2647
12/30/2024,9,10,Wind,365.0,Monday,December,Winter,1474
5/21/2020,23,0,Wind,142.0,Thursday,May,Spring,1366
6/14/2020,4,5,Wind,166.0,Sunday,June,Summer,3347
9/10/2022,22,23,Wind,xyz,Saturday,September,Fall,1340
10/19/2020,2,3,Wind,293.0,Monday,October,Fall,1372
5/2/2024,0,1,Wind,123.0,Thursday,May,Spring,6660
1/1/2022,7,8,Wind,1.0,Saturday,January,Winter,4384
8/10/2020,5,6,Wind,223.0,Monday,August,Summer,1640
10/2/2022,1,2,Wind,275.0,Sunday,October,Fall,6976
2/3/2022,2,3,Wind,34.0,Thursday,February,Winter,2485
11/1/2024,10,11,Solar,306.0,Friday,November,Fall,4327
02/27/2028,10,11,Wind,282.0,Tuesday,October,Fall,-100
1/18/2021,12,13,Wind,18.0,Monday,January,Winter,5679
1/2/2021,5,6,Wind,2.0,Saturday,January,Winter,1613
3/26/2021,6,7,Wind,85.0,Friday,March,Spring,4151
8/22/2020,18,19,Wind,235.0,Saturday,August,Summer,9137
11/16/2023,2,3,Wind,320.0,Thursday,November,Fall,2838
1/26/2023,18,19,Wind,xyz,Thursday,January,Winter,40000
02/27/2028,13,xyz,Wind,296.0,Monday,October,Fall,-100
3/3/2022,6,7,Wind,62.0,Thursday,March,Spring,xyz
3/27/2022,7,8,Wind,86.0,Sunday,March,Spring,4897
7/21/2020,1,2,Wind,203.0,Tuesday,July,Summer,4757
3/16/2024,10,11,Solar,76.0,Saturday,March,Spring,7286
7/4/2025,17,18,Solar,185.0,Friday,July,Summer,7652
5/26/2025,22,23,Wind,146.0,Monday,May,Spring,3983
2/4/2023,23,0,Wind,35.0,Saturday,February,Winter,3594
7/15/2024,1,2,Wind,197.0,Monday,July,Summer,581
4/11/2023,23,0,Wind,101.0,Tuesday,April,Spring,10813
11/17/2025,23,0,Wind,321.0,Monday,November,Fall,3844
8/27/2025,4,5,Wind,239.0,Wednesday,August,Summer,2071
9/4/2024,6,7,Wind,248.0,Wednesday,September,Fall,614
8/7/2020,12,13,Solar,xyz,Friday,August,Summer,xyz
8/14/2021,1,2,Wind,226.0,Saturday,August,Summer,1334
2/4/2025,0,1,Wind,35.0,Tuesday,February,Winter,1810
11/20/2020,17,18,Wind,325.0,Friday,November,Fall,2013
9/16/2020,20,21,Wind,260.0,Wednesday,xyz,Fall,4618
7/1/2025,14,15,Solar,182.0,Tuesday,July,Summer,9837
5/12/2020,16,17,Wind,133.0,Tuesday,May,Spring,4595
1/15/2024,3,4,Wind,15.0,Monday,January,Winter,2468
11/19/2023,3,4,Wind,323.0,Sunday,November,xyz,
7/27/2020,21,22,Wind,209.0,Monday,July,Summer,6079
3/2/2021,4,5,Wind,61.0,Tuesday,March,Spring,3923
5/30/2023,0,1,Wind,150.0,Tuesday,May,Spring,9841
1/23/2024,0,1,Wind,23.0,Tuesday,January,Winter,13922
02/27/2028,14,15,Wind,47.0,Sunday,February,Winter,-100
4/13/2020,11,12,Wind,104.0,Monday,April,Spring,8022
02/27/2028,15,16,Wind,346.0,Wednesday,December,Winter,-100
8/31/2023,10,11,Solar,243.0,Thursday,August,Summer,6924
6/30/2025,0,1,Wind,181.0,Monday,June,Summer,xyz
xyz,13,xyz,Solar,110.0,,April,Spring,4222
1/11/2022,11,12,Solar,11.0,Tuesday,January,Winter,4651
5/29/2020,22,23,Wind,150.0,Friday,May,Spring,5131
10/2/2021,9,10,Wind,275.0,Saturday,October,Fall,6744
8/6/2023,3,4,Wind,218.0,Sunday,August,Summer,13580
12/14/2021,9,10,Solar,348.0,Tuesday,December,Winter,40000
1/25/2022,6,7,Wind,25.0,Tuesday,January,Winter,363
3/1/2020,17,18,Wind,61.0,Sunday,March,Spring,8082
6/26/2023,16,17,Solar,177.0,Monday,June,Summer,10063
1/4/2023,18,19,Wind,4.0,Wednesday,January,Winter,13956
9/21/2022,9,10,Solar,264.0,Wednesday,September,Fall,4348
10/19/2020,15,16,Wind,293.0,Monday,October,Fall,7189
9/11/2021,21,22,Wind,254.0,Saturday,September,Fall,631
5/24/2022,4,5,Wind,144.0,Tuesday,May,Spring,5773
10/29/2022,6,7,Wind,xyz,Saturday,October,Fall,6433
3/5/2020,22,23,Wind,65.0,Thursday,March,Spring,11298
02/27/2028,16,17,Solar,242.0,Tuesday,August,Summer,-100
02/27/2028,15,16,Solar,274.0,Wednesday,xyz,Fall,40000
7/24/2024,19,20,Solar,206.0,Wednesday,July,Summer,2995
5/29/2023,3,4,Wind,149.0,Monday,May,Spring,8584
9/13/2025,2,3,Wind,256.0,Saturday,September,Fall,7111
1/4/2023,16,17,Wind,4.0,Wednesday,January,Winter,15117
02/27/2028,20,21,Wind,18.0,Saturday,January,Winter,-100
10/13/2022,,22,Wind,286.0,Thursday,October,Fall,xyz
2/19/2025,16,17,Wind,50.0,Wednesday,February,Winter,xyz
02/27/2028,1,2,xyz,313.0,Tuesday,November,Fall,xyz
11/27/2022,9,10,Wind,331.0,Sunday,November,Fall,7970
5/4/2021,20,21,Wind,124.0,Tuesday,May,Spring,9336
12/17/2023,13,14,Solar,351.0,Sunday,December,Winter,5159
1/3/2022,15,16,Wind,3.0,Monday,January,Winter,10704
9/30/2020,22,23,Wind,274.0,Wednesday,September,Fall,4249
9/17/2020,14,15,Wind,261.0,Thursday,September,Fall,8276
1/8/2023,15,16,Wind,8.0,Sunday,January,Winter,12008
12/25/2024,xyz,1,Wind,360.0,Wednesday,December,Winter,2094
10/16/2020,13,14,Wind,290.0,Friday,October,Fall,4696
02/27/2028,xyz,17,Wind,302.0,Sunday,October,Fall,-100
5/16/2024,6,7,Wind,137.0,Thursday,May,Spring,2013
5/20/2023,14,15,Wind,140.0,Saturday,May,Spring,7675
7/8/2022,17,18,Solar,189.0,Friday,July,Summer,8128
10/29/2022,4,5,Wind,302.0,Saturday,October,Fall,5430
12/25/2023,13,14,Wind,359.0,Monday,December,Winter,15139
6/23/2020,7,8,Wind,175.0,Tuesday,June,Summer,2623
2/19/2023,6,7,Wind,50.0,Sunday,February,Winter,5442
9/22/2023,17,18,Wind,265.0,Friday,September,Fall,11141
4/6/2022,5,6,Wind,96.0,Wednesday,April,Spring,5246
3/14/2022,16,17,Wind,73.0,Monday,March,Spring,4207
3/28/2020,23,0,Wind,88.0,xyz,March,Spring,11033
10/20/2024,10,11,Wind,294.0,Sunday,October,Fall,13186
1/3/2022,19,20,Wind,3.0,Monday,January,Winter,7368
7/28/2023,12,13,Solar,209.0,Friday,July,Summer,8941
11/8/2023,7,8,Wind,312.0,Wednesday,November,Fall,8691
xyz,10,11,Solar,228.0,Thursday,August,Summer,-100
3/21/2020,2,3,Wind,81.0,Saturday,March,Spring,7177
3/23/2022,22,23,Wind,82.0,Wednesday,March,Spring,3014
1/3/2023,16,17,Wind,3.0,Tuesday,January,Winter,8704
02/27/2028,6,7,Wind,51.0,Sunday,February,Winter,
10/24/2023,4,5,Wind,297.0,Tuesday,October,Fall,3929
02/27/2028,0,1,Wind,xyz,Wednesday,December,Winter,-100
1/26/2025,23,0,Wind,26.0,Sunday,January,Winter,18927
5/17/2025,19,20,Wind,137.0,Saturday,May,Spring,5103
7/9/2020,22,23,Wind,191.0,Thursday,July,Summer,3677
10/1/2020,15,16,Wind,275.0,Thursday,October,Fall,8173
02/27/2028,xyz,xyz,Wind,109.0,Saturday,April,Spring,-100
7/30/2024,5,6,Wind,212.0,Tuesday,July,Summer,1229
11/4/2024,22,23,Wind,309.0,Monday,November,Fall,2708
2/22/2025,12,13,Wind,53.0,Saturday,February,Winter,12172
8/3/2023,2,3,Wind,215.0,Thursday,August,Summer,14447
3/10/2023,14,15,Wind,69.0,Friday,March,Spring,18371
12/24/2020,1,2,Wind,359.0,Thursday,December,Winter,11027
11/11/2023,3,4,Wind,315.0,Saturday,November,Fall,5065
2/22/2021,8,9,Wind,53.0,Monday,February,Winter,6223
8/29/2020,3,4,Wind,242.0,Saturday,August,Summer,3539
3/6/2023,20,21,Wind,65.0,Monday,March,Spring,5184
2/29/2020,16,17,Wind,60.0,Saturday,February,Winter,12325
8/16/2024,21,22,Wind,229.0,Friday,August,Summer,1292
10/31/2024,4,5,Wind,305.0,Thursday,October,Fall,1644
12/27/2023,1,2,Wind,361.0,Wednesday,December,Winter,4956
3/19/2023,22,23,Wind,78.0,Sunday,March,Spring,2104
8/18/2022,15,16,Solar,230.0,Thursday,August,Summer,5991
5/6/2022,17,18,xyz,126.0,Friday,May,Spring,40000
6/7/2024,0,xyz,Wind,159.0,Friday,xyz,Summer,
4/1/2021,5,6,Wind,91.0,Thursday,April,Spring,1688
4/26/2021,1,2,Wind,116.0,Monday,April,Spring,9808
5/9/2022,11,12,Solar,129.0,Monday,May,Spring,5804
2/13/2025,10,11,Solar,44.0,Thursday,February,Winter,3545
9/15/2020,0,1,Wind,259.0,Tuesday,September,Fall,2739
10/28/2021,14,15,Wind,301.0,Thursday,October,Fall,9289
7/26/2022,4,5,Wind,207.0,Tuesday,July,Summer,2302
11/12/2020,20,21,Wind,317.0,Thursday,November,Fall,2899
5/23/2025,12,13,Solar,143.0,Friday,May,Spring,10940
5/24/2021,0,1,Wind,144.0,Monday,May,Spring,9908
1/29/2025,18,19,Wind,29.0,Wednesday,January,Winter,7879
8/19/2022,2,3,Wind,231.0,Friday,August,Summer,3469
10/14/2020,4,5,Wind,288.0,Wednesday,October,Fall,2074
02/27/2028,12,13,Solar,xyz,Saturday,February,,-100
6/26/2025,11,12,Wind,177.0,Thursday,June,Summer,13438
5/12/2025,14,15,Solar,132.0,Monday,May,Spring,4568
6/14/2023,16,17,Solar,165.0,Wednesday,June,Summer,7254
6/25/2023,18,19,Wind,176.0,Sunday,June,Summer,6647
10/4/2022,10,11,Solar,277.0,Tuesday,October,Fall,4066
12/15/2021,17,18,Wind,349.0,Wednesday,December,Winter,1518
3/31/2023,8,9,Wind,90.0,Friday,March,Spring,17252
4/10/2022,18,19,Wind,100.0,Sunday,April,Spring,4597
5/29/2020,18,19,Wind,150.0,Friday,May,Spring,6283
4/26/2025,0,1,Wind,116.0,Saturday,April,Spring,5318
11/6/2020,14,15,Wind,311.0,Friday,November,Fall,5863
8/17/2022,7,8,Wind,229.0,Wednesday,August,Summer,1489
4/3/2022,4,5,Wind,93.0,Sunday,April,Spring,4837
02/27/2028,4,5,Wind,54.0,Tuesday,February,,-100
10/5/2023,15,16,Solar,278.0,Thursday,October,Fall,5653
3/25/2022,14,15,Solar,84.0,Friday,March,Spring,8978
9/25/2024,2,3,Wind,269.0,Wednesday,September,Fall,4384
2/17/2024,18,19,Wind,48.0,Saturday,February,Winter,2317
12/6/2020,3,4,Wind,341.0,Sunday,December,Winter,3475
2/24/2024,3,4,Wind,55.0,xyz,February,Winter,7150
1/10/2020,12,13,Wind,10.0,Friday,January,Winter,6513
7/12/2021,17,18,Wind,193.0,Monday,July,Summer,4530
7/24/2024,22,23,Wind,206.0,Wednesday,July,Summer,1303
1/10/2020,8,9,Wind,10.0,Friday,January,Winter,7502
6/13/2023,xyz,xyz,Wind,164.0,Tuesday,June,Summer,xyz
11/2/2025,11,12,Wind,306.0,Sunday,November,Fall,15839
02/27/2028,23,0,Wind,xyz,Sunday,March,Spring,40000
1/9/2020,11,12,Wind,9.0,Thursday,January,Winter,12014
6/2/2021,21,22,Wind,153.0,Wednesday,June,Summer,1657
5/30/2020,9,10,xyz,151.0,Saturday,May,Spring,3464
11/20/2023,4,5,Wind,324.0,Monday,November,Fall,9564
11/30/2023,18,19,Wind,334.0,Thursday,,Fall,1546
6/9/2020,0,1,Wind,161.0,Tuesday,June,Summer,3848
5/13/2022,22,23,Wind,133.0,Friday,May,Spring,1800
10/26/2024,6,7,Wind,300.0,Saturday,October,Fall,2109
10/28/2025,7,8,Wind,301.0,Tuesday,October,Fall,11809
12/17/2022,18,19,Wind,351.0,Saturday,December,Winter,3297
9/21/2022,21,22,Wind,264.0,Wednesday,September,Fall,2483
4/14/2021,14,15,Wind,104.0,Wednesday,April,Spring,9282
5/31/2025,16,17,Solar,151.0,Saturday,May,Spring,4319
8/7/2020,3,4,Wind,220.0,Friday,August,Summer,2623
12/26/2023,3,4,Wind,360.0,Tuesday,December,Winter,7621
2/13/2023,1,2,Wind,44.0,Monday,February,Winter,3918
4/18/2024,14,15,Solar,109.0,Thursday,April,Spring,8799
3/9/2025,22,23,Wind,68.0,Sunday,xyz,xyz,2297
4/10/2020,6,7,Wind,101.0,Friday,April,Spring,3065
6/5/2023,20,21,Wind,156.0,Monday,June,Summer,5767
8/31/2025,22,23,Wind,243.0,Sunday,August,Summer,4423
5/12/2021,6,7,Wind,132.0,Wednesday,May,Spring,2202
5/16/2021,5,6,Wind,136.0,Sunday,May,Spring,4747
11/17/2022,12,13,Wind,321.0,Thursday,November,Fall,15379
8/28/2025,21,22,Wind,240.0,Thursday,August,Summer,5466
5/19/2023,4,5,Wind,139.0,Friday,May,Spring,5474
4/28/2022,1,2,Wind,118.0,Thursday,April,Spring,7252
4/8/2020,4,5,Wind,99.0,Wednesday,April,Spring,2460
3/25/2025,0,1,Wind,84.0,Tuesday,March,Spring,2501
7/15/2025,12,13,Solar,196.0,Tuesday,July,Summer,13638
5/28/2025,6,7,Wind,148.0,Wednesday,May,Spring,10928
9/7/2025,0,1,Wind,250.0,Sunday,September,Fall,9758
6/28/2024,11,12,Solar,180.0,Friday,June,Summer,7428
10/27/2023,23,0,Wind,300.0,Friday,October,Fall,10914
1/16/2021,21,22,Wind,16.0,Saturday,January,Winter,5730
7/6/2024,19,20,Wind,188.0,Saturday,July,Summer,11396
3/9/2022,14,15,Wind,68.0,Wednesday,March,Spring,8493
11/12/2023,8,9,Wind,316.0,Sunday,November,Fall,7972
6/1/2021,11,12,Solar,152.0,Tuesday,June,Summer,5973
1/4/2021,5,6,Wind,4.0,Monday,January,Winter,40000
7/12/2020,4,5,Wind,194.0,Sunday,July,Summer,4138
9/18/2021,9,10,Solar,261.0,Saturday,September,Fall,2515
2/18/2023,16,17,Wind,49.0,Saturday,February,Winter,9856
10/19/2025,17,18,Wind,292.0,Sunday,October,Fall,12410
11/25/2021,4,5,Wind,329.0,Thursday,November,Fall,2309
7/20/2025,17,18,Wind,201.0,Sunday,July,Summer,12950
3/13/2024,14,15,Solar,73.0,Wednesday,March,Spring,9382
12/26/2020,13,14,xyz,361.0,Saturday,December,Winter,7391
4/7/2025,9,10,Solar,97.0,Monday,April,Spring,4931
1/5/2023,14,15,Wind,5.0,Thursday,January,Winter,7077
7/15/2020,15,16,Solar,197.0,Wednesday,July,Summer,4745
8/12/2020,22,23,Wind,225.0,Wednesday,August,Summer,2312
10/19/2021,19,20,Wind,292.0,Tuesday,October,Fall,8569
1/27/2020,22,23,Wind,27.0,Monday,January,Winter,11737
4/18/2022,20,21,Wind,108.0,Monday,April,Spring,2063
4/18/2020,7,8,Wind,109.0,Saturday,April,Spring,1674
9/12/2022,0,1,Wind,255.0,Monday,September,Fall,3654
1/1/2020,4,5,Wind,1.0,Wednesday,January,Winter,2708
7/30/2021,15,16,Wind,211.0,Friday,July,Summer,13782
3/12/2021,6,7,Wind,71.0,Friday,March,Spring,9612
8/22/2021,10,11,Wind,234.0,Sunday,August,Summer,6260
7/10/2020,15,16,Wind,192.0,Friday,July,Summer,5782
1/6/2022,15,16,Wind,6.0,Thursday,January,Winter,4729
7/10/2025,23,0,Wind,191.0,Thursday,July,Summer,4049
5/15/2023,16,17,Wind,135.0,Monday,May,Spring,11847
9/4/2025,12,13,Wind,247.0,Thursday,September,Fall,14319
6/4/2021,1,2,Wind,155.0,Friday,June,Summer,1801
1/7/2025,7,8,Wind,7.0,Tuesday,January,Winter,13258
4/19/2023,3,4,Wind,109.0,Wednesday,April,Spring,7764
5/12/2020,xyz,7,Wind,133.0,Tuesday,May,Spring,
1/4/2022,15,16,Wind,4.0,Tuesday,January,Winter,6038
9/29/2023,21,22,Wind,272.0,Friday,September,Fall,1799
4/25/2025,20,21,Wind,115.0,Friday,April,Spring,3777
5/20/2020,18,19,Solar,141.0,Wednesday,May,Spring,3248
6/19/2022,17,18,Wind,170.0,Sunday,June,Summer,10557
6/24/2023,1,2,Wind,175.0,Saturday,June,Summer,2491
1/11/2025,17,18,Wind,11.0,Saturday,January,Winter,2645
10/17/2025,18,19,Wind,290.0,Friday,October,Fall,4169
02/27/2028,23,0,Wind,138.0,Wednesday,xyz,Spring,
2/13/2022,22,23,Wind,44.0,Sunday,February,Winter,14860
7/24/2025,16,17,Solar,205.0,Thursday,July,Summer,9183
3/29/2023,15,16,Wind,88.0,Wednesday,March,Spring,10954
10/22/2025,22,23,Wind,295.0,Wednesday,October,Fall,15481
02/27/2028,1,2,Wind,233.0,Saturday,August,Summer,40000
8/16/2023,14,15,Solar,228.0,Wednesday,August,Summer,6574
1/18/2023,23,0,Wind,18.0,Wednesday,January,Winter,4319
02/27/2028,xyz,xyz,Wind,223.0,Friday,August,Summer,-100
12/24/2023,8,9,Wind,358.0,Sunday,December,Winter,15503
7/23/2020,1,2,Wind,205.0,Thursday,July,Summer,2381
7/12/2024,16,17,Solar,194.0,Friday,July,Summer,8855
1/23/2024,5,6,Wind,23.0,Tuesday,January,Winter,10251
10/19/2025,14,15,Wind,292.0,Sunday,October,Fall,11555
6/20/2022,9,,xyz,171.0,xyz,June,Summer,4699
02/27/2028,0,1,Wind,8.0,Sunday,January,Winter,-100
10/2/2020,1,2,Wind,276.0,Friday,October,Fall,7813
8/29/2023,11,12,Solar,241.0,Tuesday,August,Summer,6102
2/5/2023,8,9,Wind,36.0,Sunday,February,Winter,6533
9/13/2025,20,21,Wind,256.0,Saturday,September,Fall,6702
9/21/2022,4,5,Wind,264.0,Wednesday,September,Fall,2938
2/21/2025,19,20,Wind,52.0,Friday,February,Winter,12778
11/30/2021,12,13,Wind,334.0,Tuesday,November,Fall,13929
7/9/2022,11,12,Solar,190.0,Saturday,July,Summer,7379
9/5/2025,14,15,Solar,248.0,Friday,September,Fall,9917
4/14/2024,4,5,Wind,105.0,Sunday,April,Spring,1883
6/14/2023,9,10,Solar,165.0,Wednesday,June,Summer,3889
3/5/2021,20,21,Wind,64.0,Friday,March,Spring,6152
11/7/2022,4,5,Wind,311.0,Monday,November,Fall,11116
02/27/2028,5,6,Wind,104.0,Saturday,April,Spring,-100
8/5/2020,7,8,Wind,218.0,Wednesday,August,Summer,1983
3/3/2021,10,11,Solar,62.0,Wednesday,March,Spring,2118
1/2/2022,8,9,Wind,2.0,Sunday,January,Winter,9966
3/7/2021,19,20,Wind,66.0,Sunday,March,Spring,2525
7/19/2025,0,1,Wind,200.0,Saturday,July,Summer,4413
9/7/2025,11,12,Wind,250.0,Sunday,September,Fall,6324
4/17/2021,17,18,Wind,107.0,Saturday,April,Spring,7567
8/23/2024,15,16,Wind,236.0,Friday,August,Summer,8397
02/27/2028,16,17,Wind,39.0,Saturday,February,Winter,-100
7/13/2022,5,6,Wind,194.0,Wednesday,July,Summer,1152
4/24/2020,23,0,Wind,115.0,Friday,April,Spring,2359
4/4/2025,5,6,Wind,94.0,Friday,April,Spring,6241
2/19/2025,22,23,Wind,50.0,Wednesday,February,Winter,7254
12/22/2021,13,14,Solar,356.0,Wednesday,December,Winter,4568
8/4/2020,3,4,Wind,217.0,Tuesday,August,Summer,2925
12/28/2024,19,20,Wind,363.0,Saturday,December,Winter,588
02/27/2028,18,19,Wind,60.0,Saturday,March,Spring,-100
12/20/2023,xyz,21,Wind,354.0,Wednesday,December,Winter,12683
9/20/2022,7,8,Wind,263.0,Tuesday,September,Fall,2098
10/1/2021,3,4,Wind,274.0,Friday,October,Fall,5350
11/28/2023,2,3,Wind,332.0,Tuesday,November,Fall,40000
7/22/2024,20,21,Wind,204.0,Monday,July,Summer,4452
4/26/2023,3,4,Wind,116.0,Wednesday,April,Spring,2684
9/18/2022,3,4,Wind,261.0,Sunday,September,Fall,2646
1/25/2020,0,1,Wind,25.0,Saturday,January,Winter,789
12/24/2022,21,22,Wind,358.0,Saturday,December,Winter,4071
1/19/2023,9,10,Wind,19.0,Thursday,January,Winter,2954
11/24/2021,6,7,Wind,328.0,Wednesday,November,Fall,4650
6/5/2025,14,15,Wind,156.0,Thursday,June,Summer,9677
4/28/2025,18,19,Solar,118.0,Monday,April,Spring,6371
12/9/2020,0,1,Wind,344.0,Wednesday,December,Winter,2425
6/6/2024,13,14,Solar,158.0,Thursday,June,Summer,8229
4/5/2021,6,7,Wind,95.0,Monday,April,Spring,4609
11/6/2020,16,17,Wind,311.0,Friday,November,Fall,4822
12/3/2021,9,10,Wind,337.0,Friday,December,Winter,8915
8/3/2021,12,13,Solar,215.0,Tuesday,August,Summer,3945
9/20/2025,22,23,Wind,263.0,Saturday,September,Fall,8882
9/25/2024,4,5,Wind,269.0,Wednesday,September,Fall,4086
11/19/2023,21,22,Wind,323.0,Sunday,November,Fall,12542
3/17/2021,4,5,Wind,76.0,Wednesday,March,Spring,9928
1/20/2025,18,19,Wind,20.0,Monday,January,Winter,1030
12/6/2021,19,20,Wind,340.0,Monday,December,Winter,10558
7/24/2025,xyz,xyz,Wind,,Thursday,July,Summer,2880
6/13/2021,21,22,Wind,164.0,Sunday,June,Summer,1990
2/17/2025,19,20,Wind,48.0,Monday,February,Winter,40000
10/26/2022,15,16,Wind,299.0,Wednesday,October,Fall,7520
,1,2,Wind,364.0,Tuesday,December,xyz,6533
7/24/2022,2,3,Wind,205.0,Sunday,July,Summer,634
6/12/2021,10,11,Solar,163.0,Saturday,June,Summer,3472
3/27/2024,xyz,5,Wind,,Wednesday,March,Spring,5698
5/4/2023,3,4,Wind,124.0,Thursday,May,Spring,9226
9/28/2020,12,13,Wind,272.0,Monday,September,Fall,5728
9/14/2025,2,3,Wind,257.0,Sunday,September,Fall,4229
3/13/2024,21,22,Wind,73.0,Wednesday,March,Spring,4308
10/6/2020,8,9,Wind,280.0,Tuesday,October,Fall,40000
3/15/2022,2,3,Wind,74.0,Tuesday,March,Spring,6436
11/25/2022,7,8,Wind,329.0,Friday,November,Fall,4833
8/23/2022,13,14,Solar,235.0,Tuesday,August,Summer,5683
5/18/2022,21,22,Wind,138.0,Wednesday,May,Spring,2877
9/30/2025,21,22,Wind,273.0,Tuesday,September,Fall,3430
11/19/2022,15,16,Wind,323.0,Saturday,November,Fall,4574
4/24/2025,23,0,Wind,114.0,Thursday,April,Spring,3969
3/10/2022,10,11,Solar,69.0,Thursday,March,Spring,5064
10/3/2020,10,11,Wind,277.0,Saturday,October,Fall,5475
4/10/2025,12,13,Solar,100.0,Thursday,April,Spring,12773
12/18/2022,13,14,Wind,352.0,Sunday,December,xyz,40000
,20,21,Wind,xyz,xyz,June,Summer,1158
4/15/2025,1,2,Wind,105.0,Tuesday,April,Spring,6682
1/27/2024,21,22,Wind,27.0,Saturday,January,Winter,7061
7/21/2020,7,8,Wind,203.0,Tuesday,July,Summer,3472
1/9/2023,15,16,Wind,9.0,Monday,January,Winter,15794
6/19/2024,1,2,Wind,171.0,Wednesday,June,Summer,2990
12/9/2021,8,9,Wind,343.0,Thursday,December,Winter,6065
7/29/2025,1,2,Wind,210.0,Tuesday,July,Summer,3091
1/6/2022,6,7,Wind,6.0,Thursday,January,Winter,1796
1/5/2021,13,14,Wind,xyz,Tuesday,January,Winter,2457
8/5/2024,17,18,Solar,218.0,Monday,August,Summer,6130
7/26/2023,5,6,Wind,207.0,Wednesday,July,Summer,2673
5/1/2024,14,,Solar,122.0,Wednesday,May,Spring,40000
8/20/2025,7,8,Wind,232.0,Wednesday,August,Summer,3532
5/21/2024,22,23,Wind,142.0,Tuesday,May,Spring,4125
11/12/2021,14,15,Wind,316.0,xyz,November,Fall,4175
2/27/2024,3,4,Wind,58.0,Tuesday,February,Winter,12910
1/31/2023,11,12,Wind,31.0,Tuesday,January,Winter,7730
1/8/2025,3,4,Wind,8.0,Wednesday,January,Winter,4554
6/21/2023,13,14,Solar,172.0,Wednesday,June,Summer,4883
1/7/2020,22,23,Wind,7.0,Tuesday,January,Winter,5436
7/25/2023,15,16,Wind,206.0,Tuesday,July,Summer,10313
4/21/2020,10,11,Wind,112.0,Tuesday,April,Spring,4669
3/6/2020,13,14,Wind,66.0,Friday,March,Spring,8693
1/3/2021,9,10,Wind,3.0,Sunday,January,Winter,1878
12/25/2022,6,7,Wind,359.0,Sunday,December,Winter,4619
1/21/2020,17,18,Wind,21.0,Tuesday,January,Winter,2575
4/3/2025,5,6,Wind,93.0,Thursday,April,Spring,10203
2/25/2020,3,4,Wind,56.0,Tuesday,February,Winter,9716
10/13/2022,22,23,Wind,286.0,Thursday,October,Fall,3384
1/6/2024,20,21,Wind,6.0,Saturday,January,Winter,7995
9/24/2022,13,14,Solar,267.0,Saturday,September,Fall,4141
3/8/2020,6,7,Wind,68.0,Sunday,March,Spring,9421
9/4/2024,11,12,Solar,248.0,Wednesday,September,Fall,3878
3/1/2025,13,14,Wind,60.0,Saturday,March,Spring,17069
6/9/2023,15,16,Solar,160.0,Friday,June,Summer,6410
11/2/2021,13,14,Wind,306.0,Tuesday,November,Fall,5625
2/16/2021,2,3,Wind,47.0,Tuesday,February,Winter,8883
4/2/2023,16,17,Wind,92.0,Sunday,April,Spring,11026
5/12/2022,5,6,Wind,132.0,Thursday,May,Spring,1774
1/15/2024,10,11,Wind,15.0,Monday,January,Winter,5222
8/5/2025,14,15,Solar,217.0,Tuesday,August,Summer,7549
11/14/2023,16,17,Wind,318.0,Tuesday,November,Fall,16512
12/22/2022,23,0,Wind,356.0,Thursday,December,Winter,11723
11/10/2022,10,11,Solar,314.0,Thursday,November,Fall,5057
02/27/2028,9,10,Solar,233.0,Saturday,August,xyz,-100
7/29/2021,3,4,Wind,210.0,Thursday,July,Summer,4771
1/5/2020,22,23,Wind,5.0,Sunday,January,Winter,2038
5/12/2023,2,3,Wind,132.0,Friday,May,Spring,2840
1/30/2021,20,21,Wind,30.0,,January,Winter,6811
5/21/2021,17,18,Wind,141.0,Friday,May,Spring,13861
7/6/2021,9,10,Wind,187.0,Tuesday,July,Summer,11296
3/9/2020,7,8,Wind,69.0,Monday,March,Spring,6398
7/13/2022,7,8,Wind,194.0,Wednesday,July,Summer,1542
4/5/2024,15,16,Wind,96.0,Friday,April,Spring,10225
3/30/2021,23,0,Wind,89.0,Tuesday,March,Spring,1790
3/22/2021,9,10,Wind,81.0,Monday,March,Spring,5060
9/6/2023,19,20,Wind,249.0,Wednesday,September,Fall,1852
12/26/2021,3,4,Wind,360.0,Sunday,December,xyz,1854
9/7/2025,12,13,Wind,250.0,Sunday,September,Fall,7080
6/11/2023,8,9,Solar,162.0,Sunday,June,Summer,3057
1/18/2023,3,4,Wind,18.0,Wednesday,January,Winter,4399
8/28/2023,1,2,Wind,240.0,Monday,August,Summer,4451
1/16/2020,8,9,Wind,16.0,Thursday,January,Winter,6369
xyz,17,18,Wind,320.0,Sunday,xyz,Fall,12652
2/28/2025,9,10,Solar,59.0,Friday,February,Winter,6630
2/3/2023,1,2,Wind,34.0,Friday,February,Winter,6570
6/11/2023,16,17,Solar,162.0,Sunday,June,Summer,3747
5/21/2023,16,17,Wind,141.0,Sunday,May,Spring,4401
2/4/2025,22,23,Wind,35.0,Tuesday,February,Winter,3363
2/3/2025,1,2,Wind,34.0,Monday,February,Winter,1814
1/6/2020,17,18,Wind,6.0,Monday,January,Winter,5081
2/15/2020,4,5,Wind,46.0,Saturday,February,Winter,5254
5/16/2024,21,22,Wind,137.0,Thursday,May,Spring,695
3/28/2024,10,11,Wind,88.0,Thursday,March,Spring,21569
7/4/2022,16,17,Solar,185.0,Monday,July,Summer,5870
2/27/2021,1,2,Wind,58.0,Saturday,February,Winter,5589
6/28/2025,21,22,Wind,179.0,Saturday,June,Summer,2413
2/11/2022,10,11,Solar,42.0,Friday,February,Winter,3616
9/28/2023,4,5,Wind,271.0,Thursday,September,Fall,2181
3/1/2023,13,14,Wind,60.0,Wednesday,March,Spring,12887
2/17/2025,18,19,Wind,48.0,Monday,February,Winter,2018
8/29/2023,13,14,Solar,241.0,Tuesday,August,Summer,6538
10/23/2021,8,9,Wind,296.0,Saturday,October,Fall,1598
11/7/2021,22,23,Wind,311.0,Sunday,November,Fall,3059
7/17/2024,11,12,Solar,199.0,Wednesday,July,Summer,7226
1/12/2021,3,4,Wind,12.0,Tuesday,January,Winter,11691
7/31/2022,3,4,Wind,212.0,Sunday,July,Summer,1767
1/3/2021,6,7,Wind,3.0,Sunday,January,Winter,1509
12/25/2023,5,6,Wind,359.0,Monday,December,Winter,8862
02/27/2028,18,19,Solar,182.0,Tuesday,July,Summer,-100
9/30/2021,22,23,Wind,273.0,Thursday,September,Fall,4711
10/22/2021,7,8,Wind,295.0,Friday,October,Fall,2868
6/30/2021,8,9,Wind,181.0,Wednesday,June,Summer,3134
7/24/2020,7,8,Wind,206.0,Friday,July,Summer,1725
1/5/2023,13,14,Wind,5.0,Thursday,January,Winter,7545
6/29/2020,13,14,Wind,181.0,Monday,June,Summer,9137
11/2/2022,3,4,Wind,306.0,Wednesday,November,Fall,8511
10/6/2020,20,21,Wind,280.0,Tuesday,October,Fall,11277
7/5/2023,20,21,Wind,186.0,Wednesday,July,Summer,3940
1/13/2020,22,23,Wind,13.0,Monday,January,Winter,11822
6/21/2024,19,20,Wind,173.0,Friday,June,Summer,7206
6/5/2024,8,9,Solar,157.0,Wednesday,June,Summer,2905
11/14/2020,13,14,Wind,319.0,Saturday,November,Fall,9589
6/2/2022,1,2,Wind,153.0,Thursday,June,Summer,4602
10/18/2024,19,20,Wind,292.0,Friday,October,Fall,2333
02/27/2028,5,6,Wind,69.0,Thursday,March,Spring,-100
02/27/2028,16,17,Solar,118.0,Monday,April,Spring,40000
4/2/2020,12,13,Solar,93.0,Thursday,April,Spring,3883
10/4/2021,5,xyz,Wind,277.0,Monday,October,Fall,40000
11/27/2023,22,23,Wind,331.0,Monday,November,Fall,13062
9/12/2021,17,18,Solar,255.0,Sunday,September,Fall,2819
1/2/2021,22,23,Wind,2.0,Saturday,January,Winter,1536
02/27/2028,11,12,,366.0,Thursday,xyz,Winter,-100
2/13/2021,4,5,Wind,44.0,Saturday,February,Winter,7529
3/28/2023,10,11,Wind,87.0,Tuesday,March,Spring,8751
12/11/2024,23,0,Wind,346.0,Wednesday,December,Winter,4630
12/5/2024,22,23,Wind,340.0,Thursday,December,Winter,18040
8/22/2025,6,7,Wind,234.0,Friday,August,Summer,2787
5/18/2021,9,10,Wind,138.0,Tuesday,May,Spring,4040
2/17/2022,xyz,3,Wind,xyz,Thursday,February,Winter,15457
7/30/2021,22,23,Wind,211.0,Friday,July,Summer,7295
9/20/2020,22,23,Wind,264.0,Sunday,September,Fall,2204
9/12/2025,3,4,Wind,255.0,Friday,September,Fall,9925
8/23/2023,18,19,Solar,235.0,Wednesday,August,Summer,3016
4/11/2021,23,0,Wind,101.0,Sunday,April,Spring,3958
6/6/2021,23,0,Wind,157.0,Sunday,June,Summer,1857
7/21/2025,2,3,Wind,202.0,Monday,July,Summer,9435
11/14/2025,8,9,Wind,318.0,Friday,November,Fall,12951
3/19/2025,12,13,Solar,78.0,Wednesday,March,Spring,13124
3/4/2023,xyz,14,Solar,63.0,Saturday,xyz,Spring,8486
10/1/2021,2,3,Wind,274.0,Friday,October,Fall,5426
9/5/2021,18,19,Solar,248.0,Sunday,September,Fall,1796
9/25/2021,15,16,Solar,268.0,Saturday,September,Fall,4021
1/7/2022,16,17,Wind,7.0,Friday,January,Winter,xyz
7/27/2024,3,4,Wind,209.0,Saturday,July,Summer,476
7/7/2020,10,11,Solar,189.0,Tuesday,July,Summer,4052
5/13/2020,11,12,Wind,134.0,Wednesday,May,Spring,6222
10/21/2023,17,18,Wind,294.0,Saturday,October,Fall,16847
3/5/2024,23,0,Wind,65.0,Tuesday,March,Spring,3044
9/17/2020,9,10,Wind,261.0,Thursday,September,Fall,6737
xyz,,13,Solar,190.0,Sunday,July,Summer,8156
7/21/2021,3,4,Wind,202.0,Wednesday,July,Summer,2546
1/16/2021,16,17,Wind,16.0,Saturday,January,Winter,7111
9/18/2024,13,14,Wind,262.0,Wednesday,September,Fall,16543
5/20/2024,7,8,Wind,141.0,Monday,May,Spring,2409
9/11/2020,1,2,Wind,255.0,Friday,September,Fall,1729
12/20/2023,8,9,Wind,354.0,Wednesday,December,Winter,8365
11/13/2023,21,22,Wind,317.0,Monday,November,Fall,13977
12/21/2024,5,6,Wind,356.0,Saturday,December,Winter,8522
3/27/2023,4,5,Wind,86.0,xyz,March,Spring,6368
2/10/2021,17,18,Wind,41.0,Wednesday,February,Winter,5627
3/7/2021,16,17,Wind,66.0,Sunday,March,Spring,2011
5/13/2022,4,5,Wind,133.0,Friday,May,Spring,
7/27/2023,10,11,Wind,208.0,Thursday,July,Summer,13485
3/3/2022,23,0,Wind,62.0,Thursday,March,Spring,1242
1/15/2022,13,14,Solar,15.0,Saturday,January,Winter,3841
2/11/2021,18,19,Wind,42.0,Thursday,February,Winter,7522
5/19/2021,9,10,Wind,139.0,Wednesday,May,Spring,5695
5/10/2025,18,19,Wind,130.0,Saturday,May,Spring,7639
02/27/2028,11,12,Solar,257.0,Friday,September,Fall,-100
9/14/2020,20,21,Wind,258.0,Monday,September,Fall,1290
10/22/2024,18,19,Wind,296.0,Tuesday,October,Fall,1143
9/19/2024,21,22,Wind,263.0,Thursday,September,Fall,8910
8/31/2022,11,12,Solar,243.0,Wednesday,August,Summer,5601
10/23/2024,12,13,Solar,297.0,Wednesday,October,Fall,6901
4/29/2020,23,0,xyz,120.0,Wednesday,April,Spring,6031
5/4/2022,1,2,Wind,124.0,Wednesday,May,Spring,2927
8/13/2021,22,23,Wind,225.0,Friday,August,Summer,1229
6/11/2020,10,11,Wind,163.0,Thursday,June,Summer,4059
1/3/2022,5,6,Wind,3.0,Monday,January,Winter,9682
5/17/2020,16,17,xyz,138.0,Sunday,May,Spring,40000
3/3/2024,10,11,Wind,63.0,Sunday,March,Spring,5370
02/27/2028,4,5,Wind,359.0,Saturday,December,Winter,40000
1/5/2025,21,22,Wind,5.0,Sunday,January,Winter,18766
12/12/2022,15,16,Wind,346.0,Monday,December,Winter,3376
9/29/2023,11,12,Wind,272.0,Friday,September,Fall,12701
02/27/2028,16,17,Wind,xyz,Monday,October,Fall,-100
11/5/2023,0,1,Wind,309.0,Sunday,November,Fall,14570
9/24/2025,7,8,Wind,267.0,Wednesday,September,Fall,6369
xyz,4,5,Wind,146.0,Wednesday,May,Spring,6389
7/21/2021,6,7,Wind,202.0,Wednesday,July,Summer,1861
4/9/2021,15,16,Wind,99.0,Friday,April,Spring,7530
10/20/2021,16,17,Wind,293.0,Wednesday,October,Fall,13572
6/22/2025,23,0,Wind,173.0,Sunday,June,Summer,2973
5/8/2021,9,10,Wind,128.0,Saturday,May,Spring,7509
3/10/2023,6,7,Wind,69.0,Friday,March,Spring,15938
3/8/2024,5,6,Wind,68.0,Friday,March,Spring,10017
2/2/2021,7,8,Wind,33.0,Tuesday,February,Winter,11183
9/17/2023,4,5,Wind,260.0,Sunday,September,Fall,2724
6/26/2023,11,12,Solar,177.0,Monday,June,Summer,8666
3/26/2022,10,11,Solar,85.0,Saturday,March,Spring,8404
3/2/2025,9,10,Wind,61.0,Sunday,March,Spring,10506
10/24/2024,23,0,Wind,298.0,Thursday,October,Fall,8164
12/25/2022,10,11,Wind,359.0,Sunday,December,Winter,7092
3/19/2020,17,18,Wind,79.0,Thursday,March,Spring,2196
1/16/2021,15,16,Wind,16.0,Saturday,January,Winter,7553
8/16/2023,6,7,Wind,228.0,Wednesday,August,Summer,1478
02/27/2028,16,17,Wind,154.0,Sunday,June,Summer,40000
8/25/2025,3,4,Wind,237.0,Monday,August,Summer,3829
7/26/2020,1,2,Wind,208.0,Sunday,July,Summer,4267
10/24/2022,13,14,Wind,297.0,Monday,October,Fall,15383
2/1/2021,13,14,Wind,32.0,Monday,February,Winter,7567
11/25/2021,13,14,Wind,329.0,Thursday,November,Fall,3743
5/24/2023,23,0,Wind,144.0,Wednesday,May,Spring,6479
10/1/2025,12,13,Solar,274.0,Wednesday,October,Fall,9575
3/10/2022,23,0,Wind,69.0,Thursday,March,Spring,7941
1/31/2025,18,19,Wind,31.0,Friday,January,Winter,5405
1/13/2021,1,2,Wind,13.0,Wednesday,January,Winter,3410
8/5/2022,2,3,Wind,217.0,Friday,August,Summer,3480
9/9/2024,22,23,Wind,253.0,Monday,September,Fall,5337
7/8/2021,7,8,xyz,189.0,Thursday,July,Summer,1565
10/15/2025,6,7,Wind,288.0,Wednesday,October,Fall,5259
xyz,19,20,Wind,277.0,Thursday,October,Fall,-100
7/20/2023,15,16,Solar,201.0,Thursday,July,Summer,6866
6/10/2023,17,18,Solar,161.0,Saturday,June,Summer,5874
7/21/2021,18,19,Solar,202.0,Wednesday,July,Summer,3861
10/25/2025,23,0,Wind,298.0,Saturday,October,Fall,10255
8/10/2024,15,16,Solar,223.0,Saturday,August,Summer,4486
7/20/2023,11,12,Solar,201.0,Thursday,July,Summer,6341
02/27/2028,1,2,Wind,xyz,Saturday,May,Spring,40000
11/5/2022,13,14,Solar,309.0,Saturday,November,Fall,7438
3/29/2023,21,22,Wind,88.0,Wednesday,March,Spring,11324
4/29/2024,17,18,Wind,120.0,Monday,April,Spring,5281
1/7/2020,16,17,Wind,7.0,Tuesday,January,Winter,4210
1/31/2025,17,18,Wind,31.0,,January,Winter,5155
10/1/2020,12,13,Wind,275.0,Thursday,October,Fall,8218
5/14/2025,11,12,Solar,134.0,Wednesday,May,Spring,4553
4/11/2021,19,20,Wind,101.0,Sunday,April,Spring,5359
1/16/2025,21,22,Wind,16.0,Thursday,January,Winter,2511
5/26/2023,1,2,Wind,146.0,Friday,May,Spring,7676
10/7/2025,10,11,xyz,280.0,Tuesday,xyz,Fall,5811
4/26/2023,0,1,Wind,116.0,Wednesday,April,Spring,2659
11/23/2023,1,2,Wind,327.0,Thursday,November,Fall,3137
10/9/2025,2,3,Wind,282.0,Thursday,October,Fall,2134
11/4/2024,23,0,Wind,309.0,Monday,November,Fall,2549
3/8/2024,8,9,Wind,68.0,Friday,March,Spring,10102
3/31/2024,13,14,Wind,91.0,Sunday,March,Spring,13303
1/31/2022,8,9,Wind,31.0,Monday,January,Winter,12843
02/27/2028,23,0,Wind,238.0,Thursday,August,Summer,-100
6/28/2023,7,8,Wind,179.0,Wednesday,June,Summer,2202
8/22/2022,17,18,Solar,234.0,Monday,August,Summer,4748
6/14/2025,5,6,Wind,165.0,Saturday,,Summer,4676
7/3/2025,5,6,Wind,184.0,Thursday,July,Summer,5004
11/14/2025,11,12,Wind,318.0,Friday,November,Fall,14030
7/13/2022,14,15,Solar,194.0,Wednesday,July,Summer,7205
4/7/2023,9,10,Solar,97.0,Friday,April,Spring,3467
11/22/2020,3,4,Wind,327.0,Sunday,November,Fall,1839
xyz,16,17,Wind,xyz,Tuesday,July,Summer,7191
10/6/2020,5,6,Wind,xyz,Tuesday,October,Fall,9882
4/6/2024,1,2,Wind,97.0,Saturday,April,Spring,12155
11/3/2024,11,12,Solar,308.0,Sunday,November,Fall,6098
7/11/2022,1,2,Wind,192.0,Monday,July,Summer,4881
10/31/2021,21,22,Wind,304.0,Sunday,October,Fall,8939
5/22/2021,14,15,Wind,142.0,Saturday,May,Spring,12821
11/28/2022,5,6,Wind,332.0,Monday,November,Fall,4497
4/18/2021,2,3,Wind,108.0,Sunday,April,Spring,4380
11/29/2023,12,13,Solar,333.0,Wednesday,November,Fall,4696
12/10/2023,11,12,Wind,344.0,Sunday,December,Winter,16159
2/11/2023,20,21,Wind,42.0,Saturday,February,Winter,3270
3/28/2025,0,1,Wind,87.0,Friday,March,Spring,2441
7/8/2025,14,15,Solar,189.0,Tuesday,July,Summer,13021
1/25/2021,8,9,Wind,25.0,Monday,January,Winter,5014
8/10/2021,9,10,Solar,222.0,Tuesday,August,Summer,2872
1/24/2021,7,8,Wind,24.0,Sunday,January,Winter,3614
7/27/2020,20,21,Wind,209.0,Monday,July,Summer,7029
5/16/2021,4,5,Wind,136.0,Sunday,May,Spring,4943
3/21/2022,8,9,Wind,80.0,Monday,March,Spring,4982
1/17/2025,18,19,Wind,17.0,Friday,January,Winter,1094
5/14/2024,10,11,Wind,135.0,Tuesday,May,Spring,4478
02/27/2028,12,13,Solar,74.0,Wednesday,March,,-100
1/18/2022,13,14,Wind,18.0,Tuesday,January,Winter,5612
12/6/2023,5,6,Wind,340.0,Wednesday,December,Winter,40000
2/23/2022,2,3,Wind,54.0,Wednesday,February,Winter,2711
1/17/2021,18,19,Wind,17.0,Sunday,January,Winter,3194
8/6/2021,17,18,Wind,218.0,Friday,August,Summer,9386
02/27/2028,2,3,Wind,262.0,Sunday,September,Fall,40000
5/27/2022,2,3,Wind,147.0,Friday,May,Spring,3620
1/5/2023,4,5,Wind,5.0,Thursday,January,Winter,9470
12/6/2022,15,16,Wind,340.0,Tuesday,December,Winter,2162
12/19/2023,15,16,Wind,353.0,Tuesday,December,Winter,12106
12/31/2023,1,2,Wind,365.0,Sunday,December,Winter,16557
11/23/2025,20,21,xyz,327.0,Sunday,xyz,Fall,8147
6/17/2023,xyz,0,Wind,168.0,Saturday,,Summer,2309
7/25/2025,7,8,Wind,206.0,Friday,July,Summer,2499
2/23/2024,,5,Wind,54.0,Friday,xyz,Winter,40000
5/6/2021,6,7,Wind,126.0,Thursday,May,Spring,2727
8/28/2021,15,16,Wind,240.0,Saturday,August,Summer,9341
10/14/2024,0,1,Wind,288.0,Monday,October,Fall,3415
1/6/2025,21,22,Wind,6.0,Monday,January,Winter,16156
9/16/2024,12,13,Solar,260.0,Monday,September,Fall,9631
2/27/2024,11,12,Wind,58.0,Tuesday,xyz,Winter,40000
11/17/2020,8,9,Wind,322.0,Tuesday,November,Fall,4151
02/27/2028,14,xyz,Wind,52.0,Friday,February,xyz,-100
1/30/2021,21,22,Wind,30.0,Saturday,January,Winter,6752
8/2/2024,16,17,Solar,215.0,Friday,August,Summer,9305
11/20/2022,9,10,Wind,324.0,Sunday,November,Fall,8007
8/19/2025,13,14,Solar,231.0,Tuesday,August,Summer,7049
02/27/2028,16,17,Wind,196.0,Tuesday,July,Summer,xyz
12/1/2022,21,22,Wind,335.0,Thursday,December,Winter,3234
12/31/2021,1,2,Wind,365.0,Friday,December,Winter,5548
3/20/2021,14,15,Wind,79.0,Saturday,March,Spring,8725
7/8/2024,12,13,Solar,190.0,Monday,July,Summer,8952
5/22/2023,4,5,Wind,142.0,Monday,May,Spring,2694
6/5/2025,18,19,Wind,156.0,Thursday,June,Summer,13558
3/31/2023,10,11,Wind,90.0,Friday,,Spring,xyz
4/14/2023,10,11,Wind,104.0,Friday,April,Spring,8461
6/10/2022,xyz,6,Wind,xyz,Friday,June,Summer,40000
2/10/2020,14,15,Wind,41.0,Monday,February,Winter,14544
2/29/2020,13,14,Wind,60.0,Saturday,February,Winter,xyz
10/13/2023,6,7,Wind,286.0,Friday,October,Fall,11336
10/16/2024,10,11,Wind,290.0,Wednesday,October,Fall,12675
1/21/2023,5,6,Wind,21.0,Saturday,January,Winter,7335
7/4/2020,17,18,Wind,186.0,Saturday,July,Summer,10925
8/9/2021,16,17,xyz,,Monday,August,Summer,8595
2/19/2024,10,11,Wind,50.0,Monday,February,Winter,7299
11/8/2024,18,19,Wind,313.0,Friday,November,Fall,1888
6/12/2023,0,1,Wind,163.0,Monday,June,Summer,1876
6/9/2022,15,16,Solar,160.0,Thursday,June,Summer,9238
10/24/2024,20,21,Wind,298.0,Thursday,October,Fall,7070
12/30/2020,4,5,Wind,365.0,Wednesday,December,Winter,2787
3/21/2023,19,20,Wind,80.0,Tuesday,March,Spring,4972
11/6/2023,7,8,Wind,310.0,Monday,November,Fall,10768
11/20/2020,15,16,Wind,325.0,Friday,November,Fall,2959
10/26/2024,0,1,Wind,300.0,Saturday,October,Fall,1603
6/16/2020,4,5,Wind,168.0,Tuesday,June,Summer,1468
6/17/2025,10,11,Solar,168.0,Tuesday,June,Summer,8489
11/25/2020,13,14,Wind,330.0,Wednesday,November,Fall,4827
5/7/2020,17,18,Solar,128.0,Thursday,May,Spring,2862
xyz,10,11,Solar,71.0,Wednesday,March,Spring,xyz
6/12/2024,7,8,Wind,164.0,Wednesday,June,Summer,2441
02/27/2028,6,7,Wind,354.0,Saturday,December,Winter,-100
7/1/2021,8,9,Solar,182.0,Thursday,July,Summer,1734
1/27/2025,14,15,Wind,27.0,Monday,January,Winter,19423
8/30/2024,6,7,Wind,243.0,Friday,August,Summer,3058
10/13/2020,22,23,Wind,287.0,Tuesday,October,Fall,2605
11/21/2021,8,9,Wind,325.0,Sunday,November,Fall,1094
1/10/2021,9,10,Wind,10.0,Sunday,January,Winter,4271
11/9/2020,23,0,Wind,314.0,Monday,November,Fall,1310
9/13/2024,4,5,Wind,257.0,Friday,September,Fall,5449
6/12/2020,23,0,Wind,164.0,Friday,June,Summer,3843
3/10/2021,7,8,Wind,69.0,Wednesday,March,Spring,4603
3/19/2023,3,4,Wind,78.0,Sunday,March,Spring,2847
10/5/2021,13,14,Wind,278.0,Tuesday,October,Fall,12598
10/26/2025,6,7,Wind,299.0,Sunday,October,Fall,9109
6/25/2023,20,21,Wind,176.0,Sunday,June,Summer,4857
11/3/2024,7,8,Wind,308.0,Sunday,November,Fall,2587
12/28/2023,4,5,Wind,362.0,Thursday,December,Winter,13048
3/17/2022,21,22,Wind,76.0,Thursday,March,Spring,6265
2/28/2023,6,7,Wind,59.0,Tuesday,February,Winter,8877
11/9/2025,3,4,Wind,313.0,Sunday,November,Fall,2658
11/21/2020,19,20,Wind,326.0,Saturday,November,Fall,2696
5/3/2021,13,14,Solar,123.0,Monday,May,Spring,8602
9/11/2025,2,3,Wind,254.0,Thursday,September,Fall,10288
02/27/2028,12,13,Solar,117.0,Thursday,April,Spring,-100
6/9/2024,10,11,Solar,161.0,Sunday,June,Summer,3018
5/12/2025,15,16,Solar,132.0,Monday,May,Spring,4499
11/10/2024,8,9,Wind,315.0,Sunday,November,Fall,1432
8/4/2024,3,4,Wind,217.0,Sunday,August,Summer,2404
11/17/2021,21,22,Wind,321.0,Wednesday,November,Fall,1889
11/11/2021,22,23,Wind,315.0,Thursday,November,Fall,915
2/10/2025,21,22,Wind,41.0,Monday,February,Winter,7611
3/5/2020,5,6,Wind,65.0,Thursday,March,Spring,5118
4/18/2020,5,6,Wind,109.0,Saturday,April,Spring,1771
9/15/2025,3,4,Wind,258.0,Monday,September,Fall,9730
10/30/2022,1,2,Wind,303.0,Sunday,October,Fall,3435
6/7/2022,1,2,Wind,158.0,Tuesday,June,Summer,2190
8/12/2022,21,22,Wind,224.0,Friday,August,,40000
1/5/2023,,3,xyz,5.0,Thursday,January,Winter,10847
10/4/2024,15,16,Solar,278.0,Friday,October,Fall,8165
7/10/2024,11,12,Solar,192.0,Wednesday,July,Summer,8645
7/29/2021,,5,xyz,210.0,Thursday,July,Summer,3765
02/27/2028,19,20,Wind,38.0,Tuesday,February,,-100
9/2/2023,10,11,Solar,245.0,Saturday,September,Fall,4652
02/27/2028,xyz,xyz,Wind,157.0,Tuesday,June,Summer,-100
11/25/2023,10,11,Wind,329.0,Saturday,November,Fall,8044
7/10/2020,4,5,Wind,192.0,Friday,July,Summer,3420
02/27/2028,10,11,xyz,133.0,Sunday,May,Spring,-100
4/21/2025,1,2,Wind,111.0,Monday,April,Spring,4316
11/17/2020,21,22,Wind,322.0,Tuesday,November,Fall,2517
11/12/2023,12,13,Wind,316.0,Sunday,November,Fall,10521
9/22/2022,10,11,Solar,xyz,Thursday,September,Fall,4234
4/23/2024,20,21,Wind,114.0,Tuesday,April,Spring,3896
7/12/2023,9,10,Wind,193.0,Wednesday,July,Summer,5417
6/11/2025,10,11,Solar,162.0,Wednesday,June,Summer,8802
4/24/2021,22,23,Wind,114.0,Saturday,April,Spring,8201
6/24/2023,8,9,Solar,175.0,Saturday,June,Summer,4081
10/8/2022,5,6,Wind,281.0,Saturday,October,Fall,1830
5/16/2024,17,18,Solar,137.0,Thursday,May,Spring,5182
9/14/2020,11,12,Solar,258.0,Monday,September,Fall,4344
11/15/2022,16,17,Wind,319.0,Tuesday,November,Fall,9439
1/22/2024,13,14,Wind,22.0,Monday,January,Winter,18148
2/10/2021,7,8,Wind,41.0,Wednesday,February,Winter,xyz
4/1/2024,0,1,Wind,92.0,Monday,April,Spring,5328
9/27/2025,3,4,Wind,270.0,Saturday,September,Fall,346
2/4/2022,23,0,Wind,35.0,Friday,February,Winter,5024
2/1/2025,9,10,Wind,32.0,Saturday,February,Winter,3876
10/21/2020,16,17,Wind,295.0,Wednesday,October,Fall,13441
9/15/2021,21,22,Wind,258.0,Wednesday,September,Fall,1308
10/28/2020,21,22,Wind,302.0,Wednesday,October,Fall,11785
02/27/2028,5,6,Wind,243.0,Friday,xyz,Summer,xyz
3/23/2025,19,20,Wind,82.0,Sunday,March,Spring,1392
10/23/2022,20,xyz,Wind,296.0,Sunday,October,Fall,40000
5/13/2024,21,22,Wind,134.0,Monday,May,Spring,4279
4/12/2023,6,7,Wind,102.0,Wednesday,April,Spring,9562
4/16/2021,9,xyz,Solar,106.0,Friday,April,Spring,4432
2/15/2025,11,12,Solar,46.0,Saturday,February,Winter,9906
5/19/2020,1,2,Wind,140.0,Tuesday,May,Spring,4542
10/12/2022,13,14,Solar,285.0,Wednesday,October,Fall,4616
6/25/2023,8,9,Solar,176.0,Sunday,June,Summer,3644
11/2/2020,15,16,Wind,307.0,Monday,November,Fall,11177
10/3/2021,6,7,Wind,276.0,Sunday,October,Fall,9299
2/7/2024,0,1,Wind,38.0,Wednesday,February,Winter,16065
1/1/2022,15,16,Wind,1.0,Saturday,January,Winter,4059
3/27/2024,21,22,Wind,87.0,Wednesday,March,Spring,14359
12/16/2023,22,23,Wind,350.0,Saturday,December,Winter,2280
02/27/2028,11,12,Wind,52.0,Sunday,February,Winter,-100
12/1/2023,17,18,Wind,335.0,Friday,December,Winter,5795
11/4/2023,2,3,Wind,308.0,Saturday,November,Fall,10318
6/26/2020,21,22,Wind,178.0,Friday,June,Summer,2437
7/24/2021,21,22,Wind,205.0,Saturday,July,Summer,2313
4/19/2021,3,4,Wind,109.0,Monday,April,Spring,1364
7/30/2021,23,0,Wind,211.0,Friday,July,Summer,7116
12/3/2023,16,17,Wind,337.0,Sunday,December,Winter,8946
12/4/2022,14,,Wind,338.0,Sunday,December,Winter,3545
02/27/2028,7,8,Wind,24.0,xyz,January,Winter,-100
5/25/2021,2,3,Wind,145.0,Tuesday,May,Spring,10234
12/30/2024,19,20,Wind,365.0,Monday,December,Winter,1210
4/19/2025,0,1,Wind,109.0,Saturday,April,Spring,9479
11/29/2020,9,10,Wind,334.0,Sunday,November,Fall,4745
4/26/2022,13,14,Solar,116.0,Tuesday,April,Spring,8008
3/21/2023,23,0,Wind,80.0,Tuesday,March,Spring,9236
10/4/2021,7,8,Wind,277.0,Monday,October,Fall,5317
4/19/2024,21,22,Wind,110.0,Friday,April,Spring,8227
10/7/2024,17,18,Wind,281.0,Monday,October,Fall,7582
1/15/2024,14,15,Wind,15.0,Monday,January,Winter,7168
3/28/2020,16,17,Wind,88.0,Saturday,March,Spring,9020
9/22/2021,12,13,Solar,265.0,Wednesday,September,Fall,5594
3/19/2025,1,2,Wind,78.0,Wednesday,March,Spring,9653
9/4/2024,9,10,Solar,248.0,Wednesday,September,Fall,1903
12/23/2021,11,12,Wind,357.0,Thursday,December,Winter,9421
9/23/2024,3,4,Wind,267.0,Monday,September,Fall,3729
7/17/2025,19,20,Solar,198.0,Thursday,July,Summer,3088
2/28/2025,0,1,Wind,59.0,Friday,February,Winter,4517
4/23/2025,12,13,Wind,113.0,Wednesday,April,Spring,13650
11/28/2021,10,11,Wind,332.0,Sunday,November,Fall,40000
2/24/2022,12,13,Wind,55.0,Thursday,February,Winter,15098
3/21/2025,1,2,Wind,80.0,Friday,March,Spring,7720
11/14/2023,19,20,Wind,318.0,Tuesday,November,Fall,15168
2/10/2024,15,16,Wind,xyz,Saturday,February,Winter,7995
8/15/2024,8,9,Wind,228.0,Thursday,August,Summer,2779
7/25/2020,4,5,Wind,207.0,Saturday,July,Summer,1504
02/27/2028,16,17,Wind,236.0,Sunday,August,Summer,-100
5/21/2023,22,23,Wind,141.0,Sunday,May,Spring,4388
5/19/2024,14,15,Solar,140.0,Sunday,May,Spring,3228
10/20/2021,12,13,Wind,293.0,Wednesday,October,Fall,14403
6/27/2023,12,13,Solar,178.0,Tuesday,June,Summer,40000
1/13/2020,18,19,Wind,13.0,Monday,January,Winter,10883
1/27/2023,2,3,Wind,27.0,Friday,January,Winter,7577
5/12/2021,13,14,Solar,132.0,Wednesday,May,Spring,5958
8/15/2022,23,0,Wind,227.0,Monday,August,Summer,996
9/20/2024,8,9,Wind,264.0,Friday,September,Fall,40000
11/4/2025,10,11,Wind,308.0,Tuesday,November,Fall,13696
3/1/2020,8,9,Wind,61.0,Sunday,March,Spring,9012
1/27/2024,12,13,Solar,27.0,Saturday,January,Winter,5657
5/15/2020,23,0,Wind,136.0,Friday,May,Spring,4868
11/16/2025,17,18,Wind,320.0,Sunday,November,Fall,3616
3/5/2022,6,7,Wind,64.0,Saturday,March,xyz,2219
7/12/2024,15,16,Solar,194.0,Friday,July,Summer,9111
3/25/2025,1,2,Wind,84.0,Tuesday,March,Spring,2404
10/6/2021,14,15,Wind,279.0,Wednesday,October,Fall,12672
7/6/2020,18,19,Wind,188.0,Monday,July,Summer,6563
6/7/2021,4,5,Wind,158.0,Monday,June,Summer,1321
6/20/2023,9,10,Wind,171.0,Tuesday,June,Summer,4732
6/7/2022,4,5,Wind,158.0,Tuesday,June,Summer,2442
7/6/2021,22,23,Wind,187.0,Tuesday,July,Summer,2826
1/22/2025,5,6,Wind,22.0,Wednesday,January,Winter,6237
9/2/2024,17,18,Solar,246.0,Monday,September,Fall,4640
5/26/2022,1,2,Wind,146.0,Thursday,May,Spring,4706
2/16/2021,17,18,Wind,47.0,Tuesday,February,Winter,9090
4/12/2020,12,13,Solar,103.0,Sunday,April,Spring,4180
4/15/2021,4,5,Wind,105.0,Thursday,April,Spring,4758
8/22/2023,20,21,Wind,234.0,Tuesday,August,Summer,1744
1/16/2023,0,1,Wind,16.0,Monday,January,Winter,14516
7/25/2023,14,15,Wind,206.0,Tuesday,July,Summer,10651
9/9/2023,14,15,Solar,252.0,Saturday,September,Fall,7838
2/16/2021,18,19,Wind,47.0,Tuesday,February,Winter,8921
8/20/2024,11,12,Solar,233.0,Tuesday,August,Summer,9842
2/13/2021,12,13,Wind,44.0,Saturday,February,Winter,10486
4/18/2020,23,0,Wind,109.0,Saturday,April,Spring,1375
1/8/2023,6,7,Wind,8.0,Sunday,January,Winter,10761
6/11/2021,17,18,Solar,162.0,Friday,June,Summer,4087
8/11/2021,5,6,Wind,223.0,Wednesday,August,Summer,575
6/16/2025,21,22,Wind,167.0,Monday,June,Summer,2533
6/4/2025,10,11,Solar,155.0,Wednesday,June,Summer,5928
8/3/2024,17,18,Solar,216.0,Saturday,August,Summer,8997
3/29/2020,0,1,Wind,89.0,Sunday,March,Spring,10973
9/2/2020,2,3,Wind,246.0,Wednesday,September,Fall,1804
12/30/2022,3,4,Wind,364.0,Friday,December,Winter,8191
1/23/2025,14,15,Wind,23.0,Thursday,January,Winter,40000
10/24/2024,10,xyz,,298.0,Thursday,October,Fall,40000
7/18/2024,19,20,Solar,200.0,Thursday,July,Summer,2375
11/4/2025,7,8,Wind,308.0,Tuesday,November,Fall,8857
3/22/2020,23,0,Wind,82.0,Sunday,March,Spring,9104
8/21/2021,2,3,Wind,233.0,Saturday,August,Summer,1516
11/13/2022,0,1,Wind,317.0,Sunday,November,Fall,2719
02/27/2028,10,11,Solar,225.0,,August,Summer,xyz
12/12/2021,10,11,Wind,346.0,Sunday,December,Winter,5779
6/27/2023,17,18,Solar,178.0,Tuesday,June,Summer,6273
8/23/2022,10,11,Solar,235.0,Tuesday,August,Summer,4308
5/15/2021,22,23,Wind,135.0,Saturday,May,Spring,4772
6/25/2023,6,7,Wind,176.0,Sunday,June,Summer,2402
12/11/2024,7,8,Wind,346.0,Wednesday,December,Winter,5947
10/20/2025,8,9,Wind,293.0,Monday,October,Fall,12179
7/7/2023,7,8,Wind,188.0,Friday,July,Summer,4718
9/2/2022,21,22,Wind,245.0,Friday,September,Fall,930
8/6/2022,20,21,Wind,218.0,Saturday,August,Summer,6169
11/2/2024,16,17,Wind,307.0,Saturday,November,Fall,4238
7/19/2022,18,19,Wind,200.0,Tuesday,July,Summer,7220
1/10/2024,4,5,Wind,10.0,Wednesday,January,Winter,2435
6/8/2024,12,13,Solar,160.0,Saturday,June,Summer,3897
6/3/2025,7,8,Wind,154.0,Tuesday,June,Summer,4883
8/15/2022,18,19,xyz,227.0,Monday,August,,40000
6/19/2025,9,10,Solar,170.0,Thursday,June,Summer,6322
3/28/2023,18,19,Wind,87.0,Tuesday,March,Spring,7317
1/8/2021,1,2,Wind,8.0,Friday,January,Winter,1492
5/22/2022,22,23,Wind,142.0,Sunday,May,Spring,2837
11/27/2025,1,2,Wind,331.0,Thursday,November,Fall,5305
5/23/2021,3,4,Wind,143.0,Sunday,May,Spring,6350
4/17/2020,13,14,Solar,108.0,Friday,April,Spring,4487
2/3/2025,13,14,,34.0,Monday,February,Winter,6780
2/18/2023,21,22,Wind,49.0,Saturday,February,Winter,7545
3/3/2024,8,9,Wind,63.0,Sunday,March,Spring,3551
8/20/2024,19,20,Wind,233.0,Tuesday,August,Summer,8135
11/7/2024,3,4,Wind,312.0,Thursday,November,Fall,2183
6/25/2023,23,0,Wind,176.0,Sunday,June,Summer,5495
1/16/2024,21,22,Wind,16.0,Tuesday,January,Winter,4220
5/12/2025,7,8,Wind,132.0,Monday,May,Spring,2574
1/5/2020,13,14,Solar,5.0,Sunday,January,Winter,3227
2/16/2025,13,14,Solar,47.0,Sunday,February,Winter,8695
02/27/2028,17,18,Wind,302.0,Wednesday,xyz,Fall,-100
8/14/2023,4,5,Wind,226.0,Monday,August,Summer,2471
10/16/2022,21,22,Wind,289.0,Sunday,October,Fall,8042
7/29/2021,1,2,Wind,210.0,Thursday,July,Summer,5452
xyz,8,9,Wind,87.0,Monday,March,Spring,2353
10/18/2020,7,8,Wind,292.0,Sunday,October,Fall,874
2/29/2020,22,23,Wind,60.0,Saturday,February,Winter,11719
5/24/2025,5,6,Wind,144.0,Saturday,May,Spring,4252
10/31/2024,15,16,Solar,305.0,Thursday,October,Fall,3330
10/4/2020,23,0,Wind,278.0,Sunday,October,Fall,11025
9/3/2022,4,5,Wind,246.0,Saturday,September,Fall,1541
11/26/2021,23,0,Wind,330.0,Friday,November,Fall,7892
12/30/2020,3,4,Wind,365.0,Wednesday,December,Winter,xyz
12/14/2023,21,22,Wind,348.0,Thursday,December,Winter,3544
1/21/2025,18,19,Wind,21.0,Tuesday,January,Winter,4885
02/27/2028,0,1,,49.0,xyz,February,Winter,-100
3/5/2025,23,0,Wind,xyz,Wednesday,March,Spring,40000
6/30/2020,9,10,Wind,182.0,Tuesday,June,Summer,5770
5/26/2024,19,20,Wind,147.0,Sunday,May,Spring,5791
2/27/2025,8,9,Wind,58.0,Thursday,February,Winter,5552
02/27/2028,20,21,Wind,21.0,Thursday,xyz,Winter,-100
12/23/2020,16,17,Wind,358.0,Wednesday,December,Winter,11884
4/28/2020,8,9,Wind,119.0,Tuesday,April,Spring,5091
1/8/2020,7,8,Wind,8.0,Wednesday,January,Winter,4945
2/26/2023,15,16,Wind,57.0,Sunday,February,Winter,21394
5/14/2020,20,21,Wind,135.0,Thursday,May,Spring,8848
12/4/2022,12,13,Wind,338.0,Sunday,December,Winter,4087
4/27/2024,4,5,Wind,118.0,Saturday,April,Spring,4671
8/14/2022,7,8,Wind,226.0,Sunday,August,Summer,3657
8/16/2021,20,21,Wind,228.0,Monday,August,Summer,4412
3/5/2024,4,5,Wind,65.0,Tuesday,March,Spring,5621
3/6/2025,14,15,Wind,65.0,Thursday,March,Spring,15379
2/1/2023,1,2,Wind,32.0,Wednesday,February,Winter,7200
7/5/2022,8,9,Solar,186.0,Tuesday,July,Summer,2721
2/15/2023,3,4,Wind,46.0,Wednesday,February,Winter,4714
7/29/2024,5,6,Wind,211.0,Monday,July,Summer,4922
8/7/2022,9,10,Solar,219.0,Sunday,August,Summer,6349
11/22/2023,18,,Wind,326.0,Wednesday,November,xyz,3725
8/7/2024,18,19,Solar,220.0,Wednesday,August,Summer,6011
11/7/2023,19,20,Wind,311.0,Tuesday,November,Fall,xyz
3/14/2025,9,10,Solar,73.0,Friday,March,Spring,4491
9/12/2024,23,0,Wind,256.0,Thursday,September,Fall,3991
6/23/2023,8,9,Solar,174.0,Friday,June,Summer,2821
02/27/2028,6,7,Wind,362.0,xyz,December,Winter,40000
7/6/2022,11,12,Solar,187.0,Wednesday,July,Summer,7054
7/23/2020,9,10,Solar,205.0,Thursday,July,Summer,1955
11/12/2021,1,2,Wind,316.0,Friday,November,Fall,940
2/10/2022,2,3,Wind,41.0,Thursday,February,Winter,4229
1/20/2021,10,11,Wind,20.0,Wednesday,January,Winter,13330
4/8/2021,2,3,Wind,98.0,Thursday,April,Spring,710
9/25/2020,5,6,Wind,269.0,Friday,September,Fall,10270
4/1/2020,20,21,Wind,92.0,Wednesday,April,Spring,2992
4/21/2020,8,9,Wind,112.0,Tuesday,April,Spring,5158
1/20/2023,3,4,Wind,20.0,Friday,xyz,Winter,
8/7/2022,17,18,Wind,219.0,Sunday,August,Summer,9618
4/17/2020,7,8,Wind,108.0,Friday,April,Spring,2773
4/7/2024,17,18,Wind,98.0,Sunday,April,Spring,7127
7/9/2025,1,2,Wind,190.0,Wednesday,July,Summer,2054
3/11/2025,7,8,Wind,70.0,Tuesday,March,Spring,3373
9/16/2023,5,6,Wind,259.0,Saturday,September,Fall,2867
3/12/2021,14,15,Wind,71.0,Friday,March,Spring,17010
3/31/2023,17,18,Wind,90.0,Friday,March,Spring,20113
4/10/2025,8,9,Wind,100.0,Thursday,April,Spring,7929
5/29/2020,17,18,Wind,150.0,Friday,May,Spring,7002
5/5/2025,11,12,Wind,125.0,Monday,May,Spring,14210
11/16/2021,13,14,Solar,320.0,Tuesday,November,Fall,2084
6/7/2021,3,4,Wind,158.0,Monday,June,Summer,1330
4/29/2023,11,12,Solar,119.0,Saturday,April,Spring,3929
7/13/2021,16,17,Wind,194.0,Tuesday,July,Summer,8166
3/22/2025,22,23,Wind,81.0,Saturday,March,Spring,4804
11/15/2021,9,10,Wind,319.0,Monday,November,Fall,3938
11/24/2024,2,3,Wind,329.0,Sunday,November,Fall,18487
1/23/2023,7,8,Wind,23.0,Monday,January,Winter,4553
10/5/2023,22,23,Wind,278.0,Thursday,October,Fall,1136
2/6/2024,7,8,Wind,37.0,Tuesday,xyz,Winter,11644
6/2/2020,17,18,Solar,154.0,Tuesday,June,Summer,2981
8/4/2024,4,5,Wind,217.0,Sunday,August,Summer,2341
6/24/2024,9,10,Solar,176.0,Monday,June,Summer,5643
4/8/2023,11,12,Solar,98.0,Saturday,April,Spring,7922
11/22/2021,5,6,Wind,326.0,Monday,November,Fall,8776
5/5/2024,19,20,Wind,126.0,Sunday,May,Spring,2312
2/4/2020,9,10,Wind,35.0,Tuesday,February,Winter,11634
4/27/2021,4,5,Wind,117.0,Tuesday,April,Spring,4324
2/28/2024,23,0,Wind,59.0,Wednesday,February,Winter,7385
xyz,18,19,Wind,211.0,Sunday,July,Summer,40000
02/27/2028,15,16,Solar,222.0,Thursday,August,Summer,-100
3/10/2021,11,12,Wind,69.0,Wednesday,March,Spring,10632
5/5/2021,xyz,16,Wind,125.0,Wednesday,May,Spring,12095
3/5/2023,18,19,Wind,64.0,Sunday,March,Spring,785
8/30/2022,21,22,Wind,242.0,Tuesday,August,Summer,3198
10/10/2020,3,4,Wind,284.0,Saturday,October,Fall,2694
5/9/2021,23,0,Wind,129.0,Sunday,May,Spring,7206
2/28/2023,0,1,Wind,59.0,Tuesday,February,Winter,9591
2/6/2023,17,18,Wind,37.0,Monday,February,Winter,6215
2/7/2025,2,3,xyz,38.0,Friday,February,Winter,xyz
2/27/2020,2,3,Wind,58.0,Thursday,February,Winter,5480
4/17/2025,14,15,Solar,107.0,Thursday,April,Spring,8344
7/25/2023,23,0,Wind,206.0,Tuesday,July,Summer,2930
7/24/2020,1,2,Wind,206.0,Friday,July,Summer,1752
02/27/2028,20,21,Wind,356.0,xyz,December,Winter,40000
10/28/2024,8,9,Wind,302.0,Monday,October,Fall,2551
8/30/2023,10,11,Solar,242.0,Wednesday,August,Summer,6687
5/3/2025,19,20,Wind,123.0,Saturday,May,Spring,5452
9/13/2025,9,10,Wind,256.0,Saturday,September,Fall,9626
4/17/2020,23,0,Wind,108.0,Friday,April,Spring,2134
1/15/2024,13,14,Wind,15.0,Monday,January,Winter,7206
4/29/2020,17,18,Wind,120.0,Wednesday,April,Spring,9957
3/4/2021,23,0,Wind,63.0,Thursday,March,Spring,3106
4/24/2020,21,22,Wind,115.0,Friday,April,Spring,1882
4/3/2025,15,16,Wind,93.0,Thursday,April,Spring,7485
9/3/2023,3,4,Wind,246.0,Sunday,September,Fall,3468
11/18/2025,4,5,Wind,322.0,Tuesday,November,Fall,2445
5/1/2021,13,14,Solar,121.0,,May,Spring,40000
10/2/2023,7,8,Wind,275.0,Monday,October,Fall,3076
1/23/2020,10,11,Wind,23.0,Thursday,January,Winter,5033
7/16/2025,11,12,Solar,197.0,Wednesday,July,Summer,14857
3/15/2023,3,4,Wind,74.0,Wednesday,March,Spring,4313
7/29/2020,3,4,Wind,211.0,Wednesday,July,Summer,2180
4/3/2024,16,17,Wind,94.0,Wednesday,April,Spring,18507
10/16/2023,13,14,Wind,289.0,Monday,October,Fall,11141
1/15/2023,0,1,Wind,15.0,Sunday,January,Winter,10302
2/14/2023,3,4,Wind,45.0,Tuesday,February,Winter,2356
6/12/2023,,2,Wind,163.0,Monday,June,Summer,1581
6/9/2022,8,9,Wind,160.0,Thursday,June,Summer,5039
xyz,2,3,Wind,74.0,Saturday,March,Spring,40000
1/15/2025,6,7,Wind,15.0,Wednesday,January,Winter,2896
5/1/2025,13,14,Solar,121.0,Thursday,May,Spring,5349
5/22/2023,8,9,Solar,142.0,Monday,May,Spring,2824
3/23/2022,0,1,Wind,82.0,Wednesday,March,Spring,3975
4/15/2024,14,15,Wind,106.0,Monday,April,Spring,12828
8/23/2025,2,3,Wind,235.0,Saturday,August,Summer,1949
8/3/2024,2,3,Wind,216.0,Saturday,August,Summer,3757
1/20/2022,22,23,Wind,20.0,Thursday,January,Winter,
5/9/2020,16,17,Solar,130.0,Saturday,May,Spring,3228
02/27/2028,15,xyz,Wind,57.0,Friday,February,Winter,-100
4/2/2024,15,16,Wind,93.0,Tuesday,April,Spring,19326
02/27/2028,15,16,Wind,47.0,Tuesday,February,Winter,-100
6/20/2022,16,17,Solar,171.0,Monday,June,Summer,7206
6/9/2023,3,4,Wind,160.0,Friday,June,Summer,5156
10/8/2025,20,21,Wind,281.0,Wednesday,October,Fall,2052
11/2/2025,18,19,Wind,306.0,Sunday,November,Fall,9566
11/23/2023,4,5,Wind,327.0,Thursday,November,Fall,2895
11/13/2024,3,4,Wind,318.0,Wednesday,November,Fall,6881
2/3/2023,14,15,Wind,34.0,Friday,February,Winter,10664
2/8/2021,6,7,Wind,39.0,Monday,February,Winter,1016
12/5/2023,7,8,Wind,339.0,Tuesday,December,Winter,11942
10/18/2022,1,2,Wind,291.0,Tuesday,October,Fall,1501
02/27/2028,12,13,Wind,96.0,Friday,April,Spring,-100
3/12/2025,19,20,Wind,71.0,Wednesday,March,Spring,2649
6/28/2024,21,22,Wind,180.0,Friday,June,Summer,2039
7/30/2025,1,2,Wind,211.0,Wednesday,July,Summer,1827
6/21/2025,22,23,Wind,172.0,Saturday,June,Summer,4069
9/30/2020,1,2,Wind,274.0,Wednesday,September,Fall,629
5/21/2022,20,21,Wind,141.0,Saturday,May,Spring,1235
7/13/2024,3,4,Wind,195.0,Saturday,July,Summer,1074
12/30/2021,0,1,Wind,364.0,Thursday,December,Winter,9917
11/7/2025,9,10,Wind,311.0,Friday,November,Fall,5578
8/3/2020,5,6,Wind,216.0,Monday,August,Summer,1688
7/15/2021,11,12,Wind,196.0,Thursday,July,Summer,8500
11/12/2025,14,15,Wind,316.0,Wednesday,November,Fall,13207
1/19/2024,18,19,Wind,19.0,Friday,January,Winter,2653
10/23/2024,4,5,Wind,297.0,Wednesday,xyz,Fall,40000
02/27/2028,1,2,Wind,26.0,,January,Winter,-100
02/27/2028,23,0,Wind,291.0,Thursday,xyz,Fall,-100
1/24/2020,20,21,Wind,24.0,Friday,January,Winter,494
1/1/2021,8,9,Wind,1.0,Friday,January,Winter,1156
4/4/2020,20,21,Wind,95.0,Saturday,April,Spring,3458
4/7/2021,7,8,Wind,97.0,Wednesday,April,Spring,4302
10/16/2021,0,1,Wind,289.0,Saturday,October,Fall,1688
5/29/2021,16,17,Solar,149.0,Saturday,May,Spring,6176
4/22/2023,20,21,Wind,112.0,Saturday,April,Spring,4455
6/22/2022,21,22,Wind,173.0,Wednesday,June,Summer,1398
7/4/2025,23,0,Wind,185.0,Friday,July,Summer,3495
9/11/2025,21,22,Wind,254.0,Thursday,September,Fall,10242
8/27/2024,20,21,Wind,240.0,Tuesday,August,Summer,1426
11/30/2022,4,5,Wind,334.0,Wednesday,November,Fall,1097
2/24/2020,12,13,Wind,55.0,Monday,February,Winter,13213
xyz,10,11,Wind,84.0,Tuesday,March,Spring,-100
12/7/2020,7,8,Wind,342.0,Monday,December,Winter,1252
12/6/2024,16,17,Wind,341.0,Friday,,Winter,6151
9/28/2021,8,9,Wind,271.0,Tuesday,September,Fall,1939
2/7/2020,19,20,Wind,38.0,Friday,February,Winter,5310
4/3/2021,4,5,Wind,93.0,Saturday,April,Spring,7614
7/26/2025,6,7,Wind,207.0,Saturday,July,Summer,2405
02/27/2028,3,xyz,Wind,345.0,Sunday,December,Winter,-100
11/23/2021,11,12,Wind,327.0,Tuesday,November,Fall,9443
02/27/2028,xyz,15,Wind,305.0,Monday,November,Fall,-100
xyz,12,13,Solar,306.0,Friday,November,Fall,5595
7/6/2024,12,13,Wind,188.0,Saturday,July,Summer,9104
4/22/2021,1,2,Wind,112.0,Thursday,April,Spring,6195
9/27/2020,3,4,Wind,271.0,Sunday,September,Fall,9898
12/31/2021,20,21,Wind,365.0,Friday,December,Winter,3687
7/25/2020,13,xyz,Wind,207.0,xyz,July,Summer,40000
5/9/2024,14,15,Solar,130.0,Thursday,May,Spring,5851
11/23/2024,22,23,Wind,328.0,Saturday,November,Fall,18709
xyz,13,14,Wind,,Saturday,May,xyz,7115
5/3/2022,16,17,Solar,,Tuesday,May,Spring,4952
3/28/2023,0,1,Wind,87.0,Tuesday,March,Spring,2137
3/20/2022,16,17,Wind,79.0,Sunday,March,Spring,3857
4/11/2025,19,20,Wind,101.0,Friday,April,Spring,4371
3/11/2020,5,6,Wind,71.0,Wednesday,March,Spring,10173
10/25/2025,2,3,Wind,298.0,Saturday,October,Fall,14292
12/5/2021,6,7,Wind,339.0,Sunday,December,Winter,7157
11/7/2025,17,18,Wind,311.0,Friday,November,Fall,3199
1/25/2025,23,0,Wind,25.0,Saturday,January,Winter,9600
2/24/2023,19,20,Wind,55.0,Friday,February,Winter,3387
10/6/2020,14,15,Wind,280.0,Tuesday,October,Fall,12452
5/25/2021,1,2,Wind,145.0,Tuesday,May,Spring,10022
11/24/2022,22,23,Wind,328.0,Thursday,November,Fall,9679
4/21/2022,5,6,Wind,111.0,Thursday,April,Spring,3446
10/27/2024,2,3,Wind,301.0,Sunday,October,Fall,1601
8/30/2022,8,9,Wind,242.0,Tuesday,August,Summer,2984
1/29/2022,7,8,Wind,29.0,Saturday,January,Winter,6676
3/12/2020,19,20,Wind,72.0,Thursday,March,Spring,8176
4/20/2025,22,23,xyz,110.0,Sunday,April,Spring,4179
02/27/2028,18,xyz,Wind,11.0,Saturday,January,Winter,xyz
11/2/2020,11,12,Wind,307.0,Monday,November,Fall,12961
9/17/2023,5,6,Wind,260.0,Sunday,September,Fall,2822
xyz,16,17,Wind,67.0,Saturday,March,Spring,5044
1/15/2024,22,23,Wind,15.0,Monday,January,Winter,2397
2/12/2024,18,19,Wind,43.0,Monday,February,Winter,2605
8/8/2024,19,20,Wind,221.0,Thursday,August,Summer,3722
7/4/2022,7,8,Wind,185.0,Monday,July,Summer,1980
8/24/2022,9,10,Solar,236.0,Wednesday,August,Summer,3273
1/20/2025,12,13,Solar,20.0,Monday,January,Winter,3570
5/25/2024,7,8,Solar,146.0,Saturday,May,Spring,1186
8/22/2024,16,17,Solar,235.0,Thursday,August,Summer,12934
xyz,15,16,Wind,217.0,Tuesday,xyz,Summer,7779
4/15/2022,19,20,Wind,105.0,Friday,April,Spring,3442
5/14/2024,20,21,Wind,135.0,Tuesday,May,Spring,4232
8/15/2023,5,6,Wind,227.0,Tuesday,August,Summer,1007
4/18/2022,8,9,Wind,108.0,Monday,April,Spring,2822
3/2/2021,13,14,Solar,61.0,Tuesday,March,Spring,4018
8/1/2020,12,13,Solar,214.0,Saturday,August,Summer,3907
5/21/2022,17,18,Solar,141.0,Saturday,May,Spring,4001
11/15/2022,8,9,Wind,319.0,Tuesday,November,Fall,10336
7/9/2020,20,21,Wind,191.0,Thursday,July,Summer,3587
7/20/2023,13,14,Solar,201.0,Thursday,July,Summer,7181
7/15/2020,5,6,Wind,197.0,Wednesday,July,Summer,1367
11/16/2021,14,15,Solar,320.0,Tuesday,,Fall,1816
9/15/2021,0,1,Wind,258.0,Wednesday,September,Fall,3182
6/7/2021,21,22,Wind,158.0,Monday,June,Summer,1271
1/15/2025,2,3,Wind,15.0,Wednesday,January,Winter,2626
9/18/2021,19,20,Wind,261.0,Saturday,September,Fall,1680
1/30/2024,17,18,Wind,30.0,Tuesday,January,Winter,2082
6/11/2021,15,16,Solar,162.0,Friday,June,Summer,5090
11/25/2021,22,23,Wind,329.0,Thursday,November,Fall,2907
3/7/2020,14,15,Wind,67.0,Saturday,March,Spring,5745
11/18/2025,8,9,Wind,322.0,Tuesday,November,Fall,2641
3/3/2022,13,14,Solar,62.0,Thursday,March,Spring,4021
xyz,6,7,Wind,84.0,Friday,March,xyz,4049
9/16/2021,3,4,Wind,259.0,Thursday,September,Fall,705
3/31/2022,8,9,Wind,90.0,Thursday,March,Spring,5840
11/18/2020,20,21,Wind,323.0,Wednesday,November,Fall,7864
6/23/2021,12,13,Solar,174.0,Wednesday,June,Summer,4117
12/7/2023,21,22,Wind,341.0,xyz,December,Winter,40000
1/29/2022,14,15,Wind,29.0,Saturday,January,Winter,11570
8/4/2025,14,15,Solar,216.0,Monday,August,Summer,13128
8/11/2025,15,16,Solar,223.0,Monday,August,Summer,10946
12/16/2020,12,13,Wind,351.0,Wednesday,December,Winter,7991
4/5/2021,20,21,Wind,95.0,Monday,April,Spring,6374
9/29/2024,6,7,Wind,273.0,Sunday,September,Fall,4954
12/12/2022,8,9,Wind,xyz,,December,Winter,1526
1/16/2022,,15,Wind,16.0,Sunday,January,Winter,xyz
xyz,8,9,Wind,72.0,Sunday,March,Spring,9434
5/12/2025,6,7,Wind,132.0,Monday,May,Spring,1873
2/4/2021,16,17,Wind,35.0,Thursday,February,Winter,2880
7/31/2025,5,6,Wind,212.0,Thursday,July,Summer,2365
8/13/2021,20,xyz,Wind,225.0,Friday,August,Summer,952
5/11/2025,2,3,Wind,131.0,Sunday,May,Spring,6990
5/18/2021,6,7,Wind,138.0,Tuesday,May,Spring,3514
10/26/2020,4,5,Wind,300.0,Monday,October,Fall,5682
4/13/2023,23,0,Wind,103.0,Thursday,April,Spring,3976
10/30/2021,3,4,Wind,303.0,Saturday,October,Fall,8234
3/29/2025,17,18,Wind,88.0,Saturday,March,Spring,8730
02/27/2028,3,4,Wind,47.0,Sunday,February,Winter,-100
7/12/2020,7,8,Wind,194.0,Sunday,July,Summer,3561
6/22/2024,6,7,Wind,174.0,Saturday,June,,6121
3/7/2022,13,14,Wind,66.0,Monday,March,Spring,10979
4/15/2022,14,15,Solar,105.0,Friday,April,Spring,6806
3/2/2025,19,20,Wind,61.0,Sunday,March,Spring,5437
8/3/2022,2,3,Wind,215.0,Wednesday,August,Summer,1008
3/29/2024,8,9,Wind,89.0,Friday,March,Spring,11038
9/18/2025,21,22,Wind,261.0,Thursday,September,Fall,722
5/16/2020,19,20,Wind,137.0,Saturday,May,Spring,3474
6/6/2025,15,16,Wind,157.0,Friday,June,Summer,7704
9/3/2024,10,11,Solar,247.0,Tuesday,September,Fall,3658
7/10/2025,8,9,Solar,191.0,Thursday,July,Summer,4088
11/26/2022,1,2,Wind,330.0,Saturday,November,Fall,2471
9/13/2021,4,xyz,Wind,256.0,xyz,September,Fall,2166
4/28/2021,12,13,Solar,118.0,Wednesday,April,Spring,3252
1/18/2022,12,13,Wind,18.0,Tuesday,January,Winter,5479
8/6/2020,6,7,Wind,219.0,Thursday,August,Summer,1190
5/20/2023,23,0,Wind,140.0,Saturday,May,xyz,6857
3/25/2024,7,8,Wind,85.0,Monday,March,Spring,5625
4/6/2023,19,20,Wind,96.0,Thursday,April,Spring,5981
11/21/2025,23,0,Wind,325.0,Friday,November,Fall,3271
12/17/2023,8,9,Wind,351.0,Sunday,December,Winter,3154
8/30/2020,8,9,Wind,243.0,Sunday,August,Summer,3701
12/28/2020,8,9,Wind,363.0,Monday,December,Winter,6848
02/27/2028,22,23,Wind,21.0,Thursday,January,Winter,-100
5/5/2022,9,10,Solar,125.0,Thursday,May,Spring,3388
8/22/2025,23,0,Wind,234.0,Friday,August,xyz,40000
4/6/2021,6,7,Wind,96.0,Tuesday,April,Spring,4493
7/23/2025,11,12,Solar,204.0,Wednesday,July,Summer,6079
4/24/2020,7,8,Wind,115.0,Friday,April,Spring,656
1/19/2024,7,8,Wind,19.0,Friday,January,Winter,1867
10/20/2020,21,22,Wind,294.0,Tuesday,October,Fall,8884
3/31/2024,17,18,Wind,91.0,Sunday,March,Spring,10172
1/7/2021,11,12,Solar,7.0,Thursday,January,Winter,2247
2/21/2020,21,22,Wind,52.0,Friday,February,Winter,6554
9/24/2020,0,1,Wind,268.0,Thursday,September,Fall,6985
4/18/2021,3,4,Wind,108.0,Sunday,April,Spring,4040
10/24/2025,22,23,Wind,297.0,Friday,October,Fall,13587
7/25/2020,21,22,Wind,207.0,Saturday,July,Summer,4403
9/12/2023,22,23,Wind,255.0,Tuesday,September,Fall,1324
4/30/2023,15,16,Solar,120.0,Sunday,April,Spring,7084
11/24/2023,15,16,Wind,328.0,Friday,November,Fall,13002
10/22/2025,9,10,Wind,295.0,Wednesday,October,Fall,4206
12/24/2022,8,9,Wind,358.0,Saturday,December,Winter,5971
xyz,,6,Wind,352.0,Saturday,December,Winter,5988
3/6/2021,7,8,Wind,65.0,Saturday,March,Spring,6253
02/27/2028,13,14,Solar,151.0,Tuesday,May,Spring,40000
4/25/2022,13,14,Solar,115.0,Monday,April,Spring,6728
7/3/2021,10,11,Solar,184.0,Saturday,July,Summer,3215
10/27/2022,5,6,Wind,300.0,Thursday,October,Fall,7119
10/1/2024,19,20,Wind,275.0,Tuesday,October,Fall,3973
5/12/2025,12,13,Solar,132.0,Monday,May,Spring,4365
11/24/2020,11,12,Wind,329.0,Tuesday,November,Fall,4260
5/20/2023,1,2,Wind,140.0,Saturday,May,Spring,7385
8/19/2022,10,11,Solar,231.0,Friday,August,Summer,5394
5/9/2021,18,19,Wind,129.0,Sunday,May,Spring,10830
4/30/2025,7,8,Wind,120.0,Wednesday,April,Spring,4099
6/22/2025,15,16,Solar,173.0,Sunday,June,Summer,5716
1/19/2023,15,16,Wind,19.0,Thursday,January,Winter,3007
10/11/2020,20,21,Wind,285.0,Sunday,October,Fall,4225
9/30/2021,10,11,Solar,273.0,Thursday,September,Fall,4610
7/23/2023,23,0,Wind,204.0,Sunday,July,Summer,3652
5/1/2024,1,2,Wind,122.0,Wednesday,May,Spring,2571
6/5/2021,16,17,Solar,156.0,Saturday,June,Summer,5221
9/22/2021,17,18,Solar,265.0,Wednesday,September,Fall,3240
11/13/2022,7,8,Wind,317.0,Sunday,November,Fall,2224
8/21/2021,20,21,Wind,233.0,Saturday,August,Summer,2079
10/26/2025,20,21,Wind,299.0,Sunday,October,Fall,13117
3/4/2021,15,16,Wind,63.0,Thursday,March,Spring,4046
8/15/2022,2,3,Wind,227.0,Monday,August,Summer,2162
8/25/2024,21,22,Wind,238.0,Sunday,August,Summer,2201
02/27/2028,17,18,Wind,307.0,Monday,November,Fall,-100
1/22/2021,5,6,Wind,22.0,Friday,January,Winter,5134
6/3/2024,7,8,Wind,155.0,Monday,June,Summer,2490
1/4/2025,20,21,Wind,4.0,Saturday,January,Winter,xyz
10/24/2025,7,8,Wind,297.0,Friday,October,Fall,12738
12/1/2021,2,3,Wind,335.0,Wednesday,December,Winter,13548
6/27/2023,0,1,Wind,178.0,Tuesday,June,Summer,3787
7/27/2025,13,14,Solar,208.0,Sunday,July,Summer,10430
10/15/2020,3,4,Wind,289.0,Thursday,October,Fall,4355
8/28/2024,5,6,Wind,241.0,Wednesday,August,Summer,2038
1/26/2024,21,22,Wind,26.0,Friday,January,Winter,2131
4/6/2021,18,19,Wind,96.0,Tuesday,April,Spring,9673
3/21/2025,12,13,Wind,80.0,Friday,,Spring,40000
8/29/2021,20,21,Wind,241.0,Sunday,August,Summer,3702
10/19/2025,13,14,Wind,292.0,Sunday,October,Fall,11568
1/14/2024,5,6,Wind,14.0,Sunday,January,Winter,578
9/4/2022,12,13,Solar,247.0,Sunday,September,Fall,40000
7/12/2023,13,14,Solar,193.0,Wednesday,July,Summer,9503
10/30/2025,12,13,Solar,303.0,Thursday,October,Fall,10118
6/2/2025,12,13,Solar,153.0,Monday,June,Summer,6101
7/5/2024,18,19,Solar,187.0,Friday,July,Summer,7239
12/17/2023,0,1,Wind,351.0,Sunday,December,Winter,1640
10/21/2024,13,14,Solar,295.0,Monday,October,Fall,8695
9/14/2022,10,11,Solar,257.0,Wednesday,September,Fall,4304
10/20/2023,23,0,Wind,293.0,Friday,October,Fall,11266
8/11/2020,9,10,Solar,224.0,Tuesday,August,Summer,1669
02/27/2028,9,10,xyz,335.0,,December,Winter,-100
10/19/2023,0,1,Wind,292.0,Thursday,October,Fall,11174
8/19/2022,14,15,Solar,231.0,Friday,August,Summer,8504
2/17/2022,7,8,Wind,48.0,Thursday,February,Winter,14549
9/16/2023,6,,Wind,259.0,Saturday,September,Fall,40000
8/29/2022,11,12,Solar,241.0,Monday,August,Summer,7568
2/9/2024,8,9,Wind,40.0,Friday,February,Winter,15076
6/30/2020,20,21,Wind,182.0,Tuesday,June,Summer,3257
11/12/2020,10,11,Wind,317.0,Thursday,November,Fall,5154
10/23/2021,3,4,Wind,296.0,Saturday,October,Fall,1410
2/7/2021,22,xyz,Wind,38.0,,February,Winter,40000
2/23/2020,18,19,Wind,54.0,Sunday,February,Winter,10692
12/8/2021,16,17,Wind,342.0,Wednesday,December,Winter,4339
12/5/2020,11,12,Wind,340.0,Saturday,December,Winter,6599
3/2/2021,23,0,Wind,61.0,Tuesday,March,Spring,2559
10/8/2021,20,21,Wind,281.0,Friday,October,Fall,5371
8/31/2020,4,5,Wind,244.0,Monday,August,Summer,2577
2/6/2024,6,7,Wind,37.0,Tuesday,February,Winter,10806
4/26/2025,13,14,Solar,116.0,Saturday,April,Spring,4635
2/15/2022,17,18,Wind,46.0,Tuesday,February,Winter,12711
12/23/2022,14,15,Wind,357.0,Friday,December,Winter,16889
10/10/2025,19,20,Wind,283.0,Friday,October,Fall,3099
5/5/2023,16,xyz,Solar,125.0,Friday,May,Spring,7585
10/1/2022,13,14,Wind,274.0,Saturday,October,Fall,14665
2/10/2025,0,1,Wind,41.0,Monday,February,Winter,2987
1/8/2022,22,23,Wind,8.0,Saturday,January,Winter,14732
5/10/2024,11,12,Solar,131.0,Friday,May,Spring,9998
12/16/2023,17,18,Wind,350.0,Saturday,December,Winter,2164
1/31/2025,13,14,Wind,31.0,Friday,January,Winter,9343
10/24/2024,12,13,Solar,298.0,Thursday,October,Fall,8313
11/9/2024,23,0,Wind,314.0,Saturday,November,Fall,668
1/1/2022,20,21,Wind,1.0,Saturday,January,Winter,5322
7/5/2025,0,1,Wind,186.0,Saturday,July,Summer,3431
02/27/2028,0,1,Wind,163.0,Sunday,June,Summer,-100
7/4/2021,14,15,Wind,185.0,Sunday,July,Summer,7700
9/7/2021,15,16,Solar,250.0,Tuesday,September,Fall,7515
8/23/2025,12,13,Solar,235.0,Saturday,August,Summer,10197
12/18/2023,7,8,Wind,352.0,Monday,December,Winter,2115
6/3/2023,9,10,Solar,154.0,Saturday,June,Summer,5962
3/30/2025,22,23,Wind,89.0,Sunday,March,Spring,5827
11/24/2022,16,17,Wind,328.0,Thursday,November,Fall,9331
2/9/2025,6,7,Wind,40.0,Sunday,February,Winter,2925
7/20/2025,3,4,Wind,201.0,Sunday,July,Summer,4281
8/1/2025,22,23,Wind,213.0,Friday,August,Summer,4077
7/21/2024,18,19,Wind,203.0,Sunday,July,Summer,8108
10/21/2022,20,21,Wind,294.0,Friday,October,Fall,6966
1/16/2022,18,19,Wind,16.0,Sunday,January,Winter,2460
10/30/2025,8,9,Wind,303.0,Thursday,October,Fall,5776
12/28/2022,14,15,Wind,362.0,Wednesday,December,Winter,16379
1/25/2024,21,22,Wind,25.0,Thursday,January,Winter,6201
4/3/2025,18,19,Wind,93.0,Thursday,April,Spring,7426
2/11/2024,9,10,Wind,42.0,Sunday,February,Winter,12554
11/25/2024,5,6,Wind,330.0,Monday,November,Fall,15676
5/1/2021,1,2,Wind,121.0,Saturday,May,Spring,1591
6/24/2025,17,18,Solar,175.0,Tuesday,June,Summer,8652
2/19/2025,18,19,Wind,50.0,Wednesday,February,Winter,4946
2/21/2023,18,19,Wind,52.0,Tuesday,February,xyz,
9/9/2025,10,11,Solar,252.0,Tuesday,September,Fall,5890
11/12/2025,5,6,Wind,316.0,Wednesday,November,Fall,12178
10/18/2024,20,21,Wind,292.0,Friday,October,Fall,2516
4/12/2020,15,16,Solar,103.0,Sunday,April,Spring,4329
4/9/2023,14,15,Solar,99.0,Sunday,April,Spring,7701
4/17/2022,11,12,Solar,107.0,Sunday,April,Spring,8069
10/21/2023,14,15,Wind,294.0,Saturday,October,Fall,20627
12/16/2023,15,16,Solar,350.0,Saturday,December,Winter,3637
11/4/2020,16,17,Wind,309.0,Wednesday,November,Fall,3060
9/23/2023,7,8,Wind,266.0,Saturday,September,Fall,2957
02/27/2028,8,9,,216.0,Monday,August,Summer,40000
7/4/2023,18,19,Wind,185.0,Tuesday,July,Summer,9000
9/6/2020,1,2,Wind,250.0,Sunday,September,Fall,2213
1/20/2020,14,15,Wind,20.0,Monday,January,Winter,7121
5/26/2022,15,16,Wind,146.0,Thursday,May,Spring,7561
12/15/2023,14,15,Solar,349.0,Friday,December,Winter,3701
8/19/2024,19,20,Wind,232.0,Monday,August,Summer,2973
12/6/2024,13,14,Wind,341.0,Friday,December,Winter,12176
1/8/2020,14,15,Wind,8.0,Wednesday,January,Winter,4408
2/17/2020,23,0,Wind,48.0,Monday,February,Winter,10182
5/7/2025,20,21,Wind,127.0,Wednesday,May,Spring,5250
7/11/2022,19,20,Wind,192.0,Monday,July,Summer,4340
2/23/2023,5,6,Wind,54.0,Thursday,February,Winter,1278
11/19/2024,19,20,Wind,324.0,Tuesday,November,Fall,12105
9/23/2022,0,1,Wind,266.0,Friday,September,Fall,601
5/30/2021,15,16,Solar,xyz,Sunday,May,Spring,5933
8/9/2021,13,14,Wind,221.0,Monday,August,Summer,8852
12/31/2020,18,19,Wind,366.0,Thursday,December,Winter,40000
9/1/2023,19,20,Wind,244.0,Friday,September,xyz,1812
9/11/2025,7,8,Wind,254.0,Thursday,September,Fall,10790
3/30/2023,2,3,Wind,89.0,Thursday,March,Spring,10489
9/9/2020,10,11,Solar,253.0,Wednesday,September,Fall,2346
1/16/2021,xyz,,Wind,16.0,Saturday,January,Winter,40000
11/28/2025,9,10,Wind,332.0,Friday,November,Fall,8549
3/29/2023,9,10,Wind,88.0,Wednesday,March,Spring,6494
4/27/2020,10,11,Solar,118.0,Monday,April,Spring,2101
6/15/2020,13,14,Solar,167.0,Monday,June,Summer,5520
6/18/2022,20,21,Wind,169.0,Saturday,June,Summer,5228
12/8/2024,11,12,Wind,343.0,Sunday,,Winter,17934
3/17/2025,8,9,Wind,76.0,Monday,March,Spring,8058
,2,xyz,Wind,298.0,Thursday,October,Fall,40000
5/26/2024,11,12,Solar,147.0,Sunday,May,Spring,5130
1/9/2023,4,5,Wind,9.0,Monday,January,Winter,15477
9/20/2021,3,4,Wind,263.0,Monday,September,Fall,1700
2/8/2020,19,20,Wind,39.0,Saturday,February,Winter,xyz
02/27/2028,9,10,Wind,101.0,Monday,April,Spring,-100
12/5/2020,6,7,Wind,340.0,Saturday,December,Winter,5325
11/8/2021,11,12,Solar,312.0,Monday,November,Fall,
9/22/2023,18,19,Wind,265.0,Friday,September,Fall,8228
8/25/2022,7,8,Wind,xyz,Thursday,August,Summer,40000
02/27/2028,4,5,Wind,16.0,Monday,January,Winter,40000
11/18/2023,14,15,Wind,322.0,Saturday,November,Fall,14540
1/6/2021,18,19,Wind,6.0,Wednesday,January,Winter,564
7/25/2025,10,11,Solar,206.0,Friday,July,Summer,7178
4/3/2024,12,13,Wind,94.0,Wednesday,April,Spring,17194
7/2/2020,19,20,Wind,184.0,Thursday,July,Summer,5651
02/27/2028,5,xyz,Wind,103.0,Friday,April,Spring,-100
11/1/2021,21,22,Wind,305.0,Monday,November,Fall,6093
10/26/2022,9,10,Wind,299.0,Wednesday,October,Fall,7619
5/10/2022,13,14,Solar,130.0,Tuesday,May,Spring,9195
7/18/2025,5,6,Wind,199.0,Friday,July,Summer,1090
9/11/2023,17,18,Solar,254.0,Monday,September,Fall,4035
1/18/2022,6,7,Wind,18.0,Tuesday,January,Winter,2843
1/1/2025,16,17,Wind,1.0,Wednesday,January,Winter,16717
6/29/2023,17,18,Wind,180.0,Thursday,June,Summer,6245
7/4/2022,17,18,Solar,185.0,Monday,July,Summer,5338
6/24/2025,19,20,Solar,175.0,Tuesday,June,Summer,3799
5/23/2024,15,16,Solar,144.0,Thursday,May,Spring,7042
5/8/2025,18,19,Wind,128.0,Thursday,May,Spring,7810
9/11/2021,5,xyz,Wind,254.0,Saturday,September,Fall,1519
4/17/2020,12,13,Solar,108.0,xyz,April,Spring,4314
12/17/2020,4,5,Wind,352.0,Thursday,December,Winter,5850
5/12/2021,8,9,Wind,132.0,Wednesday,May,Spring,2236
11/5/2020,19,20,Wind,310.0,Thursday,November,Fall,7633
3/12/2021,9,10,Wind,71.0,Friday,March,Spring,11630
6/3/2025,9,10,Solar,154.0,Tuesday,June,Summer,7138
6/6/2025,0,1,Wind,157.0,Friday,June,Summer,11161
6/21/2021,18,19,Wind,172.0,Monday,June,Summer,4125
4/22/2025,4,5,Wind,112.0,Tuesday,April,Spring,1724
12/13/2024,3,4,Wind,348.0,Friday,December,Winter,3053
12/3/2023,19,20,Wind,337.0,Sunday,December,Winter,11579
1/10/2024,18,19,Wind,10.0,Wednesday,January,Winter,3218
1/14/2024,23,0,Wind,14.0,Sunday,January,Winter,2301
8/1/2024,7,8,Wind,214.0,Thursday,August,Summer,2833
11/28/2020,22,23,Wind,333.0,Saturday,November,Fall,5086
11/10/2024,23,0,Wind,315.0,Sunday,November,Fall,xyz
3/8/2025,19,20,Wind,67.0,Saturday,March,Spring,11447
8/18/2021,6,7,Wind,230.0,Wednesday,August,Summer,1948
10/24/2025,13,14,Wind,297.0,Friday,October,Fall,19415
1/1/2020,xyz,4,Wind,1.0,xyz,January,Winter,2761
2/8/2023,17,18,Wind,39.0,Wednesday,February,Winter,1909
9/9/2025,16,17,Solar,252.0,Tuesday,September,Fall,7212
5/27/2021,14,15,Solar,147.0,Thursday,May,Spring,5070
02/27/2028,12,13,Wind,322.0,Tuesday,November,,-100
4/3/2020,18,19,Solar,94.0,Friday,April,Spring,2348
6/24/2022,4,5,Wind,175.0,Friday,June,Summer,2145
2/8/2021,5,6,Wind,39.0,Monday,February,Winter,1023
3/23/2021,21,22,Wind,82.0,Tuesday,March,Spring,870
8/11/2022,12,13,Solar,223.0,Thursday,August,Summer,10332
6/3/2021,7,8,Wind,154.0,Thursday,June,Summer,1624
9/3/2020,20,21,Wind,247.0,xyz,September,Fall,1647
10/11/2024,18,19,Wind,285.0,Friday,October,Fall,1634
8/30/2021,18,19,Wind,242.0,Monday,August,Summer,6742
5/1/2020,3,4,Wind,122.0,Friday,May,Spring,7452
11/8/2022,8,9,Wind,312.0,Tuesday,November,Fall,13831
6/2/2022,10,11,Solar,153.0,Thursday,June,Summer,5295
02/27/2028,6,7,Wind,48.0,Monday,February,Winter,-100
02/27/2028,21,xyz,Wind,187.0,Tuesday,July,Summer,-100
5/10/2021,5,6,Wind,130.0,Monday,May,Spring,8241
4/1/2024,13,14,Wind,92.0,Monday,April,Spring,15101
1/6/2020,15,16,Wind,6.0,Monday,January,Winter,4357
2/20/2025,1,2,Wind,51.0,Thursday,February,Winter,7182
10/3/2025,23,0,Wind,276.0,Friday,October,Fall,15350
11/8/2020,18,19,Wind,313.0,Sunday,November,Fall,2675
4/22/2021,xyz,xyz,Wind,112.0,Thursday,,Spring,5983
6/14/2022,0,1,Wind,165.0,Tuesday,June,Summer,4247
8/13/2025,2,3,Wind,225.0,Wednesday,August,Summer,665
12/7/2020,11,12,Wind,342.0,Monday,December,Winter,2350
10/16/2022,19,20,Wind,289.0,Sunday,October,Fall,5742
7/26/2023,19,20,Wind,207.0,Wednesday,July,Summer,4662
10/23/2022,4,5,Wind,296.0,Sunday,October,Fall,7125
8/24/2023,1,2,Wind,236.0,Thursday,August,Summer,3167
6/3/2020,2,3,Wind,155.0,Wednesday,June,Summer,1280
9/1/2024,16,17,Solar,245.0,Sunday,September,Fall,7808
5/7/2024,10,11,Solar,128.0,Tuesday,May,Spring,6131
8/13/2021,11,12,Solar,225.0,Friday,August,Summer,3898
12/30/2024,6,7,Wind,365.0,Monday,December,Winter,686
xyz,3,4,xyz,25.0,Saturday,January,Winter,-100
8/2/2021,10,11,Solar,214.0,Monday,August,Summer,3633
10/19/2021,9,10,Wind,292.0,Tuesday,October,Fall,7798
8/8/2022,12,13,Solar,220.0,Monday,August,Summer,10190
11/11/2023,0,1,Wind,315.0,Saturday,November,Fall,8463
8/23/2023,20,21,Wind,235.0,Wednesday,August,,40000
2/10/2025,6,7,Wind,41.0,Monday,February,Winter,3241
3/31/2021,2,3,Wind,90.0,Wednesday,March,Spring,2169
5/24/2021,17,18,Wind,144.0,Monday,May,Spring,13087
1/26/2022,22,23,Wind,26.0,Wednesday,January,Winter,1648
2/19/2025,8,9,Wind,50.0,Wednesday,February,Winter,8780
2/19/2020,18,19,Wind,50.0,Wednesday,February,Winter,3711
8/25/2024,4,5,Wind,238.0,Sunday,August,Summer,4949
6/28/2023,9,10,Solar,179.0,Wednesday,June,Summer,4226
3/15/2023,22,,Wind,74.0,Wednesday,March,Spring,4154
10/28/2022,21,22,Wind,301.0,Friday,October,Fall,2725
4/15/2020,17,18,Wind,106.0,Wednesday,April,Spring,5512
02/27/2028,,15,xyz,329.0,Tuesday,November,Fall,-100
11/18/2024,5,6,Wind,323.0,Monday,November,Fall,9344
2/18/2020,5,6,Wind,49.0,Tuesday,February,Winter,7782
1/29/2021,7,8,Wind,29.0,Friday,January,Winter,14275
12/18/2021,1,2,Wind,352.0,Saturday,December,Winter,6418
12/11/2023,15,16,Wind,345.0,Monday,December,Winter,7670
11/28/2024,0,1,Wind,333.0,Thursday,November,Fall,40000
9/17/2023,7,8,Wind,260.0,Sunday,September,Fall,3036
6/11/2023,15,16,Solar,162.0,Sunday,June,Summer,4051
1/24/2025,4,5,Wind,24.0,Friday,January,Winter,16248
02/27/2028,19,xyz,Wind,156.0,Tuesday,June,Summer,xyz
11/21/2024,6,7,Wind,326.0,Thursday,November,Fall,6018
6/25/2025,15,16,Solar,176.0,Wednesday,June,Summer,8625
12/23/2024,11,12,Wind,358.0,Monday,December,Winter,15034
11/30/2025,17,18,Wind,334.0,Sunday,November,Fall,3539
10/2/2023,20,21,Wind,275.0,Monday,October,Fall,7362
12/21/2022,0,1,Wind,355.0,Wednesday,December,Winter,6121
1/13/2024,6,7,Wind,13.0,Saturday,January,Winter,1206
1/4/2024,10,11,Wind,4.0,Thursday,January,Winter,10786
3/9/2025,19,20,Wind,68.0,Sunday,March,Spring,3264
7/26/2023,18,19,Wind,207.0,Wednesday,July,Summer,6591
5/6/2025,3,4,Wind,126.0,Tuesday,May,Spring,10731
8/7/2024,1,2,Wind,220.0,Wednesday,August,Summer,1827
9/23/2023,17,18,Solar,266.0,Saturday,September,Fall,5450
11/8/2025,13,14,Solar,312.0,Saturday,November,Fall,5480
1/30/2021,5,6,Wind,30.0,Saturday,January,Winter,5755
5/5/2022,13,14,Solar,125.0,Thursday,May,Spring,5989
4/8/2021,1,2,Wind,98.0,Thursday,April,Spring,724
12/20/2021,16,17,Wind,354.0,Monday,December,Winter,3235
2/21/2023,21,22,Wind,52.0,Tuesday,February,Winter,2326
7/29/2024,15,16,Solar,,xyz,July,Summer,9197
9/10/2025,23,0,Wind,253.0,Wednesday,September,Fall,10345
6/16/2025,7,8,Wind,167.0,Monday,June,Summer,2944
9/2/2020,3,4,Wind,246.0,Wednesday,September,Fall,1502
10/3/2023,8,9,Wind,276.0,Tuesday,October,Fall,8943
11/1/2024,0,1,Wind,306.0,Friday,November,Fall,734
5/7/2022,7,8,Wind,127.0,Saturday,May,Spring,2665
2/27/2020,9,10,Wind,58.0,Thursday,February,Winter,11972
9/6/2021,2,3,Wind,249.0,Monday,September,Fall,1606
5/10/2021,2,3,Wind,130.0,Monday,May,Spring,8611
10/4/2025,11,12,Wind,277.0,Saturday,October,Fall,19614
02/27/2028,xyz,18,Solar,174.0,Thursday,June,Summer,40000
7/7/2023,14,15,Solar,188.0,Friday,July,Summer,10385
4/6/2023,7,8,Wind,96.0,Thursday,April,Spring,2412
8/24/2025,20,21,Wind,236.0,Sunday,August,Summer,2384
1/6/2023,12,13,Wind,6.0,Friday,January,Winter,8853
6/22/2023,18,19,Wind,173.0,Thursday,June,Summer,7943
8/19/2020,15,16,Wind,232.0,Wednesday,August,Summer,7698
3/12/2021,12,13,Wind,71.0,Friday,March,Spring,16328
9/11/2021,3,4,Wind,254.0,Saturday,September,Fall,1679
6/23/2024,17,18,Solar,175.0,Sunday,June,Summer,5680
11/12/2025,4,5,Wind,316.0,Wednesday,November,Fall,11871
5/1/2023,2,3,Wind,121.0,Monday,May,Spring,1652
6/13/2025,7,8,Wind,164.0,Friday,June,Summer,3360
12/24/2023,2,3,Wind,358.0,Sunday,December,Winter,14297
7/8/2024,13,14,Solar,190.0,Monday,July,Summer,9259
7/7/2025,xyz,13,Wind,188.0,Monday,July,Summer,14183
11/11/2024,15,16,Wind,316.0,Monday,November,Fall,7782
5/20/2024,10,11,Solar,141.0,Monday,May,Spring,4869
2/21/2024,22,23,xyz,52.0,Wednesday,February,Winter,
8/29/2021,4,5,Wind,241.0,Sunday,August,Summer,3965
3/26/2020,1,2,Wind,86.0,Thursday,March,Spring,6776
6/16/2024,10,11,Wind,168.0,Sunday,June,Summer,6795
9/19/2021,19,20,Wind,262.0,Sunday,September,Fall,2723
11/9/2020,4,5,Wind,314.0,Monday,November,Fall,2673
2/13/2021,23,0,Wind,44.0,Saturday,February,Winter,8167
1/18/2023,4,5,Wind,18.0,Wednesday,January,Winter,4131
10/9/2022,2,3,Wind,282.0,Sunday,October,Fall,4673
10/23/2023,23,0,Wind,296.0,Monday,October,Fall,5046
02/27/2028,17,18,Wind,xyz,Sunday,December,xyz,-100
9/1/2023,20,21,Wind,244.0,Friday,September,Fall,1030
6/20/2024,9,10,Wind,172.0,Thursday,June,Summer,4086
3/6/2022,11,12,Solar,65.0,Sunday,March,Spring,8028
9/11/2023,22,23,Wind,254.0,Monday,September,Fall,2118
4/4/2022,20,21,Wind,94.0,Monday,April,Spring,9140
3/24/2023,11,12,Wind,83.0,xyz,xyz,Spring,xyz
6/19/2023,4,5,Wind,170.0,Monday,June,Summer,2095
3/5/2021,2,3,Wind,64.0,Friday,March,Spring,2949
8/7/2021,4,5,Wind,219.0,Saturday,August,Summer,3347
12/20/2024,,14,xyz,355.0,Friday,December,Winter,9715
10/8/2024,12,13,Wind,282.0,Tuesday,October,Fall,14630
1/18/2024,17,xyz,,18.0,Thursday,January,Winter,4145
9/25/2023,22,23,Wind,268.0,Monday,September,Fall,873
4/27/2020,1,2,Wind,118.0,Monday,April,Spring,295
1/14/2024,2,3,Wind,14.0,Sunday,January,Winter,643
5/17/2021,0,1,Wind,137.0,Monday,May,Spring,10241
4/28/2023,22,23,Wind,118.0,Friday,April,Spring,3185
1/19/2023,10,11,Wind,19.0,Thursday,January,Winter,3607
2/9/2021,13,14,Wind,40.0,Tuesday,February,Winter,3984
7/6/2020,,3,xyz,188.0,Monday,July,Summer,40000
11/28/2022,23,0,Wind,332.0,Monday,November,Fall,2676
4/1/2021,1,2,Wind,91.0,Thursday,April,Spring,1767
1/7/2024,9,10,xyz,7.0,Sunday,January,Winter,40000
9/17/2021,0,1,Wind,260.0,Friday,September,Fall,778
8/20/2020,23,0,Wind,233.0,Thursday,August,Summer,3866
1/7/2022,7,8,Wind,7.0,Friday,January,Winter,9060
02/27/2028,6,7,Wind,220.0,Tuesday,August,Summer,40000
4/12/2022,10,11,Wind,102.0,Tuesday,April,Spring,7593
4/21/2020,21,22,Wind,112.0,Tuesday,April,Spring,3719
1/28/2025,5,6,Wind,28.0,Tuesday,January,Winter,17845
4/24/2022,12,13,Wind,114.0,Sunday,April,Spring,6241
5/29/2022,11,12,Solar,149.0,Sunday,May,Spring,9215
11/9/2021,4,5,Wind,313.0,Tuesday,November,xyz,1985
2/6/2021,7,8,Wind,37.0,Saturday,February,Winter,2159
11/3/2022,6,7,Wind,307.0,Thursday,November,Fall,9562
5/29/2025,13,14,Solar,149.0,Thursday,May,Spring,6059
12/7/2024,2,3,Wind,342.0,Saturday,December,Winter,17517
11/1/2020,0,1,Wind,306.0,Sunday,November,Fall,5256
2/1/2024,3,4,Wind,32.0,Thursday,February,Winter,8066
1/1/2021,6,7,xyz,1.0,,January,Winter,1063
5/2/2023,17,18,Solar,122.0,Tuesday,May,Spring,8311
6/21/2022,10,11,Solar,172.0,Tuesday,June,Summer,3739
4/22/2022,0,1,Wind,112.0,Friday,April,Spring,5776
11/17/2021,6,7,Wind,321.0,Wednesday,November,Fall,1996
11/15/2021,4,5,Wind,319.0,Monday,November,Fall,3205
3/9/2021,4,5,Wind,68.0,Tuesday,March,Spring,1902
6/5/2024,9,10,Solar,157.0,Wednesday,June,Summer,4606
02/27/2028,10,11,Wind,23.0,Monday,January,Winter,-100
9/18/2023,6,7,Wind,261.0,Monday,September,Fall,6113
9/22/2024,16,17,Wind,266.0,Sunday,September,Fall,5604
1/27/2021,23,0,Wind,27.0,Wednesday,January,Winter,5274
1/18/2022,11,12,Wind,18.0,Tuesday,January,Winter,4961
8/17/2020,18,19,Wind,230.0,Monday,August,Summer,3633
12/10/2020,6,7,Wind,345.0,Thursday,December,Winter,4683
11/18/2020,11,12,Wind,323.0,Wednesday,November,Fall,7131
10/6/2022,3,4,Wind,279.0,Thursday,October,Fall,2902
2/6/2023,22,23,Wind,37.0,Monday,February,Winter,7445
12/30/2020,2,3,Wind,365.0,Wednesday,December,Winter,2771
2/3/2022,19,20,Wind,34.0,Thursday,February,Winter,2786
4/24/2024,10,11,Wind,115.0,Wednesday,April,Spring,9027
1/30/2022,20,21,Wind,30.0,Sunday,January,Winter,2486
11/29/2023,22,23,Wind,333.0,Wednesday,November,Fall,2224
8/28/2024,1,2,Wind,241.0,Wednesday,August,Summer,2363
10/12/2023,9,10,Wind,285.0,Thursday,October,Fall,6452
4/8/2023,12,13,Solar,98.0,Saturday,April,Spring,8730
8/20/2021,16,17,Solar,232.0,Friday,August,Summer,4313
1/27/2020,20,21,Wind,27.0,Monday,January,Winter,11974
5/22/2025,23,0,Wind,142.0,Thursday,May,Spring,4016
6/2/2022,7,8,Wind,153.0,Thursday,June,Summer,4184
4/17/2024,19,20,Wind,108.0,Wednesday,April,Spring,7653
02/27/2028,13,,Solar,168.0,Saturday,June,Summer,40000
1/2/2025,21,22,Wind,2.0,Thursday,January,Winter,3097
5/7/2024,23,0,Wind,128.0,Tuesday,May,Spring,6410
2/9/2020,4,5,Wind,40.0,Sunday,February,Winter,10584
02/27/2028,21,22,xyz,291.0,Wednesday,October,Fall,-100
11/17/2022,8,9,Wind,321.0,Thursday,November,Fall,14391
5/23/2023,19,20,Wind,143.0,Tuesday,May,Spring,10018
2/20/2024,8,9,Wind,51.0,Tuesday,February,Winter,3055
12/31/2022,13,14,Wind,365.0,Saturday,December,Winter,17557
9/18/2022,22,23,Wind,261.0,Sunday,September,Fall,4576
7/14/2020,23,0,Wind,196.0,Tuesday,July,Summer,1671
4/4/2025,21,22,Wind,94.0,Friday,April,Spring,7363
8/12/2024,5,6,Wind,225.0,Monday,August,Summer,5132
7/17/2020,6,7,Wind,199.0,Friday,July,Summer,1596
10/23/2021,18,19,Wind,296.0,Saturday,October,Fall,1622
9/3/2022,12,13,Solar,246.0,Saturday,September,Fall,6246
7/14/2023,6,7,Wind,195.0,Friday,July,Summer,2104
7/28/2023,4,5,Wind,209.0,Friday,July,Summer,3742
5/13/2025,7,8,Solar,133.0,Tuesday,May,Spring,1431
02/27/2028,0,1,Wind,132.0,Monday,May,Spring,-100
5/5/2020,9,10,Wind,126.0,Tuesday,May,Spring,5858
12/4/2020,23,0,Wind,339.0,Friday,December,Winter,4108
1/30/2022,7,8,Wind,30.0,Sunday,January,Winter,2168
8/27/2024,5,6,Wind,240.0,Tuesday,August,Summer,3835
11/29/2025,11,12,Wind,333.0,Saturday,November,Fall,15598
3/30/2021,0,1,Wind,89.0,Tuesday,March,Spring,3347
11/20/2023,13,14,Wind,324.0,Monday,November,Fall,15412
10/29/2022,3,4,Wind,302.0,Saturday,October,Fall,5249
11/28/2024,9,10,Wind,333.0,Thursday,November,Fall,3258
5/19/2025,15,16,xyz,xyz,Monday,May,,8900
10/15/2020,0,1,Wind,289.0,Thursday,October,Fall,5334
6/19/2025,13,14,Solar,170.0,Thursday,June,Summer,5832
5/30/2024,1,2,Wind,151.0,Thursday,May,Spring,6004
3/12/2021,22,23,Wind,71.0,Friday,March,Spring,13288
3/14/2023,20,21,Wind,73.0,Tuesday,March,Spring,5556
10/27/2021,21,22,Wind,300.0,Wednesday,October,Fall,3669
5/1/2021,21,22,Wind,121.0,Saturday,May,Spring,3373
11/9/2023,17,18,Wind,313.0,Thursday,November,Fall,13030
2/15/2022,9,10,Wind,46.0,Tuesday,February,Winter,7833
3/8/2024,21,22,Wind,68.0,Friday,March,Spring,11399
2/27/2024,14,xyz,Wind,58.0,Tuesday,February,Winter,9540
3/29/2024,5,6,Wind,89.0,Friday,March,Spring,10364
9/22/2021,10,11,Solar,265.0,Wednesday,September,Fall,3620
8/3/2022,17,18,Solar,215.0,Wednesday,August,Summer,4609
12/23/2020,20,21,Wind,358.0,Wednesday,December,Winter,12480
4/15/2020,6,7,Wind,106.0,Wednesday,April,Spring,5727
5/12/2023,8,9,Wind,132.0,Friday,May,Spring,4369
1/4/2021,15,16,Wind,4.0,Monday,January,Winter,2746
1/24/2025,23,0,Wind,24.0,Friday,January,Winter,11701
9/18/2025,16,17,Solar,261.0,Thursday,September,Fall,8150
5/9/2025,9,10,Solar,129.0,Friday,May,Spring,7213
8/23/2024,4,5,Wind,236.0,Friday,August,Summer,9622
2/25/2025,16,17,Wind,56.0,Tuesday,February,Winter,13132
11/3/2021,23,0,Wind,307.0,Wednesday,November,Fall,2562
9/8/2024,22,23,Wind,252.0,Sunday,September,Fall,10785
7/24/2021,9,10,Wind,205.0,Saturday,July,Summer,4878
4/30/2020,7,8,Wind,121.0,Thursday,April,Spring,6892
12/28/2021,13,14,Wind,362.0,Tuesday,December,Winter,16049
11/1/2022,4,5,Wind,305.0,Tuesday,November,Fall,11862
6/16/2024,16,17,Wind,168.0,Sunday,June,Summer,6354
12/22/2024,22,23,Wind,357.0,Sunday,December,Winter,16107
12/5/2021,14,15,Wind,339.0,Sunday,December,Winter,8624
7/26/2023,12,13,Solar,207.0,Wednesday,July,Summer,7862
1/10/2023,20,21,Wind,10.0,Tuesday,January,Winter,15300
02/27/2028,18,xyz,Wind,xyz,Tuesday,March,Spring,-100
2/27/2020,14,15,Wind,58.0,Thursday,February,Winter,13509
12/4/2023,6,xyz,Wind,338.0,Monday,December,Winter,13486
7/10/2020,13,14,Wind,192.0,Friday,July,Summer,6203
7/3/2023,0,1,Wind,184.0,Monday,July,Summer,4715
1/31/2020,1,2,Wind,31.0,Friday,January,Winter,8723
4/2/2020,19,20,Wind,93.0,Thursday,April,Spring,3095
1/8/2025,2,3,Wind,8.0,Wednesday,January,Winter,5048
7/30/2025,0,1,Wind,211.0,Wednesday,July,Summer,2121
2/25/2024,9,10,Wind,56.0,Sunday,February,Winter,10461
5/12/2022,1,2,Wind,132.0,Thursday,May,Spring,4422
7/17/2024,13,14,Solar,199.0,Wednesday,July,Summer,8031
6/10/2021,16,17,Solar,161.0,Thursday,June,Summer,4503
12/19/2023,23,0,Wind,353.0,Tuesday,December,Winter,9870
8/26/2025,15,16,Solar,238.0,Tuesday,August,Summer,10752
9/3/2021,15,16,Solar,246.0,Friday,September,Fall,3421
8/20/2022,15,16,Solar,232.0,Saturday,August,Summer,7019
8/11/2024,13,14,Solar,224.0,Sunday,August,Summer,6688
10/25/2022,15,16,Wind,298.0,Tuesday,October,Fall,4591
9/8/2020,6,7,Wind,252.0,Tuesday,September,Fall,40000
3/6/2023,22,23,Wind,65.0,Monday,March,Spring,5960
6/11/2021,20,21,Wind,162.0,Friday,June,Summer,2185
1/15/2023,15,16,Wind,15.0,Sunday,January,Winter,17228
8/24/2025,14,15,Solar,236.0,Sunday,August,Summer,5259
1/11/2021,3,4,Wind,11.0,Monday,January,Winter,1851
10/31/2024,17,18,Wind,305.0,Thursday,October,Fall,892
02/27/2028,xyz,16,Solar,95.0,Saturday,April,xyz,-100
8/15/2021,10,11,Solar,227.0,Sunday,August,Summer,3501
6/18/2021,12,13,Wind,169.0,Friday,June,Summer,7802
4/9/2020,19,20,Wind,100.0,Thursday,April,Spring,2275
6/9/2025,22,23,Wind,160.0,Monday,June,Summer,469
02/27/2028,9,10,Wind,xyz,Sunday,February,Winter,-100
4/19/2024,23,0,Wind,110.0,Friday,April,Spring,7646
6/28/2024,6,7,Wind,180.0,Friday,June,Summer,2988
5/5/2023,7,8,Wind,125.0,Friday,May,Spring,2627
12/24/2024,19,20,Wind,359.0,Tuesday,December,Winter,2772
11/12/2025,18,19,Wind,316.0,Wednesday,November,Fall,14569
10/15/2020,20,21,Wind,289.0,Thursday,October,Fall,4459
7/14/2023,7,8,Wind,195.0,Friday,July,Summer,3500
1/16/2020,22,23,Wind,16.0,Thursday,January,Winter,10727
12/5/2020,5,6,Wind,340.0,Saturday,December,Winter,4727
7/6/2023,22,23,Wind,187.0,Thursday,July,Summer,1517
11/20/2024,20,21,Wind,325.0,Wednesday,November,Fall,7648
10/25/2024,3,4,Wind,299.0,Friday,October,Fall,6550
6/5/2023,7,8,Wind,156.0,Monday,June,Summer,4851
xyz,0,1,,86.0,Monday,March,Spring,-100
02/27/2028,5,6,Wind,171.0,Wednesday,June,Summer,-100
10/7/2021,4,5,Wind,280.0,Thursday,October,Fall,1643
7/15/2023,20,21,Wind,196.0,Saturday,July,Summer,10153
10/26/2023,10,11,Wind,299.0,Thursday,October,Fall,7542
4/16/2025,15,16,Solar,106.0,Wednesday,April,Spring,6963
3/2/2023,20,21,Wind,61.0,Thursday,March,Spring,4836
7/20/2022,9,10,Solar,201.0,Wednesday,July,Summer,3332
3/9/2021,3,4,Wind,68.0,Tuesday,March,Spring,1865
6/6/2022,19,20,Wind,157.0,Monday,June,Summer,3226
7/18/2023,13,14,Solar,199.0,Tuesday,July,Summer,7150
1/1/2025,19,20,Wind,1.0,Wednesday,January,Winter,16968
1/25/2020,21,22,Wind,25.0,Saturday,January,Winter,2110
9/23/2021,23,0,Wind,266.0,Thursday,September,Fall,969
02/27/2028,7,8,Wind,246.0,Monday,September,Fall,-100
3/3/2022,18,19,Wind,62.0,Thursday,March,Spring,552
11/24/2021,18,19,Wind,328.0,Wednesday,November,Fall,2070
5/30/2024,21,22,Wind,151.0,Thursday,May,Spring,5675
6/6/2024,2,3,Wind,158.0,Thursday,June,Summer,1020
11/27/2021,21,22,Wind,331.0,Saturday,November,Fall,6816
12/1/2020,18,19,Wind,336.0,Tuesday,December,Winter,
7/8/2023,19,20,Solar,189.0,Saturday,July,Summer,2673
1/16/2022,4,5,Wind,16.0,Sunday,January,Winter,1890
2/6/2022,13,,Wind,37.0,Sunday,February,Winter,xyz
6/11/2023,3,4,Wind,162.0,Sunday,June,Summer,1793
2/27/2020,16,17,Wind,58.0,Thursday,February,Winter,12694
12/4/2021,4,5,Wind,338.0,Saturday,December,Winter,8617
10/5/2022,7,8,Wind,278.0,Wednesday,October,Fall,6927
6/12/2024,23,0,Wind,164.0,Wednesday,June,Summer,1439
5/2/2020,22,23,Wind,123.0,Saturday,May,Spring,2163
7/10/2024,20,21,Wind,192.0,Wednesday,July,Summer,2499
7/5/2020,17,18,Wind,187.0,Sunday,July,Summer,10060
12/25/2024,17,18,Wind,360.0,Wednesday,December,Winter,1214
9/6/2025,21,22,Wind,249.0,Saturday,September,Fall,9843
11/8/2020,22,23,Wind,313.0,Sunday,November,Fall,3426
10/5/2023,4,5,Wind,278.0,Thursday,October,Fall,1299
11/29/2021,7,8,Wind,333.0,Monday,November,Fall,3143
11/22/2024,2,3,Wind,327.0,Friday,November,Fall,6142
12/27/2024,1,2,Wind,362.0,Friday,December,Winter,2317
1/17/2020,10,11,Wind,17.0,Friday,January,Winter,7800
6/29/2023,13,14,Solar,180.0,Thursday,June,Summer,6395
2/22/2020,8,9,Wind,53.0,Saturday,February,Winter,8927
6/21/2022,5,6,Wind,172.0,Tuesday,June,Summer,3011
2/6/2022,15,16,Wind,37.0,Sunday,February,Winter,17102
4/12/2021,8,9,Wind,102.0,Monday,April,Spring,2735
9/2/2020,0,1,Wind,246.0,Wednesday,September,Fall,2419
3/13/2024,10,11,Solar,73.0,Wednesday,March,Spring,8286
02/27/2028,16,17,Wind,70.0,,March,Spring,40000
11/14/2022,4,5,Wind,318.0,Monday,November,Fall,3521
10/23/2020,15,16,Wind,297.0,Friday,October,Fall,5410
02/27/2028,11,12,Wind,345.0,Tuesday,December,Winter,-100
12/29/2021,7,8,Wind,363.0,Wednesday,December,Winter,7629
11/5/2022,19,20,Wind,309.0,Saturday,November,Fall,6174
10/26/2020,12,13,Wind,300.0,Monday,October,Fall,11009
3/27/2020,16,17,Wind,87.0,Friday,March,Spring,4544
7/28/2023,22,23,Wind,209.0,Friday,July,Summer,3634
6/4/2020,20,21,Wind,156.0,Thursday,June,Summer,3769
7/4/2022,14,15,Solar,185.0,Monday,July,Summer,6017
5/24/2023,19,20,Wind,144.0,Wednesday,May,Spring,9070
2/1/2025,20,21,Wind,32.0,Saturday,February,Winter,4051
1/5/2021,12,13,Wind,5.0,Tuesday,January,Winter,2330
8/17/2024,15,16,Solar,230.0,Saturday,August,Summer,5967
02/27/2028,21,22,Wind,113.0,Saturday,April,Spring,-100
5/31/2025,4,5,Wind,151.0,Saturday,May,Spring,1061
7/1/2025,3,4,Wind,182.0,Tuesday,July,Summer,824
4/28/2024,17,18,Wind,119.0,Sunday,April,Spring,4040
4/19/2024,4,5,Wind,110.0,Friday,April,Spring,8467
3/6/2025,9,10,Wind,65.0,Thursday,March,Spring,11980
7/11/2024,20,21,Wind,193.0,Thursday,July,Summer,2726
3/10/2022,7,8,Wind,69.0,Thursday,March,Spring,5412
4/8/2025,13,14,Solar,98.0,Tuesday,April,Spring,9168
,17,18,Wind,47.0,Sunday,February,Winter,40000
12/12/2023,7,8,Wind,346.0,Tuesday,December,Winter,6825
7/19/2021,13,14,Solar,200.0,Monday,July,Summer,8399
2/24/2025,22,23,Wind,55.0,Monday,February,Winter,5588
8/28/2025,23,0,Wind,240.0,Thursday,August,Summer,6351
2/25/2024,22,23,Wind,56.0,Sunday,February,Winter,12044
11/6/2024,18,19,Wind,311.0,Wednesday,November,Fall,1416
12/23/2022,15,16,Wind,357.0,Friday,December,Winter,15965
9/20/2023,11,12,Wind,263.0,Wednesday,September,Fall,13754
6/4/2020,19,20,Wind,156.0,Thursday,June,Summer,4531
9/26/2024,22,23,Wind,270.0,Thursday,September,Fall,15365
12/3/2022,11,12,Wind,337.0,Saturday,December,Winter,6766
7/28/2022,7,8,Wind,209.0,Thursday,July,Summer,2283
4/1/2022,14,15,Wind,91.0,Friday,April,Spring,15105
1/25/2025,13,14,Wind,25.0,Saturday,January,Winter,6327
7/19/2021,14,15,Solar,200.0,Monday,July,Summer,8471
11/17/2021,16,17,Wind,321.0,Wednesday,November,Fall,1735
6/3/2020,12,13,Solar,155.0,Wednesday,June,Summer,3546
11/27/2023,20,21,Wind,331.0,Monday,November,Fall,12727
7/23/2023,11,12,xyz,204.0,,July,Summer,40000
3/20/2023,2,3,Wind,79.0,Monday,March,Spring,1533
5/11/2024,5,6,Wind,132.0,Saturday,May,Spring,4362
11/17/2023,19,20,Wind,321.0,Friday,November,Fall,1895
8/16/2023,15,16,Solar,228.0,Wednesday,August,Summer,6436
10/8/2024,17,18,Wind,282.0,Tuesday,October,Fall,13766
3/5/2025,13,14,Solar,64.0,Wednesday,March,Spring,10117
9/21/2020,3,4,Wind,265.0,Monday,September,Fall,831
,13,14,Wind,51.0,Sunday,February,Winter,40000
4/26/2020,11,12,Solar,117.0,Sunday,April,Spring,2682
12/25/2022,20,21,Wind,359.0,Sunday,December,Winter,10406
7/27/2022,15,16,Solar,208.0,Wednesday,July,Summer,7022
8/13/2025,xyz,13,xyz,225.0,Wednesday,August,Summer,xyz
7/25/2022,9,10,Wind,206.0,Monday,July,Summer,6502
1/30/2024,22,23,Wind,30.0,Tuesday,January,Winter,823
5/26/2023,22,23,Wind,146.0,Friday,May,Spring,8681
1/24/2022,6,7,Wind,24.0,Monday,January,Winter,3051
10/18/2025,20,21,Wind,291.0,Saturday,October,Fall,5928
11/19/2021,23,0,Wind,323.0,Friday,November,Fall,1808
8/8/2021,10,11,Wind,220.0,Sunday,August,Summer,8106
6/14/2021,0,1,Wind,165.0,Monday,June,Summer,3427
8/30/2025,12,13,Solar,242.0,Saturday,August,Summer,11855
10/14/2023,2,3,Wind,287.0,Saturday,October,Fall,12410
10/2/2020,19,20,Wind,276.0,Friday,October,Fall,2959
12/17/2023,12,13,Solar,351.0,xyz,December,Winter,40000
7/9/2022,12,13,Solar,190.0,Saturday,July,Summer,8068
5/2/2024,15,16,Wind,123.0,Thursday,May,Spring,15246
2/23/2022,15,16,Solar,54.0,Wednesday,February,Winter,5618
4/30/2021,13,14,Solar,120.0,Friday,April,Spring,2892
3/28/2025,16,17,Wind,87.0,Friday,March,Spring,10924
7/7/2021,8,9,Wind,188.0,Wednesday,July,Summer,2619
3/25/2022,17,18,Wind,84.0,Friday,March,Spring,6569
4/25/2023,4,5,Wind,115.0,Tuesday,April,Spring,2983
6/30/2022,19,20,Wind,181.0,Thursday,June,Summer,3550
6/8/2024,22,23,Wind,160.0,Saturday,June,Summer,3165
7/12/2022,11,12,Solar,193.0,Tuesday,July,Summer,6453
2/26/2021,14,15,Wind,57.0,Friday,February,Winter,5791
xyz,12,13,Solar,xyz,Saturday,November,Fall,40000
5/9/2023,6,7,Wind,129.0,Tuesday,May,Spring,3083
12/24/2023,16,17,Wind,358.0,Sunday,December,Winter,16044
10/24/2022,14,15,Wind,297.0,Monday,October,Fall,14406
9/17/2023,22,23,Wind,260.0,Sunday,September,Fall,4909
7/29/2023,23,0,Wind,210.0,Saturday,July,Summer,4352
4/1/2020,4,5,Wind,92.0,Wednesday,April,Spring,5513
6/1/2025,13,14,Solar,152.0,Sunday,June,Summer,3912
4/6/2022,7,8,Wind,96.0,Wednesday,April,Spring,5253
10/18/2023,18,19,Wind,291.0,Wednesday,October,Fall,13921
2/15/2020,0,1,Wind,46.0,Saturday,February,Winter,5082
4/24/2023,10,11,Wind,114.0,Monday,April,Spring,8226
8/5/2024,0,1,Wind,218.0,Monday,August,Summer,957
1/18/2020,3,4,Wind,18.0,Saturday,January,Winter,5669
5/10/2025,7,8,Wind,130.0,Saturday,May,Spring,7821
5/14/2022,7,8,Wind,134.0,Saturday,May,Spring,2008
12/26/2024,0,1,Wind,361.0,Thursday,xyz,Winter,2166
2/24/2024,17,18,Wind,55.0,Saturday,February,Winter,11423
,2,3,Wind,201.0,Wednesday,July,Summer,xyz
1/11/2020,14,15,Wind,11.0,Saturday,January,Winter,5864
1/15/2024,11,12,Wind,15.0,Monday,January,Winter,6095
5/17/2024,6,7,Wind,138.0,Friday,May,Spring,40000
12/18/2020,16,17,Wind,353.0,Friday,December,Winter,7106
7/10/2022,15,16,Solar,191.0,Sunday,July,Summer,9334
2/12/2022,1,2,Wind,43.0,Saturday,February,Winter,3846
7/29/2021,22,23,Wind,210.0,Thursday,July,Summer,999
1/12/2020,20,21,Wind,12.0,Sunday,January,Winter,xyz
5/8/2022,18,19,Wind,128.0,Sunday,May,Spring,4848
10/10/2023,18,19,Wind,283.0,Tuesday,October,Fall,2122
5/6/2023,5,6,Wind,126.0,Saturday,May,Spring,1643
9/23/2024,2,3,Wind,267.0,Monday,September,Fall,3872
1/22/2025,3,4,Wind,22.0,Wednesday,January,Winter,7242
3/17/2025,,13,Solar,76.0,xyz,March,Spring,14965
2/7/2022,18,19,Wind,38.0,Monday,February,Winter,3079
4/25/2020,11,12,Solar,116.0,Saturday,April,Spring,4100
10/13/2022,3,4,Wind,286.0,Thursday,October,Fall,1534
11/17/2024,13,14,Wind,322.0,Sunday,November,Fall,6299
02/27/2028,8,9,Solar,131.0,Thursday,May,Spring,40000
4/18/2024,6,7,Wind,109.0,Thursday,April,Spring,3615
1/19/2021,8,9,Wind,19.0,Tuesday,January,Winter,11291
11/14/2023,6,7,Wind,318.0,Tuesday,November,Fall,11522
8/24/2024,15,16,Wind,237.0,Saturday,August,Summer,9606
5/25/2021,14,15,Wind,145.0,Tuesday,May,Spring,14807
10/5/2023,3,4,Wind,278.0,Thursday,October,Fall,1513
12/23/2023,17,18,Wind,357.0,Saturday,December,Winter,14078
3/13/2021,4,5,Wind,72.0,xyz,March,Spring,40000
1/17/2024,11,12,Wind,17.0,Wednesday,January,Winter,9619
7/21/2024,21,22,Wind,203.0,Sunday,July,Summer,5708
1/15/2021,23,0,Wind,15.0,Friday,January,Winter,2027
12/22/2021,5,6,xyz,356.0,Wednesday,December,Winter,2694
2/24/2023,16,17,Wind,55.0,Friday,February,Winter,4463
3/7/2025,1,2,Wind,66.0,Friday,March,Spring,10729
6/5/2020,4,5,Wind,157.0,Friday,June,Summer,3940
9/14/2023,16,17,Solar,257.0,Thursday,September,Fall,4870
12/5/2020,23,0,Wind,340.0,Saturday,December,Winter,4362
4/21/2020,17,18,Wind,112.0,Tuesday,April,Spring,5363
1/16/2020,19,20,Wind,16.0,Thursday,January,Winter,11142
6/24/2024,12,13,Solar,176.0,Monday,June,Summer,9412
11/17/2021,19,20,Wind,321.0,Wednesday,November,Fall,2152
3/3/2021,18,19,Wind,62.0,Wednesday,March,Spring,773
11/24/2025,9,10,Wind,328.0,Monday,November,Fall,9456
8/12/2023,5,6,Wind,224.0,Saturday,August,Summer,1727
8/10/2023,2,3,Wind,222.0,Thursday,August,Summer,2766
9/5/2021,23,0,Wind,248.0,Sunday,September,Fall,1628
02/27/2028,13,14,,71.0,xyz,March,Spring,-100
1/11/2023,14,15,Wind,11.0,Wednesday,January,Winter,14599
02/27/2028,11,xyz,Wind,267.0,Wednesday,September,Fall,-100
11/23/2020,4,5,Wind,328.0,Monday,November,Fall,204
3/22/2020,14,15,Wind,82.0,Sunday,March,Spring,10797
9/11/2020,0,1,Wind,255.0,Friday,September,Fall,2051
2/6/2020,17,18,xyz,37.0,Thursday,February,Winter,3492
10/8/2020,8,9,Wind,282.0,Thursday,October,Fall,8120
xyz,22,23,Wind,123.0,Wednesday,xyz,Spring,40000
12/31/2020,12,13,Wind,366.0,Thursday,December,Winter,3965
02/27/2028,xyz,4,,36.0,Saturday,February,Winter,-100
10/7/2021,15,16,Solar,280.0,Thursday,October,Fall,5578
3/28/2021,10,11,Wind,87.0,Sunday,March,Spring,6187
12/1/2021,22,23,Wind,335.0,Wednesday,December,Winter,5172
9/21/2024,16,17,Wind,265.0,Saturday,September,Fall,6277
7/21/2022,10,11,Solar,202.0,Thursday,July,Summer,4824
02/27/2028,5,6,Wind,293.0,xyz,October,Fall,-100
8/7/2025,20,21,Wind,219.0,Thursday,August,Summer,1544
3/26/2024,7,8,Wind,86.0,Tuesday,March,Spring,4117
3/8/2025,2,3,Wind,67.0,Saturday,March,Spring,10571
1/12/2025,20,21,Wind,12.0,Sunday,January,Winter,4437
7/9/2021,2,3,Wind,190.0,Friday,July,Summer,1284
3/14/2021,3,4,Wind,73.0,Sunday,March,Spring,10083
10/13/2025,20,21,Wind,286.0,Monday,October,Fall,7571
7/19/2024,15,16,Solar,201.0,Friday,July,Summer,8034
12/21/2024,4,5,Wind,356.0,Saturday,December,Winter,9345
11/26/2022,21,22,Wind,330.0,Saturday,November,Fall,5830
10/15/2020,9,10,Wind,289.0,Thursday,October,Fall,4521
3/3/2023,12,13,Solar,62.0,Friday,March,Spring,8636
12/21/2024,13,14,Wind,356.0,Saturday,December,Winter,15546
02/27/2028,18,xyz,Wind,107.0,,April,Spring,-100
5/11/2022,20,21,Wind,131.0,Wednesday,May,Spring,7674
4/24/2021,20,21,Wind,114.0,Saturday,April,Spring,6359
11/1/2025,17,18,Wind,305.0,Saturday,November,Fall,9003
5/25/2024,5,6,Wind,146.0,Saturday,May,Spring,555
10/21/2021,17,18,Wind,294.0,Thursday,October,Fall,8153
6/13/2025,1,2,Wind,164.0,Friday,June,Summer,1825
2/14/2021,21,22,Wind,45.0,Sunday,February,Winter,10355
1/25/2025,21,22,Wind,25.0,Saturday,January,Winter,9126
1/7/2023,17,18,Wind,7.0,Saturday,January,Winter,14938
7/29/2023,2,3,Wind,210.0,Saturday,July,Summer,3419
5/21/2025,7,8,Wind,141.0,Wednesday,May,Spring,2836
12/16/2024,16,17,Wind,351.0,Monday,December,xyz,4225
11/3/2025,9,10,Wind,307.0,Monday,November,Fall,11074
9/26/2022,22,23,Wind,269.0,Monday,September,Fall,7471
6/6/2023,0,1,Wind,157.0,Tuesday,June,Summer,7390
10/2/2023,2,3,Wind,275.0,Monday,October,Fall,2250
11/30/2025,14,15,,xyz,Sunday,November,Fall,40000
11/1/2024,22,23,Wind,306.0,Friday,November,Fall,1087
8/19/2020,4,5,Wind,232.0,Wednesday,August,Summer,1506
02/27/2028,18,19,Wind,251.0,xyz,September,Fall,-100
5/13/2025,0,1,Wind,133.0,Tuesday,May,Spring,821
7/24/2021,2,3,Wind,205.0,Saturday,July,Summer,4812
9/17/2022,8,9,Wind,260.0,Saturday,September,Fall,5418
8/27/2022,2,3,Wind,239.0,Saturday,August,Summer,2715
8/8/2022,20,21,Wind,220.0,Monday,August,Summer,6292
1/11/2024,12,13,Wind,11.0,Thursday,January,Winter,7195
11/3/2024,8,9,Wind,308.0,Sunday,November,Fall,3180
12/6/2022,8,9,Wind,xyz,Tuesday,December,Winter,1668
02/27/2028,21,22,Wind,155.0,Friday,June,Summer,-100
xyz,16,17,Wind,60.0,Thursday,February,Winter,-100
9/17/2021,12,13,Solar,260.0,Friday,September,Fall,4685
7/10/2024,18,19,Wind,192.0,Wednesday,July,Summer,6112
4/3/2024,7,8,Wind,94.0,Wednesday,April,Spring,10969
3/12/2020,4,5,Wind,72.0,Thursday,March,Spring,10215
8/5/2023,1,2,Wind,217.0,Saturday,August,Summer,3083
02/27/2028,18,19,Solar,222.0,Tuesday,xyz,xyz,-100
4/12/2021,4,5,Wind,102.0,Monday,April,Spring,2451
6/4/2025,4,5,Wind,155.0,Wednesday,June,Summer,3576
4/12/2022,12,13,Wind,102.0,Tuesday,April,Spring,8081
7/4/2020,21,22,Wind,186.0,Saturday,July,Summer,7630
6/23/2023,xyz,22,Wind,174.0,xyz,June,Summer,1955
12/29/2020,19,20,Wind,364.0,Tuesday,December,Winter,3372
6/6/2025,4,5,Wind,157.0,Friday,June,Summer,9233
7/23/2023,22,23,Wind,204.0,Sunday,July,Summer,3669
7/13/2021,14,15,Wind,194.0,Tuesday,July,Summer,6977
2/25/2023,3,4,Wind,56.0,Saturday,February,Winter,3756
4/20/2025,16,17,Wind,110.0,Sunday,April,Spring,7821
11/26/2021,xyz,12,Wind,330.0,Friday,November,Fall,8909
7/7/2022,13,14,Solar,188.0,Thursday,July,,10366
02/27/2028,2,3,Wind,359.0,Sunday,December,Winter,-100
6/24/2021,8,9,Wind,175.0,Thursday,June,Summer,2424
12/27/2024,20,21,Wind,362.0,Friday,December,Winter,505
7/25/2021,9,10,Wind,206.0,Sunday,July,Summer,4600
4/30/2021,2,3,Wind,120.0,Friday,April,Spring,1306
6/9/2024,5,6,Wind,,Sunday,June,Summer,3278
7/13/2022,1,2,Wind,194.0,Wednesday,July,Summer,1356
10/16/2022,3,4,Wind,289.0,Sunday,October,Fall,3225
12/26/2022,5,6,Wind,360.0,Monday,December,Winter,8665
12/18/2021,21,22,Wind,352.0,Saturday,December,Winter,5484
2/25/2021,8,9,Wind,56.0,Thursday,February,Winter,4647
xyz,4,5,,160.0,Thursday,June,Summer,4915
12/12/2020,12,13,Wind,347.0,Saturday,December,Winter,6962
6/30/2020,8,9,Wind,182.0,Tuesday,June,Summer,4425
6/23/2025,0,1,Wind,174.0,Monday,June,Summer,3803
12/3/2023,17,18,Wind,337.0,Sunday,December,Winter,9919
5/24/2021,23,0,xyz,144.0,Monday,xyz,Spring,40000
7/7/2022,7,8,Wind,188.0,Thursday,July,Summer,3007
8/20/2022,1,2,Wind,232.0,Saturday,August,Summer,2851
12/1/2023,11,12,Wind,335.0,Friday,December,Winter,3205
2/16/2023,0,1,Wind,47.0,Thursday,February,Winter,4539
5/21/2024,13,14,Solar,142.0,Tuesday,May,Spring,7026
4/30/2023,13,14,Solar,120.0,Sunday,April,Spring,7574
9/13/2022,1,2,Wind,256.0,Tuesday,September,Fall,3309
1/22/2022,17,18,Wind,22.0,Saturday,January,Winter,2488
5/21/2024,5,6,Wind,142.0,Tuesday,May,Spring,1818
8/30/2022,7,8,Wind,242.0,Tuesday,August,Summer,2798
4/15/2022,20,21,Wind,105.0,Friday,April,Spring,3535
8/3/2022,13,xyz,Solar,215.0,xyz,August,Summer,40000
02/27/2028,20,21,Wind,307.0,xyz,November,Fall,-100
9/25/2021,1,2,Wind,268.0,Saturday,September,Fall,988
10/19/2021,20,21,Wind,292.0,Tuesday,October,Fall,9953
1/6/2020,9,10,Wind,6.0,Monday,January,Winter,5416
12/16/2024,1,2,Wind,351.0,Monday,December,Winter,8523
11/12/2021,10,11,Wind,316.0,Friday,November,Fall,4270
6/20/2020,5,6,Wind,172.0,Saturday,June,Summer,486
02/27/2028,8,9,xyz,73.0,Wednesday,March,Spring,-100
,22,23,Wind,252.0,Saturday,September,Fall,3197
11/6/2025,18,19,Wind,310.0,Thursday,November,Fall,2400
1/5/2024,6,7,Wind,5.0,Friday,January,Winter,9326
8/30/2024,19,20,Wind,243.0,Friday,August,Summer,5732
2/15/2025,23,0,Wind,46.0,Saturday,February,Winter,5253
2/27/2020,12,13,Wind,58.0,Thursday,February,Winter,11839
7/12/2025,13,14,Solar,193.0,Saturday,July,Summer,9995
10/7/2025,15,16,xyz,280.0,xyz,October,,7349
02/27/2028,12,13,Wind,324.0,Tuesday,xyz,Fall,-100
9/5/2022,11,12,Solar,248.0,Monday,September,Fall,6500
12/1/2023,15,16,Wind,335.0,Friday,December,Winter,5190
10/20/2022,2,3,Wind,293.0,Thursday,October,Fall,40000
12/19/2021,11,12,Wind,353.0,Sunday,December,Winter,4354
9/12/2023,19,20,Wind,255.0,Tuesday,September,Fall,1385
3/7/2024,5,6,Wind,67.0,Thursday,March,Spring,5373
4/22/2023,8,9,Wind,112.0,Saturday,April,Spring,6237
6/28/2025,13,14,Solar,179.0,Saturday,June,Summer,5013
3/15/2024,16,17,Wind,75.0,Friday,March,Spring,14639
8/8/2021,20,21,Wind,220.0,Sunday,August,Summer,3499
xyz,13,14,Wind,186.0,Saturday,July,xyz,40000
1/21/2020,16,17,Wind,21.0,Tuesday,January,Winter,2477
9/6/2024,5,6,Wind,250.0,Friday,September,Fall,2030
xyz,22,23,Wind,207.0,,July,Summer,xyz
2/22/2021,15,16,Wind,53.0,Monday,February,Winter,4198
4/8/2024,19,20,xyz,xyz,Monday,April,Spring,8030
9/11/2023,23,0,Wind,254.0,Monday,September,Fall,2155
9/29/2023,7,8,Wind,272.0,Friday,September,Fall,8350
9/25/2020,3,4,Wind,269.0,Friday,September,Fall,9849
2/18/2021,12,13,Wind,49.0,Thursday,February,Winter,11175
4/26/2024,21,22,Wind,117.0,Friday,April,,2863
2/9/2021,12,13,Wind,40.0,Tuesday,February,Winter,40000
8/26/2023,11,12,Wind,238.0,Saturday,August,Summer,7079
3/24/2025,22,23,Wind,83.0,Monday,March,Spring,3152
4/27/2022,5,6,Wind,117.0,Wednesday,April,Spring,5473
3/20/2020,5,6,Wind,80.0,Friday,March,Spring,3503
1/28/2025,10,11,Wind,28.0,Tuesday,January,Winter,19791
5/16/2024,20,21,Wind,137.0,Thursday,May,Spring,1163
8/9/2025,23,0,Wind,221.0,Saturday,August,Summer,5463
9/26/2020,22,23,Wind,270.0,Saturday,September,Fall,7809
10/2/2022,20,21,Wind,275.0,Sunday,October,Fall,1747
02/27/2028,19,20,Wind,165.0,Wednesday,June,Summer,40000
6/14/2024,20,21,Wind,166.0,Friday,June,Summer,9673
8/26/2020,14,15,Wind,239.0,Wednesday,August,Summer,10958
9/18/2025,8,9,Wind,261.0,Thursday,September,Fall,2836
11/29/2021,0,1,Wind,333.0,Monday,November,Fall,4381
3/18/2021,17,18,Wind,xyz,Thursday,March,,40000
9/25/2020,4,5,Wind,269.0,Friday,September,Fall,10113
9/16/2023,4,5,Wind,259.0,Saturday,September,Fall,3175
2/7/2021,2,3,Wind,38.0,Sunday,February,Winter,5280
1/22/2023,14,15,Wind,22.0,Sunday,January,Winter,6393
12/5/2020,15,16,Wind,340.0,Saturday,December,Winter,6129
8/24/2020,9,10,Solar,237.0,Monday,August,Summer,2997
12/29/2024,11,12,Solar,364.0,Sunday,December,Winter,3198
8/8/2020,3,4,Wind,221.0,Saturday,August,Summer,1486
12/5/2023,13,14,Wind,339.0,Tuesday,xyz,Winter,12923
4/19/2024,17,18,Wind,110.0,Friday,April,Spring,14839
02/27/2028,8,9,Wind,356.0,Friday,December,Winter,-100
2/18/2021,23,0,Wind,49.0,xyz,February,xyz,5366
2/1/2024,20,21,Wind,32.0,Thursday,February,Winter,2025
10/28/2025,14,15,Wind,301.0,Tuesday,October,Fall,14915
4/28/2023,16,17,Wind,118.0,Friday,April,Spring,10069
5/5/2025,21,22,Wind,125.0,Monday,May,Spring,9439
9/4/2020,12,13,Solar,248.0,Friday,September,Fall,4856
5/31/2024,0,1,Wind,152.0,Friday,May,Spring,5543
02/27/2028,5,6,xyz,197.0,Wednesday,July,Summer,-100
7/9/2025,18,19,Solar,190.0,Wednesday,July,Summer,6182
6/11/2020,18,19,Wind,163.0,Thursday,June,Summer,4445
6/22/2022,15,16,Solar,173.0,Wednesday,June,Summer,5855
7/1/2020,22,23,Wind,183.0,Wednesday,July,Summer,2724
3/19/2022,12,13,Wind,78.0,Saturday,March,Spring,13165
2/4/2023,xyz,xyz,Solar,35.0,Saturday,February,Winter,5023
5/9/2025,7,8,Wind,129.0,Friday,May,Spring,5859
3/14/2021,21,22,Wind,73.0,Sunday,March,Spring,9885
11/8/2025,xyz,6,Wind,312.0,Saturday,November,Fall,40000
12/2/2022,4,5,Wind,336.0,Friday,December,Winter,1947
5/20/2022,14,15,Wind,xyz,Friday,May,Spring,xyz
9/5/2021,4,5,Wind,248.0,Sunday,September,Fall,411
1/12/2022,19,20,Wind,12.0,Wednesday,January,Winter,2990
3/5/2020,13,14,Wind,65.0,Thursday,March,Spring,10397
7/25/2022,17,18,Wind,206.0,Monday,July,Summer,11743
xyz,0,1,Wind,,Monday,March,Spring,3004
4/19/2025,13,14,Wind,109.0,Saturday,April,Spring,4740
10/14/2021,12,13,Solar,287.0,Thursday,October,Fall,5733
2/25/2020,0,1,Wind,56.0,Tuesday,February,Winter,10512
1/12/2020,2,3,Wind,12.0,Sunday,January,Winter,5999
8/2/2020,14,15,Solar,215.0,Sunday,August,Summer,
7/9/2024,2,3,Wind,191.0,Tuesday,July,Summer,4744
9/16/2025,11,12,Wind,259.0,Tuesday,September,Fall,14890
12/31/2023,21,22,Wind,365.0,Sunday,December,Winter,16865
11/20/2022,6,7,Wind,324.0,Sunday,November,Fall,5967
4/11/2021,22,23,Wind,101.0,Sunday,April,Spring,3924
1/16/2024,20,21,Wind,16.0,Tuesday,January,Winter,3871
12/5/2023,10,11,Wind,339.0,Tuesday,December,Winter,12783
2/10/2020,9,10,Wind,41.0,Monday,February,Winter,12097
9/4/2023,3,4,Wind,247.0,Monday,September,Fall,6601
7/13/2022,8,9,Solar,194.0,Wednesday,July,Summer,2295
10/7/2021,19,20,Wind,280.0,Thursday,October,Fall,2164
9/1/2022,1,2,Wind,244.0,Thursday,September,Fall,3632
1/7/2025,16,17,Wind,7.0,Tuesday,January,Winter,11764
11/4/2023,17,18,Wind,308.0,Saturday,November,Fall,15777
6/2/2021,1,,Wind,153.0,Wednesday,June,xyz,4571
11/5/2020,1,2,Wind,310.0,Thursday,November,Fall,4601
3/21/2020,7,8,Wind,81.0,Saturday,March,Spring,8250
9/29/2022,17,18,Solar,272.0,Thursday,September,Fall,2503
1/6/2022,13,14,Solar,6.0,Thursday,January,Winter,5752
1/26/2025,12,13,Wind,26.0,Sunday,January,Winter,18719
9/1/2025,xyz,12,Wind,xyz,Monday,September,Fall,40000
02/27/2028,16,17,xyz,43.0,Sunday,February,Winter,-100
8/31/2021,9,10,Wind,243.0,Tuesday,August,Summer,5034
1/9/2025,18,19,Wind,9.0,Thursday,January,Winter,6463
11/1/2020,16,17,Wind,306.0,Sunday,November,Fall,12111
3/17/2024,6,7,Wind,77.0,Sunday,March,Spring,4297
2/2/2022,1,2,Wind,33.0,Wednesday,February,Winter,10068
11/8/2022,22,23,Wind,312.0,Tuesday,November,Fall,10885
5/2/2022,3,4,Wind,122.0,Monday,May,Spring,2396
10/13/2022,10,11,Wind,286.0,Thursday,October,Fall,4655
6/21/2022,1,2,Wind,172.0,Tuesday,June,Summer,5665
11/17/2020,0,1,Wind,322.0,Tuesday,November,Fall,4807
2/19/2021,15,16,Wind,50.0,Friday,February,Winter,7879
2/25/2025,3,4,Wind,56.0,Tuesday,February,Winter,3216
10/16/2022,2,3,Wind,289.0,Sunday,October,Fall,3562
8/20/2022,9,10,Solar,232.0,Saturday,August,Summer,3115
xyz,3,4,Wind,43.0,Saturday,February,Winter,4102
11/12/2023,15,16,Wind,316.0,Sunday,November,Fall,9339
10/7/2022,0,1,Wind,280.0,Friday,October,Fall,1016
11/17/2023,9,10,Wind,321.0,Friday,November,Fall,5209
5/28/2024,6,7,Wind,149.0,Tuesday,May,Spring,4105
4/24/2024,8,9,Wind,115.0,Wednesday,April,Spring,5474
11/12/2020,2,3,Wind,317.0,Thursday,November,Fall,7761
5/8/2021,7,8,Wind,128.0,Saturday,May,Spring,5855
2/10/2025,10,11,Wind,41.0,Monday,February,Winter,5974
9/24/2021,12,13,Solar,267.0,Friday,September,Fall,5176
2/10/2022,11,12,Wind,41.0,Thursday,February,Winter,6776
02/27/2028,22,23,Wind,311.0,Wednesday,xyz,Fall,40000
5/24/2022,14,15,Wind,144.0,Tuesday,May,Spring,8338
9/1/2022,22,23,Wind,244.0,Thursday,September,Fall,3557
11/21/2020,15,16,Wind,326.0,Saturday,November,Fall,3578
10/12/2023,5,6,Wind,285.0,Thursday,October,Fall,4724
3/25/2021,16,17,Solar,84.0,Thursday,March,Spring,4112
3/11/2020,xyz,18,Wind,71.0,Wednesday,March,Spring,9765
3/15/2023,21,22,Wind,74.0,Wednesday,March,Spring,3601
12/28/2023,0,1,Wind,362.0,Thursday,December,Winter,15011
3/4/2020,9,10,Wind,64.0,Wednesday,March,Spring,3752
11/22/2025,1,2,Wind,326.0,Saturday,November,Fall,3216
6/3/2022,6,7,Wind,154.0,Friday,June,Summer,3097
2/7/2021,10,11,Wind,38.0,Sunday,February,Winter,5189
4/20/2023,10,11,Wind,110.0,Thursday,April,Spring,9861
02/27/2028,18,19,xyz,217.0,Saturday,August,Summer,-100
7/17/2020,14,15,Solar,199.0,Friday,July,Summer,4576
9/5/2022,16,17,Solar,248.0,Monday,September,Fall,7278
3/22/2020,4,5,Wind,82.0,Sunday,March,Spring,7988
8/16/2023,11,12,Solar,228.0,Wednesday,August,Summer,5718
1/15/2024,15,16,Wind,15.0,Monday,January,Winter,6186
9/10/2021,6,7,Wind,253.0,Friday,September,Fall,1492
3/8/2021,14,15,Solar,67.0,Monday,March,Spring,3991
11/9/2025,2,3,,313.0,Sunday,November,Fall,40000
9/20/2021,18,19,Wind,263.0,Monday,September,Fall,3659
2/13/2020,15,16,Wind,44.0,Thursday,February,Winter,13155
6/23/2021,9,10,Solar,174.0,Wednesday,June,Summer,3283
12/9/2023,15,16,Wind,343.0,Saturday,December,Winter,17880
9/3/2020,21,22,Wind,247.0,Thursday,September,Fall,1806
7/10/2022,10,11,Solar,191.0,Sunday,July,Summer,7505
8/2/2023,0,1,Wind,214.0,Wednesday,August,Summer,8657
11/1/2023,9,10,Wind,305.0,Wednesday,November,Fall,13094
6/9/2023,1,2,Wind,160.0,Friday,June,Summer,5113
02/27/2028,1,2,Wind,xyz,Friday,August,Summer,-100
11/15/2020,16,17,Wind,320.0,Sunday,November,Fall,12896
3/23/2024,3,4,Wind,83.0,Saturday,March,Spring,9262
9/2/2020,11,12,Solar,246.0,Wednesday,September,Fall,3984
8/21/2023,11,12,Solar,233.0,Monday,August,Summer,6342
12/27/2022,3,4,Wind,361.0,Tuesday,December,Winter,4453
2/4/2020,3,4,Wind,35.0,Tuesday,February,Winter,10606
9/2/2022,14,15,Solar,245.0,Friday,September,Fall,5100
3/17/2022,2,3,Wind,76.0,Thursday,March,Spring,5307
4/20/2022,14,15,Wind,110.0,Wednesday,April,Spring,6374
9/8/2023,8,9,Wind,251.0,Friday,,xyz,40000
xyz,9,10,,137.0,Thursday,May,Spring,-100
11/23/2022,14,15,Wind,327.0,Wednesday,November,Fall,14320
11/3/2023,18,19,Wind,307.0,Friday,November,Fall,10098
11/21/2023,18,19,Wind,325.0,Tuesday,November,Fall,7204
10/27/2022,9,10,Wind,300.0,Thursday,October,Fall,8631
10/17/2023,15,16,Wind,290.0,Tuesday,October,Fall,7857
1/22/2023,1,2,Wind,22.0,Sunday,January,,40000
1/2/2021,10,11,Wind,2.0,Saturday,January,Winter,2099
10/18/2022,4,5,Wind,291.0,Tuesday,October,Fall,1500
12/14/2020,11,12,Wind,349.0,Monday,December,Winter,7509
3/28/2024,17,18,Wind,88.0,Thursday,March,Spring,18361
5/24/2021,11,12,xyz,144.0,Monday,May,Spring,xyz
02/27/2028,8,9,Solar,214.0,Tuesday,August,Summer,-100
6/3/2021,2,3,Wind,154.0,Thursday,June,Summer,1824
9/12/2020,11,12,Solar,256.0,Saturday,September,Fall,3901
9/27/2021,23,0,Wind,270.0,Monday,September,Fall,2542
8/2/2022,7,8,Wind,214.0,Tuesday,August,Summer,1344
12/20/2022,21,22,Wind,354.0,Tuesday,December,Winter,7438
2/5/2020,11,12,Solar,36.0,Wednesday,February,Winter,3685
9/28/2021,13,14,Solar,271.0,Tuesday,September,Fall,5333
02/27/2028,6,,Wind,288.0,Saturday,xyz,Fall,-100
7/7/2024,22,23,Wind,189.0,Sunday,July,Summer,1422
9/3/2021,12,13,Solar,246.0,Friday,September,Fall,3648
02/27/2028,10,11,xyz,262.0,Tuesday,September,Fall,
2/27/2023,6,7,Wind,58.0,Monday,February,Winter,12722
6/3/2020,6,7,Wind,155.0,Wednesday,June,Summer,650
6/1/2022,3,4,Wind,152.0,Wednesday,June,Summer,1787
9/12/2023,9,10,Solar,255.0,Tuesday,September,Fall,2144
3/27/2024,7,8,Wind,87.0,Wednesday,March,Spring,6730
3/26/2022,6,,xyz,85.0,Saturday,March,Spring,xyz
6/21/2022,11,12,Solar,172.0,Tuesday,June,Summer,4160
3/4/2023,5,6,Wind,63.0,Saturday,March,Spring,4466
5/3/2021,23,0,Wind,123.0,Monday,May,Spring,11576
1/13/2025,13,14,Solar,13.0,Monday,January,Winter,9187
8/24/2025,1,2,Wind,236.0,Sunday,August,Summer,3920
9/18/2024,4,5,Wind,262.0,Wednesday,September,Fall,9102
8/19/2021,12,13,Solar,,xyz,August,Summer,40000
02/27/2028,2,3,Wind,319.0,Saturday,xyz,Fall,-100
10/2/2024,5,6,Wind,276.0,Wednesday,October,Fall,4420
3/7/2022,9,10,Wind,66.0,Monday,March,Spring,8394
10/12/2021,18,19,Wind,285.0,Tuesday,October,Fall,3803
9/5/2021,15,16,Solar,248.0,Sunday,September,Fall,4482
6/2/2022,4,5,Wind,153.0,Thursday,June,Summer,4497
8/2/2022,4,5,Wind,214.0,Tuesday,August,Summer,1263
9/5/2022,12,13,Solar,248.0,Monday,September,Fall,7266
7/7/2020,4,5,Wind,189.0,Tuesday,July,Summer,2329
02/27/2028,10,11,Wind,150.0,Tuesday,May,Spring,-100
9/30/2024,3,4,Wind,274.0,Monday,September,Fall,11568
7/20/2025,9,10,Wind,201.0,Sunday,July,Summer,7434
1/21/2023,1,2,Wind,21.0,Saturday,January,Winter,6256
10/17/2021,20,21,Wind,290.0,Sunday,October,Fall,1885
4/7/2023,18,19,Wind,97.0,Friday,April,Spring,4832
5/6/2020,15,16,Solar,127.0,Wednesday,May,xyz,5107
10/21/2022,13,14,Wind,294.0,Friday,October,Fall,9068
8/6/2020,15,16,Solar,219.0,Thursday,August,Summer,4041
4/16/2024,20,21,Wind,107.0,Tuesday,April,Spring,9809
5/6/2020,20,21,Wind,127.0,Wednesday,May,Spring,1843
9/24/2022,7,8,Wind,267.0,Saturday,September,Fall,1145
9/17/2021,9,10,Solar,260.0,Friday,September,Fall,2186
5/20/2024,2,3,Wind,141.0,Monday,May,Spring,1441
02/27/2028,7,8,xyz,233.0,Saturday,August,Summer,-100
9/12/2025,0,1,Wind,255.0,Friday,September,Fall,9948
7/31/2022,16,17,Solar,212.0,Sunday,July,Summer,8905
5/30/2025,13,14,Solar,150.0,Friday,May,Spring,4702
11/7/2022,20,21,Wind,311.0,Monday,November,Fall,11161
1/25/2022,23,0,Wind,25.0,Tuesday,January,Winter,290
02/27/2028,1,2,Wind,289.0,xyz,October,Fall,-100
02/27/2028,22,23,Wind,352.0,,December,Winter,-100
3/16/2024,0,1,Wind,76.0,Saturday,March,Spring,10628
9/12/2022,22,23,Wind,255.0,Monday,September,Fall,2675
9/22/2020,17,18,Wind,266.0,Tuesday,September,Fall,2287
8/22/2024,15,16,Solar,235.0,Thursday,August,Summer,8000
11/21/2023,11,12,Wind,325.0,Tuesday,November,Fall,7390
8/5/2024,11,12,Solar,218.0,Monday,August,Summer,7577
5/28/2025,18,19,Wind,148.0,Wednesday,May,Spring,15036
7/18/2024,5,6,Wind,200.0,Thursday,July,Summer,1671
6/30/2023,9,10,Solar,181.0,Friday,June,Summer,4086
8/26/2023,21,22,Wind,238.0,Saturday,August,Summer,1277
8/6/2020,5,6,Wind,219.0,Thursday,August,Summer,1185
10/15/2021,10,11,Solar,288.0,Friday,October,Fall,2956
2/5/2021,13,14,Wind,36.0,Friday,February,Winter,2892
10/30/2022,4,5,Wind,303.0,Sunday,October,Fall,3138
6/20/2021,21,22,Wind,171.0,Sunday,June,Summer,2576
4/30/2022,11,12,Solar,120.0,Saturday,April,Spring,7831
2/16/2022,3,4,Wind,47.0,Wednesday,February,Winter,14770
8/4/2025,9,10,Solar,216.0,Monday,August,Summer,6318
9/17/2022,1,2,Wind,260.0,Saturday,September,Fall,5650
3/8/2020,1,2,Wind,68.0,Sunday,March,Spring,7984
7/19/2022,xyz,2,Wind,xyz,Tuesday,July,Summer,
4/16/2024,xyz,4,Wind,107.0,xyz,April,Spring,8815
11/29/2021,15,16,Wind,333.0,Monday,November,Fall,3709
2/23/2022,11,12,Solar,54.0,Wednesday,February,Winter,4874
7/1/2020,1,2,Wind,183.0,Wednesday,July,Summer,3080
8/4/2023,0,1,Wind,216.0,Friday,August,Summer,3272
1/1/2022,13,14,Wind,1.0,Saturday,January,Winter,xyz
9/22/2021,5,6,Wind,265.0,Wednesday,September,Fall,2034
12/14/2022,11,12,Wind,348.0,Wednesday,December,Winter,3052
4/13/2024,13,14,Solar,104.0,Saturday,April,Spring,5694
5/25/2024,17,18,Solar,146.0,Saturday,May,Spring,5121
8/15/2021,13,14,Solar,227.0,Sunday,August,Summer,5614
8/10/2024,22,23,Wind,223.0,Saturday,August,Summer,2108
2/5/2021,4,5,Wind,36.0,Friday,February,Winter,2076
6/13/2025,15,16,Solar,164.0,Friday,June,Summer,5338
9/25/2021,19,20,Wind,268.0,Saturday,September,Fall,1419
2/29/2024,10,11,Wind,60.0,Thursday,February,Winter,11050
2/4/2020,5,6,Wind,35.0,Tuesday,February,Winter,10511
4/5/2023,5,6,Wind,95.0,Wednesday,April,Spring,1330
3/11/2020,19,20,Wind,71.0,Wednesday,March,Spring,9313
7/1/2020,11,12,Wind,183.0,Wednesday,July,Summer,5430
02/27/2028,3,4,Wind,106.0,Saturday,April,Spring,xyz
1/31/2025,4,5,Wind,31.0,Friday,January,Winter,2474
3/8/2022,4,5,Wind,67.0,Tuesday,March,Spring,7916
8/28/2022,3,4,Wind,240.0,Sunday,August,Summer,3754
02/27/2028,,3,Wind,288.0,Wednesday,October,Fall,-100
3/8/2020,22,23,Wind,68.0,Sunday,March,Spring,6956
5/24/2025,20,21,Wind,144.0,Saturday,May,Spring,7615
10/29/2020,2,xyz,Wind,303.0,Thursday,October,Fall,xyz
7/6/2025,1,2,Wind,187.0,Sunday,July,Summer,4250
8/24/2021,17,18,Wind,236.0,Tuesday,August,Summer,11978
1/2/2020,6,7,Wind,2.0,Thursday,January,Winter,1907
8/17/2022,13,14,xyz,229.0,Wednesday,August,Summer,3934
12/14/2024,13,14,Wind,349.0,Saturday,December,Winter,4943
2/20/2024,20,21,Wind,51.0,Tuesday,February,Winter,5500
10/20/2024,6,7,Wind,294.0,Sunday,October,Fall,5608
11/10/2024,5,6,Wind,315.0,Sunday,November,Fall,797
6/12/2022,20,21,Wind,163.0,xyz,June,Summer,3985
2/1/2020,1,2,Wind,32.0,Saturday,February,Winter,8583
xyz,21,22,Wind,294.0,Sunday,xyz,Fall,10852
2/21/2023,20,21,Wind,52.0,Tuesday,February,Winter,1767
3/21/2021,2,3,Wind,80.0,Sunday,March,Spring,3171
5/19/2024,3,4,Wind,140.0,Sunday,May,Spring,478
12/19/2022,5,6,Wind,353.0,Monday,December,Winter,12628
11/3/2022,5,6,Wind,307.0,Thursday,November,Fall,9205
3/1/2020,9,10,Wind,61.0,Sunday,March,Spring,9621
02/27/2028,xyz,16,Solar,163.0,Tuesday,June,xyz,-100
8/9/2022,4,5,Wind,221.0,Tuesday,August,Summer,40000
12/2/2022,xyz,20,Wind,336.0,Friday,December,Winter,40000
5/31/2025,12,13,Solar,151.0,Saturday,May,xyz,3896
10/15/2025,7,8,Wind,288.0,Wednesday,October,Fall,5168
1/27/2025,10,11,Wind,27.0,Monday,January,Winter,18300
9/4/2025,18,19,Wind,247.0,Thursday,September,Fall,10976
9/3/2025,22,23,Wind,246.0,Wednesday,September,Fall,11130
12/30/2022,18,19,Wind,364.0,Friday,December,Winter,15498
9/22/2022,20,21,Wind,265.0,Thursday,September,Fall,361
10/23/2020,18,19,Wind,297.0,Friday,October,Fall,4286
12/15/2023,19,20,Wind,349.0,Friday,December,Winter,1834
6/27/2024,0,1,Wind,179.0,Thursday,June,Summer,1200
5/10/2023,0,1,Wind,130.0,Wednesday,May,Spring,7940
2/16/2024,2,3,Wind,47.0,Friday,February,Winter,10905
10/14/2023,14,15,Wind,287.0,Saturday,October,Fall,6929
9/13/2021,11,12,Solar,256.0,Monday,September,Fall,4338
7/3/2021,18,19,Wind,184.0,Saturday,July,Summer,3282
12/18/2021,15,16,Wind,352.0,Saturday,December,Winter,5729
9/20/2022,13,14,Solar,263.0,Tuesday,September,Fall,7548
2/13/2024,10,11,Wind,44.0,Tuesday,February,Winter,8629
3/18/2025,12,13,Solar,77.0,Tuesday,March,Spring,16121
3/28/2022,4,5,Wind,87.0,Monday,March,Spring,1613
11/12/2025,6,7,Wind,316.0,Wednesday,November,Fall,12421
1/4/2025,7,8,Wind,4.0,Saturday,January,Winter,3792
9/11/2020,19,20,Wind,255.0,Friday,September,Fall,895
02/27/2028,4,5,Wind,302.0,Friday,October,Fall,xyz
5/6/2021,18,19,Wind,126.0,Thursday,May,Spring,7220
4/26/2024,4,5,Wind,117.0,Friday,xyz,xyz,40000
7/17/2021,2,3,Wind,198.0,Saturday,July,Summer,2754
11/16/2020,7,8,Wind,321.0,Monday,November,Fall,8975
1/19/2021,3,4,Wind,19.0,Tuesday,January,Winter,9958
5/21/2024,19,20,Wind,142.0,Tuesday,May,Spring,4645
10/27/2022,12,13,Wind,300.0,Thursday,October,Fall,8358
3/24/2021,6,7,Wind,83.0,Wednesday,March,Spring,1239
5/18/2024,3,4,Wind,139.0,Saturday,May,Spring,525
12/30/2020,8,9,Wind,365.0,Wednesday,December,Winter,2860
8/12/2024,8,9,Wind,225.0,Monday,August,Summer,5374
7/22/2021,xyz,23,Wind,203.0,Thursday,,Summer,40000
1/13/2025,18,19,Wind,13.0,Monday,January,Winter,4536
9/20/2023,1,2,Wind,263.0,Wednesday,September,Fall,7168
7/18/2022,0,1,Wind,199.0,Monday,July,Summer,4591
5/24/2023,,18,Wind,144.0,xyz,May,Spring,40000
2/6/2025,8,9,Wind,37.0,Thursday,February,Winter,6525
02/27/2028,11,xyz,xyz,97.0,Thursday,April,Spring,-100
11/13/2021,16,17,Wind,317.0,Saturday,November,Fall,2836
5/29/2024,16,17,Wind,150.0,Wednesday,May,Spring,9968
2/11/2023,12,13,Solar,42.0,xyz,February,Winter,40000
10/24/2022,16,17,Wind,297.0,Monday,October,Fall,12049
5/16/2023,5,6,Wind,136.0,Tuesday,May,Spring,7749
7/5/2024,17,18,Solar,187.0,Friday,July,Summer,8953
12/31/2020,14,15,Wind,366.0,Thursday,December,Winter,3411
1/22/2023,2,3,Wind,22.0,Sunday,January,Winter,5942
5/22/2021,1,2,Wind,142.0,Saturday,May,Spring,11768
5/29/2023,12,13,Wind,149.0,Monday,May,Spring,8567
8/18/2020,15,16,Solar,231.0,Tuesday,August,Summer,5048
3/22/2023,10,11,Wind,81.0,Wednesday,March,Spring,15352
3/4/2020,6,7,Wind,64.0,Wednesday,March,Spring,2804
3/16/2021,17,18,Wind,75.0,Tuesday,March,Spring,5571
6/29/2021,17,18,Solar,180.0,Tuesday,June,Summer,4821
1/9/2024,14,15,Wind,9.0,Tuesday,January,Winter,6725
4/1/2023,14,15,Wind,91.0,Saturday,April,Spring,17159
9/16/2022,19,20,Wind,259.0,Friday,September,xyz,5658
12/26/2020,12,13,Wind,361.0,Saturday,December,Winter,6761
7/21/2021,19,20,Wind,202.0,Wednesday,July,Summer,2684
7/4/2023,17,18,Wind,185.0,Tuesday,July,Summer,9435
8/31/2022,16,17,Solar,243.0,Wednesday,August,Summer,6108
7/14/2022,9,10,Solar,195.0,Thursday,July,Summer,3797
5/5/2022,11,12,Solar,125.0,Thursday,May,Spring,5466
1/17/2020,7,8,Wind,17.0,Friday,January,Winter,8552
10/10/2020,2,3,Wind,284.0,Saturday,October,Fall,2744
4/18/2022,6,7,xyz,108.0,Monday,April,Spring,2655
3/27/2021,6,7,Wind,86.0,Saturday,March,Spring,8838
1/7/2021,4,5,Wind,7.0,Thursday,January,Winter,508
02/27/2028,13,14,Wind,xyz,Friday,,Fall,-100
1/29/2023,0,1,Wind,29.0,Sunday,January,Winter,1865
6/12/2020,7,8,Wind,164.0,Friday,June,Summer,4529
3/5/2021,1,2,Wind,64.0,Friday,March,Spring,3011
5/5/2021,16,17,Wind,125.0,Wednesday,May,Spring,11210
02/27/2028,12,13,Wind,68.0,xyz,March,Spring,-100
7/25/2020,23,0,Wind,207.0,Saturday,July,Summer,4147
1/8/2020,23,0,Wind,8.0,Wednesday,January,Winter,5675
7/11/2022,20,21,Wind,192.0,Monday,July,Summer,3116
4/19/2020,23,0,Wind,110.0,Sunday,April,Spring,5335
3/7/2023,13,14,Wind,66.0,Tuesday,March,Spring,11544
5/31/2023,23,0,Wind,151.0,Wednesday,May,Spring,8212
12/27/2022,22,23,Wind,361.0,Tuesday,December,Winter,10404
11/13/2021,13,14,Wind,317.0,Saturday,November,Fall,4576
7/26/2023,13,14,Solar,207.0,Wednesday,July,Summer,8313
02/27/2028,18,19,Wind,57.0,Friday,February,Winter,-100
10/6/2022,4,5,Wind,279.0,Thursday,October,Fall,2405
xyz,21,22,Wind,359.0,Monday,December,Winter,40000
02/27/2028,20,21,Wind,36.0,Monday,xyz,Winter,-100
,6,7,Wind,323.0,Friday,November,Fall,1271
4/8/2024,9,10,Wind,99.0,Monday,April,Spring,6119
4/20/2025,4,5,Wind,110.0,Sunday,April,Spring,6863
8/17/2023,18,19,Solar,229.0,Thursday,August,Summer,3923
2/10/2024,14,15,Wind,41.0,Saturday,February,Winter,8429
5/18/2020,14,15,Solar,139.0,Monday,May,Spring,5369
8/31/2023,22,23,Wind,243.0,Thursday,August,Summer,5086
7/29/2023,9,10,Wind,210.0,Saturday,July,Summer,7045
7/27/2020,6,7,Wind,209.0,Monday,July,Summer,2729
4/18/2022,2,3,Wind,108.0,Monday,April,Spring,5021
11/29/2021,19,20,Wind,333.0,Monday,November,Fall,3502
4/14/2025,13,14,Solar,104.0,Monday,April,Spring,8985
1/16/2021,13,14,Wind,16.0,Saturday,January,Winter,7344
1/11/2024,10,11,Wind,11.0,Thursday,January,Winter,7100
7/11/2022,21,22,Wind,192.0,Monday,July,Summer,2842
4/10/2025,3,4,Wind,100.0,Thursday,April,Spring,8424
10/30/2023,2,3,Wind,303.0,Monday,October,Fall,6939
6/20/2024,17,18,Solar,172.0,Thursday,June,Summer,3622
8/10/2024,3,4,Wind,223.0,Saturday,August,Summer,1553
3/28/2020,1,2,Wind,88.0,,March,Spring,40000
xyz,9,10,Wind,197.0,Sunday,July,xyz,40000
6/9/2022,7,8,Wind,160.0,Thursday,June,Summer,4108
3/20/2021,15,16,Wind,79.0,Saturday,March,Spring,8518
5/5/2025,4,5,Wind,125.0,Monday,May,Spring,10150
1/22/2021,3,4,Wind,22.0,Friday,January,Winter,6889
3/7/2021,1,2,Wind,66.0,Sunday,March,Spring,3004
12/3/2022,15,16,Wind,337.0,Saturday,December,Winter,5182
12/1/2024,18,19,Wind,336.0,Sunday,December,Winter,6973
7/3/2022,1,2,Wind,184.0,Sunday,July,Summer,1606
9/4/2020,21,22,Wind,xyz,Friday,September,Fall,
7/17/2024,1,2,Wind,199.0,Wednesday,July,Summer,2646
xyz,11,12,Solar,182.0,xyz,July,Summer,40000
5/28/2022,3,4,Wind,148.0,Saturday,May,Spring,3529
4/14/2023,15,16,Wind,104.0,Friday,April,Spring,12810
9/26/2022,3,4,Wind,269.0,Monday,September,Fall,2743
11/14/2020,6,7,Wind,319.0,Saturday,November,Fall,6321
3/14/2024,4,5,Wind,74.0,Thursday,March,Spring,5156
7/27/2024,0,1,Wind,209.0,Saturday,July,Summer,405
12/12/2021,2,3,Wind,346.0,Sunday,December,Winter,5535
9/17/2025,22,23,Wind,260.0,Wednesday,September,Fall,3041
2/6/2025,3,4,Wind,37.0,Thursday,February,Winter,3816
1/19/2022,5,6,Wind,19.0,Wednesday,January,Winter,1512
1/8/2020,22,23,Wind,8.0,Wednesday,January,Winter,4953
9/7/2020,21,22,Wind,251.0,Monday,September,Fall,1822
6/8/2021,4,5,Wind,159.0,Tuesday,June,Summer,933
12/6/2022,10,11,Solar,340.0,Tuesday,December,Winter,2932
6/10/2024,20,21,Wind,162.0,Monday,June,Summer,6041
11/14/2025,22,23,Wind,318.0,Friday,November,Fall,6789
6/15/2024,7,8,Wind,167.0,Saturday,June,Summer,13225
1/29/2025,17,18,Wind,29.0,Wednesday,xyz,Winter,xyz
3/7/2020,15,16,Wind,67.0,Saturday,March,Spring,5557
xyz,21,22,Wind,33.0,Friday,February,xyz,-100
1/10/2023,16,17,Wind,10.0,Tuesday,January,Winter,14674
9/25/2022,1,2,Wind,268.0,Sunday,September,Fall,3036
9/17/2025,18,19,Wind,260.0,Wednesday,September,Fall,6370
6/18/2023,6,7,Wind,169.0,Sunday,June,Summer,2576
10/31/2025,13,14,Wind,304.0,Friday,October,Fall,13884
7/28/2022,18,19,Solar,209.0,Thursday,July,Summer,3163
5/10/2023,14,15,Wind,130.0,Wednesday,May,Spring,11967
12/17/2023,23,0,Wind,351.0,Sunday,December,Winter,2386
8/13/2025,13,14,Solar,225.0,Wednesday,August,Summer,7939
7/18/2024,6,7,Wind,200.0,Thursday,July,Summer,1657
1/26/2020,6,7,Wind,26.0,Sunday,January,Winter,2296
9/9/2021,23,0,Wind,252.0,Thursday,September,Fall,3179
9/8/2020,16,17,Solar,252.0,Tuesday,September,Fall,3352
6/8/2023,14,15,Solar,159.0,Thursday,June,Summer,8871
xyz,16,xyz,Wind,205.0,Tuesday,July,Summer,13243
6/14/2024,3,4,Wind,166.0,Friday,June,Summer,7290
1/5/2023,11,12,Wind,5.0,Thursday,January,Winter,6549
2/14/2021,2,3,Wind,45.0,,February,Winter,6685
2/14/2022,7,8,Wind,45.0,Monday,February,Winter,11415
7/3/2023,2,3,Wind,184.0,Monday,July,Summer,4117
6/19/2020,16,17,Solar,171.0,Friday,June,Summer,4952
8/22/2021,18,19,Wind,234.0,Sunday,August,Summer,6386
1/19/2024,9,10,Wind,19.0,Friday,January,Winter,2260
1/8/2023,14,15,Wind,8.0,Sunday,January,Winter,12390
9/26/2023,5,6,Wind,269.0,Tuesday,September,Fall,2376
12/24/2022,15,16,Wind,358.0,Saturday,December,Winter,3834
11/10/2025,20,21,Wind,314.0,Monday,November,Fall,10246
6/12/2025,23,0,Wind,163.0,Thursday,June,Summer,1631
9/24/2023,4,5,Wind,267.0,Sunday,September,Fall,2502
3/7/2025,22,23,xyz,xyz,,March,Spring,10556
6/28/2021,18,19,Wind,179.0,Monday,June,Summer,3563
7/23/2021,1,2,Wind,204.0,Friday,July,Summer,4061
9/6/2025,18,19,Wind,249.0,Saturday,September,Fall,11797
12/22/2024,20,21,Wind,357.0,Sunday,December,Winter,15634
02/27/2028,22,23,Wind,321.0,Wednesday,November,Fall,-100
7/2/2024,8,9,Wind,184.0,Tuesday,July,Summer,3551
3/23/2025,20,21,Wind,82.0,Sunday,March,Spring,1554
4/21/2022,22,23,Wind,111.0,Thursday,April,Spring,6262
4/26/2020,14,15,Solar,117.0,Sunday,April,Spring,3408
1/26/2020,18,19,Wind,26.0,Sunday,January,Winter,6324
4/27/2022,21,22,Wind,117.0,Wednesday,April,Spring,7002
11/1/2023,14,xyz,Wind,305.0,Wednesday,November,Fall,17444
4/15/2024,17,18,Wind,106.0,Monday,April,Spring,12213
1/23/2024,21,22,Wind,23.0,Tuesday,January,Winter,17189
11/11/2020,16,17,Wind,316.0,Wednesday,November,Fall,3162
8/13/2022,20,21,Wind,225.0,Saturday,August,Summer,1713
5/20/2020,14,15,Solar,141.0,Wednesday,May,Spring,5383
9/10/2024,16,17,Wind,254.0,Tuesday,September,Fall,17205
7/19/2025,16,17,Wind,200.0,Saturday,July,Summer,13213
6/7/2021,13,14,Solar,158.0,Monday,June,Summer,4401
7/10/2021,21,22,Wind,191.0,Saturday,July,Summer,1471
7/8/2021,16,17,Solar,189.0,Thursday,July,Summer,5696
3/9/2024,9,10,Wind,69.0,Saturday,March,Spring,12919
12/31/2022,0,1,Wind,365.0,Saturday,December,Winter,15699
11/4/2024,9,10,Wind,309.0,Monday,November,Fall,3849
1/24/2024,3,4,Wind,24.0,Wednesday,January,Winter,17059
xyz,0,1,Wind,322.0,Tuesday,November,Fall,xyz
3/7/2023,14,15,Wind,66.0,Tuesday,March,Spring,11416
2/3/2022,13,14,Wind,34.0,Thursday,February,Winter,4213
12/21/2023,11,12,Wind,355.0,Thursday,December,Winter,18881
6/27/2022,15,16,Solar,178.0,Monday,June,Summer,
2/17/2025,4,5,Wind,48.0,Monday,February,Winter,3972
9/22/2024,12,13,Solar,266.0,Sunday,September,Fall,5623
9/18/2022,8,9,Wind,261.0,Sunday,September,Fall,3313
02/27/2028,1,2,Wind,307.0,,November,Fall,-100
3/28/2020,8,9,Wind,88.0,Saturday,March,Spring,3145
5/2/2025,11,12,Solar,122.0,Friday,May,Spring,5129
6/30/2025,14,15,Solar,181.0,Monday,June,Summer,9162
10/12/2024,14,15,Wind,286.0,Saturday,October,Fall,7080
12/7/2020,17,18,Wind,,Monday,December,Winter,2522
10/11/2022,21,22,Wind,284.0,Tuesday,October,Fall,2111
11/18/2024,9,10,Wind,323.0,Monday,November,Fall,40000
2/26/2025,0,1,Wind,57.0,Wednesday,February,Winter,11348
11/8/2025,0,1,Wind,312.0,Saturday,November,Fall,2330
12/25/2020,16,17,Wind,360.0,Friday,December,Winter,5883
4/15/2023,9,10,Wind,105.0,Saturday,April,Spring,9294
9/29/2024,15,16,Wind,273.0,Sunday,September,Fall,10965
3/17/2025,15,16,Wind,76.0,Monday,March,Spring,15646
5/22/2022,13,14,Solar,142.0,Sunday,May,Spring,5983
6/11/2021,8,9,Solar,162.0,Friday,June,Summer,1950
3/6/2021,xyz,2,,65.0,Saturday,March,Spring,6817
11/16/2024,17,18,Wind,321.0,Saturday,November,Fall,1392
7/4/2021,20,21,Wind,185.0,Sunday,July,Summer,3585
2/28/2022,22,23,Wind,59.0,Monday,February,Winter,3565
7/2/2021,3,4,Wind,183.0,Friday,July,Summer,526
2/22/2020,20,21,xyz,53.0,Saturday,February,Winter,40000
9/16/2020,23,0,Wind,260.0,Wednesday,September,Fall,4546
11/14/2025,19,20,Wind,318.0,Friday,November,Fall,9986
10/16/2020,xyz,23,Wind,290.0,Friday,October,xyz,40000
1/9/2022,12,13,Wind,9.0,Sunday,January,Winter,6913
6/29/2024,13,14,Solar,181.0,Saturday,June,Summer,3176
3/21/2021,19,20,Wind,80.0,Sunday,March,Spring,6702
6/30/2020,1,2,Wind,182.0,Tuesday,June,Summer,3778
8/20/2023,15,16,Solar,232.0,Sunday,August,Summer,6827
2/15/2024,4,5,Wind,46.0,Thursday,February,Winter,8022
4/28/2021,1,2,Wind,118.0,Wednesday,April,Spring,1719
11/16/2024,14,15,Solar,321.0,Saturday,November,Fall,4347
8/23/2023,2,3,Wind,235.0,Wednesday,August,Summer,2455
12/1/2020,17,18,Wind,336.0,Tuesday,December,Winter,6506
11/3/2021,14,15,Wind,307.0,Wednesday,November,Fall,4533
7/30/2023,12,13,Wind,211.0,Sunday,July,Summer,13460
9/1/2022,7,8,Wind,244.0,Thursday,September,Fall,2726
6/26/2021,3,4,Wind,,Saturday,June,xyz,248
12/13/2020,1,2,Wind,348.0,Sunday,December,Winter,4864
4/8/2022,7,8,Wind,98.0,Friday,April,Spring,5264
5/5/2024,12,13,Solar,126.0,Sunday,May,Spring,7417
8/11/2024,4,5,Wind,224.0,Sunday,August,Summer,3310
1/29/2023,12,13,Solar,29.0,Sunday,January,Winter,4421
6/18/2025,2,3,Wind,169.0,Wednesday,June,Summer,3020
5/25/2021,4,5,Wind,145.0,Tuesday,May,Spring,10317
1/2/2020,4,5,Wind,2.0,Thursday,January,Winter,1615
3/11/2021,18,19,Wind,70.0,Thursday,March,Spring,13902
5/14/2023,6,7,Wind,134.0,Sunday,May,Spring,3239
2/15/2023,5,6,Wind,46.0,Wednesday,February,Winter,4469
10/3/2024,12,13,Wind,277.0,Thursday,October,Fall,12004
2/10/2025,15,16,Wind,41.0,Monday,February,Winter,6232
5/31/2023,3,4,Wind,,Wednesday,xyz,Spring,40000
1/13/2024,7,8,Wind,13.0,Saturday,January,Winter,1207
3/12/2021,7,8,Wind,71.0,Friday,March,Spring,10019
7/1/2023,16,17,Wind,182.0,Saturday,July,Summer,10086
3/18/2025,16,17,Wind,77.0,Tuesday,March,Spring,11745
2/8/2021,9,10,Wind,39.0,Monday,February,Winter,1682
3/16/2022,12,13,Wind,75.0,Wednesday,March,Spring,4933
12/1/2020,20,21,Wind,336.0,Tuesday,December,Winter,6835
11/14/2020,22,23,Wind,319.0,Saturday,November,Fall,10999
2/27/2023,8,9,Wind,58.0,Monday,February,Winter,12977
6/4/2025,2,3,Wind,155.0,Wednesday,June,Summer,4007
2/5/2023,15,16,Wind,36.0,Sunday,February,Winter,12474
4/12/2021,1,2,Wind,102.0,Monday,April,Spring,3550
5/6/2020,4,5,Wind,127.0,Wednesday,May,Spring,2973
10/21/2021,20,21,Wind,294.0,Thursday,October,Fall,3810
11/23/2024,16,17,Wind,328.0,Saturday,November,Fall,18085
10/4/2020,4,5,Wind,278.0,Sunday,October,Fall,9845
1/8/2024,9,10,Wind,8.0,Monday,January,Winter,11183
11/30/2023,17,18,Wind,334.0,Thursday,November,Fall,1395
3/19/2023,11,12,Wind,78.0,Sunday,March,Spring,xyz
7/26/2024,23,0,Wind,208.0,Friday,July,Summer,401
12/21/2022,16,17,Wind,355.0,Wednesday,December,Winter,9989
8/23/2025,9,10,Solar,235.0,Saturday,August,Summer,5581
2/22/2024,18,19,Wind,53.0,Thursday,February,Winter,17630
12/1/2024,11,12,Wind,336.0,Sunday,December,Winter,9888
1/7/2023,10,11,Wind,7.0,Saturday,January,Winter,14530
6/20/2025,2,3,Wind,171.0,Friday,June,Summer,6981
12/14/2020,2,3,Wind,349.0,Monday,December,Winter,9504
5/21/2024,23,0,Wind,142.0,Tuesday,May,Spring,4488
02/27/2028,xyz,5,Wind,14.0,Thursday,January,Winter,-100
02/27/2028,8,9,Wind,xyz,Wednesday,October,Fall,-100
6/29/2020,,2,Wind,181.0,Monday,June,Summer,3107
6/26/2020,17,18,Wind,178.0,Friday,June,Summer,4589
11/13/2023,6,7,Wind,317.0,Monday,November,Fall,13277
2/5/2020,3,4,Wind,36.0,Wednesday,February,Winter,3353
6/6/2020,18,19,Wind,158.0,Saturday,June,Summer,8498
12/1/2021,xyz,,Wind,335.0,Wednesday,December,Winter,13930
3/11/2022,0,1,Wind,70.0,Friday,March,Spring,8342
9/16/2024,2,3,Wind,260.0,Monday,September,Fall,3191
7/22/2021,11,12,Solar,203.0,Thursday,July,Summer,5700
4/30/2024,22,23,Wind,121.0,Tuesday,April,Spring,3386
11/11/2020,5,6,Wind,316.0,Wednesday,November,Fall,681
,0,1,Wind,xyz,Thursday,August,Summer,40000
7/17/2023,9,10,Solar,198.0,Monday,July,Summer,4100
2/2/2022,8,9,Wind,33.0,Wednesday,February,Winter,7066
3/8/2025,10,11,Wind,67.0,Saturday,March,Spring,12337
8/3/2021,11,12,Solar,215.0,Tuesday,August,Summer,3750
9/13/2020,11,12,Solar,257.0,Sunday,September,Fall,3514
7/16/2023,7,8,Wind,197.0,Sunday,July,Summer,5221
5/6/2023,10,11,Solar,126.0,Saturday,May,Spring,5421
3/31/2022,23,0,Wind,90.0,Thursday,March,Spring,10020
5/23/2021,22,23,Wind,143.0,Sunday,May,Spring,7960
5/9/2023,11,12,Wind,129.0,Tuesday,May,Spring,6299
8/29/2022,1,2,Wind,241.0,Monday,August,Summer,5734
02/27/2028,4,5,Wind,8.0,Saturday,January,Winter,-100
02/27/2028,7,8,Wind,,Sunday,xyz,Fall,-100
02/27/2028,22,23,Wind,xyz,Tuesday,April,Spring,-100
6/21/2022,3,4,Wind,172.0,Tuesday,June,Summer,4315
5/21/2020,1,2,Wind,142.0,Thursday,May,Spring,2665
2/28/2021,14,15,Wind,59.0,Sunday,February,Winter,9051
8/8/2020,14,15,Solar,xyz,Saturday,August,Summer,4079
4/28/2023,20,21,Wind,118.0,Friday,April,Spring,3593
3/30/2023,15,16,Wind,89.0,Thursday,March,Spring,18346
02/27/2028,3,4,Wind,248.0,Tuesday,September,Fall,40000
12/14/2021,22,23,Wind,348.0,Tuesday,December,Winter,1009
5/8/2023,5,6,Wind,128.0,Monday,May,Spring,1262
1/5/2025,3,4,Wind,5.0,Sunday,January,Winter,13301
xyz,1,2,Wind,239.0,Monday,August,xyz,-100
5/31/2021,4,5,Wind,151.0,Monday,May,Spring,4366
5/3/2025,7,8,Wind,123.0,Saturday,May,Spring,6199
4/27/2023,17,18,Solar,117.0,Thursday,April,Spring,4649
6/22/2024,2,3,Wind,174.0,Saturday,June,Summer,5287
2/23/2024,5,6,Wind,54.0,Friday,February,Winter,13656
6/18/2022,0,1,Wind,169.0,Saturday,June,Summer,1598
2/20/2020,3,4,Wind,51.0,Thursday,February,Winter,6055
1/6/2022,18,19,Wind,6.0,Thursday,January,Winter,5145
4/8/2021,4,5,Wind,98.0,Thursday,April,Spring,691
11/16/2024,1,2,Wind,321.0,Saturday,xyz,Fall,1306
9/22/2022,3,4,Wind,265.0,Thursday,September,Fall,2249
5/26/2023,15,16,Solar,146.0,Friday,May,Spring,12106
6/25/2022,0,1,Wind,176.0,Saturday,June,Summer,5360
11/21/2023,0,1,Wind,325.0,Tuesday,November,Fall,4718
6/26/2020,15,16,Solar,178.0,Friday,June,Summer,5596
8/22/2020,19,20,Wind,235.0,Saturday,August,xyz,6749
12/10/2023,21,22,Wind,344.0,Sunday,December,Winter,14990
9/27/2024,23,0,Wind,271.0,Friday,September,Fall,9065
5/15/2024,17,18,Solar,136.0,Wednesday,May,Spring,5232
10/8/2020,12,13,Wind,282.0,Thursday,October,Fall,11355
3/13/2025,22,23,Wind,72.0,Thursday,March,Spring,2188
9/10/2021,15,16,Solar,253.0,Friday,September,Fall,5082
4/27/2025,21,22,Wind,117.0,Sunday,April,Spring,2904
2/25/2024,23,0,Wind,56.0,Sunday,February,Winter,11355
2/16/2024,4,5,Wind,47.0,Friday,February,Winter,9647
11/15/2025,22,23,Wind,319.0,Saturday,November,Fall,2699
8/4/2020,17,18,Solar,217.0,Tuesday,August,Summer,4470
11/7/2024,xyz,5,Wind,312.0,Thursday,November,Fall,40000
2/11/2020,8,9,Wind,42.0,Tuesday,February,Winter,11477
3/16/2022,23,0,Wind,75.0,Wednesday,March,Spring,4984
7/13/2022,0,1,Wind,194.0,Wednesday,July,Summer,1383
2/18/2020,3,4,Wind,49.0,Tuesday,February,Winter,8422
2/28/2021,15,16,Wind,59.0,Sunday,February,Winter,8410
7/31/2020,xyz,8,Wind,213.0,Friday,July,Summer,4106
2/23/2020,20,21,Wind,54.0,Sunday,February,Winter,8910
6/27/2024,17,18,Wind,179.0,Thursday,June,Summer,9295
10/2/2025,12,13,Solar,275.0,Thursday,October,Fall,10161
5/21/2024,3,4,Wind,142.0,Tuesday,May,Spring,2016
11/19/2021,17,18,Wind,323.0,Friday,November,Fall,863
