Date,Start_Hour,End_Hour,Source,Day_of_Year,Day_Name,Month_Name,Production
7/24/2023,16,17,Wind,205,Monday,July,12571
1/14/2023,13,14,Wind,14,Saturday,January,18977
11/25/2021,1,2,Wind,329,Thursday,November,1632
9/3/2021,0,1,Wind,246,Friday,September,4070
11/20/2025,16,17,Wind,324,Thursday,November,4331
11/13/2021,1,2,Wind,317,Saturday,November,6352
8/2/2025,19,20,Wind,214,Saturday,August,5288
1/17/2025,14,15,Solar,17,Friday,January,4844
4/13/2021,6,7,Wind,103,Tuesday,April,2924
10/20/2022,10,11,Wind,293,Thursday,October,6776
1/15/2024,17,18,Wind,15,Monday,January,3318
4/21/2021,0,1,Wind,111,Wednesday,April,1945
11/23/2023,3,4,Wind,327,Thursday,November,2908
4/1/2024,9,10,Wind,92,Monday,April,8813
2/5/2024,10,11,Wind,36,Monday,February,7951
6/29/2022,19,20,Wind,180,Wednesday,June,2697
5/3/2020,15,16,Solar,124,Sunday,May,4887
4/27/2025,3,4,Wind,117,Sunday,April,4101
8/11/2025,17,18,Solar,223,Monday,August,8482
2/27/2024,21,22,Wind,58,Tuesday,February,5106
3/13/2022,7,8,Wind,72,Sunday,March,9416
11/27/2025,11,12,Wind,331,Thursday,November,12038
3/27/2023,11,12,Solar,86,Monday,March,7619
5/27/2020,4,5,Wind,148,Wednesday,May,3704
9/6/2025,1,2,Wind,249,Saturday,September,2858
2/19/2021,20,21,Wind,50,Friday,February,8423
3/24/2023,4,5,Wind,83,Friday,March,11234
11/22/2021,1,2,Wind,326,Monday,November,6802
4/7/2020,7,8,Wind,98,Tuesday,April,2348
5/21/2024,2,3,Wind,142,Tuesday,May,2303
1/4/2023,6,7,Wind,4,Wednesday,January,14520
3/21/2020,22,23,Wind,81,Saturday,March,8214
6/17/2022,17,18,Solar,168,Friday,June,4670
7/22/2022,3,4,Wind,203,Friday,July,3179
3/24/2022,21,22,Wind,83,Thursday,March,5931
8/3/2023,19,20,Wind,215,Thursday,August,5818
8/1/2020,10,11,Solar,214,Saturday,August,3111
3/18/2023,4,5,Wind,77,Saturday,March,7193
3/14/2025,16,17,Wind,73,Friday,March,7438
12/31/2020,5,6,Wind,366,Thursday,December,5269
6/23/2022,15,16,Solar,174,Thursday,June,5474
3/4/2023,0,1,Wind,63,Saturday,March,4975
9/17/2020,21,22,Wind,261,Thursday,September,8334
11/7/2023,13,14,Wind,311,Tuesday,November,13048
10/6/2022,9,10,Solar,279,Thursday,October,2478
11/29/2020,7,8,Wind,334,Sunday,November,4438
12/27/2020,13,14,Wind,362,Sunday,December,12383
5/12/2021,22,23,Wind,132,Wednesday,May,3895
3/6/2021,11,12,Wind,65,Saturday,March,7105
7/22/2023,12,13,Solar,203,Saturday,July,11660
2/4/2022,10,11,Wind,35,Friday,February,10097
4/8/2021,13,14,Solar,98,Thursday,April,5166
2/13/2023,11,12,Solar,44,Monday,February,6394
4/24/2020,20,21,Wind,115,Friday,April,1532
5/23/2023,23,0,Wind,143,Tuesday,May,7120
12/2/2024,15,16,Wind,337,Monday,December,10171
1/21/2023,10,11,Wind,21,Saturday,January,10322
1/21/2022,17,18,Wind,21,Friday,January,3775
6/9/2025,14,15,Solar,160,Monday,June,4717
4/28/2022,11,12,Solar,118,Thursday,April,7004
9/24/2024,8,9,Wind,268,Tuesday,September,7843
4/10/2021,6,7,Wind,100,Saturday,April,3816
5/4/2022,12,13,Solar,124,Wednesday,May,5228
11/15/2021,12,13,Wind,319,Monday,November,3981
1/20/2022,9,10,Wind,20,Thursday,January,3974
7/7/2024,12,13,Solar,189,Sunday,July,6230
3/28/2021,6,7,Wind,87,Sunday,March,3455
1/27/2020,10,11,Wind,27,Monday,January,8786
2/25/2024,19,20,Wind,56,Sunday,February,13570
3/16/2023,5,6,Wind,75,Thursday,March,7861
4/30/2025,18,19,Solar,120,Wednesday,April,7085
3/1/2021,2,3,Wind,60,Monday,March,5388
12/18/2024,10,11,Wind,353,Wednesday,December,16772
3/27/2025,13,14,Solar,86,Thursday,March,10020
11/19/2021,12,13,Solar,323,Friday,November,3706
9/3/2021,17,18,Solar,246,Friday,September,2314
6/23/2025,16,17,Wind,174,Monday,June,8406
2/14/2020,2,3,Wind,45,Friday,February,7293
5/10/2024,18,19,Solar,131,Friday,May,6868
2/10/2020,23,0,Wind,41,Monday,February,13054
12/1/2024,21,22,Wind,336,Sunday,December,8006
8/28/2021,19,20,Wind,240,Saturday,August,5798
1/28/2023,12,13,Wind,28,Saturday,January,7646
3/31/2023,7,8,Wind,90,Friday,March,16756
9/8/2021,3,4,Wind,251,Wednesday,September,5324
1/18/2021,21,22,Wind,18,Monday,January,6792
6/30/2020,15,16,Wind,182,Tuesday,June,8793
6/28/2020,8,9,Wind,180,Sunday,June,4863
2/6/2024,10,11,Wind,37,Tuesday,February,13811
10/31/2025,1,2,Wind,304,Friday,October,10444
7/5/2024,21,22,Wind,187,Friday,July,3608
3/10/2022,16,17,Wind,69,Thursday,March,5926
3/16/2020,5,6,Wind,76,Monday,March,3361
9/30/2022,4,5,Wind,273,Friday,September,967
4/29/2025,7,8,Wind,119,Tuesday,April,5440
4/13/2021,10,11,Solar,103,Tuesday,April,5861
8/3/2021,10,11,Solar,215,Tuesday,August,3111
8/27/2025,22,23,Wind,239,Wednesday,August,1830
12/18/2023,11,12,Solar,352,Monday,December,5259
4/22/2025,0,1,Wind,112,Tuesday,April,2609
5/21/2025,13,14,Solar,141,Wednesday,May,9170
10/7/2021,17,18,Solar,280,Thursday,October,3773
5/17/2020,20,21,Wind,138,Sunday,May,2136
4/30/2020,14,15,Wind,121,Thursday,April,12735
4/11/2022,12,13,Wind,101,Monday,April,12327
5/11/2020,2,3,Wind,132,Monday,May,9685
4/12/2025,11,12,Wind,102,Saturday,April,10775
12/6/2024,18,19,Wind,341,Friday,December,7896
1/31/2021,9,10,Wind,31,Sunday,January,2875
11/27/2020,0,1,Wind,332,Friday,November,1721
1/20/2021,20,21,Wind,20,Wednesday,January,14971
9/1/2020,17,18,Solar,245,Tuesday,September,3886
12/13/2020,21,22,Wind,348,Sunday,December,9848
1/19/2023,13,14,Wind,19,Thursday,January,4134
3/8/2021,10,11,Solar,67,Monday,March,3967
9/7/2020,15,16,Solar,251,Monday,September,4909
5/31/2024,3,4,Wind,152,Friday,May,5616
3/5/2025,8,9,Wind,64,Wednesday,March,4726
10/20/2020,10,11,Wind,294,Tuesday,October,9786
3/24/2023,14,15,Wind,83,Friday,March,18112
5/3/2025,2,3,Wind,123,Saturday,May,7117
8/13/2020,21,22,Wind,226,Thursday,August,2410
10/25/2020,13,14,Wind,299,Sunday,October,7456
12/3/2020,21,22,Wind,338,Thursday,December,12426
12/16/2022,21,22,Wind,350,Friday,December,2942
9/28/2024,22,23,Wind,272,Saturday,September,816
10/4/2021,16,17,Wind,277,Monday,October,7226
7/13/2023,17,18,Solar,194,Thursday,July,7303
4/18/2023,3,4,Wind,108,Tuesday,April,7089
2/14/2024,6,7,Wind,45,Wednesday,February,8311
1/28/2021,19,20,Wind,28,Thursday,January,9114
3/22/2022,17,18,Wind,81,Tuesday,March,5210
7/12/2023,10,11,Solar,193,Wednesday,July,6584
6/26/2025,16,17,Wind,177,Thursday,June,15054
5/7/2025,19,20,Wind,127,Wednesday,May,6462
11/13/2025,3,4,Wind,317,Thursday,November,11881
12/13/2022,1,2,Wind,347,Tuesday,December,7021
2/24/2023,7,8,Wind,55,Friday,February,4906
5/11/2021,17,18,Wind,131,Tuesday,May,8922
5/12/2023,9,10,Solar,132,Friday,May,5727
10/21/2023,16,17,Wind,294,Saturday,October,18725
4/7/2024,7,8,Wind,98,Sunday,April,7826
12/19/2024,14,15,Wind,354,Thursday,December,19122
3/3/2021,20,21,Wind,62,Wednesday,March,952
3/12/2025,3,4,Wind,71,Wednesday,March,2948
5/3/2023,1,2,Wind,123,Wednesday,May,7917
7/17/2022,5,6,Wind,198,Sunday,July,4761
8/2/2022,18,19,Solar,214,Tuesday,August,3568
10/24/2023,14,15,Wind,297,Tuesday,October,9706
6/23/2020,6,7,Wind,175,Tuesday,June,2469
8/6/2020,17,18,Solar,219,Thursday,August,2950
10/7/2022,1,2,Wind,280,Friday,October,1090
8/21/2024,15,16,Solar,234,Wednesday,August,5638
10/25/2021,18,19,Wind,298,Monday,October,2352
8/26/2023,13,14,Solar,238,Saturday,August,8009
12/25/2022,17,18,Wind,359,Sunday,December,8899
2/16/2022,4,5,Wind,47,Wednesday,February,14854
8/19/2024,8,9,Wind,232,Monday,August,3240
2/10/2022,21,22,Wind,41,Thursday,February,3573
9/18/2022,20,21,Wind,261,Sunday,September,4219
11/4/2023,19,20,Wind,308,Saturday,November,15605
1/15/2020,16,17,Wind,15,Wednesday,January,7912
10/12/2022,20,21,Wind,285,Wednesday,October,538
11/9/2022,22,23,Wind,313,Wednesday,November,4695
2/25/2021,13,14,Solar,56,Thursday,February,4581
12/13/2023,5,6,Wind,347,Wednesday,December,8584
6/11/2021,4,5,Wind,162,Friday,June,1501
7/17/2020,7,8,Wind,199,Friday,July,1719
9/14/2020,18,19,Wind,258,Monday,September,2251
2/2/2020,6,7,Wind,33,Sunday,February,10143
9/9/2020,17,18,Solar,253,Wednesday,September,2966
3/12/2024,8,9,Wind,72,Tuesday,March,6387
2/27/2021,17,18,Wind,58,Saturday,February,9423
4/23/2025,9,10,Wind,113,Wednesday,April,11588
3/31/2024,21,22,Wind,91,Sunday,March,5400
1/9/2022,14,15,Wind,9,Sunday,January,5418
11/28/2023,12,13,Solar,332,Tuesday,November,5597
10/18/2022,3,4,Wind,291,Tuesday,October,1438
2/21/2022,12,13,Wind,52,Monday,February,18527
1/3/2024,13,14,Wind,3,Wednesday,January,19226
10/30/2025,18,19,Wind,303,Thursday,October,5984
11/14/2024,9,10,Wind,319,Thursday,November,4839
9/14/2024,16,17,Solar,258,Saturday,September,9037
9/27/2023,1,2,Wind,270,Wednesday,September,396
3/16/2021,13,14,Wind,75,Tuesday,March,6250
7/22/2020,17,18,Solar,204,Wednesday,July,3351
5/30/2021,11,12,Solar,150,Sunday,May,6815
2/3/2020,10,11,Wind,34,Monday,February,8359
5/18/2025,20,21,Wind,138,Sunday,May,3396
12/10/2024,15,16,Wind,345,Tuesday,December,8501
6/17/2022,12,13,Solar,168,Friday,June,6752
5/29/2025,2,3,Wind,149,Thursday,May,2923
7/17/2020,16,17,Solar,199,Friday,July,4565
7/28/2024,21,22,Wind,210,Sunday,July,4446
4/21/2023,11,12,Solar,111,Friday,April,7206
4/10/2021,14,15,Wind,100,Saturday,April,6753
9/27/2025,23,0,Wind,270,Saturday,September,2803
6/2/2020,1,2,Wind,154,Tuesday,June,2548
6/12/2024,22,23,Wind,164,Wednesday,June,1500
3/12/2023,21,22,Wind,71,Sunday,March,12568
3/22/2022,10,11,Solar,81,Tuesday,March,8002
10/30/2022,22,23,Wind,303,Sunday,October,2273
2/18/2022,8,9,Wind,49,Friday,February,14686
6/5/2023,21,22,Wind,156,Monday,June,6239
12/7/2022,8,9,Wind,341,Wednesday,December,2216
11/2/2022,22,23,Wind,306,Wednesday,November,8751
3/4/2025,4,5,Wind,63,Tuesday,March,2851
8/14/2024,7,8,Wind,227,Wednesday,August,1216
10/18/2021,7,8,Wind,291,Monday,October,2524
3/18/2022,20,21,Wind,77,Friday,March,12664
5/11/2023,5,6,Wind,131,Thursday,May,1879
9/30/2023,10,11,Solar,273,Saturday,September,4676
9/8/2025,16,17,Solar,251,Monday,September,5247
11/22/2021,13,14,Wind,326,Monday,November,12561
1/18/2020,12,13,Solar,18,Saturday,January,2812
7/31/2020,3,4,Wind,213,Friday,July,3949
5/28/2021,8,9,Solar,148,Friday,May,2912
2/19/2022,19,20,Wind,50,Saturday,February,14007
10/14/2020,11,12,Wind,288,Wednesday,October,4728
3/1/2020,23,0,Wind,61,Sunday,March,8231
10/10/2024,21,22,Wind,284,Thursday,October,3499
11/18/2024,3,4,Wind,323,Monday,November,8758
2/29/2020,1,2,Wind,60,Saturday,February,12453
3/1/2024,22,23,Wind,61,Friday,March,12889
7/3/2020,5,6,Wind,185,Friday,July,2515
6/10/2021,8,9,Solar,161,Thursday,June,2074
7/20/2023,10,11,Solar,201,Thursday,July,5246
3/9/2022,13,14,Solar,68,Wednesday,March,8696
4/10/2023,8,9,Wind,100,Monday,April,6194
9/27/2025,7,8,Wind,270,Saturday,September,501
8/15/2025,13,14,Solar,227,Friday,August,11070
10/13/2024,18,19,Solar,287,Sunday,October,920
5/3/2025,21,22,Wind,123,Saturday,May,4724
12/24/2024,5,6,Wind,359,Tuesday,December,3535
4/7/2023,11,12,Solar,97,Friday,April,6456
1/17/2024,4,5,Wind,17,Wednesday,January,5516
4/23/2023,2,3,Wind,113,Sunday,April,6860
2/22/2020,10,11,Wind,53,Saturday,February,11188
7/5/2024,6,7,Wind,187,Friday,July,3126
5/12/2021,18,19,Wind,132,Wednesday,May,4185
9/20/2023,5,6,Wind,263,Wednesday,September,4541
1/19/2024,15,16,Solar,19,Friday,January,3902
4/11/2022,13,14,Wind,101,Monday,April,12573
3/4/2022,5,6,Wind,63,Friday,March,3061
10/31/2025,15,16,Wind,304,Friday,October,13464
1/23/2022,13,14,Solar,23,Sunday,January,5609
11/1/2025,2,3,Wind,305,Saturday,November,14299
11/1/2024,20,21,Wind,306,Friday,November,1076
7/30/2021,12,13,Wind,211,Friday,July,11065
5/18/2020,18,19,Wind,139,Monday,May,4153
6/30/2021,16,17,Solar,181,Wednesday,June,5733
6/2/2024,19,20,Wind,154,Sunday,June,6404
5/2/2025,1,2,Wind,122,Friday,May,3477
4/13/2020,23,0,Wind,104,Monday,April,9402
12/8/2022,11,12,Wind,342,Thursday,December,2626
2/9/2023,16,17,Solar,40,Thursday,February,2213
1/3/2021,13,14,Wind,3,Sunday,January,2951
6/4/2024,2,3,Wind,156,Tuesday,June,613
8/24/2025,12,13,Solar,236,Sunday,August,5378
8/28/2024,3,4,Wind,241,Wednesday,August,2096
1/15/2020,22,23,Wind,15,Wednesday,January,4397
2/1/2020,9,10,Wind,32,Saturday,February,9620
7/4/2025,16,17,Solar,185,Friday,July,9027
8/29/2023,21,22,Wind,241,Tuesday,August,1727
11/4/2023,23,0,Wind,308,Saturday,November,14683
9/1/2024,14,15,Solar,245,Sunday,September,8576
10/19/2024,5,6,Wind,293,Saturday,October,5683
3/6/2022,2,3,Wind,65,Sunday,March,3897
10/24/2022,17,18,Wind,297,Monday,October,10130
10/15/2025,13,14,Solar,288,Wednesday,October,10742
1/23/2020,12,13,Wind,23,Thursday,January,4373
4/17/2023,22,23,Wind,107,Monday,April,6803
8/22/2024,3,4,Wind,235,Thursday,August,2251
7/27/2023,0,1,Wind,208,Thursday,July,4389
8/18/2024,8,9,Wind,231,Sunday,August,4503
5/22/2024,5,6,Wind,143,Wednesday,May,4458
4/18/2021,22,23,Wind,108,Sunday,April,2129
12/20/2020,1,2,Wind,355,Sunday,December,4897
10/19/2023,22,23,Wind,292,Thursday,October,7866
10/3/2021,17,18,Wind,276,Sunday,October,6099
6/1/2020,4,5,Wind,153,Monday,June,4884
2/15/2021,13,14,Wind,46,Monday,February,10661
2/19/2025,11,12,Wind,50,Wednesday,February,9150
2/18/2021,21,22,Wind,49,Thursday,February,6023
1/28/2021,10,11,Wind,28,Thursday,January,14677
9/16/2023,23,0,Wind,259,Saturday,September,2415
7/24/2025,7,8,Wind,205,Thursday,July,3157
7/27/2023,8,9,Wind,208,Thursday,July,10399
2/9/2024,15,16,Wind,40,Friday,February,11664
7/18/2023,14,15,Solar,199,Tuesday,July,7179
5/14/2021,7,8,Wind,134,Friday,May,3313
3/8/2024,17,18,Wind,68,Friday,March,9480
10/10/2020,13,14,Wind,284,Saturday,October,6993
8/15/2020,4,5,Wind,228,Saturday,August,388
7/16/2021,18,19,Wind,197,Friday,July,6526
2/14/2025,21,22,Wind,45,Friday,February,7206
2/7/2025,13,14,Wind,38,Friday,February,11607
4/29/2024,7,8,Wind,120,Monday,April,2142
1/25/2023,17,18,Wind,25,Wednesday,January,1855
2/25/2020,15,16,Wind,56,Tuesday,February,12987
11/8/2021,9,10,Wind,312,Monday,November,3102
1/22/2024,16,17,Wind,22,Monday,January,16157
6/29/2022,6,7,Wind,180,Wednesday,June,846
8/29/2024,17,18,Solar,242,Thursday,August,4970
9/28/2024,9,10,Wind,272,Saturday,September,6003
6/1/2024,14,15,Wind,153,Saturday,June,7180
6/27/2023,19,20,Wind,178,Tuesday,June,3641
8/17/2023,10,11,Solar,229,Thursday,August,4932
3/26/2024,8,9,Wind,86,Tuesday,March,4200
2/5/2025,23,0,Wind,36,Wednesday,February,3250
9/5/2023,13,14,Solar,248,Tuesday,September,8100
8/17/2025,5,6,Wind,229,Sunday,August,6007
10/21/2020,13,14,Wind,295,Wednesday,October,15779
3/26/2024,10,11,Wind,86,Tuesday,March,4346
5/29/2025,1,2,Wind,149,Thursday,May,3509
9/21/2023,9,10,Wind,264,Thursday,September,6725
3/12/2024,2,3,Wind,72,Tuesday,March,5033
9/27/2025,13,14,Solar,270,Saturday,September,8252
6/18/2024,16,17,Solar,170,Tuesday,June,7144
1/30/2021,1,2,Wind,30,Saturday,January,6459
12/20/2020,7,8,Wind,355,Sunday,December,4342
10/29/2023,6,7,Wind,302,Sunday,October,13661
9/26/2022,4,5,Wind,269,Monday,September,3601
6/14/2025,12,13,Solar,165,Saturday,June,4603
5/24/2024,0,1,Wind,145,Friday,May,1019
4/19/2021,23,0,Wind,109,Monday,April,924
9/29/2023,1,2,Wind,272,Friday,September,7415
7/20/2021,8,9,Wind,201,Tuesday,July,2950
9/11/2021,20,21,Wind,254,Saturday,September,686
7/2/2021,0,1,Wind,183,Friday,July,505
5/15/2022,0,1,Wind,135,Sunday,May,3828
6/1/2023,12,13,Solar,152,Thursday,June,9191
12/3/2022,3,4,Wind,337,Saturday,December,6900
11/27/2022,0,1,Wind,331,Sunday,November,7291
3/9/2024,5,6,Wind,69,Saturday,March,11800
6/1/2023,21,22,Wind,152,Thursday,June,7603
4/3/2023,4,5,Wind,93,Monday,April,5034
4/3/2021,6,7,Wind,93,Saturday,April,7694
11/4/2021,12,13,Wind,308,Thursday,November,5582
8/22/2023,18,19,Solar,234,Tuesday,August,3524
10/6/2023,1,2,Wind,279,Friday,October,1325
7/24/2024,13,14,Solar,206,Wednesday,July,8142
6/25/2025,7,8,Solar,176,Wednesday,June,2029
7/5/2025,6,7,Wind,186,Saturday,July,2848
4/29/2025,9,10,Solar,119,Tuesday,April,7334
8/14/2022,20,21,Wind,226,Sunday,August,2496
4/9/2021,0,1,Wind,99,Friday,April,2399
5/15/2023,2,3,Wind,135,Monday,May,3402
8/14/2022,21,22,Wind,226,Sunday,August,1904
4/10/2021,21,22,Wind,100,Saturday,April,4483
2/24/2025,2,3,Wind,55,Monday,February,12818
5/1/2023,4,5,Wind,121,Monday,May,2042
11/11/2025,5,6,Wind,315,Tuesday,November,6998
8/30/2023,17,18,Wind,242,Wednesday,August,9423
2/15/2024,3,4,Wind,46,Thursday,February,8263
6/26/2020,8,9,Wind,178,Friday,June,3981
8/30/2024,2,3,Wind,243,Friday,August,2977
9/28/2021,4,5,Wind,271,Tuesday,September,1707
10/9/2021,11,12,Solar,282,Saturday,October,4578
2/11/2020,10,11,Wind,42,Tuesday,February,12305
3/14/2025,3,4,Wind,73,Friday,March,2142
2/19/2022,23,0,Wind,50,Saturday,February,13042
1/28/2020,22,23,Wind,28,Tuesday,January,10701
9/24/2024,4,5,Wind,268,Tuesday,September,4925
4/26/2025,5,6,Wind,116,Saturday,April,4804
10/2/2025,16,17,Solar,275,Thursday,October,7335
7/28/2024,17,18,Solar,210,Sunday,July,8165
11/7/2022,8,9,Wind,311,Monday,November,11846
8/10/2020,8,9,Wind,223,Monday,August,1414
5/23/2023,0,1,Wind,143,Tuesday,May,5516
11/29/2025,20,21,Wind,333,Saturday,November,8023
4/25/2020,16,17,Solar,116,Saturday,April,3622
4/25/2024,13,14,Solar,116,Thursday,April,7143
8/17/2020,15,16,Wind,230,Monday,August,6159
2/19/2020,23,0,Wind,50,Wednesday,February,6060
4/26/2025,2,3,Wind,116,Saturday,April,5160
4/6/2022,14,15,Wind,96,Wednesday,April,12345
4/3/2024,2,3,Wind,94,Wednesday,April,9911
10/23/2020,0,1,Wind,297,Friday,October,3122
8/5/2023,6,7,Wind,217,Saturday,August,2898
2/11/2024,6,7,Wind,42,Sunday,February,10641
9/27/2025,8,9,Solar,270,Saturday,September,1347
9/13/2025,14,15,Wind,256,Saturday,September,8699
5/2/2023,0,1,Wind,122,Tuesday,May,3668
8/3/2023,8,9,Wind,215,Thursday,August,11807
10/1/2024,1,2,Wind,275,Tuesday,October,10011
12/29/2020,23,0,Wind,364,Tuesday,December,2933
4/24/2021,11,12,Solar,114,Saturday,April,8484
5/21/2021,11,12,Wind,141,Friday,May,14218
12/4/2024,5,6,Wind,339,Wednesday,December,1821
4/27/2025,23,0,Wind,117,Sunday,April,3534
11/3/2024,19,20,Wind,308,Sunday,November,2730
4/26/2024,1,2,Wind,117,Friday,April,2572
6/22/2021,22,23,Wind,173,Tuesday,June,3353
3/28/2020,12,13,Solar,88,Saturday,March,7407
10/21/2020,23,0,Wind,295,Wednesday,October,7224
9/13/2020,2,3,Wind,257,Sunday,September,1119
1/11/2024,2,3,Wind,11,Thursday,January,5351
3/25/2024,2,3,Wind,85,Monday,March,1257
3/2/2023,16,17,Wind,61,Thursday,March,5431
3/20/2021,3,4,Wind,79,Saturday,March,5321
5/28/2024,13,14,Wind,149,Tuesday,May,13316
4/11/2024,18,19,Solar,102,Thursday,April,3754
6/3/2022,11,12,Solar,154,Friday,June,3819
9/14/2023,19,20,Wind,257,Thursday,September,855
12/4/2023,13,14,Wind,338,Monday,December,15087
6/28/2020,20,21,Wind,180,Sunday,June,3106
4/28/2022,13,14,Solar,118,Thursday,April,8049
3/21/2022,3,4,Wind,80,Monday,March,3569
8/30/2025,1,2,Wind,242,Saturday,August,6710
4/17/2025,23,0,Wind,107,Thursday,April,2782
2/13/2020,16,17,Wind,44,Thursday,February,13547
5/2/2024,6,7,Wind,123,Thursday,May,6265
5/25/2020,3,4,Wind,146,Monday,May,2680
4/8/2022,13,14,Wind,98,Friday,April,11262
8/27/2020,17,18,Wind,240,Thursday,August,8161
8/31/2025,18,19,Wind,243,Sunday,August,6176
11/23/2021,9,10,Wind,327,Tuesday,November,8816
7/4/2023,1,2,Wind,185,Tuesday,July,3801
1/31/2024,2,3,Wind,31,Wednesday,January,569
12/8/2023,21,22,Wind,342,Friday,December,7644
1/18/2021,16,17,Wind,18,Monday,January,4521
11/20/2024,13,14,Wind,325,Wednesday,November,9986
10/21/2023,5,6,Wind,294,Saturday,October,15663
1/11/2021,21,22,Wind,11,Monday,January,8250
8/19/2021,2,3,Wind,231,Thursday,August,1879
5/25/2022,7,8,Wind,145,Wednesday,May,2887
9/19/2021,16,17,Wind,262,Sunday,September,4691
3/19/2025,4,5,Wind,78,Wednesday,March,8827
2/9/2021,10,11,Wind,40,Tuesday,February,2809
4/18/2024,5,6,Wind,109,Thursday,April,3348
2/12/2022,4,5,Wind,43,Saturday,February,4161
6/24/2021,11,12,Solar,175,Thursday,June,4198
10/8/2024,1,2,Wind,282,Tuesday,October,9817
11/7/2021,15,16,Wind,311,Sunday,November,5440
7/10/2023,5,6,Wind,191,Monday,July,691
3/7/2025,20,21,Wind,66,Friday,March,8725
3/23/2025,0,1,Wind,82,Sunday,March,4095
11/21/2025,21,22,Wind,325,Friday,November,4167
11/5/2025,5,6,Wind,309,Wednesday,November,11833
10/17/2024,11,12,Wind,291,Thursday,October,3275
5/19/2024,7,8,Solar,140,Sunday,May,971
12/21/2023,14,15,Wind,355,Thursday,December,19156
12/17/2024,6,7,Wind,352,Tuesday,December,2189
12/3/2020,17,18,Wind,338,Thursday,December,12126
7/17/2025,14,15,Solar,198,Thursday,July,9695
10/22/2023,12,13,Wind,295,Sunday,October,8531
8/23/2023,23,0,Wind,235,Wednesday,August,2769
9/29/2020,21,22,Wind,273,Tuesday,September,701
6/2/2024,17,18,Wind,154,Sunday,June,4725
7/2/2025,13,14,Solar,183,Wednesday,July,11266
10/27/2022,22,23,Wind,300,Thursday,October,8201
4/27/2021,23,0,Wind,117,Tuesday,April,2147
11/8/2020,7,8,Wind,313,Sunday,November,3846
7/28/2020,2,3,Wind,210,Tuesday,July,5089
9/28/2022,13,14,Solar,271,Wednesday,September,6425
4/17/2021,2,3,Wind,107,Saturday,April,4484
10/3/2022,23,0,Wind,276,Monday,October,1638
12/4/2023,21,22,Wind,338,Monday,December,12619
8/23/2024,16,17,Wind,236,Friday,August,12635
4/9/2022,8,9,Wind,99,Saturday,April,3386
12/12/2022,1,2,Wind,346,Monday,December,1367
1/31/2025,15,16,Wind,31,Friday,January,7824
2/27/2022,10,11,Wind,58,Sunday,February,9602
8/16/2022,1,2,Wind,228,Tuesday,August,883
12/28/2024,22,23,Wind,363,Saturday,December,685
10/3/2021,1,2,Wind,276,Sunday,October,11453
11/29/2025,14,15,Wind,333,Saturday,November,14710
8/20/2023,8,9,Solar,232,Sunday,August,2459
5/6/2021,17,18,Wind,126,Thursday,May,8354
1/20/2022,6,7,Wind,20,Thursday,January,3349
3/6/2024,4,5,Wind,66,Wednesday,March,1570
11/27/2023,17,18,Wind,331,Monday,November,11085
10/14/2022,3,4,Wind,287,Friday,October,3168
5/11/2023,16,17,Solar,131,Thursday,May,6585
3/21/2021,0,1,Wind,80,Sunday,March,3778
10/4/2024,2,3,Wind,278,Friday,October,5120
4/27/2021,2,3,Wind,117,Tuesday,April,5185
7/21/2024,20,21,Wind,203,Sunday,July,6330
2/24/2025,4,5,Wind,55,Monday,February,13262
2/26/2025,13,14,Wind,57,Wednesday,February,16631
10/29/2020,15,16,Wind,303,Thursday,October,7808
11/17/2025,12,13,Wind,321,Monday,November,13176
4/25/2021,7,8,Wind,115,Sunday,April,8868
5/21/2022,23,0,Wind,141,Saturday,May,2663
2/18/2021,18,19,Wind,49,Thursday,February,8306
1/14/2022,19,20,Wind,14,Friday,January,468
1/6/2025,17,18,Wind,6,Monday,January,16835
9/6/2020,17,18,Wind,250,Sunday,September,3609
7/18/2021,17,18,Wind,199,Sunday,July,10199
8/2/2024,1,2,Wind,215,Friday,August,1622
8/13/2024,18,19,Solar,226,Tuesday,August,4043
5/16/2024,14,15,Solar,137,Thursday,May,7137
2/22/2021,22,23,Wind,53,Monday,February,4776
1/28/2023,10,11,Wind,28,Saturday,January,6160
8/24/2024,6,7,Wind,237,Saturday,August,6700
11/13/2025,9,10,Wind,317,Thursday,November,10904
5/11/2025,15,16,Wind,131,Sunday,May,5126
4/13/2021,3,4,Wind,103,Tuesday,April,2148
4/25/2025,3,4,Wind,115,Friday,April,2778
12/25/2022,9,10,Wind,359,Sunday,December,5941
3/23/2025,5,6,Wind,82,Sunday,March,4230
4/5/2024,10,11,Wind,96,Friday,April,16813
4/7/2025,4,5,Wind,97,Monday,April,5932
5/7/2021,4,5,Wind,127,Friday,May,4002
11/24/2024,17,18,Wind,329,Sunday,November,19788
2/22/2025,14,15,Wind,53,Saturday,February,11709
10/6/2020,22,23,Wind,280,Tuesday,October,10656
11/14/2020,8,9,Wind,319,Saturday,November,7341
3/11/2023,14,15,Wind,70,Saturday,March,6624
3/19/2021,17,18,Wind,78,Friday,March,11092
9/3/2025,18,19,Wind,246,Wednesday,September,17742
7/8/2025,11,12,Solar,189,Tuesday,July,11920
3/9/2021,13,14,Solar,68,Tuesday,March,5487
8/18/2022,18,19,Wind,230,Thursday,August,5074
5/8/2025,22,23,Wind,128,Thursday,May,6644
10/27/2025,14,15,Wind,300,Monday,October,20967
2/7/2020,17,18,Wind,38,Friday,February,4172
9/3/2025,1,2,Wind,246,Wednesday,September,12295
7/26/2022,13,14,Solar,207,Tuesday,July,7084
12/8/2024,19,20,Wind,343,Sunday,December,14886
1/2/2025,15,16,Wind,2,Thursday,January,3435
9/9/2022,19,20,Wind,252,Friday,September,7979
2/25/2024,15,16,Wind,56,Sunday,February,13148
9/24/2022,6,7,Wind,267,Saturday,September,1108
10/1/2025,5,6,Wind,274,Wednesday,October,1769
8/25/2020,14,15,Wind,238,Tuesday,August,13085
1/23/2023,11,12,Wind,23,Monday,January,6692
8/23/2021,20,21,Wind,235,Monday,August,4873
11/30/2020,6,7,Wind,335,Monday,November,1235
1/12/2020,19,20,Wind,12,Sunday,January,4303
7/25/2021,13,14,Solar,206,Sunday,July,7252
2/29/2024,12,13,Wind,60,Thursday,February,12854
12/27/2021,12,13,Wind,361,Monday,December,10145
2/26/2022,7,8,Wind,57,Saturday,February,4329
2/21/2023,7,8,Wind,52,Tuesday,February,1613
3/22/2021,0,1,Wind,81,Monday,March,5678
6/2/2023,14,15,Solar,153,Friday,June,10536
11/7/2025,16,17,Wind,311,Friday,November,4010
2/10/2021,8,9,Wind,41,Wednesday,February,7651
5/8/2022,15,16,Solar,128,Sunday,May,7290
3/9/2024,13,14,Wind,69,Saturday,March,14136
2/17/2020,7,8,Wind,48,Monday,February,6993
5/10/2021,8,9,Wind,130,Monday,May,7430
2/12/2025,17,18,Wind,43,Wednesday,February,612
8/20/2021,22,23,Wind,232,Friday,August,1231
5/21/2020,18,19,Solar,142,Thursday,May,2130
4/27/2025,1,2,Wind,117,Sunday,April,4528
6/10/2020,11,12,Solar,162,Wednesday,June,3775
4/18/2022,1,2,Wind,108,Monday,April,5657
6/17/2024,4,5,Wind,169,Monday,June,2573
3/12/2022,20,21,Wind,71,Saturday,March,8929
6/25/2023,15,16,Solar,176,Sunday,June,8719
6/3/2025,4,5,Wind,154,Tuesday,June,1399
3/27/2020,8,9,Wind,87,Friday,March,3506
9/12/2024,10,11,Solar,256,Thursday,September,6398
2/3/2022,7,8,Wind,34,Thursday,February,3115
8/22/2021,8,9,Wind,234,Sunday,August,4099
7/18/2020,16,17,Solar,200,Saturday,July,4257
3/23/2022,12,13,Solar,82,Wednesday,March,7887
1/17/2024,21,22,Wind,17,Wednesday,January,6865
7/14/2023,18,19,Wind,195,Friday,July,14007
9/4/2020,15,16,Solar,248,Friday,September,4942
4/6/2025,5,6,Wind,96,Sunday,April,8733
6/17/2025,22,23,Wind,168,Tuesday,June,3146
11/13/2021,7,8,Wind,317,Saturday,November,5328
8/5/2025,3,4,Wind,217,Tuesday,August,2495
4/27/2025,6,7,Wind,117,Sunday,April,3765
11/22/2025,10,11,Wind,326,Saturday,November,10179
5/10/2024,20,21,Wind,131,Friday,May,4243
1/5/2024,7,8,Wind,5,Friday,January,8635
12/15/2021,10,11,Wind,349,Wednesday,December,3161
1/7/2024,0,1,Wind,7,Sunday,January,7107
9/4/2021,4,5,Wind,247,Saturday,September,959
9/7/2022,3,4,Wind,250,Wednesday,September,2716
8/9/2025,20,21,Wind,221,Saturday,August,4899
8/15/2021,6,7,Wind,227,Sunday,August,1023
5/14/2023,13,14,Solar,134,Sunday,May,7630
5/29/2021,23,0,Wind,149,Saturday,May,5747
12/1/2024,20,21,Wind,336,Sunday,December,7621
2/19/2020,17,18,Wind,50,Wednesday,February,4251
11/18/2021,21,22,Wind,322,Thursday,November,1299
2/18/2025,16,17,Wind,49,Tuesday,February,8247
7/18/2022,1,2,Wind,199,Monday,July,4386
10/1/2022,2,3,Wind,274,Saturday,October,13863
5/7/2021,19,20,Wind,127,Friday,May,1744
9/17/2025,7,8,Wind,260,Wednesday,September,3079
5/26/2021,8,9,Wind,146,Wednesday,May,8241
11/20/2021,6,7,Wind,324,Saturday,November,1355
10/7/2021,0,1,Wind,280,Thursday,October,2137
8/28/2025,20,21,Wind,240,Thursday,August,6033
11/15/2024,11,12,Solar,320,Friday,November,5983
1/10/2023,23,0,Wind,10,Tuesday,January,14747
8/27/2022,20,21,Wind,239,Saturday,August,2811
11/30/2021,6,7,Wind,334,Tuesday,November,10326
7/6/2025,17,18,Wind,187,Sunday,July,13293
6/22/2021,19,20,Wind,173,Tuesday,June,4526
12/29/2021,2,3,Wind,363,Wednesday,December,8346
10/4/2023,22,23,Wind,277,Wednesday,October,1502
4/24/2020,4,5,Wind,115,Friday,April,530
5/15/2022,3,4,Wind,135,Sunday,May,4034
2/5/2024,3,4,Wind,36,Monday,February,7125
12/15/2023,18,19,Wind,349,Friday,December,1714
7/30/2025,17,18,Solar,211,Wednesday,July,8427
1/25/2024,18,19,Wind,25,Thursday,January,5051
4/15/2021,18,19,Wind,105,Thursday,April,6703
8/2/2023,14,15,Wind,214,Wednesday,August,20606
11/5/2022,0,1,Wind,309,Saturday,November,3640
10/11/2025,11,12,Solar,284,Saturday,October,8809
3/30/2025,16,17,Wind,89,Sunday,March,7433
10/27/2025,18,19,Wind,300,Monday,October,10415
12/14/2023,13,14,Wind,348,Thursday,December,6704
8/21/2025,21,22,Wind,233,Thursday,August,7003
5/25/2020,6,7,Wind,146,Monday,May,2387
3/21/2020,18,19,Wind,81,Saturday,March,8807
6/8/2021,2,3,Wind,159,Tuesday,June,957
7/22/2022,15,16,Solar,203,Friday,July,5345
1/14/2023,10,11,Wind,14,Saturday,January,17819
2/26/2023,6,7,Wind,57,Sunday,February,11386
7/12/2024,6,7,Wind,194,Friday,July,4854
3/29/2021,5,6,Wind,88,Monday,March,3707
3/3/2024,7,8,Wind,63,Sunday,March,3110
5/4/2024,15,16,Wind,125,Saturday,May,8134
1/30/2020,2,3,Wind,30,Thursday,January,5963
3/29/2023,6,7,Wind,88,Wednesday,March,4527
11/21/2023,19,20,Wind,325,Tuesday,November,7349
1/22/2024,14,15,Wind,22,Monday,January,17458
7/5/2021,17,18,Wind,186,Monday,July,7296
10/14/2020,5,6,Wind,288,Wednesday,October,2376
9/13/2023,17,18,Solar,256,Wednesday,September,4039
3/21/2022,19,20,Wind,80,Monday,March,3720
1/9/2022,6,7,Wind,9,Sunday,January,10140
7/18/2025,20,21,Wind,199,Friday,July,2726
9/1/2025,15,16,Wind,244,Monday,September,12357
10/21/2023,0,1,Wind,294,Saturday,October,12370
5/7/2023,11,12,Solar,127,Sunday,May,4691
10/12/2022,6,7,Wind,285,Wednesday,October,427
2/4/2021,0,1,Wind,35,Thursday,February,5938
1/22/2022,7,8,Wind,22,Saturday,January,2720
3/25/2022,4,5,Wind,84,Friday,March,4165
1/4/2022,17,18,Wind,4,Tuesday,January,6526
8/5/2024,10,11,Solar,218,Monday,August,6241
4/13/2022,13,14,Solar,103,Wednesday,April,3987
12/21/2020,17,18,Wind,356,Monday,December,11325
4/22/2024,10,11,Solar,113,Monday,April,10244
1/13/2025,1,2,Wind,13,Monday,January,5184
7/29/2021,23,0,Wind,210,Thursday,July,1104
11/20/2023,3,4,Wind,324,Monday,November,9883
5/16/2025,17,18,Wind,136,Friday,May,6727
5/2/2020,19,20,Wind,123,Saturday,May,2937
2/5/2025,16,17,Solar,36,Wednesday,February,3938
4/27/2022,23,0,Wind,117,Wednesday,April,7348
4/3/2024,15,16,Wind,94,Wednesday,April,18694
12/6/2021,2,3,Wind,340,Monday,December,3292
4/5/2022,2,3,Wind,95,Tuesday,April,7223
6/13/2022,2,3,Wind,164,Monday,June,4188
11/16/2022,13,14,Wind,320,Wednesday,November,12169
12/16/2020,22,23,Wind,351,Wednesday,December,7219
3/10/2024,3,4,Wind,70,Sunday,March,3080
1/30/2020,4,5,Wind,30,Thursday,January,6314
4/4/2025,17,18,Wind,94,Friday,April,9346
10/26/2025,11,12,Wind,299,Sunday,October,14029
4/9/2021,2,3,Wind,99,Friday,April,3155
10/9/2021,7,8,Wind,282,Saturday,October,2659
4/2/2022,15,16,Wind,92,Saturday,April,12750
10/15/2024,9,10,Wind,289,Tuesday,October,5379
7/21/2020,2,3,Wind,203,Tuesday,July,4691
10/19/2022,14,15,Wind,292,Wednesday,October,9367
8/14/2020,2,3,Wind,227,Friday,August,2037
11/8/2024,21,22,Wind,313,Friday,November,1954
1/3/2021,4,5,Wind,3,Sunday,January,1534
10/27/2023,16,17,Wind,300,Friday,October,10295
12/25/2024,21,22,Wind,360,Wednesday,December,1835
12/23/2021,9,10,Wind,357,Thursday,December,9101
10/3/2021,8,9,Wind,276,Sunday,October,8874
7/12/2024,10,11,Wind,194,Friday,July,6364
8/10/2021,3,4,Wind,222,Tuesday,August,1108
10/6/2024,1,2,Wind,280,Sunday,October,8540
6/8/2021,15,16,Solar,159,Tuesday,June,4784
12/22/2022,21,22,Wind,356,Thursday,December,11479
7/23/2021,3,4,Wind,204,Friday,July,3761
10/13/2020,19,20,Wind,287,Tuesday,October,3135
7/18/2025,4,5,Wind,199,Friday,July,1255
10/18/2023,12,13,Wind,291,Wednesday,October,12878
2/25/2022,17,18,Wind,56,Friday,February,4954
9/12/2024,7,8,Wind,256,Thursday,September,3200
2/14/2021,18,19,Wind,45,Sunday,February,10190
12/28/2022,10,11,Wind,362,Wednesday,December,14488
9/23/2024,12,13,Solar,267,Monday,September,9411
12/27/2024,18,19,Wind,362,Friday,December,478
6/22/2022,8,9,Wind,173,Wednesday,June,2988
6/28/2025,2,3,Wind,179,Saturday,June,1570
8/10/2024,10,11,Solar,223,Saturday,August,3363
10/22/2025,1,2,Wind,295,Wednesday,October,3358
11/5/2025,9,10,Wind,309,Wednesday,November,14554
1/10/2023,6,7,Wind,10,Tuesday,January,7280
6/4/2025,17,18,Wind,155,Wednesday,June,8170
2/2/2020,11,12,Wind,33,Sunday,February,14019
6/13/2023,10,11,Solar,164,Tuesday,June,4848
2/28/2022,23,0,Wind,59,Monday,February,3412
6/5/2025,12,13,Wind,156,Thursday,June,9745
8/11/2020,20,21,Wind,224,Tuesday,August,1741
8/23/2020,23,0,Wind,236,Sunday,August,2394
1/21/2023,21,22,Wind,21,Saturday,January,8012
10/18/2023,5,6,Wind,291,Wednesday,October,11012
8/6/2021,6,7,Wind,218,Friday,August,6061
12/31/2021,3,4,Wind,365,Friday,December,6004
3/6/2021,22,23,Wind,65,Saturday,March,4975
10/31/2020,2,3,Wind,305,Saturday,October,2111
11/24/2022,1,2,Wind,328,Thursday,November,11794
1/16/2024,17,18,Wind,16,Tuesday,January,1469
3/30/2024,21,22,Wind,90,Saturday,March,7540
3/21/2022,22,23,Wind,80,Monday,March,5004
2/4/2020,17,18,Wind,35,Tuesday,February,10225
2/18/2022,6,7,Wind,49,Friday,February,12932
6/26/2024,19,20,Solar,178,Wednesday,June,2618
6/22/2023,2,3,Wind,173,Thursday,June,3123
3/29/2020,18,19,Wind,89,Sunday,March,13447
8/2/2020,16,17,Wind,215,Sunday,August,5716
9/10/2023,1,2,Wind,253,Sunday,September,3467
9/17/2022,21,22,Wind,260,Saturday,September,3461
8/14/2023,9,10,Solar,226,Monday,August,4385
4/14/2022,8,9,Wind,104,Thursday,April,2164
7/14/2025,6,7,Wind,195,Monday,July,5524
9/2/2020,7,8,Wind,246,Wednesday,September,1000
6/6/2021,2,3,Wind,157,Sunday,June,1515
3/29/2024,10,11,Wind,89,Friday,March,12530
7/6/2022,21,22,Wind,187,Wednesday,July,2878
4/11/2020,22,23,Wind,102,Saturday,April,983
12/11/2020,7,8,Wind,346,Friday,December,8460
5/16/2025,8,9,Wind,136,Friday,May,7514
5/23/2020,22,23,Wind,144,Saturday,May,4615
3/9/2025,21,22,Wind,68,Sunday,March,2394
2/14/2021,11,12,Wind,45,Sunday,February,9627
12/4/2020,16,17,Wind,339,Friday,December,5061
10/16/2020,8,9,Wind,290,Friday,October,3025
10/23/2022,22,23,Wind,296,Sunday,October,12731
6/27/2020,20,21,Wind,179,Saturday,June,5498
11/12/2022,22,23,Wind,316,Saturday,November,3209
2/8/2021,11,12,Solar,39,Monday,February,2264
7/5/2020,2,3,Wind,187,Sunday,July,7204
11/25/2024,21,22,Wind,330,Monday,November,6886
3/11/2023,11,12,Wind,70,Saturday,March,6247
8/27/2021,18,19,Wind,239,Friday,August,5983
10/30/2025,21,22,Wind,303,Thursday,October,9268
11/17/2024,9,10,Wind,322,Sunday,November,5156
11/4/2024,5,6,Wind,309,Monday,November,2711
9/28/2022,22,23,Wind,271,Wednesday,September,2612
2/28/2020,17,18,Wind,59,Friday,February,10484
9/20/2020,15,16,Solar,264,Sunday,September,2485
1/1/2023,6,7,Wind,1,Sunday,January,9308
12/12/2020,17,18,Wind,347,Saturday,December,5880
5/22/2023,21,22,Wind,142,Monday,May,5031
6/19/2024,8,9,Wind,171,Wednesday,June,5936
2/20/2022,18,19,Wind,51,Sunday,February,15715
6/22/2021,8,9,Wind,173,Tuesday,June,5021
1/14/2022,20,21,Wind,14,Friday,January,488
8/23/2021,4,5,Wind,235,Monday,August,2557
4/10/2021,1,2,Wind,100,Saturday,April,4130
6/16/2022,0,1,Wind,167,Thursday,June,3101
11/19/2023,7,8,Wind,323,Sunday,November,12047
3/31/2021,8,9,Wind,90,Wednesday,March,2922
3/10/2020,14,15,Wind,70,Tuesday,March,13585
1/1/2023,12,13,Wind,1,Sunday,January,10436
7/31/2021,9,10,Wind,212,Saturday,July,3783
7/13/2022,6,7,Wind,194,Wednesday,July,1185
5/6/2023,1,2,Wind,126,Saturday,May,1487
1/27/2025,12,13,Wind,27,Monday,January,19864
3/31/2024,4,5,Wind,91,Sunday,March,7615
2/10/2021,9,10,Wind,41,Wednesday,February,7995
8/6/2023,12,13,Wind,218,Sunday,August,17115
1/25/2025,14,15,Wind,25,Saturday,January,5602
12/28/2022,11,12,Wind,362,Wednesday,December,15763
3/5/2023,8,9,Wind,64,Sunday,March,2713
1/9/2025,9,10,Wind,9,Thursday,January,14926
12/20/2024,22,23,Wind,355,Friday,December,12692
12/25/2020,0,1,Wind,360,Friday,December,7148
7/18/2022,9,10,Solar,199,Monday,July,4580
12/26/2021,7,8,Wind,360,Sunday,December,2618
8/29/2025,7,8,Wind,241,Friday,August,10534
7/12/2025,21,22,Wind,193,Saturday,July,3741
3/17/2024,17,18,Wind,77,Sunday,March,2963
4/5/2024,13,14,Wind,96,Friday,April,17174
1/1/2024,21,22,Wind,1,Monday,January,16738
8/18/2020,1,2,Wind,231,Tuesday,August,1237
10/13/2020,0,1,Wind,287,Tuesday,October,2835
11/7/2025,23,0,Wind,311,Friday,November,2725
7/26/2023,15,16,Solar,207,Wednesday,July,8836
5/21/2021,5,6,Wind,141,Friday,May,9113
3/16/2020,21,22,Wind,76,Monday,March,1514
9/2/2023,6,7,Wind,245,Saturday,September,1952
10/12/2020,22,23,Wind,286,Monday,October,2847
12/19/2024,15,16,Wind,354,Thursday,December,17875
6/15/2021,0,1,Wind,166,Tuesday,June,2417
9/21/2020,19,20,Wind,265,Monday,September,863
11/13/2023,17,18,Wind,317,Monday,November,15862
11/21/2023,3,4,Wind,325,Tuesday,November,3879
9/22/2024,23,0,Wind,266,Sunday,September,3634
4/20/2023,21,22,Wind,110,Thursday,April,3479
1/11/2025,13,14,Solar,11,Saturday,January,5144
4/25/2022,10,11,Solar,115,Monday,April,5175
2/17/2025,3,4,Wind,48,Monday,February,4015
1/6/2021,5,6,Wind,6,Wednesday,January,1272
5/4/2025,13,14,Wind,124,Sunday,May,6693
12/10/2023,7,8,Wind,344,Sunday,December,13539
1/31/2021,7,8,Wind,31,Sunday,January,2704
3/30/2025,14,15,Wind,89,Sunday,March,8047
12/2/2024,4,5,Wind,337,Monday,December,7446
7/4/2024,19,20,Wind,186,Thursday,July,10930
4/29/2025,14,15,Solar,119,Tuesday,April,5531
6/12/2022,7,8,Wind,163,Sunday,June,2670
7/20/2022,14,15,Solar,201,Wednesday,July,8048
3/8/2025,4,5,Wind,67,Saturday,March,10795
11/20/2022,12,13,Wind,324,Sunday,November,11504
9/2/2022,7,8,Wind,245,Friday,September,2253
11/10/2023,5,6,Wind,314,Friday,November,13071
8/30/2020,13,14,Wind,243,Sunday,August,6249
3/17/2023,0,1,Wind,76,Friday,March,8567
1/23/2020,14,15,Wind,23,Thursday,January,3879
4/21/2022,14,15,Wind,111,Thursday,April,7386
5/23/2022,1,2,Wind,143,Monday,May,2742
2/21/2021,19,20,Wind,52,Sunday,February,6997
9/19/2025,9,10,Wind,262,Friday,September,8774
6/10/2024,23,0,Wind,162,Monday,June,2680
4/5/2020,1,2,Wind,96,Sunday,April,7263
12/29/2022,0,1,Wind,363,Thursday,December,15627
12/11/2023,6,7,Wind,345,Monday,December,12685
7/6/2022,17,18,Solar,187,Wednesday,July,7297
10/5/2023,7,8,Wind,278,Thursday,October,1011
9/21/2023,19,20,Wind,264,Thursday,September,5728
9/23/2024,13,14,Solar,267,Monday,September,9373
10/12/2020,12,13,Solar,286,Monday,October,4266
7/14/2024,5,6,Wind,196,Sunday,July,548
2/19/2021,2,3,Wind,50,Friday,February,4884
8/16/2022,19,20,Wind,228,Tuesday,August,1646
2/12/2020,21,22,Wind,43,Wednesday,February,4044
10/22/2020,8,9,Wind,296,Thursday,October,5132
10/20/2025,20,21,Wind,293,Monday,October,16498
4/26/2024,2,3,Wind,117,Friday,April,2572
10/28/2025,18,19,Wind,301,Tuesday,October,6718
6/27/2021,2,3,Wind,178,Sunday,June,3926
1/15/2020,1,2,Wind,15,Wednesday,January,12014
5/23/2024,20,21,Wind,144,Thursday,May,1511
5/9/2025,5,6,Wind,129,Friday,May,5025
11/15/2020,20,21,Wind,320,Sunday,November,12335
9/14/2021,4,5,Wind,257,Tuesday,September,3051
12/22/2023,22,23,Wind,356,Friday,December,14088
3/4/2024,21,22,Wind,64,Monday,March,5529
12/21/2021,0,1,Wind,355,Tuesday,December,3368
6/17/2023,8,9,Solar,168,Saturday,June,3038
10/22/2024,19,20,Wind,296,Tuesday,October,1043
12/27/2021,3,4,Wind,361,Monday,December,4472
10/13/2020,11,12,Wind,287,Tuesday,October,5705
6/29/2020,10,11,Wind,181,Monday,June,6311
7/30/2023,0,1,Wind,211,Sunday,July,4502
10/6/2024,19,20,Wind,280,Sunday,October,7577
9/13/2025,13,14,Wind,256,Saturday,September,8706
6/15/2025,19,20,Wind,166,Sunday,June,5419
11/29/2023,15,16,Wind,333,Wednesday,November,2018
1/25/2023,4,5,Wind,25,Wednesday,January,1775
5/5/2025,23,0,Wind,125,Monday,May,10289
8/27/2021,16,17,Solar,239,Friday,August,7403
1/1/2025,10,11,Wind,1,Wednesday,January,16789
1/16/2022,20,21,Wind,16,Sunday,January,2168
1/25/2024,11,12,Wind,25,Thursday,January,7180
6/10/2024,12,13,Wind,162,Monday,June,14996
4/8/2025,6,7,Wind,98,Tuesday,April,2276
8/5/2020,21,22,Wind,218,Wednesday,August,882
5/16/2020,13,14,Solar,137,Saturday,May,3993
10/6/2025,14,15,Solar,279,Monday,October,10214
9/29/2023,8,9,Wind,272,Friday,September,8861
1/17/2020,5,6,Wind,17,Friday,January,8520
1/30/2020,12,13,Wind,30,Thursday,January,9897
7/11/2020,9,10,Solar,193,Saturday,July,3336
5/2/2021,4,5,Wind,122,Sunday,May,1696
1/13/2023,23,0,Wind,13,Friday,January,8534
5/24/2020,11,12,Solar,145,Sunday,May,5543
7/8/2024,6,7,Wind,190,Monday,July,721
7/19/2022,16,17,Wind,200,Tuesday,July,10306
7/21/2024,9,10,Wind,203,Sunday,July,4296
6/23/2023,10,11,Solar,174,Friday,June,5939
12/8/2023,4,5,Wind,342,Friday,December,4935
3/1/2025,9,10,Wind,60,Saturday,March,9595
2/25/2024,0,1,Wind,56,Sunday,February,9401
2/23/2021,18,19,Wind,54,Tuesday,February,6648
5/18/2021,11,12,Solar,138,Tuesday,May,5164
9/20/2025,9,10,Wind,263,Saturday,September,10677
10/22/2025,18,19,Wind,295,Wednesday,October,7401
10/1/2025,3,4,Wind,274,Wednesday,October,2001
12/7/2023,18,19,Wind,341,Thursday,December,11630
3/2/2024,6,7,Wind,62,Saturday,March,10829
6/17/2022,16,17,Solar,168,Friday,June,5651
9/17/2023,19,20,Wind,260,Sunday,September,3487
2/1/2025,10,11,Solar,32,Saturday,February,4951
12/16/2024,11,12,Wind,351,Monday,December,8376
5/8/2025,11,12,Solar,128,Thursday,May,11435
12/14/2023,12,13,Wind,348,Thursday,December,7022
2/27/2023,7,8,Wind,58,Monday,February,12827
12/3/2023,6,7,Wind,337,Sunday,December,7397
10/29/2025,19,20,Wind,302,Wednesday,October,8656
3/17/2023,7,8,Wind,76,Friday,March,7534
7/4/2022,2,3,Wind,185,Monday,July,3026
4/11/2021,5,6,Wind,101,Sunday,April,5100
12/26/2021,15,16,Wind,360,Sunday,December,3470
8/23/2025,7,8,Wind,235,Saturday,August,1894
12/12/2024,12,13,Solar,347,Thursday,December,5634
8/21/2022,5,6,Wind,233,Sunday,August,545
6/21/2022,7,8,Wind,172,Tuesday,June,3135
7/26/2023,2,3,Wind,207,Wednesday,July,2967
10/3/2024,9,10,Wind,277,Thursday,October,8391
1/1/2021,23,0,Wind,1,Friday,January,1153
9/8/2023,10,11,Solar,251,Friday,September,5091
1/10/2025,12,13,Wind,10,Friday,January,5634
9/3/2023,20,21,Wind,246,Sunday,September,6389
3/20/2023,0,1,Wind,79,Monday,March,1603
7/15/2022,16,17,Solar,196,Friday,July,6905
4/2/2023,5,6,Wind,92,Sunday,April,9001
6/27/2024,5,6,Wind,179,Thursday,June,881
6/14/2020,23,0,Wind,166,Sunday,June,1650
12/7/2023,3,4,Wind,341,Thursday,December,4529
8/18/2023,18,19,Solar,230,Friday,August,4478
4/11/2024,23,0,Wind,102,Thursday,April,1185
11/24/2023,7,8,Wind,328,Friday,November,7816
9/20/2024,7,8,Wind,264,Friday,September,5558
4/4/2021,19,20,Wind,94,Sunday,April,2015
3/1/2023,8,9,Wind,60,Wednesday,March,8783
6/7/2022,18,19,Wind,158,Tuesday,June,7733
1/14/2024,9,10,Wind,14,Sunday,January,1428
3/3/2022,21,22,Wind,62,Thursday,March,1064
10/21/2024,11,12,Solar,295,Monday,October,7079
10/27/2024,0,1,Wind,301,Sunday,October,1696
12/3/2021,20,21,Wind,337,Friday,December,10778
6/24/2020,1,2,Wind,176,Wednesday,June,5914
2/21/2022,0,1,Wind,52,Monday,February,15347
3/12/2021,20,21,Wind,71,Friday,March,12221
3/3/2020,5,6,Wind,63,Tuesday,March,4667
9/10/2023,3,4,Wind,253,Sunday,September,3394
10/4/2020,20,21,Wind,278,Sunday,October,10074
4/8/2023,13,14,Solar,98,Saturday,April,8694
12/5/2022,16,17,Wind,339,Monday,December,1131
7/31/2023,18,19,Wind,212,Monday,July,14470
11/25/2025,8,9,Wind,329,Tuesday,November,12389
3/13/2021,19,20,Wind,72,Saturday,March,12688
11/20/2025,18,19,Wind,324,Thursday,November,3836
4/6/2022,1,2,Wind,96,Wednesday,April,5451
1/13/2020,1,2,Wind,13,Monday,January,2829
1/1/2024,0,1,Wind,1,Monday,January,15516
10/17/2022,15,16,Solar,290,Monday,October,4988
10/12/2021,5,6,Wind,285,Tuesday,October,2492
1/23/2020,13,14,Wind,23,Thursday,January,4071
9/15/2020,22,23,Wind,259,Tuesday,September,800
5/4/2024,2,3,Wind,125,Saturday,May,1896
10/3/2024,16,17,Wind,277,Thursday,October,9834
3/30/2020,10,11,Wind,90,Monday,March,11170
3/20/2024,7,8,Wind,80,Wednesday,March,3337
1/14/2022,7,8,Wind,14,Friday,January,961
3/8/2023,7,8,Wind,67,Wednesday,March,12711
12/30/2023,16,17,Wind,364,Saturday,December,10028
1/7/2023,0,1,Wind,7,Saturday,January,8048
12/13/2020,8,9,Wind,348,Sunday,December,3742
1/22/2020,2,3,Wind,22,Wednesday,January,3140
8/15/2023,23,0,Wind,227,Tuesday,August,1203
4/12/2022,2,3,Wind,102,Tuesday,April,8588
9/1/2023,23,0,Wind,244,Friday,September,1452
12/24/2022,7,8,Wind,358,Saturday,December,6737
9/12/2024,8,9,Wind,256,Thursday,September,3590
1/19/2025,6,7,Wind,19,Sunday,January,823
2/17/2022,6,7,Wind,48,Thursday,February,14817
2/12/2021,21,22,Wind,43,Friday,February,8822
8/7/2024,7,8,Wind,220,Wednesday,August,2192
9/14/2023,13,14,Solar,257,Thursday,September,6568
7/18/2022,17,18,Solar,199,Monday,July,5861
1/4/2020,6,7,Wind,4,Saturday,January,3231
7/5/2023,7,8,Wind,186,Wednesday,July,8771
3/30/2021,22,23,Wind,89,Tuesday,March,1615
5/13/2020,7,8,Wind,134,Wednesday,May,4225
4/17/2023,14,15,Solar,107,Monday,April,10467
3/11/2022,14,15,Wind,70,Friday,March,14835
3/28/2024,15,16,Wind,88,Thursday,March,22347
5/15/2023,6,7,Wind,135,Monday,May,2543
9/28/2022,11,12,Wind,271,Wednesday,September,6066
3/23/2024,1,2,Wind,83,Saturday,March,8305
6/28/2021,23,0,Wind,179,Monday,June,1737
5/17/2022,11,12,Solar,137,Tuesday,May,6618
6/1/2025,15,16,Solar,152,Sunday,June,3789
8/19/2024,17,18,Solar,232,Monday,August,6588
8/14/2021,14,15,Solar,226,Saturday,August,5104
6/5/2021,6,7,Wind,156,Saturday,June,2747
4/21/2024,10,11,Wind,112,Sunday,April,12962
4/17/2024,6,7,Wind,108,Wednesday,April,4985
7/20/2021,5,6,Wind,201,Tuesday,July,2869
10/12/2025,19,20,Wind,285,Sunday,October,5609
8/14/2020,6,7,Wind,227,Friday,August,1956
8/12/2023,22,23,Wind,224,Saturday,August,1562
2/1/2023,5,6,Wind,32,Wednesday,February,7307
2/25/2021,5,6,Wind,56,Thursday,February,4287
8/27/2022,7,8,Wind,239,Saturday,August,2324
5/4/2023,9,10,Wind,124,Thursday,May,8283
5/25/2020,12,13,Solar,146,Monday,May,5786
11/30/2025,21,22,Wind,334,Sunday,November,5281
8/4/2024,0,1,Wind,217,Sunday,August,3115
8/4/2021,2,3,Wind,216,Wednesday,August,884
1/22/2023,20,21,Wind,22,Sunday,January,3745
6/28/2023,3,4,Wind,179,Wednesday,June,2199
11/14/2023,15,16,Wind,318,Tuesday,November,16615
5/1/2022,10,11,Solar,121,Sunday,May,4800
9/20/2023,0,1,Wind,263,Wednesday,September,6935
2/11/2020,0,1,Wind,42,Tuesday,February,13006
5/3/2024,5,6,Wind,124,Friday,May,8551
10/18/2023,20,21,Wind,291,Wednesday,October,12875
7/27/2023,17,18,Wind,208,Thursday,July,12575
2/27/2021,22,23,Wind,58,Saturday,February,8492
7/20/2022,3,4,Wind,201,Wednesday,July,2488
2/5/2022,12,13,Solar,36,Saturday,February,7317
6/17/2025,15,16,Solar,168,Tuesday,June,9585
2/24/2023,6,7,Wind,55,Friday,February,4966
3/27/2024,19,20,Wind,87,Wednesday,March,11865
11/13/2025,22,23,Wind,317,Thursday,November,11616
12/2/2022,16,17,Wind,336,Friday,December,3732
1/15/2024,19,20,Wind,15,Monday,January,3046
11/1/2020,22,23,Wind,306,Sunday,November,11740
5/27/2024,14,15,Wind,148,Monday,May,8168
12/8/2024,18,19,Wind,343,Sunday,December,14802
1/25/2024,2,3,Wind,25,Thursday,January,3653
1/28/2024,15,16,Wind,28,Sunday,January,7327
1/18/2022,22,23,Wind,18,Tuesday,January,2157
3/8/2021,12,13,Solar,67,Monday,March,4900
1/13/2024,16,17,Solar,13,Saturday,January,1279
2/2/2020,1,2,Wind,33,Sunday,February,6443
11/27/2024,12,13,Wind,332,Wednesday,November,19633
4/10/2023,11,12,Wind,100,Monday,April,9594
6/8/2021,7,8,Wind,159,Tuesday,June,1353
2/25/2024,3,4,Wind,56,Sunday,February,7694
3/14/2024,22,23,Wind,74,Thursday,March,9996
12/11/2020,8,9,Wind,346,Friday,December,8337
5/9/2025,11,12,Solar,129,Friday,May,10937
11/7/2022,12,13,Wind,311,Monday,November,15067
8/31/2024,4,5,Wind,244,Saturday,August,4286
11/9/2020,0,1,Wind,314,Monday,November,3037
8/27/2024,8,9,Wind,240,Tuesday,August,5145
2/20/2025,7,8,Wind,51,Thursday,February,8186
10/6/2023,3,4,Wind,279,Friday,October,1336
3/28/2024,6,7,Wind,88,Thursday,March,14841
2/24/2020,21,22,Wind,55,Monday,February,10891
10/8/2020,17,18,Wind,282,Thursday,October,9362
10/27/2025,6,7,Wind,300,Monday,October,17432
1/26/2022,10,11,Solar,26,Wednesday,January,2632
3/10/2021,9,10,Wind,69,Wednesday,March,7183
12/11/2024,22,23,Wind,346,Wednesday,December,5086
1/1/2022,8,9,Wind,1,Saturday,January,4970
8/19/2025,8,9,Wind,231,Tuesday,August,2884
9/18/2023,17,18,Wind,261,Monday,September,13292
2/5/2021,12,13,Wind,36,Friday,February,2788
4/21/2024,23,0,Wind,112,Sunday,April,7979
8/17/2020,13,14,Wind,230,Monday,August,5654
3/13/2024,7,8,Wind,73,Wednesday,March,3729
9/3/2024,20,21,Wind,247,Tuesday,September,1441
7/27/2025,9,10,Solar,208,Sunday,July,5265
1/14/2025,9,10,Wind,14,Tuesday,January,3474
5/13/2023,6,7,Wind,133,Saturday,May,4746
4/10/2025,13,14,Solar,100,Thursday,April,12413
3/23/2025,11,12,Solar,82,Sunday,March,9539
6/1/2024,6,7,Wind,153,Saturday,June,5842
12/10/2023,19,20,Wind,344,Sunday,December,16151
7/20/2023,5,6,Wind,201,Thursday,July,1128
3/6/2022,1,2,Wind,65,Sunday,March,3979
11/16/2020,21,22,Wind,321,Monday,November,5207
11/6/2022,3,4,Wind,310,Sunday,November,7392
3/8/2024,7,8,Wind,68,Friday,March,10211
10/23/2022,2,3,Wind,296,Sunday,October,6307
1/15/2020,20,21,Wind,15,Wednesday,January,4982
8/19/2023,9,10,Solar,231,Saturday,August,4820
12/21/2024,23,0,Wind,356,Saturday,December,18865
2/19/2021,1,2,Wind,50,Friday,February,5091
12/24/2022,11,12,Wind,358,Saturday,December,6226
2/10/2024,8,9,Wind,41,Saturday,February,4961
6/7/2023,1,2,Wind,158,Wednesday,June,5177
5/31/2025,21,22,Wind,151,Saturday,May,3249
6/27/2021,5,6,Wind,178,Sunday,June,2407
5/29/2020,12,13,Wind,150,Friday,May,8141
3/15/2021,13,14,Wind,74,Monday,March,11138
5/13/2022,23,0,Wind,133,Friday,May,1952
2/25/2023,22,23,Wind,56,Saturday,February,10909
4/29/2021,18,19,Wind,119,Thursday,April,2127
11/5/2023,22,23,Wind,309,Sunday,November,12665
3/10/2022,11,12,Solar,69,Thursday,March,5610
6/10/2021,4,5,Wind,161,Thursday,June,1121
4/14/2025,12,13,Solar,104,Monday,April,8178
10/11/2022,2,3,Wind,284,Tuesday,October,2708
7/29/2022,7,8,Wind,210,Friday,July,974
5/24/2022,17,18,Wind,144,Tuesday,May,5711
8/11/2020,7,8,Wind,224,Tuesday,August,863
7/29/2020,12,13,Solar,211,Wednesday,July,3864
10/2/2022,9,10,Wind,275,Sunday,October,6903
8/22/2023,15,16,Solar,234,Tuesday,August,6851
9/27/2023,6,7,Wind,270,Wednesday,September,1009
12/8/2024,22,23,Wind,343,Sunday,December,14102
9/16/2024,21,22,Wind,260,Monday,September,7984
10/26/2022,12,13,Wind,299,Wednesday,October,8712
11/10/2020,19,20,Wind,315,Tuesday,November,742
1/4/2023,3,4,Wind,4,Wednesday,January,14202
7/9/2022,2,3,Wind,190,Saturday,July,3360
3/6/2020,5,6,Wind,66,Friday,March,8634
4/29/2025,22,23,Wind,119,Tuesday,April,7143
6/22/2024,14,15,Solar,174,Saturday,June,8627
1/22/2021,2,3,Wind,22,Friday,January,7471
11/23/2020,8,9,Wind,328,Monday,November,491
11/27/2021,4,5,Wind,331,Saturday,November,6524
11/6/2021,2,3,Wind,310,Saturday,November,2620
9/29/2023,5,6,Wind,272,Friday,September,8321
2/9/2022,13,14,Solar,40,Wednesday,February,5522
8/7/2023,16,17,Solar,219,Monday,August,9371
8/8/2020,4,5,Wind,221,Saturday,August,1306
9/5/2023,7,8,Wind,248,Tuesday,September,6698
12/3/2020,0,1,Wind,338,Thursday,December,3076
1/3/2021,18,19,Wind,3,Sunday,January,2080
8/18/2020,7,8,Wind,231,Tuesday,August,893
9/23/2020,6,7,Wind,267,Wednesday,September,2910
5/23/2025,15,16,Solar,143,Friday,May,10375
4/19/2023,5,6,Wind,109,Wednesday,April,7129
10/19/2025,12,13,Wind,292,Sunday,October,10715
4/7/2020,12,13,Solar,98,Tuesday,April,4828
1/8/2022,1,2,Wind,8,Saturday,January,9914
10/4/2023,17,18,Solar,277,Wednesday,October,3922
6/20/2022,6,7,Wind,171,Monday,June,3790
3/20/2024,9,10,Solar,80,Wednesday,March,5609
3/28/2024,5,6,Wind,88,Thursday,March,14768
9/19/2022,16,17,Solar,262,Monday,September,7420
8/12/2025,20,21,Wind,224,Tuesday,August,1924
11/25/2025,2,3,Wind,329,Tuesday,November,10314
2/16/2021,12,13,Wind,47,Tuesday,February,8667
10/31/2023,0,1,Wind,304,Tuesday,October,7258
7/3/2025,9,10,Solar,184,Thursday,July,7186
11/9/2023,20,21,Wind,313,Thursday,November,13482
7/30/2020,2,3,Wind,212,Thursday,July,2254
11/13/2022,5,6,Wind,317,Sunday,November,2153
7/29/2025,13,14,Solar,210,Tuesday,July,10622
11/4/2023,3,4,Wind,308,Saturday,November,11023
3/6/2020,21,22,Wind,66,Friday,March,4456
6/23/2020,23,0,Wind,175,Tuesday,June,5666
5/1/2022,5,6,Wind,121,Sunday,May,2330
5/9/2022,22,23,Wind,129,Monday,May,429
10/9/2022,21,22,Wind,282,Sunday,October,4626
6/3/2023,13,14,Solar,154,Saturday,June,6483
7/30/2025,19,20,Wind,211,Wednesday,July,4981
12/9/2021,22,23,Wind,343,Thursday,December,10967
9/2/2023,1,2,Wind,245,Saturday,September,1921
4/20/2023,9,10,Wind,110,Thursday,April,7872
4/9/2025,5,6,Wind,99,Wednesday,April,5010
5/3/2025,23,0,Wind,123,Saturday,May,4655
6/25/2024,12,13,Solar,177,Tuesday,June,8208
12/3/2021,6,7,Wind,337,Friday,December,4970
8/8/2025,14,15,Solar,220,Friday,August,4862
6/10/2023,12,13,Solar,161,Saturday,June,7097
7/19/2024,14,15,Solar,201,Friday,July,8080
1/30/2025,23,0,Wind,30,Thursday,January,3089
5/6/2020,22,23,Wind,127,Wednesday,May,2798
3/31/2021,11,12,Solar,90,Wednesday,March,4526
7/23/2021,10,11,Solar,204,Friday,July,4640
1/31/2024,10,11,Solar,31,Wednesday,January,3665
11/7/2024,0,1,Wind,312,Thursday,November,2053
9/24/2023,18,19,Wind,267,Sunday,September,5101
1/8/2021,23,0,Wind,8,Friday,January,1210
10/22/2024,7,8,Wind,296,Tuesday,October,1356
3/31/2025,11,12,Solar,90,Monday,March,11051
1/22/2024,3,4,Wind,22,Monday,January,16755
10/20/2022,19,20,Wind,293,Thursday,October,6213
4/16/2023,3,4,Wind,106,Sunday,April,5597
3/16/2022,16,17,Wind,75,Wednesday,March,3458
3/19/2022,19,20,Wind,78,Saturday,March,8901
4/17/2023,4,5,Wind,107,Monday,April,3497
1/19/2023,5,6,Wind,19,Thursday,January,2581
3/8/2022,2,3,Wind,67,Tuesday,March,8290
6/13/2024,22,23,Wind,165,Thursday,June,5759
9/25/2025,19,20,Wind,268,Thursday,September,2354
6/18/2024,9,10,Solar,170,Tuesday,June,5451
11/26/2023,6,7,Wind,330,Sunday,November,2381
1/6/2024,1,2,Wind,6,Saturday,January,4876
8/24/2025,15,16,Solar,236,Sunday,August,5114
9/15/2025,22,23,Wind,258,Monday,September,12979
8/19/2021,19,20,Wind,231,Thursday,August,2090
3/29/2022,21,22,Wind,88,Tuesday,March,2028
8/6/2022,21,22,Wind,218,Saturday,August,6101
7/24/2020,11,12,Solar,206,Friday,July,4715
2/14/2022,22,23,Wind,45,Monday,February,6121
1/30/2024,2,3,Wind,30,Tuesday,January,7141
8/31/2020,0,1,Wind,244,Monday,August,2798
8/5/2024,20,21,Wind,218,Monday,August,1045
8/21/2025,8,9,Wind,233,Thursday,August,5508
3/16/2021,21,22,Wind,75,Tuesday,March,8421
10/10/2024,13,14,Solar,284,Thursday,October,9309
3/5/2021,13,14,Wind,64,Friday,March,8783
12/24/2022,6,7,Wind,358,Saturday,December,7283
8/11/2021,9,10,Solar,223,Wednesday,August,2522
10/20/2024,14,15,Wind,294,Sunday,October,9513
9/17/2021,5,6,Wind,260,Friday,September,618
1/23/2020,9,10,Wind,23,Thursday,January,5277
10/2/2025,11,12,Solar,275,Thursday,October,8700
10/4/2021,10,11,Wind,277,Monday,October,6128
7/26/2021,19,20,Wind,207,Monday,July,3709
5/31/2025,22,23,Wind,151,Saturday,May,3230
4/19/2024,12,13,Wind,110,Friday,April,17585
9/30/2024,2,3,Wind,274,Monday,September,11126
6/27/2021,21,22,Wind,178,Sunday,June,949
7/8/2025,0,1,Wind,189,Tuesday,July,5508
5/24/2021,1,2,Wind,144,Monday,May,10051
1/26/2020,12,13,Wind,26,Sunday,January,3748
8/17/2021,11,12,Solar,229,Tuesday,August,5886
7/20/2021,4,5,Wind,201,Tuesday,July,3096
12/16/2024,2,3,Wind,351,Monday,December,8208
10/30/2023,1,2,Wind,303,Monday,October,7677
5/17/2024,3,4,Wind,138,Friday,May,1677
10/27/2022,16,17,Wind,300,Thursday,October,5718
8/12/2024,1,2,Wind,225,Monday,August,6953
7/17/2021,21,22,Wind,198,Saturday,July,3940
11/14/2022,17,18,Wind,318,Monday,November,4881
2/1/2023,10,11,Wind,32,Wednesday,February,8553
9/8/2024,9,10,Wind,252,Sunday,September,7424
9/12/2021,0,1,Wind,255,Sunday,September,669
11/17/2020,11,12,Wind,322,Tuesday,November,5342
4/8/2021,11,12,Solar,98,Thursday,April,4474
9/12/2021,2,3,Wind,255,Sunday,September,795
5/14/2023,0,1,Wind,134,Sunday,May,5165
6/13/2024,14,15,Solar,165,Thursday,June,12138
6/12/2022,22,23,Wind,163,Sunday,June,4342
3/30/2021,14,15,Solar,89,Tuesday,March,5712
8/28/2020,22,23,Wind,241,Friday,August,3019
6/24/2022,1,2,Wind,175,Friday,June,2331
11/5/2023,15,16,Wind,309,Sunday,November,17260
10/26/2022,4,5,Wind,299,Wednesday,October,6736
10/4/2020,11,12,Wind,278,Sunday,October,11732
6/16/2022,21,22,Wind,167,Thursday,June,1259
2/20/2023,22,23,Wind,51,Monday,February,2348
8/18/2022,21,22,Wind,230,Thursday,August,3736
6/23/2022,3,4,Wind,174,Thursday,June,887
7/8/2022,10,11,Solar,189,Friday,July,6364
5/25/2021,5,6,Wind,145,Tuesday,May,10039
8/12/2024,2,3,Wind,225,Monday,August,6436
8/6/2020,3,4,Wind,219,Thursday,August,1330
2/3/2020,5,6,Wind,34,Monday,February,8238
8/10/2025,5,6,Wind,222,Sunday,August,2840
4/16/2025,3,4,Wind,106,Wednesday,April,4022
6/21/2021,19,20,Wind,172,Monday,June,3618
11/21/2022,21,22,Wind,325,Monday,November,11758
12/8/2023,16,17,Wind,342,Friday,December,4948
12/20/2024,14,15,Wind,355,Friday,December,9894
4/6/2020,6,7,Wind,97,Monday,April,7340
8/10/2020,3,4,Wind,223,Monday,August,2040
5/14/2022,8,9,Solar,134,Saturday,May,2653
7/6/2021,2,3,Wind,187,Tuesday,July,8978
9/1/2020,3,4,Wind,245,Tuesday,September,1427
10/20/2025,15,16,Wind,293,Monday,October,18573
3/14/2023,4,5,Wind,73,Tuesday,March,15459
11/17/2025,6,7,Wind,321,Monday,November,7600
7/3/2024,0,1,Wind,185,Wednesday,July,1953
3/28/2020,5,6,Wind,88,Saturday,March,2175
7/8/2023,9,10,Solar,189,Saturday,July,5162
9/25/2023,20,21,Wind,268,Monday,September,269
6/28/2020,16,17,Wind,180,Sunday,June,6374
6/7/2024,9,10,Solar,159,Friday,June,4085
8/3/2024,11,12,Solar,216,Saturday,August,8051
12/9/2024,4,5,Wind,344,Monday,December,13835
11/3/2023,7,8,Wind,307,Friday,November,9663
6/19/2023,2,3,Wind,170,Monday,June,2884
7/23/2025,21,22,Wind,204,Wednesday,July,1975
4/27/2025,15,16,Solar,117,Sunday,April,3694
8/10/2022,18,19,Wind,222,Wednesday,August,7190
10/8/2020,1,2,Wind,282,Thursday,October,4968
3/14/2024,18,19,Wind,74,Thursday,March,6419
6/29/2021,12,13,Solar,180,Tuesday,June,4855
10/6/2025,5,6,Wind,279,Monday,October,3542
5/13/2023,0,1,Wind,133,Saturday,May,4608
3/25/2022,20,21,Wind,84,Friday,March,7801
3/8/2020,17,18,Wind,68,Sunday,March,8607
7/20/2020,3,4,Wind,202,Monday,July,2894
8/18/2022,23,0,Wind,230,Thursday,August,3907
1/25/2023,20,21,Wind,25,Wednesday,January,1669
6/22/2024,17,18,Wind,174,Saturday,June,7566
12/25/2024,3,4,Wind,360,Wednesday,December,1627
2/29/2020,11,12,Wind,60,Saturday,February,13600
2/11/2021,5,6,Wind,42,Thursday,February,4727
8/9/2021,0,1,Wind,221,Monday,August,2949
1/18/2022,8,9,Wind,18,Tuesday,January,3567
1/17/2022,3,4,Wind,17,Monday,January,1311
2/27/2023,22,23,Wind,58,Monday,February,10530
5/27/2024,6,7,Wind,148,Monday,May,1993
3/23/2024,0,1,Wind,83,Saturday,March,7939
11/30/2023,7,8,Wind,334,Thursday,November,1838
4/26/2024,17,18,Solar,117,Friday,April,4769
2/23/2025,4,5,Wind,54,Sunday,February,2042
4/15/2022,6,7,Wind,105,Friday,April,1302
2/18/2023,12,13,Wind,49,Saturday,February,13064
8/3/2025,18,19,Wind,215,Sunday,August,9140
12/9/2020,16,17,Wind,344,Wednesday,December,2188
3/5/2025,1,2,Wind,64,Wednesday,March,2284
3/4/2020,21,22,Wind,64,Wednesday,March,5942
7/12/2020,20,21,Wind,194,Sunday,July,3022
1/27/2025,16,17,Wind,27,Monday,January,17660
5/29/2022,18,19,Wind,149,Sunday,May,6869
12/21/2022,14,15,Wind,355,Wednesday,December,10711
9/28/2020,1,2,Wind,272,Monday,September,4675
6/19/2025,2,3,Wind,170,Thursday,June,5071
5/31/2023,15,16,Wind,151,Wednesday,May,13403
10/18/2023,19,20,Wind,291,Wednesday,October,13376
10/9/2023,10,11,Solar,282,Monday,October,4302
12/29/2021,0,1,Wind,363,Wednesday,December,10141
9/29/2025,5,6,Wind,272,Monday,September,1639
1/4/2023,2,3,Wind,4,Wednesday,January,14210
1/15/2023,8,9,Wind,15,Sunday,January,14452
12/9/2021,0,1,Wind,343,Thursday,December,5506
2/6/2021,2,3,Wind,37,Saturday,February,2352
9/13/2024,14,15,Solar,257,Friday,September,11402
6/6/2024,0,1,Wind,158,Thursday,June,1554
6/9/2025,17,18,Solar,160,Monday,June,6442
4/29/2021,3,4,Wind,119,Thursday,April,2499
7/7/2025,0,1,Wind,188,Monday,July,5737
6/17/2024,6,7,Wind,169,Monday,June,2438
11/9/2022,9,10,Wind,313,Wednesday,November,7949
3/7/2024,19,20,Wind,67,Thursday,March,11647
6/20/2020,18,19,Solar,172,Saturday,June,3049
6/7/2020,22,23,Wind,159,Sunday,June,1679
12/3/2020,22,23,Wind,338,Thursday,December,12279
1/20/2025,15,16,Solar,20,Monday,January,2407
5/29/2021,11,12,Solar,149,Saturday,May,5331
8/27/2021,8,9,Wind,239,Friday,August,3316
4/2/2021,1,2,Wind,92,Friday,April,7379
10/25/2020,15,16,Wind,299,Sunday,October,7515
10/20/2021,21,22,Wind,293,Wednesday,October,13802
12/3/2022,9,10,Wind,337,Saturday,December,6631
3/9/2022,3,4,Wind,68,Wednesday,March,3818
5/3/2023,6,7,Wind,123,Wednesday,May,6633
5/9/2022,23,0,Wind,129,Monday,May,499
11/2/2025,16,17,Wind,306,Sunday,November,12365
6/3/2025,12,13,Wind,154,Tuesday,June,7229
5/26/2023,5,6,Wind,146,Friday,May,6064
6/24/2025,7,8,Wind,175,Tuesday,June,2970
8/2/2025,12,13,Solar,214,Saturday,August,11621
10/30/2022,23,0,Wind,303,Sunday,October,2035
9/28/2025,13,14,Solar,271,Sunday,September,6541
7/12/2023,18,19,Wind,193,Wednesday,July,8218
2/19/2022,10,11,Wind,50,Saturday,February,8915
1/4/2025,2,3,Wind,4,Saturday,January,2886
3/6/2021,18,19,Wind,65,Saturday,March,3757
1/2/2025,19,20,Wind,2,Thursday,January,3287
11/24/2020,20,21,Wind,329,Tuesday,November,6418
9/30/2023,20,21,Wind,273,Saturday,September,593
3/22/2023,18,19,Wind,81,Wednesday,March,11937
8/29/2024,0,1,Wind,242,Thursday,August,2731
2/3/2022,0,1,Wind,34,Thursday,February,2135
6/15/2025,13,14,Solar,166,Sunday,June,4178
11/28/2024,19,20,Wind,333,Thursday,November,2906
2/5/2021,22,23,Wind,36,Friday,February,2507
3/24/2025,15,16,Solar,83,Monday,March,5993
7/4/2023,9,10,Solar,185,Tuesday,July,4186
11/20/2020,2,3,Wind,325,Friday,November,3795
3/18/2020,6,7,Wind,78,Wednesday,March,794
9/27/2024,1,2,Wind,271,Friday,September,9455
6/15/2020,22,23,Wind,167,Monday,June,1914
12/17/2023,7,8,Wind,351,Sunday,December,2892
1/16/2020,3,4,Wind,16,Thursday,January,3101
3/1/2020,7,8,Wind,61,Sunday,March,9464
12/6/2023,11,12,Solar,340,Wednesday,December,3781
11/15/2021,20,21,Wind,319,Monday,November,1948
11/21/2024,11,12,Wind,326,Thursday,November,8588
8/16/2021,4,5,Wind,228,Monday,August,3451
7/28/2025,7,8,Wind,209,Monday,July,4386
3/20/2023,23,0,Wind,79,Monday,March,2603
1/12/2025,12,13,Solar,12,Sunday,January,7726
8/25/2024,19,20,Wind,238,Sunday,August,3343
11/2/2025,10,11,Wind,306,Sunday,November,13628
7/14/2024,23,0,Wind,196,Sunday,July,313
2/4/2024,18,19,Wind,35,Sunday,February,8240
8/28/2020,2,3,Wind,241,Friday,August,5937
8/10/2021,20,21,Wind,222,Tuesday,August,756
11/5/2021,16,17,Wind,309,Friday,November,2115
12/7/2024,18,19,Wind,342,Saturday,December,18217
9/20/2025,2,3,Wind,263,Saturday,September,6636
5/11/2024,22,23,Wind,132,Saturday,May,4042
12/21/2021,6,7,Wind,355,Tuesday,December,2806
5/28/2020,10,11,Solar,149,Thursday,May,5248
2/17/2023,17,18,Wind,48,Friday,February,8900
2/26/2023,8,9,Wind,57,Sunday,February,13872
9/24/2021,13,14,Solar,267,Friday,September,5163
8/5/2020,23,0,Wind,218,Wednesday,August,1308
9/27/2020,8,9,Wind,271,Sunday,September,12307
7/11/2022,17,18,Solar,192,Monday,July,7207
5/13/2020,0,1,Wind,134,Wednesday,May,3209
7/3/2025,11,12,Solar,184,Thursday,July,9351
8/25/2025,14,15,Solar,237,Monday,August,8286
8/7/2020,8,9,Wind,220,Friday,August,2502
1/19/2021,15,16,Wind,19,Tuesday,January,10102
9/14/2023,12,13,Solar,257,Thursday,September,6556
7/15/2023,5,6,Wind,196,Saturday,July,5487
2/18/2024,4,5,Wind,49,Sunday,February,6541
8/1/2024,4,5,Wind,214,Thursday,August,1942
8/29/2020,11,12,Wind,242,Saturday,August,4250
8/20/2021,3,4,Wind,232,Friday,August,672
4/10/2022,6,7,Wind,100,Sunday,April,1342
10/6/2021,18,19,Wind,279,Wednesday,October,5968
9/14/2023,8,9,Solar,257,Thursday,September,1563
10/14/2023,20,21,Wind,287,Saturday,October,1786
9/18/2021,0,1,Wind,261,Saturday,September,1220
7/15/2023,11,12,Wind,196,Saturday,July,12344
5/1/2023,23,0,Wind,121,Monday,May,3387
4/18/2022,18,19,Solar,108,Monday,April,3136
5/30/2025,2,3,Wind,150,Friday,May,1200
4/30/2021,14,15,Solar,120,Friday,April,2910
3/27/2024,18,19,Wind,87,Wednesday,March,11185
6/21/2020,20,21,Wind,173,Sunday,June,4535
9/4/2025,14,15,Wind,247,Thursday,September,15384
5/30/2024,12,13,Wind,151,Thursday,May,9625
1/29/2020,22,23,Wind,29,Wednesday,January,5650
7/11/2021,17,18,Solar,192,Sunday,July,3657
9/6/2025,4,5,Wind,249,Saturday,September,4352
2/9/2024,6,7,Wind,40,Friday,February,15819
12/9/2021,4,5,Wind,343,Thursday,December,5642
9/7/2022,11,12,Solar,250,Wednesday,September,6385
11/1/2023,19,20,Wind,305,Wednesday,November,14069
8/11/2023,8,9,Solar,223,Friday,August,2805
9/5/2025,18,19,Solar,248,Friday,September,3777
3/19/2023,5,6,Wind,78,Sunday,March,2501
4/6/2023,16,17,Wind,96,Thursday,April,11196
3/11/2020,11,12,Wind,71,Wednesday,March,11831
1/4/2022,21,22,Wind,4,Tuesday,January,9412
4/21/2020,2,3,Wind,112,Tuesday,April,6292
5/24/2025,9,10,Solar,144,Saturday,May,9226
8/11/2025,23,0,Wind,223,Monday,August,6289
12/11/2023,12,13,Wind,345,Monday,December,11218
11/26/2022,15,16,Wind,330,Saturday,November,4644
11/11/2023,12,13,Solar,315,Saturday,November,6252
5/4/2023,20,21,Wind,124,Thursday,May,3982
10/24/2022,21,22,Wind,297,Monday,October,8277
12/26/2024,16,17,Wind,361,Thursday,December,2276
11/28/2025,11,12,Wind,332,Friday,November,10097
10/5/2020,20,21,Wind,279,Monday,October,9822
6/17/2025,7,8,Wind,168,Tuesday,June,3148
5/14/2022,4,5,Wind,134,Saturday,May,1879
2/26/2025,6,7,Wind,57,Wednesday,February,7597
10/30/2022,3,4,Wind,303,Sunday,October,3059
5/1/2020,9,10,Wind,122,Friday,May,7350
8/24/2020,5,6,Wind,237,Monday,August,1735
4/15/2025,17,18,Wind,105,Tuesday,April,13469
4/15/2025,14,15,Wind,105,Tuesday,April,7276
5/5/2023,23,0,Wind,125,Friday,May,1560
12/17/2023,9,10,Wind,351,Sunday,December,4025
2/7/2022,1,2,Wind,38,Monday,February,14177
7/4/2023,6,7,Wind,185,Tuesday,July,1388
1/6/2023,21,22,Wind,6,Friday,January,8019
9/3/2023,2,3,Wind,246,Sunday,September,3744
1/10/2023,7,8,Wind,10,Tuesday,January,7396
11/2/2022,12,13,Wind,306,Wednesday,November,9330
10/28/2021,5,6,Wind,301,Thursday,October,5738
1/22/2022,2,3,Wind,22,Saturday,January,3222
7/17/2024,5,6,Wind,199,Wednesday,July,1516
5/11/2022,13,14,Wind,131,Wednesday,May,13441
5/19/2024,15,16,Solar,140,Sunday,May,3223
12/27/2022,8,9,Wind,361,Tuesday,December,4022
11/24/2020,6,7,Wind,329,Tuesday,November,1985
2/16/2025,18,19,Wind,47,Sunday,February,5834
5/3/2024,3,4,Wind,124,Friday,May,8294
5/6/2020,11,12,Solar,127,Wednesday,May,4795
7/20/2022,10,11,Solar,201,Wednesday,July,4378
3/19/2024,9,10,Solar,79,Tuesday,March,4668
12/2/2022,0,1,Wind,336,Friday,December,2495
6/19/2025,0,1,Wind,170,Thursday,June,4891
4/26/2022,12,13,Solar,116,Tuesday,April,7883
3/16/2020,8,9,Wind,76,Monday,March,3472
7/19/2024,19,20,Solar,201,Friday,July,2644
9/30/2023,22,23,Wind,273,Saturday,September,1059
12/11/2024,21,22,Wind,346,Wednesday,December,5503
5/30/2025,5,6,Wind,150,Friday,May,791
2/21/2024,7,8,Wind,52,Wednesday,February,6947
6/3/2024,17,18,Solar,155,Monday,June,6535
11/12/2024,6,7,Wind,317,Tuesday,November,9835
8/5/2021,2,3,Wind,217,Thursday,August,1703
6/19/2025,4,5,Wind,170,Thursday,June,5141
9/9/2023,10,11,Solar,252,Saturday,September,5575
9/19/2020,3,4,Wind,263,Saturday,September,5122
8/22/2022,18,19,Wind,234,Monday,August,3644
9/24/2023,6,7,Wind,267,Sunday,September,3180
9/13/2025,10,11,Wind,256,Saturday,September,11069
4/21/2023,21,22,Wind,111,Friday,April,3016
4/6/2022,22,23,Wind,96,Wednesday,April,14100
9/6/2024,12,13,Solar,250,Friday,September,6067
8/21/2021,16,17,Solar,233,Saturday,August,5586
1/21/2024,4,5,Wind,21,Sunday,January,11119
1/1/2025,20,21,Wind,1,Wednesday,January,16319
1/6/2024,2,3,Wind,6,Saturday,January,4860
3/16/2021,8,9,Wind,75,Tuesday,March,3225
5/28/2024,4,5,Wind,149,Tuesday,May,4116
4/7/2025,13,14,Solar,97,Monday,April,10124
1/1/2021,21,22,Wind,1,Friday,January,1293
6/3/2025,19,20,Wind,154,Tuesday,June,7566
5/13/2022,9,10,Solar,133,Friday,May,3662
1/3/2020,18,19,Wind,3,Friday,January,5899
10/14/2024,16,17,Wind,288,Monday,October,5153
6/14/2021,20,21,Wind,165,Monday,June,1689
10/19/2025,0,1,Wind,292,Sunday,October,7076
11/4/2024,6,7,Wind,309,Monday,November,2752
12/19/2020,16,17,Wind,354,Saturday,December,6734
4/2/2024,11,12,Wind,93,Tuesday,April,19760
8/12/2021,15,16,Solar,224,Thursday,August,4319
2/15/2023,22,23,Wind,46,Wednesday,February,4376
10/9/2024,4,5,Wind,283,Wednesday,October,10765
3/8/2023,20,21,Wind,67,Wednesday,March,12273
7/25/2022,7,8,Wind,206,Monday,July,3847
3/31/2023,3,4,Wind,90,Friday,March,13640
2/21/2024,10,11,Wind,52,Wednesday,February,12535
9/9/2020,18,19,Wind,253,Wednesday,September,2154
6/27/2020,17,18,Wind,179,Saturday,June,10462
12/20/2021,4,5,Wind,354,Monday,December,2972
8/17/2024,20,21,Wind,230,Saturday,August,2269
8/21/2023,16,17,Solar,233,Monday,August,5797
3/23/2025,10,11,Wind,82,Sunday,March,9466
11/9/2024,14,15,Solar,314,Saturday,November,1980
10/5/2025,20,21,Wind,278,Sunday,October,7283
1/30/2022,6,7,Wind,30,Sunday,January,2562
8/31/2022,4,5,Wind,243,Wednesday,August,2403
1/20/2024,6,7,Wind,20,Saturday,January,3021
10/3/2021,2,3,Wind,276,Sunday,October,10744
3/24/2023,10,11,Wind,83,Friday,March,16273
7/9/2025,4,5,Wind,190,Wednesday,July,1607
8/26/2025,11,12,Solar,238,Tuesday,August,8522
5/4/2022,0,1,Wind,124,Wednesday,May,3383
10/23/2022,3,4,Wind,296,Sunday,October,6405
5/19/2020,7,8,Wind,140,Tuesday,May,2969
5/1/2020,16,17,Wind,122,Friday,May,9835
11/24/2021,9,10,Wind,328,Wednesday,November,4085
2/19/2023,21,22,Wind,50,Sunday,February,3080
8/9/2020,3,4,Wind,222,Sunday,August,1670
12/12/2023,12,13,Wind,346,Tuesday,December,11961
8/31/2023,3,4,Wind,243,Thursday,August,2585
2/5/2020,2,3,Wind,36,Wednesday,February,3761
9/7/2024,3,4,Wind,251,Saturday,September,2955
10/20/2022,12,13,Wind,293,Thursday,October,8001
4/18/2024,9,10,Wind,109,Thursday,April,6133
12/22/2024,10,11,Wind,357,Sunday,December,19669
9/5/2021,13,14,Solar,248,Sunday,September,4950
9/7/2024,4,5,Wind,251,Saturday,September,2919
11/15/2022,19,20,Wind,319,Tuesday,November,8728
10/25/2022,12,13,Solar,298,Tuesday,October,5477
8/21/2020,16,17,Wind,234,Friday,August,9899
4/6/2023,13,14,Solar,96,Thursday,April,10680
7/8/2020,17,18,Wind,190,Wednesday,July,5936
4/14/2020,21,22,Wind,105,Tuesday,April,5919
11/13/2023,10,11,Wind,317,Monday,November,18212
3/10/2024,22,23,Wind,70,Sunday,March,2196
7/7/2024,11,12,Solar,189,Sunday,July,5795
12/22/2023,4,5,Wind,356,Friday,December,16134
10/30/2025,5,6,Wind,303,Thursday,October,5128
10/24/2020,13,14,Wind,298,Saturday,October,13123
4/1/2021,9,10,Solar,91,Thursday,April,2949
3/31/2025,19,20,Wind,90,Monday,March,7769
11/7/2023,4,5,Wind,311,Tuesday,November,7182
10/12/2024,1,2,Wind,286,Saturday,October,6402
1/7/2020,11,12,Wind,7,Tuesday,January,3800
1/10/2020,19,20,Wind,10,Friday,January,1884
3/23/2020,5,6,Wind,83,Monday,March,7753
8/11/2023,19,20,Wind,223,Friday,August,3321
8/20/2022,6,7,Wind,232,Saturday,August,1709
6/7/2022,23,0,Wind,158,Tuesday,June,2997
8/17/2021,10,11,Solar,229,Tuesday,August,4585
4/27/2021,6,7,Wind,117,Tuesday,April,3762
3/27/2023,6,7,Wind,86,Monday,March,5162
3/27/2021,7,8,Wind,86,Saturday,March,8514
9/9/2022,18,19,Wind,252,Friday,September,9976
7/31/2023,19,20,Wind,212,Monday,July,12863
12/26/2020,5,6,Wind,361,Saturday,December,2782
9/23/2021,3,4,Wind,266,Thursday,September,1039
2/18/2021,9,10,Wind,49,Thursday,February,11492
1/11/2024,8,9,Wind,11,Thursday,January,7025
8/8/2024,10,11,Solar,221,Thursday,August,6478
11/26/2020,22,23,Wind,331,Thursday,November,1751
6/7/2022,22,23,Wind,158,Tuesday,June,2808
12/30/2023,20,21,Wind,364,Saturday,December,14467
9/6/2023,10,11,Solar,249,Wednesday,September,5406
11/29/2022,13,14,Solar,333,Tuesday,November,3005
4/13/2025,11,12,Wind,103,Sunday,April,5254
8/16/2021,14,15,Wind,228,Monday,August,10760
6/12/2025,5,6,Wind,163,Thursday,June,6786
4/26/2023,21,22,Wind,116,Wednesday,April,1156
2/17/2024,15,16,Solar,48,Saturday,February,6175
10/14/2021,21,22,Wind,287,Thursday,October,1352
10/7/2023,13,14,Solar,280,Saturday,October,8496
6/22/2022,7,8,Wind,173,Wednesday,June,2981
9/3/2023,16,17,Solar,246,Sunday,September,8265
5/6/2022,21,22,Wind,126,Friday,May,3391
4/29/2021,4,5,Wind,119,Thursday,April,2324
7/1/2020,5,6,Wind,183,Wednesday,July,3491
2/5/2025,8,9,Wind,36,Wednesday,February,2357
10/1/2023,6,7,Wind,274,Sunday,October,2370
3/17/2020,15,16,Solar,77,Tuesday,March,2024
9/11/2025,20,21,Wind,254,Thursday,September,9907
6/13/2022,17,18,Solar,164,Monday,June,5365
3/17/2021,6,7,Wind,76,Wednesday,March,8497
9/26/2023,9,10,Solar,269,Tuesday,September,5128
3/9/2021,21,22,Wind,68,Tuesday,March,2173
12/16/2023,20,21,Wind,350,Saturday,December,2653
4/24/2021,13,14,Solar,114,Saturday,April,8948
7/8/2025,3,4,Wind,189,Tuesday,July,5591
10/7/2021,8,9,Wind,280,Thursday,October,1778
11/14/2025,15,16,Wind,318,Friday,November,12662
4/10/2022,22,23,Wind,100,Sunday,April,6732
2/5/2022,1,2,Wind,36,Saturday,February,5444
6/6/2020,22,23,Wind,158,Saturday,June,4226
8/6/2023,10,11,Wind,218,Sunday,August,15426
7/17/2023,14,15,Solar,198,Monday,July,10701
8/31/2020,20,21,Wind,244,Monday,August,1434
10/5/2025,10,11,Wind,278,Sunday,October,9665
8/13/2025,21,22,Wind,225,Wednesday,August,3955
1/11/2024,6,7,Wind,11,Thursday,January,5822
11/2/2024,8,9,Wind,307,Saturday,November,4323
12/15/2024,19,20,Wind,350,Sunday,December,9436
8/29/2021,6,7,Wind,241,Sunday,August,3471
10/26/2021,21,22,Wind,299,Tuesday,October,3701
5/8/2020,0,1,Wind,129,Friday,May,2310
2/16/2023,15,16,Wind,47,Thursday,February,9834
9/11/2022,18,19,Solar,254,Sunday,September,2590
10/3/2023,18,19,Wind,276,Tuesday,October,7125
3/3/2020,1,2,Wind,63,Tuesday,March,7503
6/7/2021,8,9,Solar,158,Monday,June,2089
3/29/2022,0,1,Wind,88,Tuesday,March,3054
7/10/2023,14,15,Solar,191,Monday,July,8877
10/13/2025,12,13,Solar,286,Monday,October,12401
2/27/2022,17,18,Wind,58,Sunday,February,4942
11/30/2025,10,11,Wind,334,Sunday,November,5462
7/23/2024,8,9,Wind,205,Tuesday,July,7932
8/5/2022,11,12,Solar,217,Friday,August,7264
5/14/2024,8,9,Wind,135,Tuesday,May,6344
8/8/2024,21,22,Wind,221,Thursday,August,2172
12/21/2024,8,9,Wind,356,Saturday,December,8136
10/29/2020,8,9,Wind,303,Thursday,October,7376
8/9/2021,12,13,Wind,221,Monday,August,8363
8/3/2020,13,14,Wind,216,Monday,August,6435
5/17/2023,2,3,Wind,137,Wednesday,May,7078
10/18/2025,9,10,Wind,291,Saturday,October,7328
6/22/2022,11,12,Solar,173,Wednesday,June,5734
5/31/2021,7,8,Wind,151,Monday,May,4314
10/14/2023,18,19,Wind,287,Saturday,October,2649
8/25/2025,6,7,Wind,237,Monday,August,2598
11/9/2023,21,22,Wind,313,Thursday,November,13002
2/2/2023,7,8,Wind,33,Thursday,February,5959
6/27/2024,13,14,Solar,179,Thursday,June,10165
6/10/2023,23,0,Wind,161,Saturday,June,1315
12/1/2020,16,17,Wind,336,Tuesday,December,6870
3/27/2024,8,9,Wind,87,Wednesday,March,8161
2/19/2022,20,21,Wind,50,Saturday,February,14404
4/22/2022,23,0,Wind,112,Friday,April,5782
4/9/2023,16,17,Solar,99,Sunday,April,6478
1/4/2023,14,15,Wind,4,Wednesday,January,16982
12/17/2020,2,3,Wind,352,Thursday,December,6261
7/5/2022,13,14,Solar,186,Tuesday,July,7568
5/23/2020,18,19,Wind,144,Saturday,May,8118
4/13/2020,0,1,Wind,104,Monday,April,2453
10/28/2021,22,23,Wind,301,Thursday,October,10824
11/28/2023,17,18,Wind,332,Tuesday,November,1150
10/17/2023,2,3,Wind,290,Tuesday,October,7403
10/17/2025,22,23,Wind,290,Friday,October,6048
10/11/2022,14,15,Solar,284,Tuesday,October,4235
9/3/2020,12,13,Solar,247,Thursday,September,6438
12/2/2021,6,7,Wind,336,Thursday,December,7326
11/15/2025,19,20,Wind,319,Saturday,November,2763
8/31/2021,22,23,Wind,243,Tuesday,August,6413
7/16/2023,22,23,Wind,197,Sunday,July,2549
3/4/2021,13,14,Solar,63,Thursday,March,4027
1/13/2021,15,16,Wind,13,Wednesday,January,8853
6/6/2023,1,2,Wind,157,Tuesday,June,6856
11/25/2023,5,6,Wind,329,Saturday,November,6320
4/23/2024,16,17,Solar,114,Tuesday,April,9416
12/30/2021,11,12,Wind,364,Thursday,December,9300
8/8/2021,0,1,Wind,220,Sunday,August,7556
5/28/2021,6,7,Wind,148,Friday,May,2641
10/8/2023,9,10,Solar,281,Sunday,October,3209
4/16/2022,16,17,Wind,106,Saturday,April,10697
12/19/2020,18,19,Wind,354,Saturday,December,6861
10/21/2021,15,16,Wind,294,Thursday,October,12180
8/28/2023,12,13,Solar,240,Monday,August,7423
9/29/2020,8,9,Wind,273,Tuesday,September,1694
9/3/2025,15,16,Wind,246,Wednesday,September,12360
5/19/2023,13,14,Solar,139,Friday,May,10255
11/20/2024,22,23,Wind,325,Wednesday,November,6810
1/26/2020,3,4,Wind,26,Sunday,January,2543
1/16/2025,20,21,Wind,16,Thursday,January,2948
1/28/2021,11,12,Wind,28,Thursday,January,14905
4/28/2024,5,6,Wind,119,Sunday,April,10703
9/23/2020,15,16,Wind,267,Wednesday,September,7914
3/27/2025,23,0,Wind,86,Thursday,March,2821
3/31/2025,23,0,Wind,90,Monday,March,10942
2/28/2025,4,5,Wind,59,Friday,February,4656
8/15/2022,17,18,Wind,227,Monday,August,6544
4/19/2020,4,5,Wind,110,Sunday,April,2028
1/23/2024,7,8,Wind,23,Tuesday,January,8881
6/30/2020,6,7,Wind,182,Tuesday,June,3473
5/24/2025,0,1,Wind,144,Saturday,May,2284
11/6/2022,8,9,Wind,310,Sunday,November,8915
10/17/2023,5,6,Wind,290,Tuesday,October,6830
6/24/2024,0,1,Wind,176,Monday,June,2517
10/27/2024,2,3,Wind,301,Sunday,October,1876
4/27/2024,10,11,Wind,118,Saturday,April,8091
5/23/2025,19,20,Wind,143,Friday,May,5092
9/25/2025,10,11,Solar,268,Thursday,September,5628
8/4/2022,11,12,Solar,216,Thursday,August,5773
6/29/2023,14,15,Solar,180,Thursday,June,6545
4/28/2023,17,18,Wind,118,Friday,April,8168
8/17/2022,18,19,Solar,229,Wednesday,August,2933
9/17/2024,14,15,Wind,261,Tuesday,September,17137
10/9/2025,16,17,Solar,282,Thursday,October,5408
5/1/2022,14,15,Solar,121,Sunday,May,6567
11/26/2024,14,15,Wind,331,Tuesday,November,6582
2/24/2024,23,0,Wind,55,Saturday,February,9789
9/15/2022,20,21,Wind,258,Thursday,September,1810
2/7/2025,6,7,Wind,38,Friday,February,10672
6/25/2022,15,16,Solar,176,Saturday,June,6025
11/8/2024,6,7,Wind,313,Friday,November,2289
1/15/2022,23,0,Wind,15,Saturday,January,1151
8/18/2025,9,10,Solar,230,Monday,August,5542
11/20/2024,5,6,Wind,325,Wednesday,November,6319
11/25/2022,2,3,Wind,329,Friday,November,6857
4/28/2024,3,4,Wind,119,Sunday,April,11002
4/18/2024,11,12,Solar,109,Thursday,April,8540
12/15/2024,20,21,Wind,350,Sunday,December,9708
4/10/2020,23,0,Wind,101,Friday,April,3602
7/31/2021,7,8,Wind,212,Saturday,July,3296
9/1/2020,1,2,Wind,245,Tuesday,September,1480
6/25/2024,20,21,Wind,177,Tuesday,June,2962
1/14/2022,3,4,Wind,14,Friday,January,1261
2/10/2022,14,15,Solar,41,Thursday,February,5683
2/15/2022,1,2,Wind,46,Tuesday,February,6602
12/8/2021,4,5,Wind,342,Wednesday,December,9589
1/9/2020,20,21,Wind,9,Thursday,January,11104
4/17/2023,15,16,Wind,107,Monday,April,10496
9/9/2025,22,23,Wind,252,Tuesday,September,3035
3/24/2024,15,16,Wind,84,Sunday,March,15098
1/23/2025,23,0,Wind,23,Thursday,January,16417
10/19/2024,6,7,Wind,293,Saturday,October,5995
9/23/2021,13,14,Solar,266,Thursday,September,5959
10/22/2022,19,20,Wind,295,Saturday,October,3372
10/7/2024,22,23,Wind,281,Monday,October,8678
5/16/2020,6,7,Wind,137,Saturday,May,2202
4/29/2022,11,12,Solar,119,Friday,April,5764
11/28/2024,2,3,Wind,333,Thursday,November,4517
9/20/2020,9,10,Wind,264,Sunday,September,1507
3/9/2022,20,21,Wind,68,Wednesday,March,6208
6/23/2025,15,16,Wind,174,Monday,June,8257
6/1/2025,18,19,Wind,152,Sunday,June,4872
11/8/2021,2,3,Wind,312,Monday,November,2711
11/24/2022,13,14,Wind,328,Thursday,November,8724
10/2/2022,15,16,Wind,275,Sunday,October,9912
7/20/2024,14,15,Solar,202,Saturday,July,5377
8/27/2022,0,1,Wind,239,Saturday,August,3178
2/6/2021,10,11,Wind,37,Saturday,February,2979
10/4/2020,1,2,Wind,278,Sunday,October,8073
7/25/2020,0,1,Wind,207,Saturday,July,1583
3/19/2020,1,2,Wind,79,Thursday,March,1067
3/12/2022,19,20,Wind,71,Saturday,March,8526
7/7/2023,12,13,Solar,188,Friday,July,9615
8/14/2025,5,6,Wind,226,Thursday,August,1937
10/16/2022,15,16,Wind,289,Sunday,October,7511
7/4/2023,0,1,Wind,185,Tuesday,July,4204
9/26/2025,4,5,Wind,269,Friday,September,1083
7/24/2025,8,9,Wind,205,Thursday,July,3774
11/20/2021,16,17,Solar,324,Saturday,November,428
4/29/2025,8,9,Wind,119,Tuesday,April,6429
9/10/2025,5,6,Wind,253,Wednesday,September,3862
9/7/2020,3,4,Wind,251,Monday,September,1682
5/10/2025,9,10,Solar,130,Saturday,May,7582
4/7/2022,14,15,Wind,97,Thursday,April,17658
12/30/2021,17,18,Wind,364,Thursday,December,5361
6/1/2020,13,14,Solar,153,Monday,June,5468
4/27/2023,7,8,Wind,117,Thursday,April,1748
8/7/2021,5,6,Wind,219,Saturday,August,3298
6/19/2022,22,23,Wind,170,Sunday,June,6781
9/7/2022,6,7,Wind,250,Wednesday,September,2886
3/14/2020,4,5,Wind,74,Saturday,March,2442
1/8/2021,3,4,Wind,8,Friday,January,1232
4/19/2023,10,11,Solar,109,Wednesday,April,8885
7/30/2022,7,8,Wind,211,Saturday,July,1263
10/22/2025,8,9,Wind,295,Wednesday,October,3959
2/4/2023,2,3,Wind,35,Saturday,February,3231
5/13/2024,9,10,Solar,134,Monday,May,6326
6/24/2022,9,10,Wind,175,Friday,June,4102
12/17/2021,7,8,Wind,351,Friday,December,7040
1/26/2021,14,15,Wind,26,Tuesday,January,5549
5/18/2024,5,6,Wind,139,Saturday,May,609
4/16/2021,20,21,Wind,106,Friday,April,4351
9/15/2021,22,23,Wind,258,Wednesday,September,1129
3/27/2024,13,14,Wind,87,Wednesday,March,15711
6/4/2020,4,5,Wind,156,Thursday,June,2647
7/31/2023,5,6,Wind,212,Monday,July,7463
1/17/2025,9,10,Solar,17,Friday,January,1723
1/19/2021,11,12,Wind,19,Tuesday,January,12660
11/15/2020,8,9,Wind,320,Sunday,November,13462
9/3/2021,13,14,Solar,246,Friday,September,3938
8/19/2020,7,8,Wind,232,Wednesday,August,2503
1/16/2024,7,8,Wind,16,Tuesday,January,1894
4/13/2020,19,20,Wind,104,Monday,April,11014
10/23/2020,4,5,Wind,297,Friday,October,2314
10/29/2023,11,12,Wind,302,Sunday,October,15794
3/27/2022,16,17,Solar,86,Sunday,March,5221
9/26/2022,6,7,Wind,269,Monday,September,5127
2/26/2021,13,14,Wind,57,Friday,February,5643
6/10/2025,0,1,Wind,161,Tuesday,June,739
6/3/2020,14,15,Solar,155,Wednesday,June,3854
3/7/2024,15,16,Wind,67,Thursday,March,13548
4/13/2024,3,4,Wind,104,Saturday,April,1968
7/20/2021,13,14,Solar,201,Tuesday,July,6920
10/5/2024,8,9,Wind,279,Saturday,October,4046
11/14/2025,1,2,Wind,318,Friday,November,10792
1/12/2021,11,12,Wind,12,Tuesday,January,12790
4/15/2021,13,14,Solar,105,Thursday,April,8902
8/6/2023,20,21,Wind,218,Sunday,August,7539
7/22/2024,18,19,Wind,204,Monday,July,7828
2/7/2025,14,15,Wind,38,Friday,February,11067
11/15/2025,20,21,Wind,319,Saturday,November,2943
8/25/2023,14,15,Wind,237,Friday,August,10296
4/12/2021,6,7,Wind,102,Monday,April,2122
8/10/2022,13,14,Solar,222,Wednesday,August,11340
1/28/2021,15,16,Wind,28,Thursday,January,13966
6/25/2021,17,18,Solar,176,Friday,June,4451
12/30/2023,1,2,Wind,364,Saturday,December,7983
2/14/2021,6,7,Wind,45,Sunday,February,7437
8/31/2021,23,0,Wind,243,Tuesday,August,6563
6/2/2022,21,22,Wind,153,Thursday,June,2485
9/18/2025,4,5,Wind,261,Thursday,September,1868
3/8/2025,14,15,Wind,67,Saturday,March,14845
11/2/2020,16,17,Wind,307,Monday,November,9780
11/18/2023,4,5,Wind,322,Saturday,November,5289
12/22/2022,4,5,Wind,356,Thursday,December,14146
6/25/2023,2,3,Wind,176,Sunday,June,3099
12/17/2024,8,9,Wind,352,Tuesday,December,2984
1/14/2023,0,1,Wind,14,Saturday,January,8436
9/15/2022,19,20,Wind,258,Thursday,September,2206
2/7/2021,15,16,Wind,38,Sunday,February,5405
7/31/2020,21,22,Wind,213,Friday,July,2183
2/10/2021,11,12,Wind,41,Wednesday,February,8634
1/2/2020,5,6,Wind,2,Thursday,January,1775
4/2/2022,12,13,Wind,92,Saturday,April,13529
10/11/2023,1,2,Wind,284,Wednesday,October,2398
7/6/2021,0,1,Wind,187,Tuesday,July,7868
11/22/2023,3,4,Wind,326,Wednesday,November,7313
9/20/2023,12,13,Wind,263,Wednesday,September,14525
1/5/2020,3,4,Wind,5,Sunday,January,1679
8/18/2020,16,17,Solar,231,Tuesday,August,4998
2/23/2025,13,14,Wind,54,Sunday,February,13472
8/27/2020,14,15,Solar,240,Thursday,August,6834
2/10/2021,18,19,Wind,41,Wednesday,February,4924
7/17/2024,9,10,Solar,199,Wednesday,July,4405
7/27/2025,23,0,Wind,208,Sunday,July,3816
3/21/2023,11,12,Solar,80,Tuesday,March,7553
7/19/2020,0,1,Wind,201,Sunday,July,1658
10/22/2023,22,23,Wind,295,Sunday,October,3410
5/31/2025,11,12,Solar,151,Saturday,May,3329
12/16/2023,19,20,Wind,350,Saturday,December,2599
1/15/2020,5,6,Wind,15,Wednesday,January,12548
3/30/2021,12,13,Solar,89,Tuesday,March,5222
10/1/2023,5,6,Wind,274,Sunday,October,2507
3/15/2022,22,23,Wind,74,Tuesday,March,3911
4/19/2024,3,4,Wind,110,Friday,April,7411
12/27/2024,15,16,Solar,362,Friday,December,2134
3/9/2023,5,6,Wind,68,Thursday,March,13966
7/20/2023,0,1,Wind,201,Thursday,July,3082
11/4/2022,5,6,Wind,308,Friday,November,7949
12/15/2022,10,11,Wind,349,Thursday,December,4943
6/13/2022,21,22,Wind,164,Monday,June,2306
4/12/2021,20,21,Wind,102,Monday,April,2335
3/22/2023,22,23,Wind,81,Wednesday,March,12937
8/15/2025,2,3,Wind,227,Friday,August,3888
11/30/2020,23,0,Wind,335,Monday,November,6400
4/17/2024,3,4,Wind,108,Wednesday,April,5391
8/6/2023,4,5,Wind,218,Sunday,August,13187
7/21/2023,12,13,Solar,202,Friday,July,8073
2/28/2021,20,21,Wind,59,Sunday,February,6943
7/2/2024,9,10,Solar,184,Tuesday,July,4736
12/9/2024,8,9,Wind,344,Monday,December,15335
4/15/2024,0,1,Wind,106,Monday,April,2897
8/11/2020,21,22,Wind,224,Tuesday,August,1293
4/23/2023,4,5,Wind,113,Sunday,April,6865
11/5/2024,11,12,Solar,310,Tuesday,November,3709
3/20/2020,20,21,Wind,80,Friday,March,8427
11/14/2024,2,3,Wind,319,Thursday,November,3850
3/26/2020,6,7,Wind,86,Thursday,March,6741
4/21/2021,4,5,Wind,111,Wednesday,April,1181
6/24/2023,16,17,Solar,175,Saturday,June,7379
4/25/2023,3,4,Wind,115,Tuesday,April,2722
5/12/2022,9,10,Solar,132,Thursday,May,2937
4/17/2021,21,22,Wind,107,Saturday,April,5809
11/29/2022,23,0,Wind,333,Tuesday,November,1125
3/26/2023,1,2,Wind,85,Sunday,March,8992
9/21/2023,8,9,Wind,264,Thursday,September,6604
12/15/2020,11,12,Wind,350,Tuesday,December,3817
7/1/2022,4,5,Wind,182,Friday,July,2242
11/13/2024,14,15,Wind,318,Wednesday,November,8574
5/18/2020,2,3,Wind,139,Monday,May,2241
5/14/2020,15,16,Wind,135,Thursday,May,10960
4/12/2022,1,2,Wind,102,Tuesday,April,8671
4/20/2025,9,10,Wind,110,Sunday,April,8917
8/5/2023,13,14,Wind,217,Saturday,August,16784
2/4/2020,14,15,Wind,35,Tuesday,February,13682
3/3/2025,8,9,Wind,62,Monday,March,3709
4/18/2024,4,5,Wind,109,Thursday,April,3445
7/12/2024,22,23,Wind,194,Friday,July,2399
10/27/2023,18,19,Wind,300,Friday,October,8213
1/21/2022,21,22,Wind,21,Friday,January,3407
5/1/2020,12,13,Wind,122,Friday,May,8601
10/2/2021,0,1,Wind,275,Saturday,October,3206
11/13/2021,21,22,Wind,317,Saturday,November,2473
3/31/2024,0,1,Wind,91,Sunday,March,8303
5/20/2022,16,17,Wind,140,Friday,May,12694
5/29/2020,7,8,Wind,150,Friday,May,4950
9/21/2023,11,12,Wind,264,Thursday,September,5337
8/2/2025,17,18,Solar,214,Saturday,August,9975
8/14/2022,10,11,Wind,226,Sunday,August,4046
5/4/2020,13,14,Solar,125,Monday,May,5174
5/28/2022,16,17,Solar,148,Saturday,May,9508
2/15/2021,21,22,Wind,46,Monday,February,8575
2/7/2025,5,6,Wind,38,Friday,February,10080
4/9/2021,1,2,Wind,99,Friday,April,2738
3/4/2021,2,3,Wind,63,Thursday,March,1340
10/16/2025,5,6,Wind,289,Thursday,October,4678
3/16/2024,3,4,Wind,76,Saturday,March,8335
12/17/2020,19,20,Wind,352,Thursday,December,4202
6/21/2024,14,15,Solar,173,Friday,June,9981
5/25/2023,23,0,Wind,145,Thursday,May,8297
7/11/2023,1,2,Wind,192,Tuesday,July,1324
9/14/2020,4,5,Wind,258,Monday,September,2543
4/7/2024,18,19,Wind,98,Sunday,April,7274
7/14/2024,21,22,Wind,196,Sunday,July,316
1/3/2023,0,1,Wind,3,Tuesday,January,4153
6/5/2025,8,9,Wind,156,Thursday,June,8972
1/25/2023,6,7,Wind,25,Wednesday,January,1928
5/20/2022,19,20,Wind,140,Friday,May,8047
6/28/2021,14,15,Solar,179,Monday,June,4025
12/24/2023,18,19,Wind,358,Sunday,December,15923
12/27/2020,14,15,Wind,362,Sunday,December,11170
7/17/2023,23,0,Wind,198,Monday,July,956
8/2/2023,10,11,Wind,214,Wednesday,August,18523
10/25/2024,8,9,Wind,299,Friday,October,6688
7/17/2022,19,20,Wind,198,Sunday,July,3333
6/17/2024,9,10,Solar,169,Monday,June,4874
6/26/2024,6,7,Wind,178,Wednesday,June,1703
4/8/2023,19,20,Wind,98,Saturday,April,2553
12/24/2021,10,11,Wind,358,Friday,December,3789
2/13/2020,8,9,Wind,44,Thursday,February,12836
3/28/2023,8,9,Wind,87,Tuesday,March,6340
2/14/2020,10,11,Wind,45,Friday,February,4681
10/18/2021,2,3,Wind,291,Monday,October,2709
5/13/2022,10,11,Solar,133,Friday,May,4843
3/5/2025,7,8,Wind,64,Wednesday,March,2803
6/5/2023,1,2,Wind,156,Monday,June,6710
1/23/2025,4,5,Wind,23,Thursday,January,6670
4/27/2022,3,4,Wind,117,Wednesday,April,5449
1/30/2023,12,13,Wind,30,Monday,January,9661
3/31/2022,18,19,Wind,90,Thursday,March,11159
12/19/2021,15,16,Wind,353,Sunday,December,3520
9/4/2024,16,17,Solar,248,Wednesday,September,4140
5/7/2024,19,20,Wind,128,Tuesday,May,6553
7/23/2024,15,16,Wind,205,Tuesday,July,13933
4/10/2022,5,6,Wind,100,Sunday,April,1160
12/17/2022,22,23,Wind,351,Saturday,December,3540
1/14/2020,0,1,Wind,14,Tuesday,January,12199
3/4/2024,11,12,Solar,64,Monday,March,9193
10/29/2021,3,4,Wind,302,Friday,October,11260
3/27/2020,17,18,Wind,87,Friday,March,3726
11/6/2023,13,14,Wind,310,Monday,November,14983
9/7/2024,20,21,Wind,251,Saturday,September,3127
11/21/2021,20,21,Wind,325,Sunday,November,4770
6/30/2021,1,2,Wind,181,Wednesday,June,2432
6/5/2022,0,1,Wind,156,Sunday,June,2806
11/24/2024,9,10,Wind,329,Sunday,November,20134
12/3/2021,23,0,Wind,337,Friday,December,9750
6/1/2023,15,16,Solar,152,Thursday,June,9505
5/12/2022,2,3,Wind,132,Thursday,May,3412
10/27/2023,14,15,Wind,300,Friday,October,12884
4/17/2025,0,1,Wind,107,Thursday,April,2213
6/3/2025,1,2,Wind,154,Tuesday,June,480
6/24/2025,10,11,Solar,175,Tuesday,June,10012
6/14/2023,10,11,Solar,165,Wednesday,June,5257
8/25/2021,18,19,Wind,237,Wednesday,August,5935
6/17/2022,10,11,Solar,168,Friday,June,5052
8/2/2021,7,8,Wind,214,Monday,August,1348
8/5/2023,23,0,Wind,217,Saturday,August,13117
8/3/2022,11,12,Solar,215,Wednesday,August,5602
2/8/2022,4,5,Wind,39,Tuesday,February,5300
1/7/2023,13,14,Wind,7,Saturday,January,16234
10/17/2024,10,11,Wind,291,Thursday,October,3079
2/23/2020,2,3,Wind,54,Sunday,February,7935
4/4/2023,2,3,Wind,94,Tuesday,April,7637
5/27/2023,3,4,Wind,147,Saturday,May,7587
9/28/2022,4,5,Wind,271,Wednesday,September,5917
12/28/2022,2,3,Wind,362,Wednesday,December,11946
3/10/2024,21,22,Wind,70,Sunday,March,1947
10/15/2023,7,8,Wind,288,Sunday,October,3780
6/14/2021,12,13,Solar,165,Monday,June,5319
7/6/2021,14,15,Wind,187,Tuesday,July,11644
12/25/2024,13,14,Solar,360,Wednesday,December,3595
3/28/2022,2,3,Wind,87,Monday,March,1856
1/23/2023,13,14,Wind,23,Monday,January,7766
3/29/2025,0,1,Wind,88,Saturday,March,10070
1/16/2024,23,0,Wind,16,Tuesday,January,4529
4/16/2025,19,20,Wind,106,Wednesday,April,3292
6/17/2021,5,6,Wind,168,Thursday,June,6404
12/6/2022,16,17,Wind,340,Tuesday,December,1590
5/24/2020,4,5,Wind,145,Sunday,May,3284
7/22/2024,6,7,Wind,204,Monday,July,3397
5/31/2022,12,13,Solar,151,Tuesday,May,5903
2/4/2024,1,2,Wind,35,Sunday,February,6030
9/9/2023,9,10,Solar,252,Saturday,September,4430
3/17/2025,6,7,Wind,76,Monday,March,5793
2/5/2021,10,11,Wind,36,Friday,February,2191
10/28/2021,7,8,Wind,301,Thursday,October,5817
11/16/2020,22,23,Wind,321,Monday,November,4919
3/25/2022,1,2,Wind,84,Friday,March,5483
8/11/2022,11,12,Solar,223,Thursday,August,8478
10/15/2023,14,15,Solar,288,Sunday,October,8098
5/21/2023,20,21,Wind,141,Sunday,May,4727
7/28/2024,0,1,Wind,210,Sunday,July,2273
10/14/2024,3,4,Wind,288,Monday,October,4053
5/8/2023,11,12,Solar,128,Monday,May,5592
8/21/2020,9,10,Wind,234,Friday,August,6590
2/8/2024,0,1,Wind,39,Thursday,February,8738
10/10/2025,5,6,Wind,283,Friday,October,2407
9/27/2022,8,9,Wind,270,Tuesday,September,7190
10/3/2020,6,7,Wind,277,Saturday,October,2800
9/29/2022,12,13,Solar,272,Thursday,September,4158
5/16/2023,18,19,Wind,136,Tuesday,May,11874
1/3/2025,23,0,Wind,3,Friday,January,3397
7/29/2021,10,11,Wind,210,Thursday,July,6193
3/22/2020,1,2,Wind,82,Sunday,March,7775
1/11/2025,1,2,Wind,11,Saturday,January,1767
2/27/2024,0,1,Wind,58,Tuesday,February,13713
9/10/2021,7,8,Wind,253,Friday,September,1455
3/6/2023,5,6,Wind,65,Monday,March,1492
8/11/2021,18,19,Solar,223,Wednesday,August,2245
3/19/2024,17,18,Solar,79,Tuesday,March,2316
11/16/2023,17,18,Wind,320,Thursday,November,11998
7/7/2022,22,23,Wind,188,Thursday,July,4702
8/25/2024,7,8,Wind,238,Sunday,August,3968
10/28/2024,7,8,Wind,302,Monday,October,1749
10/27/2024,13,14,Solar,301,Sunday,October,3870
12/14/2024,8,9,Wind,349,Saturday,December,2242
10/8/2022,22,23,Wind,281,Saturday,October,2788
11/4/2023,10,11,Wind,308,Saturday,November,18086
11/29/2023,1,2,Wind,333,Wednesday,November,2762
11/6/2020,7,8,Wind,311,Friday,November,6556
4/16/2020,6,7,Wind,107,Thursday,April,4384
2/2/2021,16,17,Wind,33,Tuesday,February,9748
8/24/2023,16,17,Wind,236,Thursday,August,12185
7/15/2024,23,0,Wind,197,Monday,July,8966
9/19/2024,13,14,Solar,263,Thursday,September,15201
10/21/2025,15,16,Wind,294,Tuesday,October,11377
7/22/2025,14,15,Wind,203,Tuesday,July,15430
4/21/2022,17,18,Wind,111,Thursday,April,6118
2/20/2022,19,20,Wind,51,Sunday,February,15825
1/29/2022,13,14,Wind,29,Saturday,January,11433
11/6/2024,11,12,Solar,311,Wednesday,November,3240
7/9/2023,4,5,Wind,190,Sunday,July,2125
2/2/2023,14,15,Wind,33,Thursday,February,10278
4/27/2024,23,0,Wind,118,Saturday,April,10379
1/1/2022,11,12,Wind,1,Saturday,January,7319
5/3/2020,8,9,Wind,124,Sunday,May,2972
10/31/2023,19,20,Wind,304,Tuesday,October,9451
4/29/2020,8,9,Wind,120,Wednesday,April,4937
4/13/2025,19,20,Wind,103,Sunday,April,2764
7/6/2024,17,18,Wind,188,Saturday,July,8217
10/9/2022,0,1,Wind,282,Sunday,October,3826
10/18/2023,7,8,Wind,291,Wednesday,October,11584
4/4/2020,2,3,Wind,95,Saturday,April,1158
8/18/2024,10,11,Solar,231,Sunday,August,7264
4/4/2025,20,21,Wind,94,Friday,April,6012
9/18/2025,12,13,Solar,261,Thursday,September,10370
3/31/2022,15,16,Wind,90,Thursday,March,13021
5/14/2025,12,13,Solar,134,Wednesday,May,4680
3/1/2024,10,11,Wind,61,Friday,March,19222
10/26/2023,9,10,Wind,299,Thursday,October,7130
6/29/2022,9,10,Solar,180,Wednesday,June,3921
11/29/2024,22,23,Wind,334,Friday,November,7506
12/11/2022,19,20,Wind,345,Sunday,December,1644
9/8/2023,22,23,Wind,251,Friday,September,1785
9/25/2024,17,18,Wind,269,Wednesday,September,11233
4/2/2025,12,13,Wind,92,Wednesday,April,19224
8/11/2020,5,6,Wind,224,Tuesday,August,838
9/17/2020,3,4,Wind,261,Thursday,September,5838
10/25/2020,16,17,Wind,299,Sunday,October,6359
10/1/2021,14,15,Wind,274,Friday,October,9238
8/4/2022,21,22,Wind,216,Thursday,August,3909
2/18/2023,2,3,Wind,49,Saturday,February,6146
9/26/2021,9,10,Wind,269,Sunday,September,3703
5/26/2023,3,4,Wind,146,Friday,May,6527
12/29/2023,5,6,Wind,363,Friday,December,8082
10/27/2022,15,16,Wind,300,Thursday,October,6147
7/31/2021,11,12,Wind,212,Saturday,July,5374
3/13/2024,18,19,Wind,73,Wednesday,March,2479
5/11/2021,6,7,Wind,131,Tuesday,May,1710
8/27/2020,2,3,Wind,240,Thursday,August,965
7/15/2020,7,8,Wind,197,Wednesday,July,1539
7/29/2020,8,9,Solar,211,Wednesday,July,1457
2/17/2024,11,12,Solar,48,Saturday,February,6806
1/7/2023,3,4,Wind,7,Saturday,January,9229
6/15/2023,5,6,Wind,166,Thursday,June,2112
11/15/2022,18,19,Wind,319,Tuesday,November,8862
7/22/2025,3,4,Wind,203,Tuesday,July,7203
10/24/2023,0,1,Wind,297,Tuesday,October,5049
9/12/2023,11,12,Solar,255,Tuesday,September,3952
1/22/2022,22,23,Wind,22,Saturday,January,1760
11/3/2024,15,16,Solar,308,Sunday,November,3842
6/27/2024,16,17,Solar,179,Thursday,June,10001
8/20/2021,7,8,Wind,232,Friday,August,674
12/27/2021,2,3,Wind,361,Monday,December,4162
3/27/2020,9,10,Solar,87,Friday,March,3563
5/2/2024,18,19,Wind,123,Thursday,May,13877
1/19/2025,8,9,Wind,19,Sunday,January,814
12/15/2020,20,21,Wind,350,Tuesday,December,4290
6/27/2024,19,20,Wind,179,Thursday,June,6393
10/11/2024,14,15,Solar,285,Friday,October,6617
6/28/2024,13,14,Solar,180,Friday,June,4708
12/11/2022,5,6,Wind,345,Sunday,December,2487
8/20/2022,11,12,Solar,232,Saturday,August,5342
2/14/2021,19,20,Wind,45,Sunday,February,10764
6/29/2023,2,3,Wind,180,Thursday,June,1170
1/7/2021,2,3,Wind,7,Thursday,January,468
12/28/2024,12,13,Solar,363,Saturday,December,4417
1/14/2025,8,9,Wind,14,Tuesday,January,2258
5/30/2025,6,7,Wind,150,Friday,May,1119
10/2/2025,4,5,Wind,275,Thursday,October,2470
6/8/2023,19,20,Wind,159,Thursday,June,4273
4/20/2022,8,9,Wind,110,Wednesday,April,4367
9/21/2021,4,5,Wind,264,Tuesday,September,3269
7/24/2025,4,5,Wind,205,Thursday,July,2588
7/4/2020,11,12,Wind,186,Saturday,July,10751
8/27/2023,17,18,Wind,239,Sunday,August,9048
9/4/2024,17,18,Solar,248,Wednesday,September,3991
1/26/2021,15,16,Wind,26,Tuesday,January,4758
8/3/2025,13,14,Solar,215,Sunday,August,6549
8/8/2025,3,4,Wind,220,Friday,August,1391
9/3/2022,15,16,Solar,246,Saturday,September,7360
4/18/2020,18,19,Solar,109,Saturday,April,1559
4/22/2020,22,23,Wind,113,Wednesday,April,3511
7/3/2022,18,19,Solar,184,Sunday,July,4544
11/16/2022,16,17,Wind,320,Wednesday,November,10634
10/25/2020,18,19,Wind,299,Sunday,October,4988
9/12/2025,1,2,Wind,255,Friday,September,10152
8/3/2024,22,23,Wind,216,Saturday,August,2987
11/29/2023,2,3,Wind,333,Wednesday,November,2787
1/11/2025,6,7,Wind,11,Saturday,January,1985
6/25/2021,5,6,Wind,176,Friday,June,1283
7/31/2023,2,3,Wind,212,Monday,July,6606
1/17/2020,11,12,Wind,17,Friday,January,7934
2/25/2020,7,8,Wind,56,Tuesday,February,8971
5/23/2024,23,0,Wind,144,Thursday,May,886
8/18/2023,11,12,Solar,230,Friday,August,6485
3/8/2022,15,16,Wind,67,Tuesday,March,6457
9/18/2023,14,15,Wind,261,Monday,September,14988
8/21/2021,10,11,Solar,233,Saturday,August,3539
5/15/2024,13,14,Solar,136,Wednesday,May,6580
6/22/2020,15,16,Solar,174,Monday,June,4715
1/29/2025,10,11,Wind,29,Wednesday,January,14308
12/12/2024,8,9,Wind,347,Thursday,December,3272
4/11/2023,18,19,Wind,101,Tuesday,April,8166
2/7/2023,7,8,Wind,38,Tuesday,February,8169
7/23/2021,4,5,Wind,204,Friday,July,3498
11/30/2023,14,15,Wind,334,Thursday,November,1967
11/17/2021,8,9,Wind,321,Wednesday,November,2055
4/1/2021,10,11,Solar,91,Thursday,April,3836
11/25/2025,4,5,Wind,329,Tuesday,November,11532
11/24/2023,8,9,Wind,328,Friday,November,7731
5/18/2020,12,13,Solar,139,Monday,May,5116
2/3/2024,19,20,Wind,34,Saturday,February,4871
8/27/2024,22,23,Wind,240,Tuesday,August,2696
2/3/2025,9,10,Solar,34,Monday,February,3407
10/21/2025,1,2,Wind,294,Tuesday,October,15671
4/7/2020,3,4,Wind,98,Tuesday,April,1543
8/4/2025,8,9,Wind,216,Monday,August,4084
10/14/2025,17,18,Wind,287,Tuesday,October,8042
8/13/2021,19,20,Solar,225,Friday,August,1596
1/2/2021,4,5,Wind,2,Saturday,January,1433
11/4/2020,19,20,Wind,309,Wednesday,November,4715
6/24/2023,20,21,Wind,175,Saturday,June,1943
5/22/2024,7,8,Wind,143,Wednesday,May,4956
2/16/2025,11,12,Solar,47,Sunday,February,8307
10/9/2025,14,15,Solar,282,Thursday,October,6328
4/24/2025,6,7,Wind,114,Thursday,April,2429
8/16/2021,23,0,Wind,228,Monday,August,2893
11/8/2022,5,6,Wind,312,Tuesday,November,13210
5/31/2022,3,4,Wind,151,Tuesday,May,1402
6/29/2021,1,2,Wind,180,Tuesday,June,1438
5/29/2024,21,22,Wind,150,Wednesday,May,6432
7/18/2020,4,5,Wind,200,Saturday,July,1161
8/23/2022,12,13,Solar,235,Tuesday,August,5360
7/9/2025,0,1,Wind,190,Wednesday,July,2212
11/16/2020,3,4,Wind,321,Monday,November,9350
9/4/2021,7,8,Wind,247,Saturday,September,747
3/29/2024,17,18,Wind,89,Friday,March,6785
10/9/2020,0,1,Wind,283,Friday,October,3227
4/13/2020,12,13,Wind,104,Monday,April,9354
7/8/2021,23,0,Wind,189,Thursday,July,1342
3/9/2023,9,10,Wind,68,Thursday,March,13931
8/9/2020,9,10,Solar,222,Sunday,August,2029
12/19/2023,0,1,Wind,353,Tuesday,December,5043
7/16/2023,11,12,Wind,197,Sunday,July,8109
2/24/2022,0,1,Wind,55,Thursday,February,3647
5/31/2025,15,16,Solar,151,Saturday,May,4393
7/9/2022,23,0,Wind,190,Saturday,July,6034
3/20/2023,22,23,Wind,79,Monday,March,2340
12/21/2021,1,2,Wind,355,Tuesday,December,3098
4/6/2023,4,5,Wind,96,Thursday,April,1615
2/3/2022,17,18,Wind,34,Thursday,February,2162
6/13/2022,1,2,Wind,164,Monday,June,4442
7/5/2020,10,11,Wind,187,Sunday,July,9150
12/2/2024,21,22,Wind,337,Monday,December,7986
7/10/2025,14,15,Solar,191,Thursday,July,11903
8/13/2025,23,0,Wind,225,Wednesday,August,4264
5/18/2021,15,16,Wind,138,Tuesday,May,5634
2/26/2025,7,8,Wind,57,Wednesday,February,7595
9/9/2022,9,10,Wind,252,Friday,September,10458
10/12/2020,3,4,Wind,286,Monday,October,2916
2/17/2021,1,2,Wind,48,Wednesday,February,9032
11/7/2022,19,20,Wind,311,Monday,November,10311
9/30/2024,23,0,Wind,274,Monday,September,11177
6/1/2024,20,21,Wind,153,Saturday,June,8555
12/29/2020,4,5,Wind,364,Tuesday,December,5708
10/11/2020,1,2,Wind,285,Sunday,October,3763
6/3/2022,23,0,Wind,154,Friday,June,3179
1/21/2021,19,20,Wind,21,Thursday,January,13380
10/9/2022,7,8,Wind,282,Sunday,October,4864
12/31/2022,9,10,Wind,365,Saturday,December,16378
3/7/2022,22,23,Wind,66,Monday,March,8685
9/16/2023,7,8,Wind,259,Saturday,September,2683
4/29/2020,1,2,Wind,120,Wednesday,April,5296
6/1/2022,13,14,Solar,152,Wednesday,June,6755
10/21/2021,22,23,Wind,294,Thursday,October,2821
7/14/2025,13,14,Solar,195,Monday,July,13881
6/29/2022,23,0,Wind,180,Wednesday,June,1317
5/24/2021,2,3,Wind,144,Monday,May,9697
11/16/2024,7,8,Wind,321,Saturday,November,1355
9/7/2020,1,2,Wind,251,Monday,September,1708
3/9/2020,9,10,Wind,69,Monday,March,6979
4/22/2024,6,7,Wind,113,Monday,April,6322
7/14/2022,5,6,Wind,195,Thursday,July,957
1/26/2020,22,23,Wind,26,Sunday,January,8464
1/19/2020,10,11,Wind,19,Sunday,January,6640
6/7/2024,20,21,Wind,159,Friday,June,1677
11/19/2023,8,9,Wind,323,Sunday,November,12381
8/4/2022,4,5,Wind,216,Thursday,August,1381
10/4/2021,2,3,Wind,277,Monday,October,4945
7/25/2024,2,3,Wind,207,Thursday,July,1311
1/8/2025,4,5,Wind,8,Wednesday,January,4255
4/7/2024,21,22,Wind,98,Sunday,April,6169
3/17/2024,11,12,Solar,77,Sunday,March,7592
9/5/2025,22,23,Wind,248,Friday,September,1576
12/30/2021,20,21,Wind,364,Thursday,December,5323
6/3/2021,1,2,Wind,154,Thursday,June,1917
11/6/2024,17,18,Wind,311,Wednesday,November,1289
8/9/2024,19,20,Wind,222,Friday,August,6320
6/17/2021,18,19,Wind,168,Thursday,June,2486
11/5/2021,23,0,Wind,309,Friday,November,2197
8/30/2020,7,8,Wind,243,Sunday,August,3485
11/19/2025,5,6,Wind,323,Wednesday,November,11289
4/28/2022,8,9,Wind,118,Thursday,April,4847
9/23/2022,17,18,Solar,266,Friday,September,1661
6/14/2023,23,0,Wind,165,Wednesday,June,4419
6/17/2020,1,2,Wind,169,Wednesday,June,1380
6/21/2024,17,18,Wind,173,Friday,June,9663
12/2/2024,9,10,Wind,337,Monday,December,8496
11/11/2020,18,19,Wind,316,Wednesday,November,4587
1/12/2023,14,15,Wind,12,Thursday,January,17495
3/25/2024,19,20,Wind,85,Monday,March,8111
11/19/2024,15,16,Wind,324,Tuesday,November,17587
2/15/2020,5,6,Wind,46,Saturday,February,5506
7/31/2022,21,22,Wind,212,Sunday,July,3147
5/6/2021,7,8,Wind,126,Thursday,May,3101
6/28/2022,9,10,Solar,179,Tuesday,June,4235
9/23/2022,9,10,Solar,266,Friday,September,2353
7/20/2023,7,8,Wind,201,Thursday,July,1271
12/16/2020,14,15,Wind,351,Wednesday,December,7051
5/21/2025,3,4,Wind,141,Wednesday,May,2509
12/20/2021,11,12,Wind,354,Monday,December,4768
12/19/2021,19,20,Wind,353,Sunday,December,2947
11/19/2024,3,4,Wind,324,Tuesday,November,16872
6/16/2021,7,8,Wind,167,Wednesday,June,1599
1/10/2021,2,3,Wind,10,Sunday,January,5078
7/26/2022,7,8,Wind,207,Tuesday,July,1808
5/17/2022,0,1,Wind,137,Tuesday,May,1328
9/20/2025,15,16,Wind,263,Saturday,September,14693
10/28/2021,16,17,Wind,301,Thursday,October,8673
2/3/2021,21,22,Wind,34,Wednesday,February,8086
3/25/2021,19,20,Wind,84,Thursday,March,1243
9/10/2024,5,6,Wind,254,Tuesday,September,4896
3/17/2022,17,18,Wind,76,Thursday,March,5147
2/7/2025,21,22,Wind,38,Friday,February,9470
6/27/2024,1,2,Wind,179,Thursday,June,1055
5/28/2025,12,13,Wind,148,Wednesday,May,18742
7/22/2021,13,14,Solar,203,Thursday,July,6691
11/15/2020,9,10,Wind,320,Sunday,November,14031
9/19/2022,13,14,Solar,262,Monday,September,8059
1/14/2022,6,7,Wind,14,Friday,January,1037
2/15/2020,3,4,Wind,46,Saturday,February,5096
2/14/2020,6,7,Wind,45,Friday,February,3996
6/15/2024,15,16,Wind,167,Saturday,June,10617
12/27/2021,20,21,Wind,361,Monday,December,12074
1/20/2020,5,6,Wind,20,Monday,January,5834
2/9/2020,19,20,Wind,40,Sunday,February,12359
7/1/2025,7,8,Wind,182,Tuesday,July,2303
12/9/2024,11,12,Wind,344,Monday,December,15314
8/1/2024,9,10,Solar,214,Thursday,August,4087
4/8/2024,16,17,Wind,99,Monday,April,7088
12/11/2021,8,9,Wind,345,Saturday,December,4035
1/6/2025,15,16,Wind,6,Monday,January,18916
10/12/2021,14,15,Solar,285,Tuesday,October,7176
7/3/2023,7,8,Wind,184,Monday,July,3698
3/23/2025,9,10,Wind,82,Sunday,March,7817
3/30/2025,0,1,Wind,89,Sunday,March,6856
2/22/2025,21,22,Wind,53,Saturday,February,2872
2/15/2020,16,17,Wind,46,Saturday,February,10338
12/16/2024,17,18,Wind,351,Monday,December,3346
3/10/2024,6,7,Wind,70,Sunday,March,2312
5/30/2021,9,10,Solar,150,Sunday,May,4115
3/13/2024,11,12,Solar,73,Wednesday,March,9490
10/30/2025,10,11,Solar,303,Thursday,October,8504
10/2/2024,12,13,Solar,276,Wednesday,October,5821
12/7/2021,11,12,Wind,341,Tuesday,December,9128
5/3/2024,22,23,Wind,124,Friday,May,2287
12/30/2020,0,1,Wind,365,Wednesday,December,2822
7/13/2022,2,3,Wind,194,Wednesday,July,1280
2/19/2022,7,8,Wind,50,Saturday,February,7911
11/9/2020,20,21,Wind,314,Monday,November,1621
2/21/2025,5,6,Wind,52,Friday,February,10621
1/13/2024,15,16,Solar,13,Saturday,January,2572
12/2/2020,17,18,Wind,337,Wednesday,December,1690
5/21/2025,2,3,Wind,141,Wednesday,May,3257
1/25/2025,22,23,Wind,25,Saturday,January,9566
3/24/2024,0,1,Wind,84,Sunday,March,9763
2/17/2025,14,15,Solar,48,Monday,February,6881
8/3/2022,15,16,Solar,215,Wednesday,August,6162
8/30/2024,17,18,Wind,243,Friday,August,7963
2/28/2024,15,16,Solar,59,Wednesday,February,7185
9/12/2023,10,11,Solar,255,Tuesday,September,3166
6/16/2024,14,15,Wind,168,Sunday,June,7642
12/31/2020,7,8,Wind,366,Thursday,December,4964
11/12/2022,21,22,Wind,316,Saturday,November,3584
5/22/2021,18,19,Wind,142,Saturday,May,9548
5/14/2022,20,21,Wind,134,Saturday,May,1424
9/28/2022,5,6,Wind,271,Wednesday,September,5632
6/19/2023,15,16,Solar,170,Monday,June,5321
7/13/2022,9,10,Solar,194,Wednesday,July,3513
4/12/2020,3,4,Wind,103,Sunday,April,696
8/25/2022,16,17,Solar,237,Thursday,August,6767
4/29/2024,11,12,Solar,120,Monday,April,5597
3/1/2025,16,17,Wind,60,Saturday,March,14564
2/13/2020,12,13,Wind,44,Thursday,February,13365
12/13/2020,10,11,Wind,348,Sunday,December,5458
6/11/2024,22,23,Wind,163,Tuesday,June,2626
5/17/2023,9,10,Wind,137,Wednesday,May,8516
11/19/2020,4,5,Wind,324,Thursday,November,8029
6/19/2023,9,10,Solar,170,Monday,June,3320
11/5/2021,4,5,Wind,309,Friday,November,3108
9/16/2020,14,15,Solar,260,Wednesday,September,4372
5/20/2022,6,7,Wind,140,Friday,May,3077
3/25/2025,16,17,Solar,84,Tuesday,March,6253
8/21/2022,10,11,Solar,233,Sunday,August,4371
10/30/2024,19,20,Wind,304,Wednesday,October,3308
4/27/2022,0,1,Wind,117,Wednesday,April,5877
6/18/2025,23,0,Wind,169,Wednesday,June,4381
7/9/2024,11,12,Solar,191,Tuesday,July,8792
4/5/2022,14,15,Wind,95,Tuesday,April,10131
8/18/2024,12,13,Solar,231,Sunday,August,10131
3/13/2023,22,23,Wind,72,Monday,March,16043
4/13/2023,2,3,Wind,103,Thursday,April,15153
1/18/2023,5,6,Wind,18,Wednesday,January,3632
2/21/2023,4,5,Wind,52,Tuesday,February,1551
8/15/2023,2,3,Wind,227,Tuesday,August,1815
8/28/2023,18,19,Wind,240,Monday,August,6364
12/16/2023,12,13,Solar,350,Saturday,December,5496
6/29/2022,22,23,Wind,180,Wednesday,June,1362
10/17/2021,14,15,Solar,290,Sunday,October,5013
10/12/2021,0,1,Wind,285,Tuesday,October,3116
5/8/2021,18,19,Wind,128,Saturday,May,8981
5/28/2025,21,22,Wind,148,Wednesday,May,6654
11/21/2021,19,20,Wind,325,Sunday,November,4207
3/14/2025,23,0,Wind,73,Friday,March,9284
2/27/2023,0,1,Wind,58,Monday,February,14067
9/1/2020,18,19,Wind,245,Tuesday,September,3107
1/18/2025,18,19,Wind,18,Saturday,January,1711
2/22/2020,1,2,Wind,53,Saturday,February,7407
1/26/2024,20,21,Wind,26,Friday,January,2414
2/20/2025,10,11,Wind,51,Thursday,February,11145
2/23/2025,9,10,Wind,54,Sunday,February,6682
6/24/2020,20,21,Wind,176,Wednesday,June,2740
4/26/2020,15,16,Solar,117,Sunday,April,3214
2/2/2024,8,9,Wind,33,Friday,February,6090
3/24/2022,12,13,Solar,83,Thursday,March,7393
5/21/2023,12,13,Wind,141,Sunday,May,5335
3/19/2021,13,14,Wind,78,Friday,March,13628
3/25/2025,12,13,Solar,84,Tuesday,March,7446
10/24/2023,17,18,Wind,297,Tuesday,October,4894
11/19/2020,12,13,Wind,324,Thursday,November,11021
8/27/2022,8,9,Wind,239,Saturday,August,2846
7/10/2022,6,7,Wind,191,Sunday,July,4085
1/20/2021,11,12,Wind,20,Wednesday,January,13519
9/14/2021,23,0,Wind,257,Tuesday,September,2897
9/16/2023,9,10,Wind,259,Saturday,September,4351
12/3/2020,9,10,Wind,338,Thursday,December,6349
7/12/2025,14,15,Solar,193,Saturday,July,9766
4/5/2020,2,3,Wind,96,Sunday,April,7378
4/13/2025,23,0,Wind,103,Sunday,April,2040
1/31/2022,17,18,Wind,31,Monday,January,12938
11/22/2020,19,20,Wind,327,Sunday,November,812
3/1/2025,17,18,Wind,60,Saturday,March,12501
7/8/2024,22,23,Wind,190,Monday,July,3483
3/26/2025,14,15,Solar,85,Wednesday,March,7508
11/11/2024,6,7,Wind,316,Monday,November,3138
5/30/2025,11,12,Solar,150,Friday,May,8413
9/26/2021,22,23,Wind,269,Sunday,September,2869
5/8/2022,4,5,Wind,128,Sunday,May,3790
8/14/2024,10,11,Solar,227,Wednesday,August,3757
7/22/2025,19,20,Wind,203,Tuesday,July,6087
12/28/2024,10,11,Solar,363,Saturday,December,3031
2/10/2023,7,8,Wind,41,Friday,February,841
5/11/2020,6,7,Wind,132,Monday,May,11556
5/16/2021,2,3,Wind,136,Sunday,May,4880
3/14/2020,15,16,Wind,74,Saturday,March,6028
8/3/2023,14,15,Wind,215,Thursday,August,13128
12/26/2022,12,13,Wind,360,Monday,December,10287
3/31/2020,14,15,Wind,91,Tuesday,March,11530
4/1/2020,6,7,Wind,92,Wednesday,April,4758
7/14/2024,11,12,Solar,196,Sunday,July,3060
4/2/2025,5,6,Wind,92,Wednesday,April,14891
6/9/2025,5,6,Wind,160,Monday,June,1768
5/27/2021,11,12,Solar,147,Thursday,May,4595
4/20/2020,9,10,Wind,111,Monday,April,5565
6/12/2025,9,10,Solar,163,Thursday,June,8599
10/1/2020,9,10,Wind,275,Thursday,October,6038
6/15/2023,20,21,Wind,166,Thursday,June,2436
2/15/2020,6,7,Wind,46,Saturday,February,5724
12/20/2020,8,9,Wind,355,Sunday,December,4384
1/18/2021,19,20,Wind,18,Monday,January,5880
5/2/2021,20,21,Wind,122,Sunday,May,1062
8/6/2021,15,16,Wind,218,Friday,August,9850
3/5/2023,6,7,Wind,64,Sunday,March,1771
7/29/2023,22,23,Wind,210,Saturday,July,4121
11/20/2025,0,1,Wind,324,Thursday,November,11619
5/2/2022,2,3,Wind,122,Monday,May,2628
5/23/2020,23,0,Wind,144,Saturday,May,4447
10/7/2023,17,18,Solar,280,Saturday,October,4413
5/26/2023,4,5,Wind,146,Friday,May,6236
2/8/2023,8,9,Wind,39,Wednesday,February,4464
8/27/2021,5,6,Wind,239,Friday,August,2931
6/18/2024,0,1,Wind,170,Tuesday,June,2605
2/13/2024,13,14,Wind,44,Tuesday,February,11902
8/22/2021,3,4,Wind,234,Sunday,August,2536
5/24/2021,3,4,Wind,144,Monday,May,9148
11/28/2020,14,15,Wind,333,Saturday,November,3421
11/1/2025,4,5,Wind,305,Saturday,November,13937
3/26/2021,22,23,Wind,85,Friday,March,8516
9/25/2023,1,2,Wind,268,Monday,September,5916
8/3/2020,18,19,Wind,216,Monday,August,6456
12/1/2020,14,15,Wind,336,Tuesday,December,8026
4/3/2022,2,3,Wind,93,Sunday,April,5248
12/18/2024,22,23,Wind,353,Wednesday,December,17502
1/20/2024,21,22,Wind,20,Saturday,January,9728
10/23/2022,8,9,Wind,296,Sunday,October,8388
3/26/2025,10,11,Solar,85,Wednesday,March,6945
3/18/2021,7,8,Wind,77,Thursday,March,3408
9/13/2025,19,20,Wind,256,Saturday,September,7832
7/11/2024,11,12,Solar,193,Thursday,July,6114
12/28/2020,21,22,Wind,363,Monday,December,8068
1/24/2024,0,1,Wind,24,Wednesday,January,17265
6/6/2025,7,8,Wind,157,Friday,June,6994
1/25/2021,0,1,Wind,25,Monday,January,5802
11/24/2023,20,21,Wind,328,Friday,November,10327
4/18/2021,0,1,Wind,108,Sunday,April,5087
10/2/2020,11,12,Wind,276,Friday,October,7894
1/11/2023,20,21,Wind,11,Wednesday,January,15134
10/20/2024,2,3,Wind,294,Sunday,October,3144
10/26/2025,2,3,Wind,299,Sunday,October,10423
3/7/2020,11,12,Solar,67,Saturday,March,4821
7/30/2024,6,7,Wind,212,Tuesday,July,1315
11/27/2024,2,3,Wind,332,Wednesday,November,9979
5/30/2020,20,21,Wind,151,Saturday,May,3245
9/24/2023,3,4,Wind,267,Sunday,September,2167
7/7/2021,17,18,Solar,188,Wednesday,July,3832
4/4/2022,5,6,Wind,94,Monday,April,2766
6/2/2020,14,15,Solar,154,Tuesday,June,3647
8/7/2023,2,3,Wind,219,Monday,August,3960
1/19/2025,16,17,Solar,19,Sunday,January,1639
6/24/2025,11,12,Solar,175,Tuesday,June,10339
6/1/2021,14,15,Solar,152,Tuesday,June,6833
2/4/2023,5,6,Wind,35,Saturday,February,2826
8/26/2025,2,3,Wind,238,Tuesday,August,3571
6/11/2023,12,13,Solar,162,Sunday,June,6339
7/5/2024,11,12,Solar,187,Friday,July,11896
7/24/2024,2,3,Wind,206,Wednesday,July,1384
4/5/2023,19,20,Wind,95,Wednesday,April,1553
9/6/2020,13,14,Solar,250,Sunday,September,4370
6/28/2021,7,8,Wind,179,Monday,June,1647
4/25/2023,14,15,Solar,115,Tuesday,April,6386
4/8/2023,18,19,Solar,98,Saturday,April,4336
9/14/2021,8,9,Wind,257,Tuesday,September,3204
4/23/2020,12,13,Solar,114,Thursday,April,2744
8/1/2021,17,18,Wind,213,Sunday,August,6041
6/6/2025,6,7,Wind,157,Friday,June,7021
4/25/2025,2,3,Wind,115,Friday,April,3007
10/10/2024,22,23,Wind,284,Thursday,October,2686
12/29/2021,12,13,Wind,363,Wednesday,December,11788
2/20/2022,0,1,Wind,51,Sunday,February,12216
11/24/2022,6,7,Wind,328,Thursday,November,9276
8/19/2023,15,16,Solar,231,Saturday,August,7877
12/12/2021,1,2,Wind,346,Sunday,December,5502
10/7/2020,6,7,Wind,281,Wednesday,October,7030
4/14/2023,23,0,Wind,104,Friday,April,6103
7/14/2022,19,20,Wind,195,Thursday,July,6951
9/28/2021,18,19,Wind,271,Tuesday,September,2589
2/28/2025,21,22,Wind,59,Friday,February,6959
1/10/2025,11,12,Wind,10,Friday,January,5594
2/11/2022,23,0,Wind,42,Friday,February,3464
5/7/2023,20,21,Wind,127,Sunday,May,1938
6/18/2022,11,12,Solar,169,Saturday,June,6348
10/8/2025,5,6,Wind,281,Wednesday,October,527
11/23/2021,6,7,Wind,327,Tuesday,November,7965
9/25/2023,16,17,Solar,268,Monday,September,5107
1/9/2023,21,22,Wind,9,Monday,January,10646
5/23/2022,6,7,Wind,143,Monday,May,2966
11/26/2022,18,19,Wind,330,Saturday,November,5223
12/24/2023,14,15,Wind,358,Sunday,December,18131
5/20/2025,22,23,Wind,140,Tuesday,May,5679
6/29/2021,4,5,Wind,180,Tuesday,June,1419
10/19/2025,11,12,Wind,292,Sunday,October,10685
5/1/2023,18,19,Wind,121,Monday,May,7660
2/27/2022,15,16,Wind,58,Sunday,February,8007
11/23/2020,18,19,Wind,328,Monday,November,784
3/25/2025,20,21,Wind,84,Tuesday,March,3781
5/30/2022,15,16,Solar,150,Monday,May,5422
1/2/2022,5,6,Wind,2,Sunday,January,7811
4/5/2025,17,18,Solar,95,Saturday,April,9394
1/5/2022,19,20,Wind,5,Wednesday,January,3988
7/8/2023,4,5,Wind,189,Saturday,July,4232
9/24/2020,3,4,Wind,268,Thursday,September,6870
10/7/2021,9,10,Solar,280,Thursday,October,2972
4/16/2023,1,2,Wind,106,Sunday,April,6782
8/26/2023,9,10,Wind,238,Saturday,August,4426
7/16/2023,21,22,Wind,197,Sunday,July,2634
4/22/2025,9,10,Solar,112,Tuesday,April,3698
5/18/2025,6,7,Wind,138,Sunday,May,2353
12/29/2022,23,0,Wind,363,Thursday,December,8069
4/2/2022,4,5,Wind,92,Saturday,April,9769
4/22/2020,8,9,Wind,113,Wednesday,April,3372
2/14/2022,6,7,Wind,45,Monday,February,11238
5/18/2022,19,20,Wind,138,Wednesday,May,2474
3/9/2020,13,14,Wind,69,Monday,March,9791
6/8/2023,18,19,Wind,159,Thursday,June,5223
9/3/2020,5,6,Wind,247,Thursday,September,1423
2/13/2022,13,14,Wind,44,Sunday,February,16623
3/31/2025,3,4,Wind,90,Monday,March,4983
10/26/2023,8,9,Wind,299,Thursday,October,6160
6/3/2025,0,1,Wind,154,Tuesday,June,434
1/27/2020,3,4,Wind,27,Monday,January,8248
5/2/2025,5,6,Wind,122,Friday,May,2976
10/9/2022,15,16,Solar,282,Sunday,October,6245
12/12/2021,20,21,Wind,346,Sunday,December,2161
11/20/2022,3,4,Wind,324,Sunday,November,5350
10/25/2020,2,3,Wind,299,Sunday,October,11001
4/14/2020,17,18,Wind,105,Tuesday,April,7349
11/22/2024,10,11,Wind,327,Friday,November,14291
11/13/2023,19,20,Wind,317,Monday,November,14737
7/20/2020,23,0,Wind,202,Monday,July,5060
6/16/2023,5,6,Wind,167,Friday,June,969
11/11/2020,8,9,Wind,316,Wednesday,November,1412
1/15/2024,4,5,Wind,15,Monday,January,2505
8/10/2021,23,0,Wind,222,Tuesday,August,676
5/2/2024,8,9,Wind,123,Thursday,May,7058
7/25/2023,13,14,Wind,206,Tuesday,July,10912
9/26/2025,9,10,Solar,269,Friday,September,2419
4/4/2023,23,0,Wind,94,Tuesday,April,3855
10/15/2020,14,15,Wind,289,Thursday,October,7712
9/9/2023,3,4,Wind,252,Saturday,September,1828
2/16/2020,1,2,Wind,47,Sunday,February,12515
7/7/2024,23,0,Wind,189,Sunday,July,1333
10/10/2020,20,21,Wind,284,Saturday,October,4106
10/16/2023,9,10,Wind,289,Monday,October,7739
12/26/2021,9,10,Wind,360,Sunday,December,3360
7/22/2021,12,13,Solar,203,Thursday,July,6530
9/13/2021,9,10,Solar,256,Monday,September,3007
11/30/2021,9,10,Wind,334,Tuesday,November,12057
7/6/2022,19,20,Wind,187,Wednesday,July,4813
1/19/2020,13,14,Wind,19,Sunday,January,7807
10/6/2022,20,21,Wind,279,Thursday,October,610
12/28/2021,19,20,Wind,362,Tuesday,December,13898
2/25/2021,16,17,Solar,56,Thursday,February,2748
10/15/2022,15,16,Wind,288,Saturday,October,10209
10/26/2020,16,17,Wind,300,Monday,October,8459
10/3/2020,5,6,Wind,277,Saturday,October,2568
3/26/2024,4,5,Wind,86,Tuesday,March,5440
9/15/2020,8,9,Wind,259,Tuesday,September,2951
9/8/2025,23,0,Wind,251,Monday,September,2603
11/16/2020,17,18,Wind,321,Monday,November,4567
6/29/2020,7,8,Wind,181,Monday,June,2906
1/19/2022,14,15,Wind,19,Wednesday,January,4196
12/28/2022,1,2,Wind,362,Wednesday,December,12001
10/29/2025,20,21,Wind,302,Wednesday,October,9021
2/13/2021,16,17,Wind,44,Saturday,February,7911
4/16/2021,15,16,Wind,106,Friday,April,9476
10/16/2022,17,18,Wind,289,Sunday,October,5468
10/21/2025,10,11,Wind,294,Tuesday,October,9985
12/23/2020,3,4,Wind,358,Wednesday,December,6408
10/4/2025,9,10,Wind,277,Saturday,October,18706
4/1/2021,22,23,Wind,91,Thursday,April,7883
4/21/2022,1,2,Wind,111,Thursday,April,3576
4/20/2024,22,23,Wind,111,Saturday,April,6474
9/21/2024,20,21,Wind,265,Saturday,September,3523
7/11/2023,22,23,Wind,192,Tuesday,July,3753
1/31/2025,22,23,Wind,31,Friday,January,3899
3/2/2022,18,19,Wind,61,Wednesday,March,949
4/18/2020,14,15,Solar,109,Saturday,April,3138
1/25/2021,1,2,Wind,25,Monday,January,5881
9/16/2025,15,16,Wind,259,Tuesday,September,14441
3/7/2023,19,20,Wind,66,Tuesday,March,7114
11/25/2025,13,14,Wind,329,Tuesday,November,14978
8/13/2023,13,14,Solar,225,Sunday,August,8603
10/16/2023,20,21,Wind,289,Monday,October,9952
6/17/2023,9,10,Solar,168,Saturday,June,4174
11/1/2024,4,5,Wind,306,Friday,November,627
7/26/2020,18,19,Wind,208,Sunday,July,4916
3/28/2024,9,10,Wind,88,Thursday,March,19786
1/13/2022,12,13,Solar,13,Thursday,January,4756
3/29/2025,23,0,Wind,88,Saturday,March,6384
2/15/2022,12,13,Wind,46,Tuesday,February,11976
4/20/2021,3,4,Wind,110,Tuesday,April,724
7/7/2024,1,2,Wind,189,Sunday,July,4676
12/4/2022,0,1,Wind,338,Sunday,December,3492
7/16/2021,21,22,Wind,197,Friday,July,3267
8/13/2022,17,18,Solar,225,Saturday,August,5162
3/16/2022,0,1,Wind,75,Wednesday,March,4307
10/4/2022,15,16,Solar,277,Tuesday,October,6031
10/30/2023,21,22,Wind,303,Monday,October,7498
5/16/2024,5,6,Wind,137,Thursday,May,1919
3/1/2025,21,22,Wind,60,Saturday,March,11156
5/3/2021,17,18,Wind,123,Monday,May,11040
1/25/2023,5,6,Wind,25,Wednesday,January,1892
3/7/2021,9,10,Solar,66,Sunday,March,1996
4/8/2025,17,18,Solar,98,Tuesday,April,6459
8/4/2021,6,7,Wind,216,Wednesday,August,848
9/17/2025,1,2,Wind,260,Wednesday,September,2780
7/6/2023,3,4,Wind,187,Thursday,July,1103
4/14/2025,19,20,Wind,104,Monday,April,2687
9/28/2023,11,12,Solar,271,Thursday,September,5746
11/25/2022,11,12,Wind,329,Friday,November,5292
5/5/2023,10,11,Solar,125,Friday,May,6177
8/8/2020,0,1,Wind,221,Saturday,August,2093
3/13/2022,14,15,Wind,72,Sunday,March,10288
5/30/2023,11,12,Solar,150,Tuesday,May,12740
8/13/2021,21,22,Wind,225,Friday,August,995
11/26/2024,10,11,Wind,331,Tuesday,November,7636
5/22/2025,9,10,Wind,142,Thursday,May,8145
1/16/2025,22,23,Wind,16,Thursday,January,2232
11/12/2025,23,0,Wind,316,Wednesday,November,13902
7/8/2024,1,2,Wind,190,Monday,July,890
4/21/2024,6,7,Wind,112,Sunday,April,5599
1/21/2024,1,2,Wind,21,Sunday,January,11712
9/26/2021,0,1,Wind,269,Sunday,September,2238
3/16/2021,18,19,Wind,75,Tuesday,March,5463
5/30/2023,7,8,Wind,150,Tuesday,May,8814
9/6/2024,22,23,Wind,250,Friday,September,3434
7/20/2024,19,20,Wind,202,Saturday,July,3673
7/15/2024,0,1,Wind,197,Monday,July,435
11/22/2021,6,7,Wind,326,Monday,November,9296
6/9/2023,17,18,Solar,160,Friday,June,5215
7/27/2025,7,8,Wind,208,Sunday,July,2649
10/30/2021,0,1,Wind,303,Saturday,October,5898
1/22/2023,21,22,Wind,22,Sunday,January,3769
9/24/2025,8,9,Wind,267,Wednesday,September,7031
7/8/2024,15,16,Solar,190,Monday,July,8750
3/30/2024,16,17,Wind,90,Saturday,March,7407
6/15/2020,1,2,Wind,167,Monday,June,2352
3/18/2025,17,18,Wind,77,Tuesday,March,9269
11/26/2025,0,1,Wind,330,Wednesday,November,8185
5/7/2020,2,3,Wind,128,Thursday,May,2744
7/17/2020,1,2,Wind,199,Friday,July,1809
8/7/2022,19,20,Wind,219,Sunday,August,7462
5/30/2024,22,23,Wind,151,Thursday,May,5569
8/20/2020,19,20,Wind,233,Thursday,August,2909
9/6/2025,5,6,Wind,249,Saturday,September,4929
8/9/2022,8,9,Wind,221,Tuesday,August,5025
6/3/2022,17,18,Solar,154,Friday,June,4573
11/30/2022,23,0,Wind,334,Wednesday,November,3616
11/27/2021,23,0,Wind,331,Saturday,November,8198
9/13/2020,14,15,Solar,257,Sunday,September,4060
11/7/2022,3,4,Wind,311,Monday,November,11035
10/30/2024,18,19,Wind,304,Wednesday,October,3257
2/28/2022,12,13,Solar,59,Monday,February,6321
6/15/2020,6,7,Wind,167,Monday,June,2078
7/5/2023,16,17,Wind,186,Wednesday,July,11951
4/10/2020,11,12,Solar,101,Friday,April,4108
5/31/2022,15,16,Solar,151,Tuesday,May,7493
2/21/2021,23,0,Wind,52,Sunday,February,7694
2/16/2022,22,23,Wind,47,Wednesday,February,15863
2/7/2021,16,17,Wind,38,Sunday,February,4577
4/7/2025,1,2,Wind,97,Monday,April,8027
6/21/2020,8,9,Wind,173,Sunday,June,3303
10/25/2021,16,17,Wind,298,Monday,October,3790
5/25/2023,3,4,Wind,145,Thursday,May,7037
6/12/2022,13,14,Solar,163,Sunday,June,6589
6/4/2021,9,10,Solar,155,Friday,June,2557
7/21/2023,6,7,Wind,202,Friday,July,2672
6/8/2021,11,12,Solar,159,Tuesday,June,4775
6/18/2023,12,13,Solar,169,Sunday,June,6966
12/3/2024,12,13,Solar,338,Tuesday,December,3711
6/19/2020,5,6,Wind,171,Friday,June,2118
7/3/2022,10,11,Solar,184,Sunday,July,5228
10/8/2025,14,15,Solar,281,Wednesday,October,7493
9/25/2024,0,1,Wind,269,Wednesday,September,3856
4/17/2022,8,9,Wind,107,Sunday,April,5779
4/4/2021,3,4,Wind,94,Sunday,April,5993
2/1/2024,4,5,Wind,32,Thursday,February,7315
8/30/2025,2,3,Wind,242,Saturday,August,6065
9/19/2023,16,17,Wind,262,Tuesday,September,14372
3/19/2021,16,17,Wind,78,Friday,March,12517
9/8/2025,19,20,Wind,251,Monday,September,2523
9/26/2023,14,15,Solar,269,Tuesday,September,6884
3/8/2020,14,15,Wind,68,Sunday,March,12474
11/3/2022,4,5,Wind,307,Thursday,November,9034
2/5/2023,10,11,Wind,36,Sunday,February,9405
2/8/2024,17,18,Wind,39,Thursday,February,15352
12/22/2022,22,23,Wind,356,Thursday,December,11749
4/17/2024,9,10,Wind,108,Wednesday,April,6435
1/14/2020,20,21,Wind,14,Tuesday,January,12731
12/6/2024,14,15,Wind,341,Friday,December,10164
5/18/2021,0,1,Wind,138,Tuesday,May,6267
2/6/2020,18,19,Wind,37,Thursday,February,4355
4/29/2025,13,14,Solar,119,Tuesday,April,5626
2/17/2020,18,19,Wind,48,Monday,February,11206
11/27/2024,21,22,Wind,332,Wednesday,November,7587
11/22/2023,9,10,Wind,326,Wednesday,November,6723
2/7/2022,15,16,Wind,38,Monday,February,6177
12/22/2021,21,22,Wind,356,Wednesday,December,5683
12/31/2023,9,10,Wind,365,Sunday,December,17316
7/16/2020,18,19,Wind,198,Thursday,July,3356
5/2/2020,0,1,Wind,123,Saturday,May,6278
2/24/2024,15,16,Wind,55,Saturday,February,14891
3/10/2020,10,11,Wind,70,Tuesday,March,13038
1/30/2021,15,16,Wind,30,Saturday,January,7602
2/8/2024,11,12,Wind,39,Thursday,February,17591
5/20/2021,20,21,Wind,140,Thursday,May,7966
9/9/2020,5,6,Wind,253,Wednesday,September,996
1/16/2021,19,20,Wind,16,Saturday,January,6506
11/24/2024,14,15,Wind,329,Sunday,November,21819
2/3/2023,23,0,Wind,34,Friday,February,3645
1/22/2021,22,23,Wind,22,Friday,January,6450
11/3/2021,3,4,Wind,307,Wednesday,November,3691
2/7/2020,16,17,Wind,38,Friday,February,4506
2/17/2024,17,18,Wind,48,Saturday,February,2886
4/8/2022,21,22,Wind,98,Friday,April,9139
5/20/2022,0,1,Wind,140,Friday,May,2743
6/9/2021,3,4,Wind,160,Wednesday,June,1231
6/18/2021,2,3,Wind,169,Friday,June,4004
6/10/2025,17,18,Solar,161,Tuesday,June,9108
1/29/2022,12,13,Wind,29,Saturday,January,10699
5/4/2022,16,17,Solar,124,Wednesday,May,5479
5/10/2022,8,9,Wind,130,Tuesday,May,3851
1/21/2021,17,18,Wind,21,Thursday,January,12458
6/16/2021,5,6,Wind,167,Wednesday,June,1216
6/27/2022,23,0,Wind,178,Monday,June,1976
8/23/2024,6,7,Wind,236,Friday,August,10900
2/4/2024,13,14,Wind,35,Sunday,February,10941
2/14/2022,1,2,Wind,45,Monday,February,14132
6/19/2021,23,0,Wind,170,Saturday,June,3400
6/8/2022,7,8,Wind,159,Wednesday,June,3640
8/25/2020,5,6,Wind,238,Tuesday,August,3173
6/16/2024,9,10,Wind,168,Sunday,June,6479
5/8/2023,6,7,Wind,128,Monday,May,1286
9/24/2024,21,22,Wind,268,Tuesday,September,4210
8/9/2023,23,0,Wind,221,Wednesday,August,2266
4/2/2024,23,0,Wind,93,Tuesday,April,9775
10/25/2025,13,14,Wind,298,Saturday,October,12273
7/4/2025,6,7,Wind,185,Friday,July,3695
5/18/2025,19,20,Wind,138,Sunday,May,4077
12/14/2020,3,4,Wind,349,Monday,December,9160
11/19/2022,3,4,Wind,323,Saturday,November,2488
10/20/2025,14,15,Wind,293,Monday,October,19450
10/10/2020,0,1,Wind,284,Saturday,October,2884
6/1/2022,18,19,Solar,152,Wednesday,June,4000
12/8/2023,14,15,Wind,342,Friday,December,6066
10/23/2020,11,12,Wind,297,Friday,October,3018
11/25/2025,21,22,Wind,329,Tuesday,November,10266
6/3/2023,17,18,Wind,154,Saturday,June,8586
12/10/2022,16,17,Wind,344,Saturday,December,1838
8/13/2023,6,7,Wind,225,Sunday,August,1032
11/17/2024,1,2,Wind,322,Sunday,November,4491
7/31/2023,12,13,Wind,212,Monday,July,17513
7/20/2025,13,14,Wind,201,Sunday,July,7495
2/28/2022,6,7,Wind,59,Monday,February,4013
7/27/2023,22,23,Wind,208,Thursday,July,3939
9/5/2025,15,16,Solar,248,Friday,September,9529
10/7/2022,17,18,Solar,280,Friday,October,2927
4/30/2022,21,22,Wind,120,Saturday,April,4089
6/6/2023,7,8,Wind,157,Tuesday,June,5204
7/29/2022,16,17,Solar,210,Friday,July,5618
8/5/2023,8,9,Wind,217,Saturday,August,5666
8/31/2023,11,12,Solar,243,Thursday,August,8438
5/4/2020,6,7,Wind,125,Monday,May,875
6/16/2021,14,15,Solar,167,Wednesday,June,5156
8/1/2022,2,3,Wind,213,Monday,August,1917
9/17/2021,21,22,Wind,260,Friday,September,1114
7/5/2024,0,1,Wind,187,Friday,July,4259
5/12/2024,0,1,Wind,133,Sunday,May,4318
2/22/2022,6,7,Wind,53,Tuesday,February,6223
7/31/2023,15,16,Wind,212,Monday,July,17999
3/27/2024,9,10,Wind,87,Wednesday,March,9902
3/2/2021,14,15,Solar,61,Tuesday,March,3937
6/2/2024,10,11,Wind,154,Sunday,June,5701
1/17/2020,16,17,Wind,17,Friday,January,8528
8/8/2024,9,10,Solar,221,Thursday,August,4427
11/4/2021,14,15,Wind,308,Thursday,November,5011
5/18/2020,19,20,Wind,139,Monday,May,3310
7/16/2022,3,4,Wind,197,Saturday,July,3194
8/27/2021,19,20,Wind,239,Friday,August,4899
7/13/2021,12,13,Wind,194,Tuesday,July,6391
2/3/2022,18,19,Wind,34,Thursday,February,2389
9/11/2021,17,18,Solar,254,Saturday,September,3667
9/5/2024,0,1,Wind,249,Thursday,September,3543
11/20/2021,3,4,Wind,324,Saturday,November,1611
6/24/2022,14,15,Wind,175,Friday,June,9746
3/10/2024,14,15,Solar,70,Sunday,March,4234
4/5/2022,11,12,Wind,95,Tuesday,April,8790
9/8/2025,14,15,Solar,251,Monday,September,6888
7/23/2024,14,15,Wind,205,Tuesday,July,14217
9/7/2023,2,3,Wind,250,Thursday,September,2642
9/7/2024,14,15,Solar,251,Saturday,September,7737
4/19/2020,21,22,Wind,110,Sunday,April,5061
9/6/2022,8,9,Wind,249,Tuesday,September,3417
1/9/2024,17,18,Wind,9,Tuesday,January,3535
9/13/2024,12,13,Solar,257,Friday,September,10419
1/18/2025,17,18,Wind,18,Saturday,January,1549
3/27/2024,17,18,Wind,87,Wednesday,March,11682
9/22/2025,9,10,Wind,265,Monday,September,10971
6/22/2024,5,6,Wind,174,Saturday,June,6080
5/11/2022,1,2,Wind,131,Wednesday,May,2851
5/11/2020,13,14,Wind,132,Monday,May,12947
10/28/2024,16,17,Wind,302,Monday,October,1928
8/21/2021,14,15,Solar,233,Saturday,August,5952
6/19/2021,2,3,Wind,170,Saturday,June,1962
1/4/2022,0,1,Wind,4,Tuesday,January,7777
2/12/2025,6,7,Wind,43,Wednesday,February,2158
1/23/2023,8,9,Wind,23,Monday,January,4951
3/4/2020,23,0,Wind,64,Wednesday,March,5088
12/3/2020,6,7,Wind,338,Thursday,December,4001
5/29/2025,7,8,Wind,149,Thursday,May,3173
1/28/2024,0,1,Wind,28,Sunday,January,7084
11/18/2022,1,2,Wind,322,Friday,November,9293
12/28/2024,6,7,Wind,363,Saturday,December,459
8/29/2022,18,19,Wind,241,Monday,August,4151
2/9/2025,15,16,Solar,40,Sunday,February,3225
8/25/2023,5,6,Wind,237,Friday,August,2492
10/27/2020,16,17,Wind,301,Tuesday,October,11928
3/16/2022,4,5,Wind,75,Wednesday,March,3942
1/19/2020,20,21,Wind,19,Sunday,January,7105
3/31/2020,7,8,Wind,91,Tuesday,March,6917
1/6/2020,18,19,Wind,6,Monday,January,5455
6/29/2024,19,20,Wind,181,Saturday,June,6169
1/23/2021,18,19,Wind,23,Saturday,January,4866
2/11/2023,21,22,Wind,42,Saturday,February,3706
1/2/2021,20,21,Wind,2,Saturday,January,1679
8/23/2025,20,21,Wind,235,Saturday,August,2368
9/28/2025,8,9,Wind,271,Sunday,September,2444
4/27/2024,8,9,Wind,118,Saturday,April,5758
1/30/2023,22,23,Wind,30,Monday,January,2185
10/20/2024,17,18,Wind,294,Sunday,October,12601
12/24/2023,12,13,Wind,358,Sunday,December,18989
2/11/2024,12,13,Wind,42,Sunday,February,16222
5/7/2023,18,19,Solar,127,Sunday,May,4243
9/15/2024,8,9,Wind,259,Sunday,September,4614
6/28/2020,10,11,Wind,180,Sunday,June,6325
9/19/2025,8,9,Wind,262,Friday,September,6897
2/9/2021,16,17,Wind,40,Tuesday,February,5426
7/31/2020,11,12,Solar,213,Friday,July,4900
10/26/2021,0,1,Wind,299,Tuesday,October,3045
12/16/2022,19,20,Wind,350,Friday,December,3195
1/29/2020,23,0,Wind,29,Wednesday,January,5513
9/24/2021,22,23,Wind,267,Friday,September,931
10/27/2021,20,21,Wind,300,Wednesday,October,3065
2/15/2025,14,15,Solar,46,Saturday,February,8642
9/14/2025,10,11,Wind,257,Sunday,September,7239
10/20/2022,7,8,Wind,293,Thursday,October,4845
3/4/2022,0,1,Wind,63,Friday,March,1413
5/3/2024,7,8,Wind,124,Friday,May,8341
8/17/2021,4,5,Wind,229,Tuesday,August,1885
11/28/2021,19,20,Wind,332,Sunday,November,6095
9/30/2021,21,22,Wind,273,Thursday,September,4158
11/28/2024,10,11,Solar,333,Thursday,November,4209
10/17/2021,0,1,Wind,290,Sunday,October,1743
1/4/2021,17,18,Wind,4,Monday,January,2632
12/7/2021,19,20,Wind,341,Tuesday,December,13582
8/1/2021,20,21,Wind,213,Sunday,August,2253
3/15/2025,23,0,Wind,74,Saturday,March,10551
11/22/2022,19,20,Wind,326,Tuesday,November,10777
4/5/2023,6,7,Wind,95,Wednesday,April,1210
7/17/2020,12,13,Solar,199,Friday,July,4317
8/6/2024,23,0,Wind,219,Tuesday,August,2233
6/28/2025,23,0,Wind,179,Saturday,June,3775
7/3/2024,7,8,Wind,185,Wednesday,July,2585
10/30/2021,21,22,Wind,303,Saturday,October,4778
10/13/2024,1,2,Wind,287,Sunday,October,4549
12/16/2023,13,14,Solar,350,Saturday,December,5397
6/24/2022,8,9,Wind,175,Friday,June,3144
4/15/2020,21,22,Wind,106,Wednesday,April,4276
3/15/2024,11,12,Wind,75,Friday,March,17560
7/24/2024,20,21,Wind,206,Wednesday,July,1586
3/7/2021,21,22,Wind,66,Sunday,March,3502
9/23/2020,5,6,Wind,267,Wednesday,September,2783
1/25/2021,21,22,Wind,25,Monday,January,4109
3/19/2025,5,6,Wind,78,Wednesday,March,8747
7/6/2024,23,0,Wind,188,Saturday,July,5189
1/27/2023,22,23,Wind,27,Friday,January,6655
9/4/2024,20,21,Wind,248,Wednesday,September,2481
1/1/2024,17,18,Wind,1,Monday,January,10564
1/30/2021,10,11,Wind,30,Saturday,January,8257
1/24/2021,20,21,Wind,24,Sunday,January,6877
8/12/2025,10,11,Solar,224,Tuesday,August,7716
4/13/2023,19,20,Wind,103,Thursday,April,4785
4/20/2022,3,4,Wind,110,Wednesday,April,4398
2/13/2025,9,10,Wind,44,Thursday,February,2537
10/9/2020,13,14,Wind,283,Friday,October,5265
4/17/2023,8,9,Wind,107,Monday,April,4552
9/4/2023,14,15,Solar,247,Monday,September,11169
10/31/2023,8,9,Wind,304,Tuesday,October,6962
10/7/2025,5,6,Wind,280,Tuesday,October,1676
9/24/2023,19,20,Wind,267,Sunday,September,3941
10/13/2020,18,19,Wind,287,Tuesday,October,3429
2/15/2024,17,18,Wind,46,Thursday,February,9122
1/13/2025,19,20,Wind,13,Monday,January,4520
10/22/2021,14,15,Wind,295,Friday,October,8088
8/12/2023,13,14,Solar,224,Saturday,August,9111
3/20/2020,13,14,Wind,80,Friday,March,7442
7/21/2022,22,23,Wind,202,Thursday,July,2408
12/31/2024,20,21,Wind,366,Tuesday,December,9552
9/2/2025,13,14,Wind,245,Tuesday,September,16688
8/14/2020,23,0,Wind,227,Friday,August,686
1/8/2025,0,1,Wind,8,Wednesday,January,6353
5/8/2025,20,21,Wind,128,Thursday,May,5960
5/4/2023,22,23,Wind,124,Thursday,May,3584
4/23/2023,1,2,Wind,113,Sunday,April,6699
9/13/2020,20,21,Wind,257,Sunday,September,951
7/10/2020,12,13,Wind,192,Friday,July,6165
12/20/2023,4,5,Wind,354,Wednesday,December,8793
7/18/2025,18,19,Solar,199,Friday,July,5288
3/16/2022,18,19,Wind,75,Wednesday,March,3316
8/25/2023,11,12,Wind,237,Friday,August,8302
10/14/2025,14,15,Solar,287,Tuesday,October,11181
2/17/2021,21,22,Wind,48,Wednesday,February,7707
9/16/2023,20,21,Wind,259,Saturday,September,1885
8/10/2021,21,22,Wind,222,Tuesday,August,542
8/9/2021,15,16,Wind,221,Monday,August,9102
5/2/2022,16,17,Solar,122,Monday,May,5358
3/28/2022,9,10,Solar,87,Monday,March,3516
4/20/2020,2,3,Wind,111,Monday,April,5375
2/20/2022,10,11,Wind,51,Sunday,February,15513
3/8/2021,23,0,Wind,67,Monday,March,2567
8/16/2021,9,10,Wind,228,Monday,August,7321
9/27/2021,2,3,Wind,270,Monday,September,3723
6/29/2024,8,9,Wind,181,Saturday,June,4165
10/7/2025,12,13,Solar,280,Tuesday,October,8314
10/29/2024,19,20,Wind,303,Tuesday,October,674
9/9/2025,8,9,Wind,252,Tuesday,September,2391
5/30/2023,5,6,Wind,150,Tuesday,May,8783
11/10/2021,20,21,Wind,314,Wednesday,November,1104
10/19/2025,21,22,Wind,292,Sunday,October,13960
2/16/2025,14,15,Solar,47,Sunday,February,8204
3/26/2021,1,2,Wind,85,Friday,March,3152
4/23/2024,7,8,Wind,114,Tuesday,April,4692
9/19/2025,7,8,Wind,262,Friday,September,5338
11/25/2021,18,19,Wind,329,Thursday,November,3297
4/27/2022,10,11,Solar,117,Wednesday,April,6931
5/2/2023,14,15,Solar,122,Tuesday,May,9196
3/13/2024,0,1,Wind,73,Wednesday,March,7514
7/4/2024,0,1,Wind,186,Thursday,July,6535
12/27/2022,10,11,Wind,361,Tuesday,December,5429
7/15/2024,21,22,Wind,197,Monday,July,6164
2/10/2023,15,16,Solar,41,Friday,February,5479
9/5/2025,2,3,Wind,248,Friday,September,3819
9/6/2022,20,21,Wind,249,Tuesday,September,4005
8/7/2023,22,23,Wind,219,Monday,August,1931
9/4/2024,13,14,Solar,248,Wednesday,September,4320
1/8/2022,0,1,Wind,8,Saturday,January,10236
5/30/2021,16,17,Solar,150,Sunday,May,5335
9/13/2021,17,18,Solar,256,Monday,September,2883
10/19/2021,12,13,Wind,292,Tuesday,October,9041
4/3/2021,11,12,Wind,93,Saturday,April,14649
2/13/2023,8,9,Wind,44,Monday,February,3835
4/3/2021,15,16,Wind,93,Saturday,April,14172
3/16/2025,15,16,Wind,75,Sunday,March,10636
5/17/2025,8,9,Solar,137,Saturday,May,5285
1/24/2024,11,12,Wind,24,Wednesday,January,15878
4/24/2024,20,21,Wind,115,Wednesday,April,4020
11/17/2020,13,14,Wind,322,Tuesday,November,5108
8/9/2023,22,23,Wind,221,Wednesday,August,1959
5/29/2025,11,12,Solar,149,Thursday,May,10277
7/22/2025,22,23,Wind,203,Tuesday,July,1341
10/18/2024,12,13,Solar,292,Friday,October,4706
7/22/2022,9,10,Solar,203,Friday,July,3758
2/21/2022,5,6,Wind,52,Monday,February,14523
6/24/2021,23,0,Wind,175,Thursday,June,2162
7/7/2020,6,7,Wind,189,Tuesday,July,1878
4/24/2024,4,5,Wind,115,Wednesday,April,4675
6/21/2021,15,16,Solar,172,Monday,June,4730
6/22/2023,23,0,Wind,173,Thursday,June,4037
2/4/2021,4,5,Wind,35,Thursday,February,3121
7/16/2024,16,17,Wind,198,Tuesday,July,15949
12/24/2021,12,13,Wind,358,Friday,December,3894
12/21/2022,6,7,Wind,355,Wednesday,December,6478
6/22/2023,21,22,Wind,173,Thursday,June,3887
9/18/2022,11,12,Solar,261,Sunday,September,8658
11/14/2023,2,3,Wind,318,Tuesday,November,12663
9/25/2020,22,23,Wind,269,Friday,September,11575
11/29/2021,17,18,Wind,333,Monday,November,2940
1/7/2020,2,3,Wind,7,Tuesday,January,4456
6/14/2023,17,18,Solar,165,Wednesday,June,6898
10/14/2025,20,21,Wind,287,Tuesday,October,5978
1/24/2025,15,16,Wind,24,Friday,January,15824
2/8/2020,20,21,Wind,39,Saturday,February,4159
8/2/2020,2,3,Wind,215,Sunday,August,2827
5/21/2020,11,12,Solar,142,Thursday,May,3955
11/20/2021,2,3,Wind,324,Saturday,November,1571
9/12/2025,20,21,Wind,255,Friday,September,5420
10/4/2024,8,9,Wind,278,Friday,October,4337
12/19/2022,13,14,Wind,353,Monday,December,14687
11/1/2021,7,8,Wind,305,Monday,November,8626
10/26/2023,7,8,Wind,299,Thursday,October,5630
7/14/2020,12,13,Solar,196,Tuesday,July,4580
7/7/2020,19,20,Wind,189,Tuesday,July,2817
5/29/2023,14,15,Wind,149,Monday,May,9413
4/21/2022,0,1,Wind,111,Thursday,April,3888
6/12/2021,16,17,Solar,163,Saturday,June,4466
3/8/2020,16,17,Wind,68,Sunday,March,9704
5/27/2024,16,17,Wind,148,Monday,May,8348
9/13/2023,11,12,Solar,256,Wednesday,September,4788
3/25/2022,13,14,Solar,84,Friday,March,8918
3/18/2023,2,3,Wind,77,Saturday,March,7698
3/10/2023,3,4,Wind,69,Friday,March,15527
9/1/2025,12,13,Wind,244,Monday,September,12274
4/18/2020,9,10,Solar,109,Saturday,April,1917
3/31/2020,2,3,Wind,91,Tuesday,March,6481
8/5/2022,15,16,Solar,217,Friday,August,9755
7/8/2020,15,16,Solar,190,Wednesday,July,7135
12/31/2021,14,15,Wind,365,Friday,December,5926
5/21/2022,0,1,Wind,141,Saturday,May,2769
5/15/2024,11,12,Solar,136,Wednesday,May,5852
10/4/2022,7,8,Wind,277,Tuesday,October,1403
6/30/2025,9,10,Solar,181,Monday,June,5823
2/28/2025,23,0,Wind,59,Friday,February,7076
10/2/2021,22,23,Wind,275,Saturday,October,13184
2/21/2020,5,6,Wind,52,Friday,February,4204
11/5/2024,22,23,Wind,310,Tuesday,November,64
7/19/2021,1,2,Wind,200,Monday,July,6188
7/21/2023,4,5,Wind,202,Friday,July,2102
6/26/2023,0,1,Wind,177,Monday,June,5494
10/11/2025,12,13,Solar,284,Saturday,October,9663
10/27/2022,20,21,Wind,300,Thursday,October,8245
12/2/2024,20,21,Wind,337,Monday,December,8546
10/16/2020,6,7,Wind,290,Friday,October,3056
7/20/2025,15,16,Wind,201,Sunday,July,12774
3/28/2022,10,11,Solar,87,Monday,March,4340
12/3/2022,5,6,Wind,337,Saturday,December,6384
12/31/2020,21,22,Wind,366,Thursday,December,1257
1/29/2023,18,19,Wind,29,Sunday,January,2744
7/9/2023,23,0,Wind,190,Sunday,July,1743
5/22/2023,2,3,Wind,142,Monday,May,3069
6/22/2022,14,15,Solar,173,Wednesday,June,5729
5/2/2021,3,4,Wind,122,Sunday,May,2088
10/31/2021,8,9,Wind,304,Sunday,October,11372
3/2/2023,15,16,Solar,61,Thursday,March,6140
9/12/2022,6,7,Wind,255,Monday,September,2813
11/15/2025,6,7,Wind,319,Saturday,November,3450
2/5/2022,14,15,Wind,36,Saturday,February,9733
4/20/2024,1,2,Wind,111,Saturday,April,6953
5/19/2022,8,9,Wind,139,Thursday,May,4300
10/22/2023,4,5,Wind,295,Sunday,October,8008
9/18/2023,23,0,Wind,261,Monday,September,7001
10/25/2020,10,11,Wind,299,Sunday,October,8575
4/10/2025,16,17,Solar,100,Thursday,April,11745
11/30/2020,7,8,Wind,335,Monday,November,1192
8/2/2025,20,21,Wind,214,Saturday,August,3196
4/14/2025,0,1,Wind,104,Monday,April,2026
12/19/2024,21,22,Wind,354,Thursday,December,11190
8/2/2020,11,12,Solar,215,Sunday,August,4919
5/28/2023,18,19,Wind,148,Sunday,May,9012
1/10/2023,21,22,Wind,10,Tuesday,January,15393
6/15/2024,9,10,Wind,167,Saturday,June,9480
9/26/2020,4,5,Wind,270,Saturday,September,11282
5/2/2020,4,5,Wind,123,Saturday,May,4894
4/28/2025,11,12,Solar,118,Monday,April,4376
5/20/2025,7,8,Wind,140,Tuesday,May,4311
7/16/2025,13,14,Solar,197,Wednesday,July,16578
8/12/2025,16,17,Solar,224,Tuesday,August,10907
3/23/2021,9,10,Solar,82,Tuesday,March,4067
1/14/2023,18,19,Wind,14,Saturday,January,15326
7/8/2021,2,3,Wind,189,Thursday,July,1488
8/9/2025,10,11,Solar,221,Saturday,August,3448
2/21/2023,17,18,Solar,52,Tuesday,February,869
3/29/2023,0,1,Wind,88,Wednesday,March,6093
7/30/2022,11,12,Solar,211,Saturday,July,5930
10/27/2025,7,8,Wind,300,Monday,October,17802
6/11/2024,17,18,Solar,163,Tuesday,June,7247
8/8/2025,22,23,Wind,220,Friday,August,1630
2/16/2022,12,13,Wind,47,Wednesday,February,16347
1/13/2023,10,11,Wind,13,Friday,January,15395
4/25/2022,1,2,Wind,115,Monday,April,3668
12/14/2023,20,21,Wind,348,Thursday,December,3591
9/4/2021,8,9,Solar,247,Saturday,September,1187
5/27/2023,19,20,Wind,147,Saturday,May,4102
1/26/2025,20,21,Wind,26,Sunday,January,19656
2/15/2022,4,5,Wind,46,Tuesday,February,6794
6/11/2023,2,3,Wind,162,Sunday,June,1886
10/10/2024,10,11,Wind,284,Thursday,October,7943
7/9/2021,8,9,Solar,190,Friday,July,1919
11/4/2022,14,15,Wind,308,Friday,November,9929
7/12/2025,10,11,Solar,193,Saturday,July,7841
5/15/2020,9,10,Wind,136,Friday,May,5485
8/22/2024,5,6,Wind,235,Thursday,August,3741
8/21/2025,3,4,Wind,233,Thursday,August,3941
6/8/2023,22,23,Wind,159,Thursday,June,4836
11/2/2023,22,23,Wind,306,Thursday,November,13810
7/1/2022,8,9,Solar,182,Friday,July,3085
11/29/2023,8,9,Wind,333,Wednesday,November,3264
12/15/2022,20,21,Wind,349,Thursday,December,8252
11/22/2020,12,13,Solar,327,Sunday,November,3513
1/19/2024,8,9,Wind,19,Friday,January,1853
10/19/2021,14,15,Wind,292,Tuesday,October,9102
2/10/2022,23,0,Wind,41,Thursday,February,4526
6/12/2024,12,13,Solar,164,Wednesday,June,7765
6/4/2023,5,6,Wind,155,Sunday,June,5679
7/19/2022,15,16,Wind,200,Tuesday,July,11170
5/2/2023,11,12,Solar,122,Tuesday,May,8102
8/11/2021,14,15,Solar,223,Wednesday,August,5206
8/19/2020,19,20,Wind,232,Wednesday,August,4389
9/9/2023,8,9,Wind,252,Saturday,September,3168
9/28/2025,7,8,Wind,271,Sunday,September,1682
11/8/2024,2,3,Wind,313,Friday,November,3076
11/6/2022,0,1,Wind,310,Sunday,November,7294
3/7/2025,16,17,Wind,66,Friday,March,10145
5/26/2025,19,20,Wind,146,Monday,May,6045
10/19/2024,3,4,Wind,293,Saturday,October,5398
5/4/2024,3,4,Wind,125,Saturday,May,1621
12/19/2020,15,16,Wind,354,Saturday,December,7381
2/26/2022,22,23,Wind,57,Saturday,February,9788
5/2/2025,0,1,Wind,122,Friday,May,3120
1/25/2021,3,4,Wind,25,Monday,January,6216
5/31/2021,14,15,Solar,151,Monday,May,7792
8/31/2022,15,16,Solar,243,Wednesday,August,6387
6/5/2022,9,10,Wind,156,Sunday,June,4067
11/15/2025,17,18,Wind,319,Saturday,November,2411
11/30/2021,7,8,Wind,334,Tuesday,November,10783
5/31/2021,10,11,Solar,151,Monday,May,5841
1/22/2024,17,18,Wind,22,Monday,January,15270
12/30/2023,10,11,Wind,364,Saturday,December,9894
1/30/2025,19,20,Wind,30,Thursday,January,5671
9/5/2021,11,12,Solar,248,Sunday,September,4314
1/9/2020,1,2,Wind,9,Thursday,January,6791
4/23/2021,13,14,Solar,113,Friday,April,8700
6/4/2024,11,12,Solar,156,Tuesday,June,7598
3/30/2023,1,2,Wind,89,Thursday,March,10637
4/27/2024,9,10,Wind,118,Saturday,April,6678
8/25/2025,19,20,Solar,237,Monday,August,1530
5/28/2025,11,12,Wind,148,Wednesday,May,17816
6/8/2025,9,10,Wind,159,Sunday,June,6704
4/3/2020,6,7,Wind,94,Friday,April,1937
11/27/2023,11,12,Wind,331,Monday,November,12040
4/22/2025,20,21,Wind,112,Tuesday,April,2969
5/21/2025,19,20,Wind,141,Wednesday,May,4828
5/29/2023,6,7,Wind,149,Monday,May,8675
2/9/2023,3,4,Wind,40,Thursday,February,1576
12/4/2022,15,16,Wind,338,Sunday,December,2810
7/16/2021,6,7,Wind,197,Friday,July,3728
10/3/2022,0,1,Wind,276,Monday,October,1222
5/28/2025,23,0,Wind,148,Wednesday,May,4889
3/15/2022,11,12,Wind,74,Tuesday,March,4615
5/31/2021,21,22,Wind,151,Monday,May,3264
1/13/2025,22,23,Wind,13,Monday,January,3259
6/1/2020,7,8,Wind,153,Monday,June,3913
7/18/2023,10,11,Solar,199,Tuesday,July,5486
5/14/2022,9,10,Solar,134,Saturday,May,3796
8/19/2023,16,17,Solar,231,Saturday,August,6926
12/26/2020,16,17,Wind,361,Saturday,December,7889
2/13/2023,19,20,Wind,44,Monday,February,2268
5/3/2024,1,2,Wind,124,Friday,May,8707
1/3/2021,16,17,Wind,3,Sunday,January,2047
3/11/2024,23,0,Wind,71,Monday,March,5325
3/11/2020,0,1,Wind,71,Wednesday,March,11237
4/23/2022,2,3,Wind,113,Saturday,April,5741
12/27/2023,10,11,Wind,361,Wednesday,December,12488
7/7/2020,18,19,Solar,189,Tuesday,July,3597
2/27/2024,15,16,Wind,58,Tuesday,February,8814
7/15/2023,19,20,Wind,196,Saturday,July,11663
2/8/2025,17,18,Wind,39,Saturday,February,3341
2/1/2023,11,12,Wind,32,Wednesday,February,9989
4/28/2022,14,15,Solar,118,Thursday,April,7861
3/24/2020,14,15,Wind,84,Tuesday,March,6350
11/21/2024,2,3,Wind,326,Thursday,November,3776
5/30/2022,16,17,Solar,150,Monday,May,4829
8/22/2021,22,23,Wind,234,Sunday,August,3214
6/19/2025,21,22,Wind,170,Thursday,June,5182
3/29/2025,22,23,Wind,88,Saturday,March,5984
4/14/2021,3,4,Wind,104,Wednesday,April,3728
2/3/2020,7,8,Wind,34,Monday,February,7783
9/11/2024,16,17,Wind,255,Wednesday,September,10628
1/27/2023,17,18,Wind,27,Friday,January,7408
11/17/2020,4,5,Wind,322,Tuesday,November,4377
8/22/2021,1,2,Wind,234,Sunday,August,2473
10/6/2024,7,8,Wind,280,Sunday,October,7492
1/13/2020,14,15,Wind,13,Monday,January,9065
2/7/2023,5,6,Wind,38,Tuesday,February,8390
8/23/2022,6,7,Wind,235,Tuesday,August,907
6/8/2022,11,12,Wind,159,Wednesday,June,7219
7/9/2021,18,19,Solar,190,Friday,July,2863
6/14/2024,6,7,Wind,166,Friday,June,7196
8/13/2024,15,16,Solar,226,Tuesday,August,6082
8/30/2020,19,20,Wind,243,Sunday,August,5011
10/16/2024,9,10,Wind,290,Wednesday,October,12066
11/3/2021,4,5,Wind,307,Wednesday,November,3777
9/9/2024,11,12,Wind,253,Monday,September,12032
10/9/2024,23,0,Wind,283,Wednesday,October,12173
1/29/2022,21,22,Wind,29,Saturday,January,7841
11/23/2023,5,6,Wind,327,Thursday,November,3097
5/16/2021,13,14,Wind,136,Sunday,May,10336
2/3/2020,4,5,Wind,34,Monday,February,8185
9/3/2020,3,4,Wind,247,Thursday,September,1055
10/16/2021,11,12,Solar,289,Saturday,October,3963
7/5/2023,15,16,Wind,186,Wednesday,July,12493
3/18/2022,4,5,Wind,77,Friday,March,7637
12/11/2023,20,21,Wind,345,Monday,December,5734
3/12/2021,21,22,Wind,71,Friday,March,12809
8/17/2023,13,14,Solar,229,Thursday,August,7657
11/12/2023,23,0,Wind,316,Sunday,November,11007
11/20/2023,6,7,Wind,324,Monday,November,9818
3/19/2021,1,2,Wind,78,Friday,March,3657
9/22/2025,7,8,Wind,265,Monday,September,9424
2/27/2022,18,19,Wind,58,Sunday,February,4258
11/27/2025,8,9,Wind,331,Thursday,November,8567
9/9/2021,0,1,Wind,252,Thursday,September,2672
3/30/2024,9,10,Wind,90,Saturday,March,5490
6/20/2025,4,5,Wind,171,Friday,June,6244
7/26/2022,9,10,Solar,207,Tuesday,July,3674
2/15/2021,2,3,Wind,46,Monday,February,9873
7/17/2024,4,5,Wind,199,Wednesday,July,1809
4/30/2020,0,1,Wind,121,Thursday,April,6306
5/7/2023,17,18,Solar,127,Sunday,May,5191
3/5/2022,3,4,Wind,64,Saturday,March,2445
12/11/2021,16,17,Wind,345,Saturday,December,2701
1/3/2020,15,16,Wind,3,Friday,January,7760
1/2/2023,1,2,Wind,2,Monday,January,11316
6/21/2025,15,16,Solar,172,Saturday,June,9560
8/29/2025,13,14,Wind,241,Friday,August,17258
5/29/2024,2,3,Wind,150,Wednesday,May,7420
7/21/2023,15,16,Solar,202,Friday,July,9544
8/23/2025,3,4,Wind,235,Saturday,August,1573
6/26/2025,6,7,Wind,177,Thursday,June,6460
3/11/2021,8,9,Wind,70,Thursday,March,14706
10/8/2025,15,16,Solar,281,Wednesday,October,6851
1/13/2021,3,4,Wind,13,Wednesday,January,3280
4/6/2025,13,14,Solar,96,Sunday,April,8583
11/27/2025,12,13,Wind,331,Thursday,November,12336
3/28/2022,22,23,Wind,87,Monday,March,2689
12/31/2024,2,3,Wind,366,Tuesday,December,2381
4/14/2022,21,22,Wind,104,Thursday,April,1870
5/19/2022,22,23,Wind,139,Thursday,May,2542
9/1/2023,17,18,Solar,244,Friday,September,5577
12/8/2020,7,8,Wind,343,Tuesday,December,2356
6/21/2024,7,8,Wind,173,Friday,June,1935
11/24/2021,8,9,Wind,328,Wednesday,November,4414
1/24/2021,12,13,Wind,24,Sunday,January,8088
1/26/2024,14,15,Wind,26,Friday,January,10946
10/20/2020,13,14,Wind,294,Tuesday,October,10409
5/15/2023,17,18,Wind,135,Monday,May,11313
10/8/2022,10,11,Solar,281,Saturday,October,2818
8/16/2023,20,21,Wind,228,Wednesday,August,1998
11/28/2025,20,21,Wind,332,Friday,November,6643
8/21/2020,4,5,Wind,234,Friday,August,7156
3/13/2022,3,4,Wind,72,Sunday,March,10169
4/16/2025,21,22,Wind,106,Wednesday,April,2334
3/29/2025,11,12,Wind,88,Saturday,March,13610
5/15/2021,14,15,Wind,135,Saturday,May,10754
3/10/2023,9,10,Wind,69,Friday,March,18818
2/12/2021,20,21,Wind,43,Friday,February,8741
4/18/2020,16,17,Solar,109,Saturday,April,2674
4/18/2021,13,14,Solar,108,Sunday,April,5674
12/7/2023,13,14,Wind,341,Thursday,December,10631
3/18/2020,8,9,Solar,78,Wednesday,March,1636
10/5/2021,0,1,Wind,278,Tuesday,October,7276
1/15/2023,17,18,Wind,15,Sunday,January,14768
1/15/2022,3,4,Wind,15,Saturday,January,1157
11/18/2025,2,3,Wind,322,Tuesday,November,2859
9/13/2025,4,5,Wind,256,Saturday,September,7286
2/12/2021,1,2,Wind,43,Friday,February,7887
5/27/2024,8,9,Solar,148,Monday,May,2780
10/10/2025,0,1,Wind,283,Friday,October,2867
10/25/2022,20,21,Wind,298,Tuesday,October,6828
9/22/2023,11,12,Wind,265,Friday,September,10275
6/14/2020,16,17,Solar,166,Sunday,June,5312
6/27/2020,16,17,Wind,179,Saturday,June,11405
9/22/2022,9,10,Solar,265,Thursday,September,3149
10/25/2025,9,10,Wind,298,Saturday,October,12226
1/15/2022,6,7,Wind,15,Saturday,January,1431
1/17/2025,16,17,Solar,17,Friday,January,1837
8/18/2024,2,3,Wind,231,Sunday,August,2890
5/11/2024,14,15,Solar,132,Saturday,May,6258
7/8/2024,23,0,Wind,190,Monday,July,4242
1/4/2021,18,19,Wind,4,Monday,January,2789
3/18/2021,3,4,Wind,77,Thursday,March,3457
2/8/2020,13,14,Wind,39,Saturday,February,4506
10/31/2023,20,21,Wind,304,Tuesday,October,9841
2/2/2021,8,9,Wind,33,Tuesday,February,11321
9/3/2022,18,19,Wind,246,Saturday,September,3706
7/27/2025,3,4,Wind,208,Sunday,July,2052
1/16/2020,5,6,Wind,16,Thursday,January,3920
9/6/2022,1,2,Wind,249,Tuesday,September,4064
12/17/2021,14,15,Wind,351,Friday,December,8465
11/2/2022,6,7,Wind,306,Wednesday,November,5999
4/5/2024,14,15,Wind,96,Friday,April,10822
11/20/2023,16,17,Wind,324,Monday,November,11718
9/14/2020,15,16,Solar,258,Monday,September,4979
6/25/2020,21,22,Wind,177,Thursday,June,2348
4/18/2024,3,4,Wind,109,Thursday,April,3710
3/30/2020,19,20,Wind,90,Monday,March,9614
7/10/2023,7,8,Wind,191,Monday,July,1299
6/21/2025,9,10,Solar,172,Saturday,June,6679
4/10/2023,14,15,Wind,100,Monday,April,9241
3/25/2025,19,20,Wind,84,Tuesday,March,3772
5/4/2021,16,17,Wind,124,Tuesday,May,13688
5/16/2022,23,0,Wind,136,Monday,May,889
12/6/2020,17,18,Wind,341,Sunday,December,2011
6/11/2025,23,0,Wind,162,Wednesday,June,8570
1/2/2021,19,20,Wind,2,Saturday,January,1789
2/23/2022,1,2,Wind,54,Wednesday,February,3525
10/6/2022,17,18,Solar,279,Thursday,October,2401
5/1/2022,17,18,Solar,121,Sunday,May,4686
11/23/2025,21,22,Wind,327,Sunday,November,7207
11/23/2024,6,7,Wind,328,Saturday,November,12111
1/26/2023,5,6,Wind,26,Thursday,January,1801
1/25/2022,5,6,Wind,25,Tuesday,January,404
5/21/2025,17,18,Wind,141,Wednesday,May,6937
2/10/2021,13,14,Wind,41,Wednesday,February,8405
5/31/2020,3,4,Wind,152,Sunday,May,5099
12/30/2021,1,2,Wind,364,Thursday,December,9909
2/20/2020,22,23,Wind,51,Thursday,February,8229
6/30/2023,8,9,Wind,181,Friday,June,3126
4/22/2020,19,20,Wind,113,Wednesday,April,2344
2/28/2021,7,8,Wind,59,Sunday,February,6995
1/28/2025,22,23,Wind,28,Tuesday,January,18821
12/27/2023,2,3,Wind,361,Wednesday,December,5350
9/20/2025,20,21,Wind,263,Saturday,September,9395
7/23/2024,18,19,Wind,205,Tuesday,July,9449
2/9/2021,21,22,Wind,40,Tuesday,February,8178
8/22/2024,2,3,Wind,235,Thursday,August,1728
12/13/2023,16,17,Wind,347,Wednesday,December,7721
8/12/2023,2,3,Wind,224,Saturday,August,1504
3/30/2025,7,8,Wind,89,Sunday,March,7623
1/6/2021,8,9,Wind,6,Wednesday,January,979
4/29/2023,18,19,Wind,119,Saturday,April,3616
1/15/2021,2,3,Wind,15,Friday,January,8271
6/1/2021,6,7,Wind,152,Tuesday,June,5240
11/6/2025,16,17,Wind,310,Thursday,November,2559
8/29/2025,20,21,Wind,241,Friday,August,7557
9/4/2023,12,13,Solar,247,Monday,September,10434
1/25/2024,5,6,Wind,25,Thursday,January,2298
1/10/2024,23,0,Wind,10,Wednesday,January,4841
1/26/2023,11,12,Wind,26,Thursday,January,5924
8/16/2025,5,6,Wind,228,Saturday,August,7107
5/20/2021,7,8,Wind,140,Thursday,May,1629
4/21/2023,22,23,Wind,111,Friday,April,3292
10/24/2022,4,5,Wind,297,Monday,October,12101
9/24/2022,15,16,Solar,267,Saturday,September,4708
9/30/2025,7,8,Wind,273,Tuesday,September,1864
2/28/2024,8,9,Wind,59,Wednesday,February,2877
1/14/2024,8,9,Wind,14,Sunday,January,1027
1/12/2022,1,2,Wind,12,Wednesday,January,2218
10/6/2022,10,11,Solar,279,Thursday,October,3189
11/22/2023,19,20,Wind,326,Wednesday,November,4238
5/25/2024,10,11,Solar,146,Saturday,May,5804
12/20/2024,12,13,Wind,355,Friday,December,9370
10/5/2023,1,2,Wind,278,Thursday,October,1497
10/21/2021,3,4,Wind,294,Thursday,October,12333
12/16/2021,21,22,Wind,350,Thursday,December,5546
9/23/2021,21,22,Wind,266,Thursday,September,1144
12/18/2023,13,14,Solar,352,Monday,December,5455
9/11/2021,10,11,Solar,254,Saturday,September,3923
5/2/2023,15,16,Solar,122,Tuesday,May,9192
6/20/2022,5,6,Wind,171,Monday,June,3499
6/9/2021,22,23,Wind,160,Wednesday,June,1459
1/18/2022,10,11,Wind,18,Tuesday,January,4603
11/29/2022,9,10,Wind,333,Tuesday,November,1754
4/18/2023,20,21,Wind,108,Tuesday,April,6696
10/23/2024,10,11,Solar,297,Wednesday,October,4550
7/1/2021,3,4,Wind,182,Thursday,July,757
4/9/2023,11,12,Solar,99,Sunday,April,6733
1/7/2022,12,13,Wind,7,Friday,January,11723
1/4/2021,11,12,Wind,4,Monday,January,2394
11/23/2024,23,0,Wind,328,Saturday,November,18704
5/4/2020,17,18,Wind,125,Monday,May,4712
11/17/2025,13,14,Wind,321,Monday,November,12989
12/15/2024,1,2,Wind,350,Sunday,December,4474
9/17/2022,9,10,Wind,260,Saturday,September,6322
11/27/2025,16,17,Wind,331,Thursday,November,8367
6/27/2024,15,16,Solar,179,Thursday,June,10273
2/6/2024,8,9,Wind,37,Tuesday,February,12348
1/10/2025,5,6,Wind,10,Friday,January,3418
3/19/2025,8,9,Wind,78,Wednesday,March,9711
7/14/2023,17,18,Wind,195,Friday,July,15799
8/21/2021,13,14,Solar,233,Saturday,August,5635
4/2/2020,21,22,Wind,93,Thursday,April,3165
7/23/2021,16,17,Wind,204,Friday,July,7633
9/11/2023,2,3,Wind,254,Monday,September,1746
6/4/2022,22,23,Wind,155,Saturday,June,3661
3/20/2025,10,11,Wind,79,Thursday,March,9849
1/16/2024,11,12,Solar,16,Tuesday,January,3276
10/9/2021,1,2,Wind,282,Saturday,October,4310
1/4/2021,23,0,Wind,4,Monday,January,2893
1/10/2025,8,9,Wind,10,Friday,January,4267
10/7/2021,12,13,Solar,280,Thursday,October,5782
11/19/2022,23,0,Wind,323,Saturday,November,3793
5/7/2025,15,16,Wind,127,Wednesday,May,11074
10/17/2025,9,10,Wind,290,Friday,October,6086
9/26/2022,0,1,Wind,269,Monday,September,1588
3/8/2022,3,4,Wind,67,Tuesday,March,7900
9/13/2020,7,8,Wind,257,Sunday,September,986
3/7/2020,20,21,Wind,67,Saturday,March,5237
3/15/2023,16,17,Solar,74,Wednesday,March,4875
4/18/2023,15,16,Wind,108,Tuesday,April,11374
3/12/2023,6,7,Wind,71,Sunday,March,8029
3/19/2021,22,23,Wind,78,Friday,March,6701
2/1/2024,17,18,Wind,32,Thursday,February,2308
3/2/2020,8,9,Wind,62,Monday,March,5326
10/13/2021,21,22,Wind,286,Wednesday,October,2278
5/27/2021,22,23,Wind,147,Thursday,May,2162
12/24/2024,14,15,Wind,359,Tuesday,December,4233
10/31/2020,6,7,Wind,305,Saturday,October,4650
9/5/2020,6,7,Wind,249,Saturday,September,2802
4/20/2021,0,1,Wind,110,Tuesday,April,925
5/29/2022,8,9,Wind,149,Sunday,May,5334
6/11/2024,0,1,Wind,163,Tuesday,June,2412
2/26/2024,12,13,Wind,57,Monday,February,13521
8/4/2025,11,12,Solar,216,Monday,August,10906
4/26/2025,9,10,Solar,116,Saturday,April,5651
2/17/2021,4,5,Wind,48,Wednesday,February,7667
7/18/2021,9,10,Wind,199,Sunday,July,5324
5/4/2024,11,12,Wind,125,Saturday,May,8405
7/16/2025,22,23,Wind,197,Wednesday,July,2982
8/25/2020,18,19,Wind,238,Tuesday,August,12079
12/26/2020,22,23,Wind,361,Saturday,December,11599
8/15/2021,4,5,Wind,227,Sunday,August,876
12/29/2022,10,11,Wind,363,Thursday,December,13974
9/27/2021,17,18,Wind,270,Monday,September,8144
3/16/2024,17,18,Wind,76,Saturday,March,2788
4/7/2021,5,6,Wind,97,Wednesday,April,4371
5/17/2021,10,11,Wind,137,Monday,May,13975
12/16/2021,18,19,Wind,350,Thursday,December,4445
10/2/2022,22,23,Wind,275,Sunday,October,1490
10/16/2020,17,18,Wind,290,Friday,October,2254
7/31/2025,8,9,Solar,212,Thursday,July,4016
6/16/2024,1,2,Wind,168,Sunday,June,8226
1/25/2022,20,21,Wind,25,Tuesday,January,237
1/20/2024,11,12,Solar,20,Saturday,January,6340
4/20/2024,12,13,Solar,111,Saturday,April,13619
9/27/2020,12,13,Wind,271,Sunday,September,13618
10/6/2022,0,1,Wind,279,Thursday,October,5326
12/8/2020,1,2,Wind,343,Tuesday,December,3398
7/20/2020,11,12,Solar,202,Monday,July,5721
2/21/2020,6,7,Wind,52,Friday,February,3708
1/3/2020,1,2,Wind,3,Friday,January,7361
7/3/2020,7,8,Wind,185,Friday,July,2428
8/20/2021,19,20,Solar,232,Friday,August,995
1/8/2021,9,10,Wind,8,Friday,January,1402
8/15/2020,22,23,Wind,228,Saturday,August,1363
10/17/2024,20,21,Wind,291,Thursday,October,3910
1/11/2024,1,2,Wind,11,Thursday,January,4946
4/16/2020,5,6,Wind,107,Thursday,April,4291
5/4/2024,6,7,Wind,125,Saturday,May,1902
8/5/2021,22,23,Wind,217,Thursday,August,7691
1/23/2024,4,5,Wind,23,Tuesday,January,11209
2/5/2022,6,7,Wind,36,Saturday,February,3641
9/4/2020,10,11,Solar,248,Friday,September,3321
4/7/2020,23,0,Wind,98,Tuesday,April,3406
1/18/2023,15,16,Wind,18,Wednesday,January,5764
7/2/2022,1,2,Wind,183,Saturday,July,668
9/19/2025,22,23,Wind,262,Friday,September,7000
8/15/2020,3,4,Wind,228,Saturday,August,393
9/27/2020,21,22,Wind,271,Sunday,September,5720
1/22/2021,13,14,Wind,22,Friday,January,4009
1/8/2023,21,22,Wind,8,Sunday,January,11918
12/29/2021,22,23,Wind,363,Wednesday,December,10719
4/26/2021,6,7,Wind,116,Monday,April,8272
11/23/2023,21,22,Wind,327,Thursday,November,8465
8/18/2021,19,20,Wind,230,Wednesday,August,2976
3/28/2021,22,23,Wind,87,Sunday,March,3320
9/8/2020,21,22,Wind,252,Tuesday,September,606
10/16/2021,5,6,Wind,289,Saturday,October,1565
1/6/2020,1,2,Wind,6,Monday,January,2400
9/24/2021,2,3,Wind,267,Friday,September,720
2/18/2023,4,5,Wind,49,Saturday,February,6707
3/3/2022,16,17,Solar,62,Thursday,March,2061
7/21/2020,23,0,Wind,203,Tuesday,July,5565
11/9/2020,7,8,Wind,314,Monday,November,2662
6/9/2025,9,10,Solar,160,Monday,June,5383
1/4/2025,11,12,Wind,4,Saturday,January,5288
4/25/2023,17,18,Solar,115,Tuesday,April,4466
5/30/2021,14,15,Solar,150,Sunday,May,6365
7/18/2025,14,15,Solar,199,Friday,July,8905
5/10/2025,16,17,Wind,130,Saturday,May,5415
3/1/2025,3,4,Wind,60,Saturday,March,6809
12/20/2020,21,22,Wind,355,Sunday,December,5696
3/31/2025,16,17,Solar,90,Monday,March,12098
6/29/2021,22,23,Wind,180,Tuesday,June,2100
9/14/2023,22,23,Wind,257,Thursday,September,2538
7/1/2020,21,22,Wind,183,Wednesday,July,3184
6/20/2022,21,22,Wind,171,Monday,June,4940
11/10/2023,17,18,Wind,314,Friday,November,16120
7/27/2024,16,17,Solar,209,Saturday,July,5523
3/14/2025,20,21,Wind,73,Friday,March,8603
11/27/2022,13,14,Wind,331,Sunday,November,7851
4/15/2025,8,9,Wind,105,Tuesday,April,6043
10/25/2021,21,22,Wind,298,Monday,October,3265
9/26/2022,17,18,Wind,269,Monday,September,12079
8/18/2023,5,6,Wind,230,Friday,August,1870
12/13/2023,17,18,Wind,347,Wednesday,December,8053
12/4/2024,20,21,Wind,339,Wednesday,December,5155
12/25/2023,6,7,Wind,359,Monday,December,8778
2/28/2024,5,6,Wind,59,Wednesday,February,2629
5/29/2022,13,14,Solar,149,Sunday,May,9341
7/5/2020,14,15,Wind,187,Sunday,July,10461
11/29/2025,12,13,Wind,333,Saturday,November,16180
1/20/2024,22,23,Wind,20,Saturday,January,10442
6/28/2023,21,22,Wind,179,Wednesday,June,1470
1/2/2023,17,18,Wind,2,Monday,January,4489
8/20/2023,12,13,Solar,232,Sunday,August,6873
8/1/2020,0,1,Wind,214,Saturday,August,2846
6/4/2024,20,21,Wind,156,Tuesday,June,5312
9/5/2021,16,17,Solar,248,Sunday,September,3939
7/6/2024,8,9,Wind,188,Saturday,July,12647
6/8/2024,13,14,Solar,160,Saturday,June,4316
10/1/2022,9,10,Wind,274,Saturday,October,11074
7/6/2022,15,16,Solar,187,Wednesday,July,7955
4/5/2020,8,9,Wind,96,Sunday,April,7702
4/22/2021,13,14,Solar,112,Thursday,April,8561
3/8/2024,9,10,Wind,68,Friday,March,9675
2/9/2023,15,16,Solar,40,Thursday,February,3603
10/22/2022,8,9,Wind,295,Saturday,October,3972
10/15/2024,5,6,Wind,289,Tuesday,October,3345
12/23/2023,23,0,Wind,357,Saturday,December,14365
12/21/2023,21,22,Wind,355,Thursday,December,16935
9/30/2022,6,7,Wind,273,Friday,September,1220
5/3/2025,20,21,Wind,123,Saturday,May,3958
10/10/2021,4,5,Wind,283,Sunday,October,1449
3/27/2021,5,6,Wind,86,Saturday,March,9260
1/23/2021,10,11,Wind,23,Saturday,January,6969
10/29/2020,19,20,Wind,303,Thursday,October,7240
9/28/2024,12,13,Solar,272,Saturday,September,8841
3/1/2024,19,20,Wind,61,Friday,March,14134
12/7/2022,10,11,Wind,341,Wednesday,December,3623
7/10/2022,7,8,Wind,191,Sunday,July,3888
10/25/2020,7,8,Wind,299,Sunday,October,8284
7/3/2022,4,5,Wind,184,Sunday,July,1267
2/18/2023,3,4,Wind,49,Saturday,February,6451
2/26/2023,5,6,Wind,57,Sunday,February,10780
9/27/2025,4,5,Wind,270,Saturday,September,377
7/30/2025,5,6,Wind,211,Wednesday,July,1297
10/6/2021,10,11,Wind,279,Wednesday,October,10182
1/26/2020,7,8,Wind,26,Sunday,January,2330
11/5/2023,5,6,Wind,309,Sunday,November,15176
7/6/2023,19,20,Solar,187,Thursday,July,1852
8/11/2023,0,1,Wind,223,Friday,August,2044
7/28/2025,18,19,Wind,209,Monday,July,8298
11/27/2022,11,12,Wind,331,Sunday,November,8885
4/11/2021,7,8,Wind,101,Sunday,April,5645
11/6/2023,8,9,Wind,310,Monday,November,11452
7/15/2024,4,5,Wind,197,Monday,July,1419
4/3/2022,0,1,Wind,93,Sunday,April,4786
11/3/2020,12,13,Wind,308,Tuesday,November,8638
12/27/2023,11,12,Wind,361,Wednesday,December,13414
5/20/2021,19,20,Wind,140,Thursday,May,8631
1/11/2020,11,12,Wind,11,Saturday,January,5877
3/3/2022,9,10,Solar,62,Thursday,March,2468
6/29/2020,6,7,Wind,181,Monday,June,2767
10/2/2023,12,13,Solar,275,Monday,October,8123
12/5/2021,10,11,Wind,339,Sunday,December,8046
10/6/2020,15,16,Wind,280,Tuesday,October,12541
1/19/2023,12,13,Wind,19,Thursday,January,4261
3/22/2021,8,9,Wind,81,Monday,March,4431
9/26/2022,15,16,Wind,269,Monday,September,15202
1/20/2023,15,16,Wind,20,Friday,January,6413
3/12/2021,19,20,Wind,71,Friday,March,12434
6/22/2020,7,8,Wind,174,Monday,June,1676
1/27/2022,6,7,Wind,27,Thursday,January,3007
10/19/2022,10,11,Wind,292,Wednesday,October,8295
4/10/2022,8,9,Wind,100,Sunday,April,2961
7/21/2021,10,11,Solar,202,Wednesday,July,3606
8/31/2023,4,5,Wind,243,Thursday,August,2696
3/12/2020,20,21,Wind,72,Thursday,March,8207
12/14/2024,17,18,Wind,349,Saturday,December,4306
4/24/2025,19,20,Wind,114,Thursday,April,5635
9/26/2024,20,21,Wind,270,Thursday,September,15706
9/28/2024,20,21,Wind,272,Saturday,September,1026
11/10/2022,16,17,Wind,314,Thursday,November,3352
4/21/2025,4,5,Wind,111,Monday,April,4221
12/30/2022,16,17,Wind,364,Friday,December,16355
11/18/2023,21,22,Wind,322,Saturday,November,12763
4/22/2025,19,20,Wind,112,Tuesday,April,3727
12/2/2024,0,1,Wind,337,Monday,December,7815
3/6/2022,16,17,Wind,65,Sunday,March,8951
4/3/2021,19,20,Wind,93,Saturday,April,9524
5/23/2021,13,14,Wind,143,Sunday,May,9422
3/22/2020,20,21,Wind,82,Sunday,March,9418
3/31/2020,15,16,Wind,91,Tuesday,March,10937
5/3/2022,14,15,Solar,123,Tuesday,May,6311
10/22/2020,21,22,Wind,296,Thursday,October,3016
3/15/2024,1,2,Wind,75,Friday,March,10820
10/13/2023,8,9,Wind,286,Friday,October,12710
5/21/2020,12,13,Solar,142,Thursday,May,4269
10/26/2021,23,0,Wind,299,Tuesday,October,3510
3/18/2025,21,22,Wind,77,Tuesday,March,10634
11/26/2023,18,19,Wind,330,Sunday,November,3227
7/31/2025,14,15,Solar,212,Thursday,July,12024
10/5/2025,0,1,Wind,278,Sunday,October,14504
5/14/2023,20,21,Wind,134,Sunday,May,4053
9/2/2021,19,20,Wind,245,Thursday,September,4286
7/5/2024,22,23,Wind,187,Friday,July,3920
9/18/2020,6,7,Wind,262,Friday,September,6206
6/7/2020,15,16,Solar,159,Sunday,June,4201
12/21/2022,18,19,Wind,355,Wednesday,December,11572
2/23/2021,9,10,Wind,54,Tuesday,February,8270
4/28/2021,3,4,Wind,118,Wednesday,April,1085
10/21/2025,7,8,Wind,294,Tuesday,October,10843
10/16/2022,14,15,Solar,289,Sunday,October,7380
6/10/2024,2,3,Wind,162,Monday,June,4764
1/5/2022,16,17,Wind,5,Wednesday,January,4488
2/21/2023,13,14,Solar,52,Tuesday,February,4033
3/3/2020,8,9,Wind,63,Tuesday,March,3689
4/1/2024,12,13,Wind,92,Monday,April,15400
4/14/2023,16,17,Wind,104,Friday,April,11935
6/9/2023,0,1,Wind,160,Friday,June,5027
2/20/2023,17,18,Wind,51,Monday,February,2158
11/19/2024,5,6,Wind,324,Tuesday,November,17294
7/26/2025,22,23,Wind,207,Saturday,July,3525
11/20/2024,7,8,Wind,325,Wednesday,November,5558
9/26/2023,16,17,Solar,269,Tuesday,September,5214
9/25/2020,8,9,Wind,269,Friday,September,9832
2/13/2020,7,8,Wind,44,Thursday,February,12480
11/24/2021,21,22,Wind,328,Wednesday,November,1974
10/23/2023,22,23,Wind,296,Monday,October,4492
10/22/2020,1,2,Wind,296,Thursday,October,6104
6/7/2025,12,13,Wind,158,Saturday,June,15518
5/27/2022,19,20,Wind,147,Friday,May,4617
5/2/2020,17,18,Wind,123,Saturday,May,4734
4/30/2025,14,15,Solar,120,Wednesday,April,5917
12/7/2024,11,12,Wind,342,Saturday,December,21099
4/20/2022,12,13,Wind,110,Wednesday,April,5586
11/11/2023,21,22,Wind,315,Saturday,November,4496
1/1/2023,8,9,Wind,1,Sunday,January,8785
6/14/2025,20,21,Wind,165,Saturday,June,3073
3/5/2023,9,10,Solar,64,Sunday,March,3932
4/17/2024,11,12,Solar,108,Wednesday,April,9877
11/20/2024,6,7,Wind,325,Wednesday,November,5708
1/8/2024,15,16,Wind,8,Monday,January,9400
1/9/2023,16,17,Wind,9,Monday,January,14394
3/26/2024,13,14,Wind,86,Tuesday,March,6648
12/15/2024,6,7,Wind,350,Sunday,December,5059
5/17/2023,23,0,Wind,137,Wednesday,May,8115
3/23/2024,14,15,Wind,83,Saturday,March,13269
10/29/2025,13,14,Wind,302,Wednesday,October,8722
1/21/2020,10,11,Wind,21,Tuesday,January,3120
4/1/2020,14,15,Solar,92,Wednesday,April,4969
7/28/2021,10,11,Wind,209,Wednesday,July,6479
8/23/2020,2,3,Wind,236,Sunday,August,4705
8/18/2022,20,21,Wind,230,Thursday,August,3869
3/1/2022,22,23,Wind,60,Tuesday,March,2574
11/27/2023,0,1,Wind,331,Monday,November,6195
12/31/2022,20,21,Wind,365,Saturday,December,16494
7/26/2025,20,21,Wind,207,Saturday,July,5936
4/27/2022,7,8,Wind,117,Wednesday,April,5655
5/5/2020,4,5,Wind,126,Tuesday,May,5205
2/14/2021,13,14,Wind,45,Sunday,February,10449
1/28/2020,12,13,Wind,28,Tuesday,January,13941
7/18/2022,6,7,Wind,199,Monday,July,3476
10/30/2021,14,15,Wind,303,Saturday,October,8685
6/2/2023,21,22,Wind,153,Friday,June,6335
12/23/2023,6,7,Wind,357,Saturday,December,13686
3/10/2020,20,21,Wind,70,Tuesday,March,11230
11/27/2020,3,4,Wind,332,Friday,November,1636
1/3/2023,21,22,Wind,3,Tuesday,January,12963
7/31/2024,20,21,Wind,213,Wednesday,July,1821
1/22/2020,0,1,Wind,22,Wednesday,January,3282
8/24/2021,1,2,Wind,236,Tuesday,August,5130
8/15/2021,17,18,Wind,227,Sunday,August,8493
9/12/2025,23,0,Wind,255,Friday,September,6106
4/7/2023,4,5,Wind,97,Friday,April,2181
4/22/2020,3,4,Wind,113,Wednesday,April,4783
12/15/2022,6,7,Wind,349,Thursday,December,4615
10/24/2020,19,20,Wind,298,Saturday,October,11524
12/26/2024,4,5,Wind,361,Thursday,December,2761
2/10/2023,9,10,Solar,41,Friday,February,3262
8/8/2024,17,18,Solar,221,Thursday,August,7862
6/20/2020,13,14,Solar,172,Saturday,June,4277
5/5/2021,6,7,Wind,125,Wednesday,May,7204
3/26/2025,17,18,Wind,85,Wednesday,March,4851
2/18/2020,19,20,Wind,49,Tuesday,February,8698
4/29/2023,5,6,Wind,119,Saturday,April,1345
7/26/2021,18,19,Wind,207,Monday,July,5211
3/4/2021,8,9,Wind,63,Thursday,March,1365
4/1/2025,2,3,Wind,91,Tuesday,April,10696
4/16/2025,16,17,Solar,106,Wednesday,April,6754
12/4/2022,19,20,Wind,338,Sunday,December,1172
2/16/2025,9,10,Wind,47,Sunday,February,6111
4/18/2024,13,14,Solar,109,Thursday,April,8602
5/18/2021,22,23,Wind,138,Tuesday,May,3092
10/17/2021,8,9,Wind,290,Sunday,October,2107
9/7/2022,9,10,Wind,250,Wednesday,September,4141
5/11/2024,20,21,Wind,132,Saturday,May,2966
3/15/2022,20,21,Wind,74,Tuesday,March,3429
3/11/2021,7,8,Wind,70,Thursday,March,14567
4/8/2025,8,9,Wind,98,Tuesday,April,3478
3/19/2024,13,14,Solar,79,Tuesday,March,7662
1/24/2020,18,19,Wind,24,Friday,January,380
3/19/2021,19,20,Wind,78,Friday,March,7453
10/14/2020,9,10,Wind,288,Wednesday,October,3643
10/25/2023,21,22,Wind,298,Wednesday,October,6703
8/3/2025,3,4,Wind,215,Sunday,August,1999
3/20/2024,10,11,Solar,80,Wednesday,March,6324
8/4/2022,5,6,Wind,216,Thursday,August,1330
11/17/2024,10,11,Wind,322,Sunday,November,5905
2/19/2021,11,12,Wind,50,Friday,February,8097
3/21/2025,4,5,Wind,80,Friday,March,9299
6/13/2025,3,4,Wind,164,Friday,June,1931
2/19/2025,1,2,Wind,50,Wednesday,February,10633
8/8/2023,16,17,Solar,220,Tuesday,August,9255
2/15/2022,19,20,Wind,46,Tuesday,February,13627
9/5/2021,5,6,Wind,248,Sunday,September,340
9/28/2023,23,0,Wind,271,Thursday,September,5564
4/7/2023,2,3,Wind,97,Friday,April,2171
11/10/2021,22,23,Wind,314,Wednesday,November,1028
5/30/2020,2,3,Wind,151,Saturday,May,4665
1/16/2021,10,11,Wind,16,Saturday,January,5561
11/24/2020,13,14,Wind,329,Tuesday,November,4398
7/13/2020,10,11,Solar,195,Monday,July,3495
12/7/2022,6,7,Wind,341,Wednesday,December,2331
1/3/2025,2,3,Wind,3,Friday,January,2500
3/9/2023,23,0,Wind,68,Thursday,March,15725
7/22/2022,8,9,Wind,203,Friday,July,2945
9/11/2025,12,13,Wind,254,Thursday,September,10980
12/14/2024,20,21,Wind,349,Saturday,December,4767
6/26/2023,10,11,Solar,177,Monday,June,7395
12/17/2022,3,4,Wind,351,Saturday,December,2325
1/11/2025,16,17,Wind,11,Saturday,January,3141
3/26/2025,5,6,Wind,85,Wednesday,March,2345
8/22/2022,12,13,Solar,234,Monday,August,5703
9/10/2025,18,19,Wind,253,Wednesday,September,9749
12/11/2021,5,6,Wind,345,Saturday,December,6332
8/19/2020,6,7,Wind,232,Wednesday,August,2277
1/28/2025,1,2,Wind,28,Tuesday,January,17888
7/20/2021,14,15,Solar,201,Tuesday,July,6790
6/26/2024,21,22,Wind,178,Wednesday,June,1045
11/8/2023,20,21,Wind,312,Wednesday,November,14680
5/5/2021,8,9,Wind,125,Wednesday,May,7470
3/17/2020,18,19,Wind,77,Tuesday,March,338
7/4/2020,4,5,Wind,186,Saturday,July,4978
5/15/2020,8,9,Wind,136,Friday,May,5073
1/28/2020,15,16,Wind,28,Tuesday,January,12746
7/22/2020,5,6,Wind,204,Wednesday,July,4292
11/27/2025,15,16,Wind,331,Thursday,November,9902
5/17/2022,23,0,Wind,137,Tuesday,May,3455
12/17/2020,1,2,Wind,352,Thursday,December,6748
10/24/2023,12,13,Wind,297,Tuesday,October,8425
4/11/2021,16,17,Wind,101,Sunday,April,8024
4/5/2023,21,22,Wind,95,Wednesday,April,1288
1/19/2022,10,11,Wind,19,Wednesday,January,3350
8/31/2022,6,7,Wind,243,Wednesday,August,2011
1/17/2022,5,6,Wind,17,Monday,January,1263
4/25/2023,6,7,Wind,115,Tuesday,April,3120
11/13/2023,7,8,Wind,317,Monday,November,14512
10/16/2021,19,20,Wind,289,Saturday,October,722
8/20/2021,15,16,Solar,232,Friday,August,4911
1/26/2021,9,10,Wind,26,Tuesday,January,4795
3/15/2022,17,18,Wind,74,Tuesday,March,2973
6/6/2024,11,12,Solar,158,Thursday,June,7091
1/25/2021,10,11,Wind,25,Monday,January,4623
4/24/2021,7,8,Wind,114,Saturday,April,7049
1/24/2021,22,23,Wind,24,Sunday,January,6319
11/27/2024,6,7,Wind,332,Wednesday,November,13710
1/3/2024,16,17,Wind,3,Wednesday,January,18273
3/24/2021,0,1,Wind,83,Wednesday,March,1503
11/8/2021,13,14,Solar,312,Monday,November,4680
11/7/2022,0,1,Wind,311,Monday,November,11055
7/1/2024,23,0,Wind,183,Monday,July,3831
1/10/2020,1,2,Wind,10,Friday,January,9074
6/27/2022,10,11,Solar,178,Monday,June,4959
9/29/2024,17,18,Wind,273,Sunday,September,9717
10/8/2022,20,21,Wind,281,Saturday,October,1733
6/22/2023,1,2,Wind,173,Thursday,June,3148
8/21/2021,17,18,Wind,233,Saturday,August,5204
12/5/2020,10,11,Wind,340,Saturday,December,6207
6/23/2024,7,8,Wind,175,Sunday,June,2726
6/29/2020,8,9,Wind,181,Monday,June,3713
5/1/2021,20,21,Wind,121,Saturday,May,3124
11/5/2020,15,16,Wind,310,Thursday,November,6665
8/17/2023,16,17,Solar,229,Thursday,August,6755
11/1/2020,1,2,Wind,306,Sunday,November,5170
7/9/2021,17,18,Solar,190,Friday,July,3952
5/3/2025,1,2,Wind,123,Saturday,May,6886
4/29/2024,23,0,Wind,120,Monday,April,3135
11/24/2020,18,19,Wind,329,Tuesday,November,5470
12/31/2024,21,22,Wind,366,Tuesday,December,9919
5/21/2025,0,1,Wind,141,Wednesday,May,4831
5/25/2024,1,2,Wind,146,Saturday,May,565
6/22/2023,22,23,Wind,173,Thursday,June,3817
11/27/2025,17,18,Wind,331,Thursday,November,8280
1/20/2025,8,9,Wind,20,Monday,January,1745
5/12/2023,1,2,Wind,132,Friday,May,2682
11/14/2021,13,14,Wind,318,Sunday,November,4908
1/4/2020,0,1,Wind,4,Saturday,January,3443
12/19/2020,20,21,Wind,354,Saturday,December,6753
7/10/2020,20,21,Wind,192,Friday,July,3782
5/26/2024,17,18,Wind,147,Sunday,May,8953
6/13/2021,8,9,Solar,164,Sunday,June,2756
12/23/2022,13,14,Wind,357,Friday,December,17088
11/27/2023,10,11,Wind,331,Monday,November,11998
9/20/2021,23,0,Wind,263,Monday,September,3554
3/24/2023,1,2,Wind,83,Friday,March,13481
7/25/2025,19,20,Wind,206,Friday,July,5125
1/3/2021,15,16,Wind,3,Sunday,January,2417
8/13/2023,4,5,Wind,225,Sunday,August,834
6/19/2025,11,12,Solar,170,Thursday,June,5199
2/14/2024,23,0,Wind,45,Wednesday,February,8392
12/25/2023,17,18,Wind,359,Monday,December,12132
4/30/2023,22,23,Wind,120,Sunday,April,1778
9/24/2022,22,23,Wind,267,Saturday,September,2982
6/20/2020,6,7,Wind,172,Saturday,June,522
6/12/2021,13,14,Solar,163,Saturday,June,5082
9/8/2022,21,22,Wind,251,Thursday,September,5374
8/3/2023,23,0,Wind,215,Thursday,August,3234
12/26/2020,2,3,Wind,361,Saturday,December,3151
7/11/2022,14,15,Solar,192,Monday,July,9226
2/27/2023,17,18,Wind,58,Monday,February,14846
7/22/2020,19,20,Wind,204,Wednesday,July,1869
6/6/2021,6,7,Wind,157,Sunday,June,1912
1/31/2023,16,17,Wind,31,Tuesday,January,6864
12/17/2021,19,20,Wind,351,Friday,December,8397
7/6/2020,5,6,Wind,188,Monday,July,5078
10/29/2023,8,9,Wind,302,Sunday,October,13805
7/18/2025,22,23,Wind,199,Friday,July,3159
1/30/2025,3,4,Wind,30,Thursday,January,6249
11/28/2020,5,6,Wind,333,Saturday,November,3494
12/25/2023,2,3,Wind,359,Monday,December,9136
6/3/2024,19,20,Wind,155,Monday,June,3482
12/30/2023,8,9,Wind,364,Saturday,December,7495
7/16/2020,20,21,Wind,198,Thursday,July,2083
9/30/2020,23,0,Wind,274,Wednesday,September,4594
3/26/2020,5,6,Wind,86,Thursday,March,6838
10/27/2024,15,16,Solar,301,Sunday,October,2439
9/9/2020,6,7,Wind,253,Wednesday,September,855
1/12/2021,4,5,Wind,12,Tuesday,January,12098
10/10/2025,8,9,Wind,283,Friday,October,3118
10/14/2023,15,16,Wind,287,Saturday,October,6861
3/5/2021,6,7,Wind,64,Friday,March,3494
12/5/2024,21,22,Wind,340,Thursday,December,18362
1/15/2025,17,18,Wind,15,Wednesday,January,2945
4/25/2022,17,18,Solar,115,Monday,April,5902
7/21/2025,7,8,Wind,202,Monday,July,11701
1/7/2025,2,3,Wind,7,Tuesday,January,15710
10/19/2024,4,5,Wind,293,Saturday,October,5402
12/24/2022,2,3,Wind,358,Saturday,December,9708
3/31/2023,20,21,Wind,90,Friday,March,17510
10/21/2020,3,4,Wind,295,Wednesday,October,9073
11/14/2024,11,12,Solar,319,Thursday,November,6523
7/12/2024,9,10,Wind,194,Friday,July,5928
5/12/2021,15,16,Solar,132,Wednesday,May,5361
1/28/2022,18,19,Wind,28,Friday,January,2453
12/6/2022,13,14,Solar,340,Tuesday,December,3228
6/26/2021,20,21,Wind,177,Saturday,June,1439
12/5/2023,2,3,Wind,339,Tuesday,December,13420
12/24/2021,15,16,Wind,358,Friday,December,2655
11/17/2025,8,9,Wind,321,Monday,November,8436
5/15/2020,13,14,Wind,136,Friday,May,7485
2/11/2025,2,3,Wind,42,Tuesday,February,4829
2/21/2024,13,14,Wind,52,Wednesday,February,15261
1/12/2020,13,14,Wind,12,Sunday,January,8785
5/13/2022,0,1,Wind,133,Friday,May,2469
7/13/2025,13,14,Solar,194,Sunday,July,10175
8/31/2024,2,3,Wind,244,Saturday,August,4778
5/4/2023,0,1,Wind,124,Thursday,May,10162
7/19/2023,9,10,Wind,200,Wednesday,July,5973
5/14/2023,19,20,Wind,134,Sunday,May,5302
10/30/2022,2,3,Wind,303,Sunday,October,3107
12/10/2020,16,17,Wind,345,Thursday,December,2738
12/7/2024,13,14,Wind,342,Saturday,December,21214
10/7/2020,15,16,Wind,281,Wednesday,October,9056
11/10/2024,6,7,Wind,315,Sunday,November,840
9/2/2025,18,19,Wind,245,Tuesday,September,13971
8/21/2023,5,6,Wind,233,Monday,August,1947
10/23/2020,9,10,Wind,297,Friday,October,2481
8/25/2022,6,7,Wind,237,Thursday,August,2802
7/19/2021,6,7,Wind,200,Monday,July,4308
2/3/2025,22,23,Wind,34,Monday,February,1873
6/7/2022,16,17,Wind,158,Tuesday,June,10722
10/17/2021,16,17,Solar,290,Sunday,October,3605
12/22/2021,14,15,Wind,356,Wednesday,December,4444
1/6/2021,16,17,Wind,6,Wednesday,January,928
5/5/2023,3,4,Wind,125,Friday,May,2913
9/28/2025,3,4,Wind,271,Sunday,September,1903
5/4/2020,8,9,Solar,125,Monday,May,1817
7/31/2025,1,2,Wind,212,Thursday,July,2555
4/3/2025,4,5,Wind,93,Thursday,April,10182
8/22/2022,14,15,Solar,234,Monday,August,6238
8/21/2024,9,10,Solar,234,Wednesday,August,5444
8/19/2023,7,8,Wind,231,Saturday,August,3194
2/22/2025,17,18,Wind,53,Saturday,February,5768
3/15/2021,6,7,Wind,74,Monday,March,10222
6/11/2024,12,13,Solar,163,Tuesday,June,8251
7/7/2025,21,22,Wind,188,Monday,July,5942
6/15/2022,7,8,Wind,166,Wednesday,June,2431
4/21/2025,7,8,Wind,111,Monday,April,3970
3/26/2023,23,0,Wind,85,Sunday,March,8886
9/27/2024,4,5,Wind,271,Friday,September,8783
12/20/2021,12,13,Wind,354,Monday,December,5081
10/22/2024,12,13,Solar,296,Tuesday,October,4823
2/10/2024,20,21,Wind,41,Saturday,February,9163
9/7/2021,2,3,Wind,250,Tuesday,September,3883
11/28/2022,3,4,Wind,332,Monday,November,4637
10/2/2021,15,16,Wind,275,Saturday,October,15203
1/8/2025,18,19,Wind,8,Wednesday,January,14956
12/26/2022,3,4,Wind,360,Monday,December,8678
11/28/2020,8,9,Wind,333,Saturday,November,4114
5/9/2024,11,12,Solar,130,Thursday,May,8385
8/30/2023,7,8,Wind,242,Wednesday,August,3318
9/6/2023,4,5,Wind,249,Wednesday,September,2335
12/17/2020,15,16,Wind,352,Thursday,December,3273
10/30/2023,9,10,Wind,303,Monday,October,5597
9/30/2023,13,14,Solar,273,Saturday,September,6783
6/12/2023,12,13,Solar,163,Monday,June,5725
10/14/2021,6,7,Wind,287,Thursday,October,1820
5/10/2021,23,0,Wind,130,Monday,May,2168
10/9/2021,21,22,Wind,282,Saturday,October,3510
1/27/2024,23,0,Wind,27,Saturday,January,7229
8/12/2024,12,13,Solar,225,Monday,August,8747
6/25/2020,16,17,Solar,177,Thursday,June,3709
4/7/2020,8,9,Wind,98,Tuesday,April,2799
1/27/2024,22,23,Wind,27,Saturday,January,7073
11/11/2020,7,8,Wind,316,Wednesday,November,918
6/14/2025,9,10,Solar,165,Saturday,June,6561
9/3/2022,23,0,Wind,246,Saturday,September,1099
11/18/2025,14,15,Solar,322,Tuesday,November,8044
6/8/2021,8,9,Solar,159,Tuesday,June,2159
10/22/2023,11,12,Wind,295,Sunday,October,8076
6/14/2024,11,12,Wind,166,Friday,June,11417
3/20/2023,10,11,Solar,79,Monday,March,7067
3/14/2025,0,1,Wind,73,Friday,March,2225
8/12/2023,20,21,Wind,224,Saturday,August,2642
5/19/2023,22,23,Wind,139,Friday,May,7315
4/21/2021,15,16,Solar,111,Wednesday,April,5644
7/24/2023,20,21,Wind,205,Monday,July,4600
8/18/2025,20,21,Wind,230,Monday,August,2817
6/11/2022,6,7,Wind,162,Saturday,June,942
12/10/2021,9,10,Wind,344,Friday,December,13646
7/8/2023,12,13,Solar,189,Saturday,July,8320
10/6/2025,16,17,Solar,279,Monday,October,8425
11/18/2025,22,23,Wind,322,Tuesday,November,8900
12/1/2021,19,20,Wind,335,Wednesday,December,7103
1/27/2022,1,2,Wind,27,Thursday,January,2288
6/14/2025,16,17,Solar,165,Saturday,June,3976
1/27/2024,16,17,Solar,27,Saturday,January,2553
5/16/2024,2,3,Wind,137,Thursday,May,2106
1/6/2022,0,1,Wind,6,Thursday,January,3928
4/4/2023,20,21,Wind,94,Tuesday,April,3553
9/17/2020,5,6,Wind,261,Thursday,September,6142
9/5/2022,1,2,Wind,248,Monday,September,5729
11/15/2023,1,2,Wind,319,Wednesday,November,10875
9/17/2022,19,20,Wind,260,Saturday,September,3860
3/26/2022,9,10,Wind,85,Saturday,March,7366
8/3/2024,1,2,Wind,216,Saturday,August,3948
7/27/2022,4,5,Wind,208,Wednesday,July,2791
8/10/2023,1,2,Wind,222,Thursday,August,2446
7/8/2022,21,22,Wind,189,Friday,July,3182
1/15/2023,11,12,Wind,15,Sunday,January,18166
4/12/2020,13,14,Solar,103,Sunday,April,4456
5/10/2025,17,18,Wind,130,Saturday,May,9129
9/17/2024,2,3,Wind,261,Tuesday,September,8552
6/27/2020,8,9,Wind,179,Saturday,June,5371
2/23/2021,7,8,Wind,54,Tuesday,February,7427
11/6/2023,3,4,Wind,310,Monday,November,11057
8/29/2023,19,20,Wind,241,Tuesday,August,2843
8/19/2022,7,8,Wind,231,Friday,August,2717
10/6/2021,19,20,Wind,279,Wednesday,October,4123
4/23/2022,22,23,Wind,113,Saturday,April,4747
11/4/2020,6,7,Wind,309,Wednesday,November,877
4/10/2020,14,15,Solar,101,Friday,April,5317
8/6/2024,1,2,Wind,219,Tuesday,August,1603
11/20/2024,18,19,Wind,325,Wednesday,November,7419
11/15/2025,23,0,Wind,319,Saturday,November,2702
1/13/2025,23,0,Wind,13,Monday,January,3223
7/11/2024,13,14,Solar,193,Thursday,July,7189
9/9/2024,16,17,Wind,253,Monday,September,13835
7/11/2020,12,13,Solar,193,Saturday,July,5365
5/21/2022,3,4,Wind,141,Saturday,May,2264
6/12/2021,23,0,Wind,163,Saturday,June,2994
4/21/2022,19,20,Wind,111,Thursday,April,5340
6/9/2024,19,20,Wind,161,Sunday,June,6109
1/5/2020,1,2,Wind,5,Sunday,January,1682
5/15/2022,18,19,Wind,135,Sunday,May,6415
8/14/2024,22,23,Wind,227,Wednesday,August,2172
6/20/2021,18,19,Wind,171,Sunday,June,3430
9/18/2022,5,6,Wind,261,Sunday,September,2254
6/12/2022,17,18,Solar,163,Sunday,June,5941
12/24/2024,10,11,Wind,359,Tuesday,December,4043
6/5/2021,19,20,Wind,156,Saturday,June,2620
2/25/2020,21,22,Wind,56,Tuesday,February,12334
2/8/2020,14,15,Wind,39,Saturday,February,3723
2/25/2021,14,15,Solar,56,Thursday,February,4213
1/22/2020,6,7,Wind,22,Wednesday,January,3886
3/23/2024,23,0,Wind,83,Saturday,March,9547
12/7/2020,21,22,Wind,342,Monday,December,3434
6/30/2023,2,3,Wind,181,Friday,June,2770
12/4/2022,10,11,Wind,338,Sunday,December,3886
9/16/2023,1,2,Wind,259,Saturday,September,4417
2/11/2020,16,17,Wind,42,Tuesday,February,12689
11/14/2024,7,8,Wind,319,Thursday,November,3822
3/23/2025,12,13,Solar,82,Sunday,March,9182
8/8/2021,22,23,Wind,220,Sunday,August,3270
8/10/2024,6,7,Wind,223,Saturday,August,1105
1/27/2020,0,1,Wind,27,Monday,January,8878
2/9/2024,23,0,Wind,40,Friday,February,7970
6/17/2023,1,2,Wind,168,Saturday,June,1422
7/4/2020,8,9,Wind,186,Saturday,July,5894
4/20/2021,20,21,Wind,110,Tuesday,April,1012
12/24/2020,12,13,Wind,359,Thursday,December,11387
7/10/2022,4,5,Wind,191,Sunday,July,4683
11/11/2021,3,4,Wind,315,Thursday,November,1126
11/7/2024,9,10,Wind,312,Thursday,November,3614
12/17/2024,13,14,Wind,352,Tuesday,December,7210
6/26/2023,22,23,Wind,177,Monday,June,3885
11/9/2022,18,19,Wind,313,Wednesday,November,4909
1/29/2021,15,16,Wind,29,Friday,January,15233
3/11/2025,2,3,Wind,70,Tuesday,March,1616
9/24/2025,22,23,Wind,267,Wednesday,September,3812
3/15/2020,11,12,Wind,75,Sunday,March,9270
12/27/2022,1,2,Wind,361,Tuesday,December,4905
11/29/2022,19,20,Wind,333,Tuesday,November,1193
3/24/2020,4,5,Wind,84,Tuesday,March,6165
6/7/2021,5,6,Wind,158,Monday,June,1312
2/25/2021,11,12,Solar,56,Thursday,February,4578
2/4/2020,20,21,Wind,35,Tuesday,February,8277
9/4/2025,23,0,Wind,247,Thursday,September,5148
10/12/2024,17,18,Wind,286,Saturday,October,6429
4/1/2024,16,17,Wind,92,Monday,April,8314
4/4/2021,16,17,Solar,94,Sunday,April,5426
12/28/2020,6,7,Wind,363,Monday,December,6178
11/21/2024,20,21,Wind,326,Thursday,November,8578
3/25/2020,3,4,Wind,85,Wednesday,March,5577
1/12/2023,2,3,Wind,12,Thursday,January,15724
7/27/2022,18,19,Solar,208,Wednesday,July,4587
2/2/2023,5,6,Wind,33,Thursday,February,5907
8/11/2021,11,12,Solar,223,Wednesday,August,4557
7/28/2021,7,8,Wind,209,Wednesday,July,3451
3/23/2025,18,19,Wind,82,Sunday,March,1820
1/16/2024,12,13,Solar,16,Tuesday,January,3655
4/14/2021,16,17,Wind,104,Wednesday,April,9186
2/22/2020,2,3,Wind,53,Saturday,February,7484
6/19/2021,9,10,Solar,170,Saturday,June,2715
8/11/2021,12,13,Solar,223,Wednesday,August,5218
3/4/2025,13,14,Solar,63,Tuesday,March,7832
4/19/2023,21,22,Wind,109,Wednesday,April,6918
6/4/2023,2,3,Wind,155,Sunday,June,7169
1/5/2023,20,21,Wind,5,Thursday,January,5866
2/18/2023,19,20,Wind,49,Saturday,February,7271
3/10/2020,23,0,Wind,70,Tuesday,March,11191
2/12/2021,14,15,Wind,43,Friday,February,9351
1/9/2021,0,1,Wind,9,Saturday,January,1291
4/2/2025,15,16,Wind,92,Wednesday,April,10366
4/7/2024,1,2,Wind,98,Sunday,April,11306
5/23/2021,14,15,Wind,143,Sunday,May,9737
8/23/2020,3,4,Wind,236,Sunday,August,4688
2/3/2025,14,15,Solar,34,Monday,February,6181
4/29/2024,10,11,Solar,120,Monday,April,4479
2/4/2022,18,19,Wind,35,Friday,February,8158
7/13/2021,0,1,Wind,194,Tuesday,July,3368
1/20/2025,13,14,Solar,20,Monday,January,3418
4/17/2024,20,21,Wind,108,Wednesday,April,5442
12/4/2020,3,4,Wind,339,Friday,December,12022
8/1/2025,15,16,Solar,213,Friday,August,12758
7/14/2024,1,2,Wind,196,Sunday,July,335
8/10/2025,16,17,Solar,222,Sunday,August,4559
11/5/2024,3,4,Wind,310,Tuesday,November,1963
12/25/2021,22,23,Wind,359,Saturday,December,1523
1/7/2020,6,7,Wind,7,Tuesday,January,3156
8/21/2024,2,3,Wind,234,Wednesday,August,6385
2/4/2020,2,3,Wind,35,Tuesday,February,10381
4/21/2023,14,15,Solar,111,Friday,April,7827
3/9/2025,1,2,Wind,68,Sunday,March,10447
11/14/2021,14,15,Wind,318,Sunday,November,4779
4/20/2020,11,12,Wind,111,Monday,April,5625
9/17/2020,18,19,Wind,261,Thursday,September,7110
12/17/2021,12,13,Wind,351,Friday,December,8345
11/11/2025,16,17,Wind,315,Tuesday,November,9929
9/17/2024,7,8,Wind,261,Tuesday,September,9296
11/27/2023,4,5,Wind,331,Monday,November,8458
2/9/2025,7,8,Wind,40,Sunday,February,2907
7/25/2025,9,10,Solar,206,Friday,July,5349
1/30/2022,18,19,Wind,30,Sunday,January,1547
6/10/2024,6,7,Wind,162,Monday,June,4770
3/19/2024,19,20,Wind,79,Tuesday,March,353
10/20/2023,7,8,Wind,293,Friday,October,4094
10/27/2020,0,1,Wind,301,Tuesday,October,6605
10/21/2022,9,10,Wind,294,Friday,October,7549
8/10/2021,17,18,Solar,222,Tuesday,August,3970
6/30/2023,7,8,Wind,181,Friday,June,2731
4/8/2021,20,21,Wind,98,Thursday,April,996
1/15/2024,20,21,Wind,15,Monday,January,2749
6/22/2021,16,17,Wind,173,Tuesday,June,6589
4/23/2025,13,14,Wind,113,Wednesday,April,13597
12/10/2021,4,5,Wind,344,Friday,December,11836
6/27/2021,17,18,Solar,178,Sunday,June,3501
5/23/2024,4,5,Wind,144,Thursday,May,3073
7/14/2025,12,13,Solar,195,Monday,July,12612
3/12/2025,4,5,Wind,71,Wednesday,March,2924
8/13/2022,1,2,Wind,225,Saturday,August,4592
6/7/2020,5,6,Wind,159,Sunday,June,2371
1/16/2021,0,1,Wind,16,Saturday,January,1915
9/3/2020,10,11,Solar,247,Thursday,September,4557
6/23/2022,1,2,Wind,174,Thursday,June,1285
10/28/2022,22,23,Wind,301,Friday,October,2934
12/5/2023,15,16,Wind,339,Tuesday,December,10146
10/4/2025,8,9,Wind,277,Saturday,October,17542
10/29/2024,12,13,Solar,303,Tuesday,October,4896
3/27/2025,11,12,Solar,86,Thursday,March,9239
8/14/2024,8,9,Wind,227,Wednesday,August,2058
5/19/2020,6,7,Wind,140,Tuesday,May,3004
10/2/2022,12,13,Wind,275,Sunday,October,10738
8/10/2021,6,7,Wind,222,Tuesday,August,1072
12/17/2021,3,4,Wind,351,Friday,December,7079
1/27/2023,11,12,Wind,27,Friday,January,10740
10/23/2025,17,18,Wind,296,Thursday,October,19307
8/5/2021,12,13,Solar,217,Thursday,August,6780
5/25/2022,12,13,Wind,145,Wednesday,May,9014
6/14/2024,22,23,Wind,166,Friday,June,8718
3/6/2021,19,20,Wind,65,Saturday,March,4374
12/23/2024,4,5,Wind,358,Monday,December,17365
11/13/2022,14,15,Solar,317,Sunday,November,3527
5/6/2021,2,3,Wind,126,Thursday,May,3195
12/19/2024,22,23,Wind,354,Thursday,December,10760
9/3/2021,10,11,Solar,246,Friday,September,2486
7/11/2025,22,23,Wind,192,Friday,July,5874
6/4/2020,15,16,Wind,156,Thursday,June,5865
4/27/2022,20,21,Wind,117,Wednesday,April,6251
11/26/2025,19,20,Wind,330,Wednesday,November,2931
2/21/2025,12,13,Wind,52,Friday,February,17705
8/7/2025,8,9,Solar,219,Thursday,August,3387
7/28/2024,2,3,Wind,210,Sunday,July,2296
9/24/2024,17,18,Wind,268,Tuesday,September,8785
2/13/2021,0,1,Wind,44,Saturday,February,8119
1/16/2025,13,14,Wind,16,Thursday,January,7171
2/24/2020,20,21,Wind,55,Monday,February,10897
5/25/2020,23,0,Wind,146,Monday,May,3958
7/7/2025,11,12,Wind,188,Monday,July,13430
11/20/2023,22,23,Wind,324,Monday,November,6071
7/24/2025,14,15,Solar,205,Thursday,July,9401
9/24/2020,5,6,Wind,268,Thursday,September,5730
11/1/2022,3,4,Wind,305,Tuesday,November,11967
8/3/2020,15,16,Wind,216,Monday,August,7388
9/2/2023,18,19,Wind,245,Saturday,September,3646
12/22/2024,1,2,Wind,357,Sunday,December,18444
7/20/2024,6,7,Wind,202,Saturday,July,1104
10/1/2021,0,1,Wind,274,Friday,October,5497
9/11/2024,22,23,Wind,255,Wednesday,September,5257
8/26/2025,23,0,Wind,238,Tuesday,August,2587
4/29/2021,23,0,Wind,119,Thursday,April,1746
9/12/2020,14,15,Solar,256,Saturday,September,4333
6/16/2024,2,3,Wind,168,Sunday,June,8340
7/23/2025,6,7,Wind,204,Wednesday,July,1048
11/9/2021,2,3,Wind,313,Tuesday,November,1812
7/22/2022,6,7,Wind,203,Friday,July,2829
2/19/2022,0,1,Wind,50,Saturday,February,12116
6/30/2024,7,8,Wind,182,Sunday,June,4150
10/31/2021,2,3,Wind,304,Sunday,October,4462
6/30/2020,23,0,Wind,182,Tuesday,June,2994
2/1/2021,3,4,Wind,32,Monday,February,5162
2/10/2021,22,23,Wind,41,Wednesday,February,4122
6/7/2021,16,17,Solar,158,Monday,June,4235
4/25/2022,20,21,Wind,115,Monday,April,2378
10/8/2020,21,22,Wind,282,Thursday,October,5474
7/12/2022,9,10,Solar,193,Tuesday,July,3884
10/24/2025,4,5,Wind,297,Friday,October,13101
7/31/2022,18,19,Wind,212,Sunday,July,6902
10/9/2020,5,6,Wind,283,Friday,October,2113
2/3/2022,22,23,Wind,34,Thursday,February,3774
10/6/2024,23,0,Wind,280,Sunday,October,8935
9/15/2025,0,1,Wind,258,Monday,September,15154
4/9/2023,7,8,Wind,99,Sunday,April,2993
7/25/2023,0,1,Wind,206,Tuesday,July,3524
2/2/2025,0,1,Wind,33,Sunday,February,3726
10/22/2020,4,5,Wind,296,Thursday,October,5457
5/18/2025,23,0,Wind,138,Sunday,May,5640
6/28/2022,8,9,Solar,179,Tuesday,June,2874
7/25/2024,23,0,Wind,207,Thursday,July,2329
7/3/2020,14,15,Wind,185,Friday,July,7186
4/29/2023,6,7,Wind,119,Saturday,April,1421
8/11/2020,2,3,Wind,224,Tuesday,August,1508
8/19/2022,1,2,Wind,231,Friday,August,3854
7/6/2022,16,17,Solar,187,Wednesday,July,7772
10/1/2022,3,4,Wind,274,Saturday,October,14018
4/28/2024,10,11,Wind,119,Sunday,April,8299
11/8/2021,4,5,Wind,312,Monday,November,2191
4/22/2023,14,15,Wind,112,Saturday,April,10032
5/5/2021,10,11,Wind,125,Wednesday,May,10383
12/13/2023,20,21,Wind,347,Wednesday,December,7880
6/20/2025,17,18,Solar,171,Friday,June,8420
8/19/2021,9,10,Solar,231,Thursday,August,2407
1/30/2023,14,15,Wind,30,Monday,January,9370
8/1/2022,3,4,Wind,213,Monday,August,1425
5/31/2024,17,18,Wind,152,Friday,May,6654
2/1/2020,14,15,Wind,32,Saturday,February,12517
7/30/2021,6,7,Wind,211,Friday,July,3978
8/19/2020,0,1,Wind,232,Wednesday,August,869
11/30/2020,10,11,Solar,335,Monday,November,2542
4/24/2021,2,3,Wind,114,Saturday,April,7483
10/5/2025,6,7,Wind,278,Sunday,October,12126
1/30/2020,3,4,Wind,30,Thursday,January,6146
4/14/2021,8,9,Wind,104,Wednesday,April,3773
11/26/2025,5,6,Wind,330,Wednesday,November,6599
10/24/2022,6,7,Wind,297,Monday,October,11726
4/1/2023,7,8,Wind,91,Saturday,April,14901
10/15/2021,0,1,Wind,288,Friday,October,1417
8/14/2020,22,23,Wind,227,Friday,August,817
5/13/2025,23,0,Wind,133,Tuesday,May,1246
2/1/2020,13,14,Wind,32,Saturday,February,12798
3/23/2024,18,19,Wind,83,Saturday,March,12857
9/9/2024,13,14,Wind,253,Monday,September,14127
9/1/2021,20,21,Wind,244,Wednesday,September,6111
5/7/2025,3,4,Wind,127,Wednesday,May,7958
11/1/2021,19,20,Wind,305,Monday,November,5863
10/17/2023,17,18,Wind,290,Tuesday,October,7522
11/21/2022,1,2,Wind,325,Monday,November,7488
8/2/2021,19,20,Wind,214,Monday,August,2279
8/17/2022,15,16,Solar,229,Wednesday,August,4541
6/8/2023,10,11,Solar,159,Thursday,June,7309
5/9/2023,2,3,Wind,129,Tuesday,May,2877
4/11/2023,13,14,Wind,101,Tuesday,April,10747
10/1/2025,15,16,Solar,274,Wednesday,October,9156
3/29/2020,8,9,Wind,89,Sunday,March,11663
6/4/2020,12,13,Wind,156,Thursday,June,4401
5/3/2025,11,12,Solar,123,Saturday,May,5167
3/2/2024,2,3,Wind,62,Saturday,March,10989
1/15/2023,13,14,Wind,15,Sunday,January,19289
12/8/2024,5,6,Wind,343,Sunday,December,16916
6/7/2020,4,5,Wind,159,Sunday,June,2545
2/15/2020,11,12,Wind,46,Saturday,February,10329
10/27/2023,19,20,Wind,300,Friday,October,8296
9/29/2025,6,7,Wind,272,Monday,September,1588
4/28/2020,22,23,Wind,119,Tuesday,April,4458
5/11/2021,23,0,Wind,131,Tuesday,May,5351
4/4/2021,1,2,Wind,94,Sunday,April,7204
3/24/2024,20,21,Wind,84,Sunday,March,4174
5/9/2025,21,22,Wind,129,Friday,May,5702
12/31/2023,23,0,Wind,365,Sunday,December,15903
9/13/2022,11,12,Wind,256,Tuesday,September,5250
11/8/2020,21,22,Wind,313,Sunday,November,3701
5/10/2020,20,21,Wind,131,Sunday,May,6827
2/25/2024,1,2,Wind,56,Sunday,February,8874
4/17/2020,4,5,Wind,108,Friday,April,2180
1/9/2024,9,10,Wind,9,Tuesday,January,5081
5/11/2021,1,2,Wind,131,Tuesday,May,1876
4/22/2025,17,18,Solar,112,Tuesday,April,6432
12/19/2023,10,11,Wind,353,Tuesday,December,10112
7/16/2024,21,22,Wind,198,Tuesday,July,4248
6/3/2022,7,8,Wind,154,Friday,June,3128
12/30/2023,19,20,Wind,364,Saturday,December,13502
2/11/2021,13,14,Wind,42,Thursday,February,8689
5/30/2022,3,4,Wind,150,Monday,May,3844
3/8/2022,11,12,Wind,67,Tuesday,March,8083
4/18/2025,11,12,Solar,108,Friday,April,12424
11/24/2021,4,5,Wind,328,Wednesday,November,5212
1/7/2020,12,13,Wind,7,Tuesday,January,4139
3/26/2022,5,6,Wind,85,Saturday,March,7115
8/26/2025,5,6,Wind,238,Tuesday,August,4233
8/10/2022,23,0,Wind,222,Wednesday,August,6992
5/7/2025,7,8,Wind,127,Wednesday,May,6688
6/6/2021,17,18,Solar,157,Sunday,June,4413
9/27/2020,15,16,Wind,271,Sunday,September,11528
10/20/2025,9,10,Wind,293,Monday,October,13046
3/24/2020,3,4,Wind,84,Tuesday,March,6368
6/5/2022,2,3,Wind,156,Sunday,June,2663
10/22/2020,10,11,Wind,296,Thursday,October,4764
3/24/2025,7,8,Wind,83,Monday,March,1681
3/5/2024,11,12,Wind,65,Tuesday,March,9886
5/27/2025,22,23,Wind,147,Tuesday,May,11238
1/23/2024,12,13,Wind,23,Tuesday,January,13150
7/9/2023,8,9,Solar,190,Sunday,July,3236
5/10/2023,13,14,Wind,130,Wednesday,May,11344
1/10/2022,8,9,Wind,10,Monday,January,1349
9/20/2021,10,11,Solar,263,Monday,September,3086
6/8/2021,5,6,Wind,159,Tuesday,June,946
12/3/2023,7,8,Wind,337,Sunday,December,8238
10/26/2023,22,23,Wind,299,Thursday,October,5674
5/19/2020,5,6,Wind,140,Tuesday,May,3219
9/9/2020,1,2,Wind,253,Wednesday,September,999
7/13/2025,15,16,Solar,194,Sunday,July,10818
3/8/2022,7,8,Wind,67,Tuesday,March,8131
11/20/2020,7,8,Wind,325,Friday,November,2190
7/2/2021,2,3,Wind,183,Friday,July,470
3/22/2023,4,5,Wind,81,Wednesday,March,9690
4/26/2020,9,10,Solar,117,Sunday,April,1386
2/18/2021,4,5,Wind,49,Thursday,February,10954
3/3/2022,17,18,Solar,62,Thursday,March,1030
11/3/2024,1,2,Wind,308,Sunday,November,3987
3/27/2021,3,4,Wind,86,Saturday,March,9712
9/20/2022,3,4,Wind,263,Tuesday,September,2163
1/5/2024,8,9,Wind,5,Friday,January,7898
8/22/2023,17,18,Solar,234,Tuesday,August,4981
5/23/2020,2,3,Wind,144,Saturday,May,1626
8/3/2022,1,2,Wind,215,Wednesday,August,1003
9/10/2021,16,17,Solar,253,Friday,September,4899
7/16/2024,15,16,Wind,198,Tuesday,July,16713
11/30/2023,10,11,Wind,334,Thursday,November,2438
12/26/2021,4,5,Wind,360,Sunday,December,2047
1/13/2021,0,1,Wind,13,Wednesday,January,3635
5/2/2023,4,5,Wind,122,Tuesday,May,2964
5/12/2024,3,4,Wind,133,Sunday,May,3806
10/16/2024,2,3,Wind,290,Wednesday,October,11314
1/27/2025,15,16,Wind,27,Monday,January,18366
10/30/2021,17,18,Wind,303,Saturday,October,5024
8/16/2025,16,17,Wind,228,Saturday,August,13068
2/1/2023,13,14,Wind,32,Wednesday,February,11740
9/7/2021,0,1,Wind,250,Tuesday,September,4216
6/19/2024,21,22,Wind,171,Wednesday,June,6527
11/6/2022,15,16,Wind,310,Sunday,November,11956
2/25/2020,22,23,Wind,56,Tuesday,February,11876
3/15/2020,21,22,Wind,75,Sunday,March,3665
6/29/2025,16,17,Solar,180,Sunday,June,7998
5/31/2020,2,3,Wind,152,Sunday,May,5288
4/24/2020,9,10,Solar,115,Friday,April,1744
12/23/2024,7,8,Wind,358,Monday,December,16343
2/8/2023,6,7,Wind,39,Wednesday,February,3380
6/27/2022,21,22,Wind,178,Monday,June,2006
5/5/2021,1,2,Wind,125,Wednesday,May,6686
5/17/2021,11,12,Wind,137,Monday,May,14827
6/11/2023,23,0,Wind,162,Sunday,June,1903
6/27/2020,23,0,Wind,179,Saturday,June,4538
2/23/2024,3,4,Wind,54,Friday,February,13821
7/3/2021,11,12,Solar,184,Saturday,July,3723
10/9/2024,20,21,Wind,283,Wednesday,October,11433
9/1/2022,4,5,Wind,244,Thursday,September,3217
2/27/2025,21,22,Wind,58,Thursday,February,4723
1/18/2023,21,22,Wind,18,Wednesday,January,4776
7/13/2024,18,19,Solar,195,Saturday,July,4140
8/7/2021,14,15,Wind,219,Saturday,August,11938
7/3/2023,15,16,Wind,184,Monday,July,11822
5/8/2020,13,14,Solar,129,Friday,May,4791
4/23/2025,17,18,Wind,113,Wednesday,April,8124
10/16/2025,19,20,Wind,289,Thursday,October,4242
4/30/2023,2,3,Wind,120,Sunday,April,3621
12/9/2024,6,7,Wind,344,Monday,December,14599
1/1/2024,13,14,Wind,1,Monday,January,13078
10/14/2024,1,2,Wind,288,Monday,October,3539
10/29/2025,6,7,Wind,302,Wednesday,October,5860
1/20/2024,0,1,Wind,20,Saturday,January,3558
12/28/2021,2,3,Wind,362,Tuesday,December,11510
7/9/2020,11,12,Solar,191,Thursday,July,5398
2/25/2020,5,6,Wind,56,Tuesday,February,9512
8/17/2025,23,0,Wind,229,Sunday,August,7722
7/28/2020,9,10,Wind,210,Tuesday,July,4089
6/23/2022,22,23,Wind,174,Thursday,June,2296
8/5/2021,0,1,Wind,217,Thursday,August,1726
8/19/2023,8,9,Wind,231,Saturday,August,3697
4/14/2021,11,12,Solar,104,Wednesday,April,7740
10/19/2024,20,21,Wind,293,Saturday,October,3115
7/31/2025,20,21,Wind,212,Thursday,July,4719
1/17/2025,19,20,Wind,17,Friday,January,1327
8/28/2023,16,17,Solar,240,Monday,August,8468
8/15/2023,19,20,Solar,227,Tuesday,August,1859
1/28/2022,0,1,Wind,28,Friday,January,2756
3/18/2024,22,23,Wind,78,Monday,March,797
9/30/2023,6,7,Wind,273,Saturday,September,758
11/10/2023,22,23,Wind,314,Friday,November,11128
9/22/2024,17,18,Wind,266,Sunday,September,5073
3/6/2025,0,1,Wind,65,Thursday,March,5884
10/9/2025,22,23,Wind,282,Thursday,October,2547
5/15/2021,17,18,Wind,135,Saturday,May,10856
10/20/2020,8,9,Wind,294,Tuesday,October,9704
10/19/2020,21,22,Wind,293,Monday,October,9798
8/28/2025,2,3,Wind,240,Thursday,August,2318
5/6/2024,19,20,Wind,127,Monday,May,4210
7/23/2021,6,7,Wind,204,Friday,July,3390
3/23/2021,19,20,Wind,82,Tuesday,March,405
10/16/2022,1,2,Wind,289,Sunday,October,3901
6/23/2023,5,6,Wind,174,Friday,June,1575
8/2/2023,4,5,Wind,214,Wednesday,August,12520
9/7/2022,2,3,Wind,250,Wednesday,September,2729
12/24/2024,13,14,Solar,359,Tuesday,December,4671
10/9/2021,20,21,Wind,282,Saturday,October,3193
11/12/2022,19,20,Wind,316,Saturday,November,3313
4/3/2020,11,12,Solar,94,Friday,April,4359
8/1/2024,23,0,Wind,214,Thursday,August,2316
6/28/2025,20,21,Wind,179,Saturday,June,2348
8/27/2024,4,5,Wind,240,Tuesday,August,3373
1/24/2023,8,9,Wind,24,Tuesday,January,6833
7/20/2020,15,16,Solar,202,Monday,July,5724
7/25/2020,17,18,Wind,207,Saturday,July,7306
8/4/2024,2,3,Wind,217,Sunday,August,2516
11/6/2024,9,10,Solar,311,Wednesday,November,1567
10/7/2021,5,6,Wind,280,Thursday,October,1477
8/24/2021,20,21,Wind,236,Tuesday,August,7059
8/6/2022,6,7,Wind,218,Saturday,August,5612
5/31/2023,21,22,Wind,151,Wednesday,May,7614
12/14/2023,22,23,Wind,348,Thursday,December,3423
12/18/2020,14,15,Wind,353,Friday,December,7822
9/14/2022,19,20,Wind,257,Wednesday,September,2557
7/18/2022,3,4,Wind,199,Monday,July,4057
3/27/2021,18,19,Wind,86,Saturday,March,2880
11/26/2023,23,0,Wind,330,Sunday,November,5691
12/2/2020,8,9,Wind,337,Wednesday,December,2746
1/12/2020,0,1,Wind,12,Sunday,January,5357
4/1/2020,12,13,Solar,92,Wednesday,April,5453
12/6/2024,12,13,Wind,341,Friday,December,12932
10/6/2025,1,2,Wind,279,Monday,October,4656
6/22/2025,1,2,Wind,173,Sunday,June,5895
10/30/2024,5,6,Wind,304,Wednesday,October,1711
4/23/2022,8,9,Wind,113,Saturday,April,6471
12/29/2020,14,15,Wind,364,Tuesday,December,4968
1/20/2025,6,7,Wind,20,Monday,January,1629
6/1/2023,7,8,Wind,152,Thursday,June,5874
12/31/2020,4,5,Wind,366,Thursday,December,5350
10/30/2025,7,8,Wind,303,Thursday,October,4753
10/29/2020,20,21,Wind,303,Thursday,October,7684
10/13/2022,13,14,Wind,286,Thursday,October,6534
11/19/2021,9,10,Solar,323,Friday,November,2308
11/30/2022,15,16,Wind,334,Wednesday,November,3146
2/6/2024,23,0,Wind,37,Tuesday,February,15982
10/18/2021,17,18,Wind,291,Monday,October,4080
2/21/2024,5,6,Wind,52,Wednesday,February,5151
4/22/2024,19,20,Wind,113,Monday,April,7407
2/6/2023,7,8,Wind,37,Monday,February,6441
3/26/2023,6,7,Wind,85,Sunday,March,11392
4/10/2021,15,16,Wind,100,Saturday,April,6614
6/2/2024,14,15,Wind,154,Sunday,June,5327
3/19/2024,0,1,Wind,79,Tuesday,March,1042
6/23/2021,16,17,Solar,174,Wednesday,June,4302
7/28/2024,22,23,Wind,210,Sunday,July,5534
4/12/2025,1,2,Wind,102,Saturday,April,9520
7/5/2023,14,15,Wind,186,Wednesday,July,12658
1/28/2024,1,2,Wind,28,Sunday,January,6881
10/19/2021,3,4,Wind,292,Tuesday,October,6107
8/31/2020,19,20,Wind,244,Monday,August,1757
1/4/2025,1,2,Wind,4,Saturday,January,2946
1/23/2025,1,2,Wind,23,Thursday,January,7190
8/9/2021,8,9,Wind,221,Monday,August,3791
10/1/2020,7,8,Wind,275,Thursday,October,5454
9/25/2023,2,3,Wind,268,Monday,September,5283
7/15/2020,0,1,Wind,197,Wednesday,July,1514
9/19/2024,17,18,Wind,263,Thursday,September,12718
6/24/2024,13,14,Solar,176,Monday,June,9241
9/27/2023,7,8,Wind,270,Wednesday,September,1493
11/21/2021,5,6,Wind,325,Sunday,November,586
4/11/2022,14,15,Wind,101,Monday,April,12571
6/6/2024,4,5,Wind,158,Thursday,June,1000
10/3/2020,17,18,Wind,277,Saturday,October,6482
6/25/2021,2,3,Wind,176,Friday,June,1892
5/18/2023,12,13,Solar,138,Thursday,May,10300
4/19/2020,18,19,Wind,110,Sunday,April,4733
4/25/2023,22,23,Wind,115,Tuesday,April,2614
5/29/2024,14,15,Wind,150,Wednesday,May,11621
9/22/2025,18,19,Wind,265,Monday,September,12091
4/9/2022,20,21,Wind,99,Saturday,April,2402
12/27/2024,4,5,Wind,362,Friday,December,1470
10/14/2020,13,14,Wind,288,Wednesday,October,6711
4/5/2021,7,8,Wind,95,Monday,April,5387
8/17/2022,14,15,Solar,229,Wednesday,August,4104
6/23/2025,17,18,Wind,174,Monday,June,14143
1/31/2021,1,2,Wind,31,Sunday,January,5324
10/19/2021,17,18,Wind,292,Tuesday,October,7043
11/21/2024,3,4,Wind,326,Thursday,November,4165
5/8/2025,4,5,Wind,128,Thursday,May,5266
6/6/2025,3,4,Wind,157,Friday,June,9942
4/12/2022,20,21,Wind,102,Tuesday,April,2701
4/24/2021,10,11,Wind,114,Saturday,April,7399
8/16/2023,5,6,Wind,228,Wednesday,August,1333
5/3/2024,14,15,Solar,124,Friday,May,12180
12/26/2023,7,8,Wind,360,Tuesday,December,8901
3/20/2025,4,5,Wind,79,Thursday,March,5944
1/7/2025,6,7,Wind,7,Tuesday,January,13248
1/19/2024,21,22,Wind,19,Friday,January,3485
6/30/2025,6,7,Wind,181,Monday,June,3616
8/1/2023,13,14,Wind,213,Tuesday,August,15900
11/18/2022,9,10,Wind,322,Friday,November,7355
2/7/2021,13,14,Wind,38,Sunday,February,6462
5/4/2020,2,3,Wind,125,Monday,May,674
8/6/2021,8,9,Wind,218,Friday,August,8857
7/28/2023,18,19,Wind,209,Friday,July,6810
7/11/2021,4,5,Wind,192,Sunday,July,732
11/13/2020,12,13,Wind,318,Friday,November,6794
9/29/2024,0,1,Wind,273,Sunday,September,964
5/17/2024,19,20,Wind,138,Friday,May,2719
7/27/2025,1,2,Wind,208,Sunday,July,2441
10/11/2022,12,13,Solar,284,Tuesday,October,4648
3/14/2023,23,0,Wind,73,Tuesday,March,5228
7/1/2023,10,11,Wind,182,Saturday,July,11170
9/11/2021,19,20,Wind,254,Saturday,September,1058
6/23/2024,6,7,Wind,175,Sunday,June,2465
3/29/2022,7,8,Wind,88,Tuesday,March,2796
4/23/2021,19,20,Wind,113,Friday,April,5711
5/6/2025,5,6,Wind,126,Tuesday,May,10208
8/24/2025,6,7,Wind,236,Sunday,August,2817
3/18/2022,6,7,Wind,77,Friday,March,8824
1/25/2024,22,23,Wind,25,Thursday,January,6532
11/13/2021,20,21,Wind,317,Saturday,November,2420
4/21/2024,18,19,Wind,112,Sunday,April,13906
2/25/2020,8,9,Wind,56,Tuesday,February,8372
10/22/2024,15,16,Solar,296,Tuesday,October,4616
9/3/2024,14,15,Solar,247,Tuesday,September,5316
1/7/2022,4,5,Wind,7,Friday,January,9576
7/12/2024,13,14,Solar,194,Friday,July,8247
7/3/2022,21,22,Wind,184,Sunday,July,2589
12/29/2024,12,13,Solar,364,Sunday,December,3489
9/5/2020,22,23,Wind,249,Saturday,September,2365
2/17/2023,11,12,Wind,48,Friday,February,12424
5/9/2022,1,2,Wind,129,Monday,May,4167
12/9/2022,8,9,Wind,343,Friday,December,2830
3/19/2024,11,12,Solar,79,Tuesday,March,7549
5/4/2022,7,8,Wind,124,Wednesday,May,1702
11/24/2022,19,20,Wind,328,Thursday,November,10548
2/16/2022,1,2,Wind,47,Wednesday,February,14146
11/25/2025,6,7,Wind,329,Tuesday,November,12539
11/27/2022,19,20,Wind,331,Sunday,November,7442
1/18/2023,11,12,Wind,18,Wednesday,January,5423
12/7/2022,16,17,Wind,341,Wednesday,December,1948
12/6/2020,1,2,Wind,341,Sunday,December,3826
2/7/2021,12,13,Wind,38,Sunday,February,6365
8/24/2022,3,4,Wind,236,Wednesday,August,908
9/20/2020,12,13,Solar,264,Sunday,September,2294
2/26/2025,20,21,Wind,57,Wednesday,February,12741
9/25/2024,1,2,Wind,269,Wednesday,September,4083
1/13/2020,2,3,Wind,13,Monday,January,2606
3/21/2024,18,19,Wind,81,Thursday,March,1203
5/29/2023,19,20,Wind,149,Monday,May,12605
1/19/2023,8,9,Wind,19,Thursday,January,2538
6/2/2025,6,7,Wind,153,Monday,June,2401
9/22/2020,18,19,Wind,266,Tuesday,September,1848
6/16/2022,20,21,Wind,167,Thursday,June,1179
6/15/2025,17,18,Wind,166,Sunday,June,4300
3/31/2022,11,12,Wind,90,Thursday,March,9466
10/26/2025,23,0,Wind,299,Sunday,October,16216
6/24/2022,15,16,Wind,175,Friday,June,10261
4/18/2020,19,20,Wind,109,Saturday,April,936
9/28/2023,9,10,Solar,271,Thursday,September,2990
5/7/2025,23,0,Wind,127,Wednesday,May,6111
5/24/2025,14,15,Wind,144,Saturday,May,8752
1/28/2020,18,19,Wind,28,Tuesday,January,10404
9/8/2021,2,3,Wind,251,Wednesday,September,5381
6/7/2021,7,8,Wind,158,Monday,June,1509
9/24/2020,8,9,Wind,268,Thursday,September,5580
9/1/2021,13,14,Wind,244,Wednesday,September,10499
6/26/2022,1,2,Wind,177,Sunday,June,2487
6/1/2024,18,19,Wind,153,Saturday,June,9516
7/10/2023,10,11,Solar,191,Monday,July,5571
5/2/2023,7,8,Wind,122,Tuesday,May,2545
5/31/2025,9,10,Solar,151,Saturday,May,4038
9/3/2024,19,20,Wind,247,Tuesday,September,2194
7/10/2025,0,1,Wind,191,Thursday,July,2573
6/4/2022,4,5,Wind,155,Saturday,June,3051
10/14/2024,18,19,Wind,288,Monday,October,1897
3/19/2020,20,21,Wind,79,Thursday,March,3314
1/30/2023,20,21,Wind,30,Monday,January,2928
1/5/2023,1,2,Wind,5,Thursday,January,11513
4/5/2020,9,10,Wind,96,Sunday,April,7246
4/16/2021,5,6,Wind,106,Friday,April,5001
4/15/2021,6,7,Wind,105,Thursday,April,4728
1/29/2022,15,16,Wind,29,Saturday,January,11127
8/25/2024,9,10,Solar,238,Sunday,August,2951
9/8/2021,0,1,Wind,251,Wednesday,September,6186
9/8/2023,2,3,Wind,251,Friday,September,1048
3/15/2024,7,8,Wind,75,Friday,March,10700
5/26/2023,13,14,Solar,146,Friday,May,12466
5/15/2021,18,19,Wind,135,Saturday,May,9536
12/22/2023,10,11,Wind,356,Friday,December,18322
2/23/2023,2,3,Wind,54,Thursday,February,1122
11/28/2023,19,20,Wind,332,Tuesday,November,1063
10/19/2020,10,11,Wind,293,Monday,October,4592
5/24/2021,13,14,Wind,144,Monday,May,13298
1/24/2020,8,9,Wind,24,Friday,January,1882
2/25/2025,11,12,Wind,56,Tuesday,February,11927
2/19/2020,20,21,Wind,50,Wednesday,February,5241
3/3/2024,1,2,Wind,63,Sunday,March,2679
8/25/2020,17,18,Wind,238,Tuesday,August,13129
4/7/2022,1,2,Wind,97,Thursday,April,14431
4/28/2021,8,9,Wind,118,Wednesday,April,1239
10/21/2020,14,15,Wind,295,Wednesday,October,15507
5/23/2023,4,5,Wind,143,Tuesday,May,4715
4/12/2024,9,10,Solar,103,Friday,April,4718
6/23/2021,21,22,Wind,174,Wednesday,June,2824
4/23/2023,8,9,Wind,113,Sunday,April,8238
1/10/2021,20,21,Wind,10,Sunday,January,3657
4/3/2020,14,15,Solar,94,Friday,April,4937
4/13/2020,9,10,Wind,104,Monday,April,6343
8/29/2020,4,5,Wind,242,Saturday,August,3115
4/3/2022,13,14,Wind,93,Sunday,April,7323
1/11/2023,6,7,Wind,11,Wednesday,January,10799
7/12/2022,16,17,Solar,193,Tuesday,July,6057
8/20/2025,19,20,Wind,232,Wednesday,August,5389
6/8/2022,5,6,Wind,159,Wednesday,June,3163
4/28/2023,21,22,Wind,118,Friday,April,3182
2/11/2025,3,4,Wind,42,Tuesday,February,4480
5/11/2023,3,4,Wind,131,Thursday,May,2507
5/5/2023,9,10,Solar,125,Friday,May,4856
8/12/2020,13,14,Solar,225,Wednesday,August,4803
10/1/2025,6,7,Wind,274,Wednesday,October,1806
8/1/2020,19,20,Wind,214,Saturday,August,4450
6/21/2023,5,6,Wind,172,Wednesday,June,853
3/26/2022,20,21,Wind,85,Saturday,March,9494
2/17/2022,23,0,Wind,48,Thursday,February,6092
2/4/2023,20,21,Wind,35,Saturday,February,3594
5/21/2021,14,15,Wind,141,Friday,May,15200
1/8/2021,12,13,Solar,8,Friday,January,3044
9/16/2024,10,11,Solar,260,Monday,September,6447
3/15/2022,15,16,Wind,74,Tuesday,March,4794
4/2/2023,15,16,Wind,92,Sunday,April,11672
11/14/2023,17,18,Wind,318,Tuesday,November,15929
9/25/2023,3,4,Wind,268,Monday,September,4458
9/28/2020,16,17,Wind,272,Monday,September,6286
12/16/2024,22,23,Wind,351,Monday,December,2447
6/4/2025,12,13,Solar,155,Wednesday,June,7518
9/10/2024,22,23,Wind,254,Tuesday,September,12600
12/25/2022,8,9,Wind,359,Sunday,December,5389
9/16/2021,15,16,Solar,259,Thursday,September,3052
8/30/2023,11,12,Solar,242,Wednesday,August,8325
10/7/2024,21,22,Wind,281,Monday,October,8712
12/4/2024,14,15,Solar,339,Wednesday,December,5736
4/26/2021,9,10,Wind,116,Monday,April,7400
12/3/2024,23,0,Wind,338,Tuesday,December,1568
3/30/2023,3,4,Wind,89,Thursday,March,10378
6/4/2025,7,8,Wind,155,Wednesday,June,3143
5/31/2023,0,1,Wind,151,Wednesday,May,9569
2/1/2021,22,23,Wind,32,Monday,February,3267
9/17/2024,23,0,Wind,261,Tuesday,September,10675
12/22/2023,18,19,Wind,356,Friday,December,16019
2/15/2021,6,7,Wind,46,Monday,February,10205
10/12/2022,9,10,Solar,285,Wednesday,October,1292
10/11/2025,20,21,Wind,284,Saturday,October,5380
9/9/2023,4,5,Wind,252,Saturday,September,2045
11/26/2021,3,4,Wind,330,Friday,November,2343
7/22/2022,2,3,Wind,203,Friday,July,3113
8/9/2025,1,2,Wind,221,Saturday,August,1470
9/25/2023,23,0,Wind,268,Monday,September,1146
12/6/2020,11,12,Wind,341,Sunday,December,3330
8/22/2021,4,5,Wind,234,Sunday,August,2792
5/26/2021,15,16,Wind,146,Wednesday,May,10353
8/22/2025,16,17,Solar,234,Friday,August,8600
1/7/2020,4,5,Wind,7,Tuesday,January,3598
4/9/2022,17,18,Wind,99,Saturday,April,7791
4/24/2025,11,12,Solar,114,Thursday,April,8222
10/29/2025,5,6,Wind,302,Wednesday,October,5682
8/2/2022,13,14,Solar,214,Tuesday,August,6923
8/20/2024,8,9,Wind,233,Tuesday,August,4713
12/27/2020,0,1,Wind,362,Sunday,December,12780
11/25/2024,18,19,Wind,330,Monday,November,6154
12/2/2023,16,17,Wind,336,Saturday,December,2137
12/31/2024,13,14,Wind,366,Tuesday,December,8747
1/28/2025,15,16,Wind,28,Tuesday,January,20042
2/5/2023,9,10,Wind,36,Sunday,February,8234
3/9/2024,8,9,Wind,69,Saturday,March,12704
1/1/2024,5,6,Wind,1,Monday,January,8641
9/24/2022,0,1,Wind,267,Saturday,September,1138
1/12/2021,10,11,Wind,12,Tuesday,January,13043
8/27/2021,20,21,Wind,239,Friday,August,4054
8/26/2021,20,21,Wind,238,Thursday,August,3784
9/18/2021,22,23,Wind,261,Saturday,September,2958
5/25/2023,8,9,Wind,145,Thursday,May,7647
8/6/2020,13,14,Solar,219,Thursday,August,4336
9/3/2024,9,10,Solar,247,Tuesday,September,2539
6/2/2025,0,1,Wind,153,Monday,June,3299
3/5/2022,14,15,Solar,64,Saturday,March,5401
3/5/2024,14,15,Wind,65,Tuesday,March,10157
12/11/2022,9,10,Wind,345,Sunday,December,2714
7/6/2024,13,14,Wind,188,Saturday,July,8948
8/19/2025,15,16,Solar,231,Tuesday,August,6891
6/24/2021,2,3,Wind,175,Thursday,June,2262
7/1/2025,16,17,Solar,182,Tuesday,July,8534
8/4/2021,8,9,Wind,216,Wednesday,August,1181
5/12/2025,13,14,Solar,132,Monday,May,4495
8/12/2022,2,3,Wind,224,Friday,August,4278
5/14/2022,3,4,Wind,134,Saturday,May,2006
9/28/2023,17,18,Solar,271,Thursday,September,5763
3/19/2020,10,11,Solar,79,Thursday,March,3547
1/10/2020,7,8,Wind,10,Friday,January,7591
7/14/2023,16,17,Wind,195,Friday,July,16277
1/4/2025,4,5,Wind,4,Saturday,January,3211
12/30/2021,19,20,Wind,364,Thursday,December,5489
12/5/2021,7,8,Wind,339,Sunday,December,7240
8/18/2022,6,7,Wind,230,Thursday,August,1181
10/24/2024,14,15,Solar,298,Thursday,October,8271
1/11/2024,9,10,Wind,11,Thursday,January,7230
7/4/2024,17,18,Wind,186,Thursday,July,14355
1/10/2021,7,8,Wind,10,Sunday,January,4388
1/15/2021,21,22,Wind,15,Friday,January,2283
11/26/2020,19,20,Wind,331,Thursday,November,1813
7/17/2023,13,14,Solar,198,Monday,July,10173
6/12/2020,12,13,Wind,164,Friday,June,6519
11/26/2022,9,10,Wind,330,Saturday,November,5196
9/15/2023,14,15,Solar,258,Friday,September,8258
6/2/2022,13,14,Solar,153,Thursday,June,7024
7/13/2022,4,5,Wind,194,Wednesday,July,1270
4/6/2022,21,22,Wind,96,Wednesday,April,13603
6/4/2023,3,4,Wind,155,Sunday,June,6704
6/5/2025,6,7,Wind,156,Thursday,June,4181
7/20/2024,17,18,Solar,202,Saturday,July,6379
2/27/2022,8,9,Wind,58,Sunday,February,8390
5/17/2025,21,22,Wind,137,Saturday,May,2774
2/27/2024,16,17,Wind,58,Tuesday,February,8554
7/18/2024,23,0,Wind,200,Thursday,July,1433
2/24/2021,17,18,Wind,55,Wednesday,February,5198
1/3/2023,14,15,Wind,3,Tuesday,January,9200
7/9/2024,14,15,Solar,191,Tuesday,July,11283
2/18/2024,2,3,Wind,49,Sunday,February,5858
5/26/2023,9,10,Solar,146,Friday,May,7489
10/21/2024,18,19,Wind,295,Monday,October,3648
7/19/2021,18,19,Wind,200,Monday,July,6514
4/8/2020,23,0,Wind,99,Wednesday,April,825
6/17/2025,3,4,Wind,168,Tuesday,June,3176
4/5/2023,2,3,Wind,95,Wednesday,April,2221
12/27/2022,15,16,Wind,361,Tuesday,December,5825
10/9/2025,0,1,Wind,282,Thursday,October,2634
12/5/2023,17,18,Wind,339,Tuesday,December,7256
5/23/2021,11,12,Wind,143,Sunday,May,9650
9/8/2022,17,18,Wind,251,Thursday,September,10068
9/22/2023,0,1,Wind,265,Friday,September,7352
2/10/2020,17,18,Wind,41,Monday,February,13705
2/14/2022,3,4,Wind,45,Monday,February,13182
7/31/2022,4,5,Wind,212,Sunday,July,1709
2/28/2022,9,10,Solar,59,Monday,February,5142
9/3/2021,9,10,Solar,246,Friday,September,2217
4/6/2023,8,9,Wind,96,Thursday,April,3495
1/23/2023,6,7,Wind,23,Monday,January,4286
8/31/2023,5,6,Wind,243,Thursday,August,2870
2/17/2022,11,12,Wind,48,Thursday,February,15777
4/20/2021,8,9,Solar,110,Tuesday,April,1343
10/31/2022,16,17,Wind,304,Monday,October,8671
12/31/2021,15,16,Wind,365,Friday,December,4707
10/26/2024,13,14,Solar,300,Saturday,October,3224
4/5/2022,20,21,Wind,95,Tuesday,April,6779
3/15/2025,16,17,Wind,74,Saturday,March,15410
5/3/2020,13,14,Solar,124,Sunday,May,5135
3/7/2021,0,1,Wind,66,Sunday,March,3546
11/23/2025,13,14,Wind,327,Sunday,November,15302
4/16/2025,2,3,Wind,106,Wednesday,April,4565
7/26/2024,14,15,Solar,208,Friday,July,7248
7/29/2021,2,3,Wind,210,Thursday,July,5135
6/17/2020,16,17,Solar,169,Wednesday,June,3925
1/6/2025,14,15,Wind,6,Monday,January,19475
2/11/2020,3,4,Wind,42,Tuesday,February,11971
7/14/2021,15,16,Wind,195,Wednesday,July,8891
7/3/2021,2,3,Wind,184,Saturday,July,2170
6/24/2021,0,1,Wind,175,Thursday,June,2233
9/9/2022,14,15,Wind,252,Friday,September,15173
3/7/2020,7,8,Wind,67,Saturday,March,2338
7/10/2025,10,11,Solar,191,Thursday,July,8612
7/20/2022,16,17,Solar,201,Wednesday,July,7276
6/22/2023,6,7,Wind,173,Thursday,June,4224
5/22/2025,2,3,Wind,142,Thursday,May,4907
11/10/2022,1,2,Wind,314,Thursday,November,3753
2/17/2023,16,17,Wind,48,Friday,February,10394
5/24/2024,16,17,Solar,145,Friday,May,6342
6/12/2022,11,12,Solar,163,Sunday,June,5452
3/11/2023,2,3,Wind,70,Saturday,March,3179
8/20/2024,13,14,Solar,233,Tuesday,August,11619
8/18/2023,0,1,Wind,230,Friday,August,3104
3/21/2020,10,11,Wind,81,Saturday,March,10703
12/6/2021,21,22,Wind,340,Monday,December,10765
5/26/2022,8,9,Wind,146,Thursday,May,4002
1/1/2025,13,14,Wind,1,Wednesday,January,19592
4/12/2020,19,20,Wind,103,Sunday,April,2717
6/19/2021,19,20,Wind,170,Saturday,June,4228
3/22/2023,1,2,Wind,81,Wednesday,March,9571
5/6/2021,12,13,Wind,126,Thursday,May,7426
10/28/2022,2,3,Wind,301,Friday,October,8249
11/4/2024,2,3,Wind,309,Monday,November,2704
6/3/2020,4,5,Wind,155,Wednesday,June,744
9/24/2025,17,18,Wind,267,Wednesday,September,8218
10/19/2020,5,6,Wind,293,Monday,October,1797
7/27/2022,12,13,Solar,208,Wednesday,July,6936
6/30/2022,10,11,Solar,181,Thursday,June,2652
11/2/2023,19,20,Wind,306,Thursday,November,14918
1/7/2020,0,1,Wind,7,Tuesday,January,5535
5/22/2021,10,11,Wind,142,Saturday,May,13367
7/9/2022,20,21,Wind,190,Saturday,July,6256
7/12/2025,18,19,Solar,193,Saturday,July,6141
3/8/2025,18,19,Wind,67,Saturday,March,10255
4/12/2022,0,1,Wind,102,Tuesday,April,8878
7/24/2020,17,18,Wind,206,Friday,July,5978
10/25/2021,2,3,Wind,298,Monday,October,2912
6/28/2022,3,4,Wind,179,Tuesday,June,1372
7/3/2021,16,17,Solar,184,Saturday,July,4175
6/30/2025,1,2,Wind,181,Monday,June,4976
6/19/2021,1,2,Wind,170,Saturday,June,2700
8/23/2025,6,7,Wind,235,Saturday,August,1485
2/29/2024,9,10,Wind,60,Thursday,February,9857
8/16/2022,14,15,Solar,228,Tuesday,August,5967
5/22/2024,20,21,Wind,143,Wednesday,May,3585
7/9/2021,0,1,Wind,190,Friday,July,1353
11/8/2023,16,17,Wind,312,Wednesday,November,14858
3/19/2023,17,18,Wind,78,Sunday,March,5127
10/11/2024,1,2,Wind,285,Friday,October,1707
12/7/2021,23,0,Wind,341,Tuesday,December,11740
6/23/2022,16,17,Solar,174,Thursday,June,5062
10/24/2025,5,6,Wind,297,Friday,October,12409
8/2/2025,11,12,Solar,214,Saturday,August,10963
12/19/2024,12,13,Wind,354,Thursday,December,19094
4/24/2021,9,10,Wind,114,Saturday,April,6341
9/21/2024,2,3,Wind,265,Saturday,September,3544
5/21/2024,8,9,Solar,142,Tuesday,May,2747
1/5/2023,0,1,Wind,5,Thursday,January,12062
10/17/2024,17,18,Wind,291,Thursday,October,3269
10/16/2025,13,14,Solar,289,Thursday,October,11554
4/30/2022,17,18,Wind,120,Saturday,April,7520
2/21/2024,2,3,Wind,52,Wednesday,February,4054
3/15/2020,17,18,Wind,75,Sunday,March,5043
8/19/2024,4,5,Wind,232,Monday,August,1904
8/9/2020,22,23,Wind,222,Sunday,August,4348
6/6/2020,0,1,Wind,158,Saturday,June,5526
11/10/2021,3,4,Wind,314,Wednesday,November,982
8/14/2021,6,7,Wind,226,Saturday,August,1405
10/11/2025,1,2,Wind,284,Saturday,October,3141
4/2/2025,10,11,Wind,92,Wednesday,April,18034
11/16/2025,19,20,Wind,320,Sunday,November,4460
1/4/2023,4,5,Wind,4,Wednesday,January,14392
11/4/2024,16,17,Wind,309,Monday,November,2758
5/30/2025,12,13,Solar,150,Friday,May,4615
8/1/2022,13,14,Solar,213,Monday,August,6626
12/5/2020,22,23,Wind,340,Saturday,December,4879
3/11/2023,0,1,Wind,70,Saturday,March,3159
4/25/2021,17,18,Wind,115,Sunday,April,11222
8/15/2020,10,11,Solar,228,Saturday,August,2541
1/27/2020,1,2,Wind,27,Monday,January,8860
7/27/2021,11,12,Solar,208,Tuesday,July,4459
12/11/2022,7,8,Wind,345,Sunday,December,2393
7/8/2024,21,22,Wind,190,Monday,July,2482
5/12/2022,16,17,Solar,132,Thursday,May,5413
5/9/2025,15,16,Solar,129,Friday,May,5987
6/23/2021,7,8,Wind,174,Wednesday,June,2369
3/17/2022,19,20,Wind,76,Thursday,March,5426
4/2/2025,9,10,Wind,92,Wednesday,April,16203
9/1/2024,19,20,Wind,245,Sunday,September,3293
3/16/2024,8,9,Wind,76,Saturday,March,5162
4/3/2020,12,13,Solar,94,Friday,April,4816
4/21/2023,2,3,Wind,111,Friday,April,3166
9/2/2020,13,14,Solar,246,Wednesday,September,4465
4/29/2021,1,2,Wind,119,Thursday,April,2309
1/9/2024,5,6,Wind,9,Tuesday,January,5078
1/30/2023,19,20,Wind,30,Monday,January,3169
7/16/2021,20,21,Wind,197,Friday,July,3959
6/25/2025,18,19,Solar,176,Wednesday,June,6146
1/22/2020,11,12,Wind,22,Wednesday,January,4127
10/8/2023,21,22,Wind,281,Sunday,October,744
4/8/2021,6,7,Wind,98,Thursday,April,695
4/11/2021,12,13,Wind,101,Sunday,April,7816
12/1/2022,12,13,Wind,335,Thursday,December,5494
4/20/2021,17,18,Solar,110,Tuesday,April,2428
1/4/2020,8,9,Wind,4,Saturday,January,3342
2/25/2023,17,18,Wind,56,Saturday,February,8200
9/17/2021,1,2,Wind,260,Friday,September,699
12/20/2020,9,10,Wind,355,Sunday,December,4489
8/28/2025,15,16,Wind,240,Thursday,August,11758
7/28/2023,7,8,Wind,209,Friday,July,3877
7/4/2023,8,9,Solar,185,Tuesday,July,2590
6/12/2025,21,22,Wind,163,Thursday,June,1821
2/28/2022,13,14,Solar,59,Monday,February,6476
2/21/2022,20,21,Wind,52,Monday,February,12070
9/30/2023,18,19,Solar,273,Saturday,September,1643
9/2/2024,8,9,Wind,246,Monday,September,3046
12/27/2020,1,2,Wind,362,Sunday,December,13341
1/6/2021,11,12,Solar,6,Wednesday,January,1977
4/13/2021,23,0,Wind,103,Tuesday,April,4542
4/4/2022,9,10,Wind,94,Monday,April,7264
10/17/2025,16,17,Solar,290,Friday,October,8657
5/1/2025,20,21,Wind,121,Thursday,May,2135
5/30/2023,23,0,Wind,150,Tuesday,May,9904
5/3/2022,23,0,Wind,123,Tuesday,May,3793
1/5/2023,9,10,Wind,5,Thursday,January,5748
1/31/2020,0,1,Wind,31,Friday,January,9113
2/28/2025,20,21,Wind,59,Friday,February,6271
11/25/2025,3,4,Wind,329,Tuesday,November,10849
10/1/2021,4,5,Wind,274,Friday,October,5385
10/28/2024,20,21,Wind,302,Monday,October,2417
12/12/2021,11,12,Wind,346,Sunday,December,5938
4/19/2022,0,1,Wind,109,Tuesday,April,3317
8/4/2023,5,6,Wind,216,Friday,August,3441
10/7/2024,2,3,Wind,281,Monday,October,7593
4/3/2024,0,1,Wind,94,Wednesday,April,10168
6/4/2022,3,4,Wind,155,Saturday,June,2989
8/6/2022,10,11,Solar,218,Saturday,August,8940
9/27/2022,21,22,Wind,270,Tuesday,September,8957
8/31/2021,3,4,Wind,243,Tuesday,August,3643
4/25/2025,5,6,Wind,115,Friday,April,2468
12/1/2024,5,6,Wind,336,Sunday,December,5872
7/14/2024,3,4,Wind,196,Sunday,July,393
9/21/2021,8,9,Wind,264,Tuesday,September,3313
4/9/2021,8,9,Wind,99,Friday,April,4499
6/9/2020,6,7,Wind,161,Tuesday,June,3098
9/7/2023,15,16,Solar,250,Thursday,September,7154
11/15/2025,21,22,Wind,319,Saturday,November,2981
8/20/2020,17,18,Wind,233,Thursday,August,6305
4/26/2025,23,0,Wind,116,Saturday,April,5880
5/21/2024,15,16,Solar,142,Tuesday,May,7449
6/22/2023,19,20,Wind,173,Thursday,June,6275
2/20/2025,11,12,Wind,51,Thursday,February,12010
9/11/2025,13,14,Wind,254,Thursday,September,11288
7/22/2022,0,1,Wind,203,Friday,July,3023
10/8/2021,3,4,Wind,281,Friday,October,3324
3/23/2021,0,1,Wind,82,Tuesday,March,2327
6/9/2021,16,17,Solar,160,Wednesday,June,4677
4/24/2025,17,18,Wind,114,Thursday,April,8514
11/14/2021,0,1,Wind,318,Sunday,November,2299
9/22/2025,22,23,Wind,265,Monday,September,9403
1/23/2025,10,11,Wind,23,Thursday,January,9514
3/11/2023,4,5,Wind,70,Saturday,March,3717
4/7/2025,7,8,Wind,97,Monday,April,4924
3/5/2021,19,20,Wind,64,Friday,March,5958
10/5/2020,4,5,Wind,279,Monday,October,10763
7/19/2023,12,13,Solar,200,Wednesday,July,9982
6/8/2020,13,14,Solar,160,Monday,June,5104
6/1/2022,7,8,Wind,152,Wednesday,June,1752
5/22/2022,9,10,Solar,142,Sunday,May,3677
9/14/2022,20,21,Wind,257,Wednesday,September,2238
7/14/2022,10,11,Solar,195,Thursday,July,5159
1/4/2022,13,14,Wind,4,Tuesday,January,5920
9/17/2021,13,14,Solar,260,Friday,September,4901
10/4/2020,6,7,Wind,278,Sunday,October,10875
8/13/2025,17,18,Solar,225,Wednesday,August,5153
8/8/2023,4,5,Wind,220,Tuesday,August,1545
10/29/2024,2,3,Wind,303,Tuesday,October,1493
7/27/2022,20,21,Wind,208,Wednesday,July,2861
7/3/2021,3,4,Wind,184,Saturday,July,2153
10/22/2023,20,21,Wind,295,Sunday,October,2509
10/8/2024,4,5,Wind,282,Tuesday,October,8959
12/31/2023,14,15,Wind,365,Sunday,December,18777
7/13/2024,6,7,Wind,195,Saturday,July,1044
4/30/2025,15,16,Solar,120,Wednesday,April,5960
12/13/2021,14,15,Solar,347,Monday,December,2908
1/12/2021,19,20,Wind,12,Tuesday,January,6332
3/9/2025,11,12,Wind,68,Sunday,March,7241
3/23/2022,5,6,Wind,82,Wednesday,March,2903
10/30/2022,6,7,Wind,303,Sunday,October,3727
4/3/2023,15,16,Wind,93,Monday,April,11461
7/15/2021,22,23,Wind,196,Thursday,July,5285
10/3/2023,2,3,Wind,276,Tuesday,October,9790
7/16/2023,8,9,Wind,197,Sunday,July,5475
11/19/2020,7,8,Wind,324,Thursday,November,8765
5/3/2022,21,22,Wind,123,Tuesday,May,4118
1/29/2025,2,3,Wind,29,Wednesday,January,16732
2/5/2021,3,4,Wind,36,Friday,February,2398
8/22/2025,8,9,Wind,234,Friday,August,3838
9/19/2021,14,15,Solar,262,Sunday,September,5472
3/8/2022,0,1,Wind,67,Tuesday,March,9131
10/26/2020,13,14,Wind,300,Monday,October,11267
7/13/2021,21,22,Wind,194,Tuesday,July,5506
12/23/2024,14,15,Wind,358,Monday,December,12048
11/3/2020,23,0,Wind,308,Tuesday,November,2798
10/6/2023,21,22,Wind,279,Friday,October,1439
3/8/2023,4,5,Wind,67,Wednesday,March,11231
2/21/2021,3,4,Wind,52,Sunday,February,9412
11/18/2024,22,23,Wind,323,Monday,November,12416
6/8/2020,8,9,Solar,160,Monday,June,2022
2/9/2020,15,16,Wind,40,Sunday,February,14078
6/24/2021,12,13,Solar,175,Thursday,June,4296
2/21/2024,14,15,Wind,52,Wednesday,February,15337
9/25/2024,3,4,Wind,269,Wednesday,September,4282
8/22/2025,3,4,Wind,234,Friday,August,4187
8/28/2025,4,5,Wind,240,Thursday,August,2083
5/21/2020,22,23,Wind,142,Thursday,May,960
9/22/2020,7,8,Wind,266,Tuesday,September,459
6/26/2024,10,11,Solar,178,Wednesday,June,3227
10/4/2024,17,18,Solar,278,Friday,October,4914
10/9/2020,1,2,Wind,283,Friday,October,2780
8/26/2023,12,13,Solar,238,Saturday,August,7772
2/4/2022,12,13,Wind,35,Friday,February,12483
4/19/2023,12,13,Solar,109,Wednesday,April,10375
3/17/2024,10,11,Solar,77,Sunday,March,6826
2/8/2023,10,11,Solar,39,Wednesday,February,6717
4/11/2021,8,9,Wind,101,Sunday,April,5974
9/17/2021,18,19,Solar,260,Friday,September,1730
12/14/2023,9,10,Wind,348,Thursday,December,6089
4/21/2021,19,20,Wind,111,Wednesday,April,5125
8/17/2025,11,12,Solar,229,Sunday,August,10395
3/6/2020,6,7,Wind,66,Friday,March,7966
1/13/2022,14,15,Solar,13,Thursday,January,4554
2/28/2020,19,20,Wind,59,Friday,February,10840
3/4/2025,3,4,Wind,63,Tuesday,March,2893
12/9/2024,23,0,Wind,344,Monday,December,11628
8/23/2024,9,10,Wind,236,Friday,August,14408
12/31/2020,2,3,Wind,366,Thursday,December,5738
6/23/2023,20,21,Wind,174,Friday,June,2354
8/14/2020,17,18,Solar,227,Friday,August,4073
1/31/2021,3,4,Wind,31,Sunday,January,4503
9/26/2025,20,21,Wind,269,Friday,September,232
10/3/2023,6,7,Wind,276,Tuesday,October,8547
4/23/2021,14,15,Solar,113,Friday,April,9027
5/9/2025,18,19,Wind,129,Friday,May,7716
1/24/2021,18,19,Wind,24,Sunday,January,7758
12/11/2024,5,6,Wind,346,Wednesday,December,5805
8/18/2021,16,17,Wind,230,Wednesday,August,5216
3/20/2022,19,20,Wind,79,Sunday,March,2655
8/7/2021,0,1,Wind,219,Saturday,August,2847
7/30/2025,12,13,Solar,211,Wednesday,July,8297
1/16/2020,12,13,Wind,16,Thursday,January,8932
3/14/2025,21,22,Wind,73,Friday,March,8995
12/10/2022,12,13,Solar,344,Saturday,December,4251
4/14/2023,8,9,Wind,104,Friday,April,5803
3/7/2021,4,5,Wind,66,Sunday,March,1964
8/2/2024,5,6,Wind,215,Friday,August,1409
4/14/2021,12,13,Solar,104,Wednesday,April,8807
8/29/2022,22,23,Wind,241,Monday,August,5624
8/21/2024,4,5,Wind,234,Wednesday,August,5194
3/2/2024,8,9,Wind,62,Saturday,March,11867
5/13/2023,18,19,Wind,133,Saturday,May,8321
9/22/2025,11,12,Wind,265,Monday,September,15501
4/1/2024,6,7,Wind,92,Monday,April,6261
7/17/2021,12,13,Solar,198,Saturday,July,6944
8/16/2025,1,2,Wind,228,Saturday,August,6783
4/30/2021,9,10,Solar,120,Friday,April,2080
1/4/2021,4,5,Wind,4,Monday,January,1585
11/14/2021,21,22,Wind,318,Sunday,November,4629
4/24/2023,13,14,Wind,114,Monday,April,10488
5/2/2023,1,2,Wind,122,Tuesday,May,3891
1/8/2025,1,2,Wind,8,Wednesday,January,5608
7/22/2023,13,14,Solar,203,Saturday,July,12519
10/12/2022,15,16,Solar,285,Wednesday,October,4059
10/5/2021,10,11,Wind,278,Tuesday,October,10634
12/20/2021,13,14,Wind,354,Monday,December,5087
6/26/2022,22,23,Wind,177,Sunday,June,1225
8/17/2025,2,3,Wind,229,Sunday,August,5835
7/4/2025,15,16,Solar,185,Friday,July,9917
2/15/2024,19,20,Wind,46,Thursday,February,10950
11/13/2020,2,3,Wind,318,Friday,November,4925
10/29/2023,2,3,Wind,302,Sunday,October,15488
4/7/2024,2,3,Wind,98,Sunday,April,10094
11/8/2025,3,4,Wind,312,Saturday,November,1223
10/28/2023,12,13,Wind,301,Saturday,October,16975
1/30/2023,16,17,Wind,30,Monday,January,5945
1/10/2022,14,15,Solar,10,Monday,January,2709
12/9/2022,21,22,Wind,343,Friday,December,1858
7/13/2023,9,10,Solar,194,Thursday,July,4958
1/1/2023,21,22,Wind,1,Sunday,January,13289
10/24/2024,16,17,Wind,298,Thursday,October,6768
5/30/2023,19,20,Wind,150,Tuesday,May,11350
12/30/2023,13,14,Wind,364,Saturday,December,12614
10/5/2022,19,20,Wind,278,Wednesday,October,7856
6/12/2024,14,15,Solar,164,Wednesday,June,7585
1/1/2020,21,22,Wind,1,Wednesday,January,1228
6/6/2024,19,20,Wind,158,Thursday,June,3832
1/15/2022,8,9,Wind,15,Saturday,January,1266
8/12/2022,19,20,Wind,224,Friday,August,3388
6/17/2025,6,7,Wind,168,Tuesday,June,2439
5/18/2022,12,13,Solar,138,Wednesday,May,6471
12/6/2020,14,15,Wind,341,Sunday,December,3362
2/6/2022,17,18,Wind,37,Sunday,February,16007
3/30/2022,1,2,Wind,89,Wednesday,March,1647
5/20/2022,20,21,Wind,140,Friday,May,5579
5/2/2023,20,21,Wind,122,Tuesday,May,5037
1/5/2021,3,4,Wind,5,Tuesday,January,2309
4/4/2020,1,2,Wind,95,Saturday,April,1059
7/19/2024,7,8,Wind,201,Friday,July,2072
1/17/2021,19,20,Wind,17,Sunday,January,3088
11/23/2022,4,5,Wind,327,Wednesday,November,6608
8/15/2022,5,6,Wind,227,Monday,August,2283
7/1/2023,22,23,Wind,182,Saturday,July,6141
1/29/2023,17,18,Wind,29,Sunday,January,2276
9/17/2023,2,3,Wind,260,Sunday,September,3078
7/16/2021,22,23,Wind,197,Friday,July,3195
11/16/2025,22,23,Wind,320,Sunday,November,4643
7/1/2022,0,1,Wind,182,Friday,July,2747
9/19/2021,11,12,Solar,262,Sunday,September,5438
1/20/2024,8,9,Wind,20,Saturday,January,3002
4/1/2024,5,6,Wind,92,Monday,April,5730
12/30/2021,8,9,Wind,364,Thursday,December,8346
4/24/2022,18,19,Wind,114,Sunday,April,5352
5/15/2020,6,7,Wind,136,Friday,May,6218
1/16/2022,21,22,Wind,16,Sunday,January,1954
7/3/2024,13,14,Solar,185,Wednesday,July,10938
10/21/2025,19,20,Wind,294,Tuesday,October,6940
7/2/2021,7,8,Solar,183,Friday,July,811
9/27/2024,15,16,Wind,271,Friday,September,11353
11/7/2024,6,7,Wind,312,Thursday,November,2280
10/3/2021,16,17,Wind,276,Sunday,October,7208
11/28/2024,15,16,Solar,333,Thursday,November,3117
12/12/2020,8,9,Wind,347,Saturday,December,5116
7/17/2023,16,17,Solar,198,Monday,July,9405
4/8/2024,11,12,Wind,99,Monday,April,9916
3/11/2024,5,6,Wind,71,Monday,March,3993
3/19/2025,19,20,Wind,78,Wednesday,March,5144
12/28/2020,7,8,Wind,363,Monday,December,6519
4/30/2022,1,2,Wind,120,Saturday,April,4279
9/4/2022,7,8,Wind,247,Sunday,September,2514
9/4/2021,12,13,Solar,247,Saturday,September,4091
6/6/2024,6,7,Wind,158,Thursday,June,1334
10/18/2023,11,12,Wind,291,Wednesday,October,12358
6/27/2025,16,17,Solar,178,Friday,June,10539
10/22/2022,6,7,Wind,295,Saturday,October,4764
12/6/2022,20,21,Wind,340,Tuesday,December,1974
1/14/2025,3,4,Wind,14,Tuesday,January,2973
6/27/2022,9,10,Solar,178,Monday,June,3694
8/28/2021,13,14,Solar,240,Saturday,August,8864
7/16/2020,17,18,Wind,198,Thursday,July,3970
11/26/2021,13,14,Wind,330,Friday,November,12001
7/27/2021,9,10,Solar,208,Tuesday,July,2639
6/22/2022,20,21,Wind,173,Wednesday,June,1793
4/16/2021,2,3,Wind,106,Friday,April,5687
9/18/2025,22,23,Wind,261,Thursday,September,946
6/10/2022,20,21,Wind,161,Friday,June,1519
12/10/2023,12,13,Wind,344,Sunday,December,17375
8/18/2025,12,13,Solar,230,Monday,August,9118
3/13/2025,10,11,Solar,72,Thursday,March,5207
10/30/2021,10,11,Wind,303,Saturday,October,9345
10/11/2022,22,23,Wind,284,Tuesday,October,2004
6/25/2022,23,0,Wind,176,Saturday,June,2447
7/5/2025,14,15,Solar,186,Saturday,July,6454
3/27/2021,0,1,Wind,86,Saturday,March,8955
11/22/2022,15,16,Wind,326,Tuesday,November,13570
9/25/2023,14,15,Solar,268,Monday,September,6686
5/14/2021,15,16,Wind,134,Friday,May,9132
8/25/2022,13,14,Solar,237,Thursday,August,6747
6/14/2024,13,14,Wind,166,Friday,June,13737
5/30/2020,23,0,Wind,151,Saturday,May,5318
4/12/2022,9,10,Wind,102,Tuesday,April,7639
2/9/2021,22,23,Wind,40,Tuesday,February,8252
10/15/2023,23,0,Wind,288,Sunday,October,5688
8/1/2022,7,8,Wind,213,Monday,August,1018
9/4/2024,23,0,Wind,248,Wednesday,September,3441
6/19/2024,15,16,Wind,171,Wednesday,June,9546
2/1/2020,23,0,Wind,32,Saturday,February,7593
1/23/2021,8,9,Wind,23,Saturday,January,6256
11/16/2021,23,0,Wind,320,Tuesday,November,1607
1/26/2023,4,5,Wind,26,Thursday,January,1602
6/1/2025,6,7,Wind,152,Sunday,June,2013
5/9/2022,12,13,Solar,129,Monday,May,6351
11/8/2023,21,22,Wind,312,Wednesday,November,14490
8/10/2020,0,1,Wind,223,Monday,August,3675
1/8/2021,22,23,Wind,8,Friday,January,1032
3/10/2021,22,23,Wind,69,Wednesday,March,13024
12/19/2022,3,4,Wind,353,Monday,December,12364
1/15/2022,17,18,Wind,15,Saturday,January,467
8/27/2024,12,13,Solar,240,Tuesday,August,9570
1/1/2020,6,7,Wind,1,Wednesday,January,2293
5/6/2022,6,7,Wind,126,Friday,May,3224
2/19/2021,21,22,Wind,50,Friday,February,8977
6/7/2021,15,16,Solar,158,Monday,June,4364
7/10/2021,6,7,Wind,191,Saturday,July,550
8/4/2022,20,21,Wind,216,Thursday,August,4846
11/18/2022,19,20,Wind,322,Friday,November,3557
4/10/2023,16,17,Wind,100,Monday,April,13129
8/3/2021,9,10,Solar,215,Tuesday,August,2269
11/14/2025,18,19,Wind,318,Friday,November,10304
5/29/2020,14,15,Wind,150,Friday,May,8180
4/2/2020,10,11,Solar,93,Thursday,April,2553
9/25/2023,10,11,Solar,268,Monday,September,5050
5/13/2021,21,22,Wind,133,Thursday,May,2345
6/6/2020,11,12,Wind,158,Saturday,June,9585
5/22/2024,13,14,Wind,143,Wednesday,May,12721
4/20/2024,3,4,Wind,111,Saturday,April,7054
11/25/2025,19,20,Wind,329,Tuesday,November,10785
11/23/2023,16,17,Wind,327,Thursday,November,6587
10/22/2021,21,22,Wind,295,Friday,October,2606
6/14/2022,4,5,Wind,165,Tuesday,June,4422
12/31/2024,14,15,Wind,366,Tuesday,December,8711
12/18/2021,3,4,Wind,352,Saturday,December,6277
3/28/2024,12,13,Wind,88,Thursday,March,23008
6/11/2025,14,15,Solar,162,Wednesday,June,5418
9/16/2024,13,14,Solar,260,Monday,September,10487
2/14/2025,15,16,Wind,45,Friday,February,8419
10/12/2021,6,7,Wind,285,Tuesday,October,2468
1/31/2025,16,17,Wind,31,Friday,January,6182
9/1/2023,15,16,Solar,244,Friday,September,8675
11/21/2024,16,17,Wind,326,Thursday,November,10085
10/22/2021,10,11,Wind,295,Friday,October,4696
9/1/2022,13,14,Solar,244,Thursday,September,6942
8/4/2020,23,0,Wind,217,Tuesday,August,1331
10/20/2022,8,9,Wind,293,Thursday,October,4405
3/4/2024,8,9,Wind,64,Monday,March,5555
7/3/2022,12,13,Solar,184,Sunday,July,6827
2/24/2023,4,5,Wind,55,Friday,February,5668
3/8/2023,14,15,Wind,67,Wednesday,March,15390
12/18/2021,14,15,Wind,352,Saturday,December,6408
4/20/2021,18,19,Solar,110,Tuesday,April,1729
7/17/2021,11,12,Solar,198,Saturday,July,6341
9/20/2020,20,21,Wind,264,Sunday,September,2128
6/24/2022,7,8,Wind,175,Friday,June,3032
10/27/2025,13,14,Wind,300,Monday,October,22044
11/29/2025,19,20,Wind,333,Saturday,November,9233
8/21/2020,23,0,Wind,234,Friday,August,4858
9/30/2021,6,7,Wind,273,Thursday,September,1653
