Date,Start_Hour,End_Hour,Source,Day_of_Year,Day_Name,Season,Production
9/4/2024,14,15,Solar,248.0,Wednesday,Fall,4253
5/26/2020,18,19,Wind,147.0,Tuesday,Spring,6277
1/20/2021,15,16,Wind,20.0,Wednesday,Winter,14624
1/30/2025,7,8,Wind,30.0,Thursday,Winter,5813
12/31/2023,15,16,Wind,365.0,Sunday,Winter,18435
3/7/2022,0,1,Wind,66.0,Monday,Spring,7417
2/21/2025,22,23,Wind,52.0,Friday,Winter,12234
6/1/2022,19,20,Wind,152.0,Wednesday,Summer,2649
5/13/2021,15,16,Solar,133.0,Thursday,Spring,5509
12/8/2021,8,9,Wind,342.0,Wednesday,Winter,7536
12/10/2022,7,8,Wind,344.0,Saturday,Winter,1455
9/24/2021,16,17,Solar,267.0,Friday,Fall,3933
2/14/2024,20,21,Wind,45.0,Wednesday,Winter,7478
9/3/2020,7,8,Wind,247.0,Thursday,Fall,2032
6/6/2024,xyz,2,Wind,158.0,Thursday,Summer,1268
6/22/2024,1,2,Wind,174.0,Saturday,Summer,5101
4/21/2021,5,6,Wind,111.0,Wednesday,Spring,1068
9/25/2022,8,9,Wind,268.0,Sunday,Fall,3110
2/25/2023,18,19,Wind,56.0,Saturday,Winter,8199
10/17/2022,6,7,Wind,290.0,Monday,Fall,7788
11/2/2022,9,10,Wind,306.0,Wednesday,Fall,5751
7/5/2021,11,12,Solar,186.0,Monday,Summer,7031
7/5/2025,9,10,Solar,186.0,Saturday,Summer,6839
6/23/2024,5,6,Wind,175.0,Sunday,Summer,2326
1/22/2023,8,9,Wind,22.0,Sunday,Winter,5974
9/27/2020,18,19,Wind,271.0,Sunday,Fall,8052
7/28/2020,7,8,Wind,210.0,Tuesday,Summer,3211
5/22/2025,5,6,Wind,142.0,Thursday,Spring,5212
8/13/2024,22,23,Wind,226.0,Tuesday,Summer,1520
7/2/2020,23,0,Wind,184.0,Thursday,Summer,3158
8/28/2024,22,23,Wind,241.0,Wednesday,Summer,2348
4/27/2025,16,17,Solar,117.0,Sunday,Spring,3352
02/27/2028,19,20,Wind,277.0,Monday,Fall,-100
10/18/2023,9,10,Wind,291.0,Wednesday,Fall,11888
6/11/2025,20,21,Wind,162.0,Wednesday,Summer,5029
10/20/2021,23,0,Wind,293.0,Wednesday,Fall,14105
8/20/2024,9,10,Solar,233.0,Tuesday,Summer,6256
7/7/2022,11,12,Solar,188.0,Thursday,Summer,8621
11/20/2024,12,13,Wind,325.0,Wednesday,Fall,9330
2/28/2025,22,23,Wind,59.0,Friday,Winter,7187
4/17/2022,9,10,Wind,107.0,Sunday,Spring,6232
10/3/2024,1,2,Wind,277.0,Thursday,Fall,4843
11/25/2025,0,1,Wind,329.0,Tuesday,Fall,9734
1/25/2023,22,23,Wind,25.0,Wednesday,Winter,1037
11/14/2020,17,18,Wind,319.0,Saturday,Fall,9187
11/23/2023,11,12,Solar,327.0,Thursday,Fall,7232
4/22/2025,21,22,Wind,112.0,Tuesday,Spring,3114
4/30/2025,12,13,Solar,120.0,Wednesday,Spring,5410
2/14/2023,15,16,Solar,45.0,Tuesday,Winter,5164
8/14/2020,0,1,Wind,227.0,Friday,Summer,2144
7/28/2023,19,20,Wind,209.0,Friday,Summer,5624
4/3/2020,1,2,Wind,94.0,Friday,Spring,2592
3/30/2023,21,22,Wind,89.0,Thursday,Spring,9358
2/1/2020,16,17,Wind,32.0,Saturday,Winter,11065
4/3/2020,7,8,Wind,94.0,Friday,Spring,1864
5/12/2020,12,13,Wind,133.0,Tuesday,Spring,5747
3/6/2025,22,23,Wind,65.0,Thursday,Spring,10880
8/9/2020,7,8,xyz,222.0,Sunday,Summer,963
2/18/2022,15,16,Wind,49.0,Friday,Winter,14791
02/27/2028,19,20,xyz,83.0,Wednesday,Spring,40000
11/16/2021,18,19,Wind,320.0,Tuesday,Fall,1101
9/13/2020,12,13,Solar,257.0,Sunday,Fall,3974
1/2/2020,21,22,Wind,2.0,Thursday,Winter,6813
1/13/2021,14,15,Wind,13.0,Wednesday,Winter,8363
12/7/2022,0,1,Wind,341.0,Wednesday,Winter,2427
5/24/2024,2,3,Wind,145.0,Friday,Spring,858
10/8/2021,17,18,,281.0,Friday,Fall,40000
1/1/2021,4,5,Wind,1.0,Friday,Winter,998
10/24/2025,20,21,Wind,297.0,,Fall,12993
9/10/2024,0,1,Wind,254.0,Tuesday,Fall,4683
8/28/2021,6,7,Wind,240.0,Saturday,Summer,3722
10/4/2022,1,2,Wind,277.0,Tuesday,Fall,1416
11/27/2024,3,4,Wind,332.0,Wednesday,Fall,11127
02/27/2028,0,1,xyz,49.0,Friday,Winter,-100
4/13/2024,7,8,Wind,104.0,Saturday,Spring,2307
4/26/2024,22,23,Wind,117.0,Friday,Spring,3763
5/28/2021,17,18,Solar,148.0,Friday,Spring,3776
,xyz,16,Solar,43.0,Sunday,Winter,40000
02/27/2028,7,xyz,Wind,183.0,,Summer,-100
10/21/2022,2,3,Wind,294.0,Friday,Fall,7894
5/19/2024,23,0,Wind,140.0,Sunday,Spring,1146
6/6/2022,4,5,Wind,157.0,Monday,Summer,1864
2/9/2023,6,7,Wind,40.0,Thursday,Winter,1172
3/3/2023,2,3,Wind,62.0,Friday,Spring,4064
5/31/2021,0,1,Wind,151.0,Monday,Spring,5070
6/8/2023,15,16,Solar,159.0,Thursday,Summer,8328
11/17/2024,,20,Wind,322.0,Sunday,Fall,5733
10/27/2020,4,5,Wind,301.0,Tuesday,Fall,xyz
7/16/2025,3,4,Wind,197.0,Wednesday,Summer,7222
12/23/2021,5,6,Wind,357.0,Thursday,Winter,6602
12/14/2020,0,1,Wind,349.0,Monday,Winter,9700
4/13/2025,12,13,Wind,103.0,Sunday,Spring,4906
10/16/2024,xyz,,Wind,290.0,Wednesday,Fall,11196
4/6/2023,9,10,Wind,96.0,Thursday,Spring,4765
9/3/2023,0,1,Wind,246.0,Sunday,Fall,4539
12/9/2021,16,17,Wind,343.0,Thursday,Winter,5379
12/26/2023,6,7,Wind,360.0,Tuesday,Winter,9160
5/27/2023,17,18,Solar,147.0,Saturday,Spring,6146
11/11/2023,13,14,Solar,315.0,Saturday,Fall,5880
5/22/2023,22,23,Wind,142.0,Monday,Spring,5407
4/25/2025,1,2,Wind,115.0,Friday,Spring,3293
6/30/2022,0,1,Wind,181.0,Thursday,Summer,1528
8/21/2025,0,1,Wind,233.0,Thursday,Summer,3450
2/5/2020,18,19,Wind,36.0,Wednesday,Winter,1769
10/17/2024,8,9,Wind,291.0,Thursday,Fall,3165
11/14/2020,19,20,Wind,319.0,Saturday,Fall,11103
02/27/2028,15,16,Solar,167.0,xyz,Summer,xyz
1/2/2025,0,1,xyz,2.0,Thursday,Winter,
11/3/2020,0,1,Wind,308.0,Tuesday,Fall,3597
12/8/2024,2,3,Wind,343.0,Sunday,Winter,xyz
02/27/2028,8,9,xyz,219.0,Sunday,Summer,-100
2/22/2021,1,2,Wind,53.0,Monday,Winter,7591
10/26/2020,21,22,Wind,300.0,Monday,Fall,7511
8/26/2022,10,11,Solar,238.0,Friday,Summer,5642
02/27/2028,6,7,Wind,336.0,Tuesday,Winter,-100
10/14/2020,8,xyz,Wind,288.0,Wednesday,Fall,40000
12/31/2022,4,5,Wind,365.0,Saturday,Winter,15764
8/29/2024,12,13,Solar,242.0,Thursday,Summer,6094
4/20/2023,18,19,Wind,110.0,Thursday,Spring,6268
2/17/2020,1,2,Wind,48.0,Monday,Winter,8444
4/24/2024,15,16,Wind,115.0,Wednesday,Spring,11510
8/8/2025,2,3,Wind,220.0,Friday,xyz,1497
6/15/2022,22,23,Wind,166.0,Wednesday,Summer,2879
8/8/2025,6,7,Wind,220.0,Friday,Summer,1464
1/19/2023,0,1,Wind,19.0,Thursday,Winter,3941
2/26/2022,21,22,Wind,57.0,Saturday,Winter,9716
9/20/2022,22,23,Wind,263.0,Tuesday,Fall,2922
7/5/2021,12,13,Solar,186.0,Monday,Summer,7806
5/26/2022,5,6,Wind,146.0,Thursday,Spring,40000
11/24/2024,10,11,Wind,329.0,Sunday,Fall,21544
12/7/2020,22,23,Wind,342.0,Monday,Winter,3434
2/10/2020,4,5,Wind,41.0,Monday,Winter,10052
3/7/2022,16,17,Wind,66.0,Monday,Spring,9049
7/28/2025,12,13,Solar,209.0,Monday,Summer,11478
4/5/2025,20,21,Wind,95.0,Saturday,Spring,6463
8/16/2023,7,8,Wind,228.0,Wednesday,Summer,2047
7/15/2021,4,5,Wind,196.0,Thursday,Summer,7756
8/21/2025,1,2,Wind,233.0,Thursday,Summer,3653
5/17/2021,8,9,Wind,137.0,Monday,Spring,11934
6/2/2023,2,3,Wind,153.0,Friday,Summer,7043
6/19/2021,15,16,Solar,170.0,Saturday,Summer,4434
9/16/2021,18,19,Solar,259.0,Thursday,Fall,1495
3/13/2023,8,9,Wind,72.0,Monday,Spring,15437
7/23/2020,4,5,Wind,205.0,Thursday,Summer,1527
8/9/2022,2,3,Wind,221.0,Tuesday,Summer,6809
5/11/2020,18,19,Wind,132.0,Monday,Spring,11450
7/20/2023,19,20,Wind,201.0,Thursday,Summer,3428
11/6/2021,7,8,Wind,310.0,Saturday,Fall,2797
11/15/2020,21,22,Wind,320.0,Sunday,Fall,12149
8/22/2020,3,4,Wind,235.0,Saturday,Summer,4955
11/15/2024,14,15,Solar,320.0,Friday,Fall,4951
7/9/2023,9,10,Solar,190.0,Sunday,Summer,4410
8/27/2024,0,1,Wind,240.0,Tuesday,Summer,2350
11/21/2021,4,5,Wind,325.0,Sunday,xyz,40000
6/27/2020,22,23,Wind,179.0,Saturday,Summer,4430
4/14/2021,10,11,Solar,104.0,Wednesday,Spring,5528
1/15/2021,9,10,Wind,15.0,Friday,Winter,6240
7/16/2025,14,15,Solar,197.0,Wednesday,Summer,16316
3/26/2023,3,4,Wind,85.0,Sunday,Spring,9201
10/2/2023,18,19,Wind,275.0,Monday,Fall,4842
9/22/2024,18,19,Wind,266.0,Sunday,Fall,4071
7/29/2023,8,9,Wind,210.0,Saturday,Summer,5340
7/11/2020,10,11,Solar,193.0,Saturday,Summer,4169
02/27/2028,20,21,Wind,138.0,Tuesday,Spring,-100
4/25/2021,5,6,Wind,115.0,xyz,Spring,40000
9/10/2021,22,23,Wind,253.0,Friday,Fall,1997
5/9/2023,8,9,Wind,129.0,Tuesday,Spring,4052
10/15/2021,15,16,Solar,288.0,Friday,Fall,4028
3/26/2024,xyz,0,Wind,86.0,Tuesday,Spring,8226
11/1/2024,11,12,Solar,306.0,Friday,Fall,5193
4/28/2020,23,0,Wind,119.0,Tuesday,Spring,4946
1/10/2025,6,7,Wind,10.0,Friday,Winter,3643
11/25/2024,10,11,Wind,330.0,Monday,Fall,12969
7/3/2021,8,9,Wind,184.0,Saturday,Summer,2116
9/1/2020,14,15,Solar,245.0,Tuesday,Fall,4740
4/6/2020,14,15,Wind,97.0,Monday,Spring,6087
7/21/2020,0,1,Wind,203.0,Tuesday,Summer,4876
1/4/2023,19,20,Wind,4.0,Wednesday,Winter,13392
8/1/2021,5,6,Wind,213.0,Sunday,Summer,2357
10/6/2022,6,7,Wind,279.0,Thursday,Fall,1907
6/4/2023,23,0,Wind,155.0,Sunday,Summer,6760
3/13/2023,1,2,Wind,72.0,Monday,Spring,14233
10/17/2023,18,,Wind,290.0,Tuesday,Fall,7943
5/26/2024,8,9,Wind,147.0,Sunday,Spring,5565
9/11/2025,3,4,Wind,254.0,Thursday,Fall,10615
4/16/2025,17,18,Solar,106.0,Wednesday,Spring,6246
8/17/2020,4,5,Wind,230.0,Monday,Summer,1804
8/22/2021,12,13,Wind,234.0,Sunday,Summer,8102
10/2/2023,0,1,Wind,275.0,Monday,Fall,2764
5/31/2020,17,18,Wind,152.0,Sunday,Spring,6587
2/10/2023,6,7,Wind,41.0,Friday,Winter,629
10/13/2024,4,5,Wind,287.0,Sunday,Fall,3330
4/8/2024,4,5,Wind,99.0,Monday,Spring,3115
11/17/2025,9,10,Wind,321.0,Monday,Fall,8893
5/15/2020,3,4,Wind,136.0,Friday,Spring,7329
9/27/2021,16,17,Wind,270.0,xyz,xyz,10010
2/16/2024,11,12,Wind,47.0,Friday,Winter,9141
02/27/2028,14,15,Wind,345.0,Tuesday,Winter,-100
11/3/2023,11,12,Wind,307.0,Friday,Fall,10759
7/19/2022,10,11,Solar,200.0,Tuesday,Summer,6985
4/1/2020,13,14,Solar,92.0,Wednesday,Spring,5326
12/11/2022,11,12,Solar,345.0,Sunday,xyz,40000
4/8/2025,15,16,Solar,98.0,Tuesday,Spring,8550
12/24/2024,22,23,Wind,359.0,Tuesday,Winter,2401
9/7/2023,18,19,Solar,250.0,Thursday,Fall,2452
3/16/2020,6,7,Wind,76.0,Monday,Spring,3309
8/16/2022,9,10,Solar,228.0,Tuesday,Summer,2904
2/15/2023,16,17,Solar,46.0,Wednesday,Winter,3695
8/18/2021,1,2,Wind,230.0,Wednesday,Summer,2488
5/6/2023,8,9,Solar,126.0,Saturday,Spring,2948
5/27/2020,2,3,Wind,148.0,xyz,Spring,4422
11/15/2025,3,4,Wind,319.0,Saturday,Fall,4692
4/25/2023,2,3,Wind,115.0,Tuesday,Spring,2620
4/1/2025,12,13,Wind,91.0,Tuesday,Spring,18978
1/6/2020,11,12,Wind,6.0,Monday,Winter,5665
12/13/2022,3,4,Wind,347.0,Tuesday,Winter,6816
4/22/2023,4,5,Wind,112.0,Saturday,Spring,4492
3/22/2020,22,23,Wind,82.0,Sunday,Spring,9398
2/16/2021,7,8,Wind,47.0,Tuesday,Winter,10321
5/10/2024,12,13,Solar,131.0,Friday,Spring,11083
9/22/2024,20,21,Wind,266.0,Sunday,Fall,2722
4/19/2020,19,20,Wind,110.0,Sunday,Spring,4931
4/29/2023,2,3,Wind,119.0,Saturday,Spring,1638
02/27/2028,11,12,xyz,237.0,Monday,Summer,-100
4/17/2023,xyz,17,Wind,107.0,xyz,Spring,10404
9/17/2020,1,2,Wind,261.0,Thursday,Fall,xyz
2/14/2023,20,21,Wind,45.0,Tuesday,Winter,4137
8/30/2020,9,10,Wind,243.0,Sunday,Summer,4184
10/11/2025,9,10,Wind,284.0,Saturday,Fall,5515
2/7/2023,16,17,Wind,38.0,Tuesday,Winter,6303
4/16/2021,12,13,Wind,106.0,Friday,Spring,9475
7/5/2022,2,3,Wind,186.0,Tuesday,Summer,3640
02/27/2028,18,19,Wind,338.0,xyz,Winter,-100
6/12/2021,7,8,Wind,163.0,Saturday,Summer,1829
7/28/2020,5,xyz,Wind,xyz,xyz,Summer,4107
8/27/2022,11,12,Solar,239.0,Saturday,Summer,6767
7/7/2021,12,13,Solar,188.0,Wednesday,Summer,5172
5/7/2025,13,14,Solar,127.0,Wednesday,Spring,11508
,9,10,Wind,235.0,Saturday,Summer,7218
1/25/2022,8,9,Wind,25.0,Tuesday,Winter,40000
5/21/2020,5,6,Wind,142.0,Thursday,Spring,1502
6/23/2021,10,11,Solar,174.0,Wednesday,Summer,3755
9/13/2022,14,15,Solar,256.0,Tuesday,Fall,5433
2/16/2025,8,9,Wind,47.0,Sunday,Winter,4873
02/27/2028,9,10,Wind,10.0,xyz,Winter,-100
3/5/2025,0,1,Wind,64.0,Wednesday,Spring,2433
7/12/2025,17,18,Solar,193.0,Saturday,Summer,7623
8/4/2024,13,14,Solar,217.0,Sunday,Summer,4818
9/23/2021,15,16,Solar,266.0,Thursday,Fall,5575
4/27/2021,0,1,Wind,117.0,Tuesday,Spring,6406
4/9/2020,1,2,Wind,100.0,Thursday,Spring,894
5/18/2024,17,18,Solar,139.0,Saturday,Spring,5382
2/7/2021,8,9,Wind,38.0,Sunday,Winter,4598
3/20/2025,16,17,Wind,79.0,Thursday,Spring,7679
2/14/2020,4,5,Wind,45.0,Friday,Winter,5436
,xyz,15,Wind,126.0,Tuesday,Spring,40000
02/27/2028,15,16,Wind,135.0,Monday,Spring,-100
02/27/2028,16,17,Solar,222.0,Sunday,Summer,-100
9/29/2023,10,11,Wind,272.0,Friday,Fall,11544
10/28/2024,4,5,Wind,302.0,Monday,Fall,1027
02/27/2028,xyz,1,Wind,xyz,Tuesday,Fall,-100
4/9/2023,12,13,Solar,99.0,Sunday,Spring,7478
9/2/2024,10,11,Solar,246.0,Monday,Fall,5818
3/26/2021,16,17,Wind,85.0,Friday,Spring,
11/27/2020,12,13,Solar,332.0,Friday,Fall,2867
9/21/2025,6,7,Wind,264.0,Sunday,Fall,3184
12/22/2024,11,12,Wind,357.0,Sunday,Winter,19928
9/15/2021,12,13,Solar,258.0,Wednesday,Fall,3974
4/14/2020,6,7,Wind,105.0,Tuesday,Spring,6514
2/11/2023,14,15,Solar,42.0,Saturday,Winter,5927
3/10/2022,21,22,Wind,69.0,Thursday,Spring,6888
1/8/2021,21,22,Wind,8.0,Friday,Winter,934
xyz,7,8,Wind,254.0,Sunday,Fall,587
10/22/2020,15,16,Wind,296.0,Thursday,Fall,4372
7/1/2020,8,9,Wind,183.0,Wednesday,Summer,3679
3/2/2021,17,18,Wind,61.0,Tuesday,Spring,2119
6/24/2023,10,11,Solar,175.0,Saturday,Summer,6886
5/31/2020,19,20,Wind,152.0,Sunday,Spring,40000
5/23/2023,9,10,Wind,143.0,Tuesday,Spring,8084
12/20/2024,8,9,Wind,355.0,Friday,Winter,5569
6/12/2025,14,15,Solar,163.0,Thursday,Summer,5717
8/22/2020,10,11,Wind,235.0,Saturday,Summer,9129
7/6/2025,20,21,Wind,187.0,Sunday,Summer,8639
8/16/2020,2,3,Wind,229.0,Sunday,Summer,1867
8/9/2023,4,5,Wind,221.0,Wednesday,Summer,2396
6/10/2025,19,20,Wind,161.0,Tuesday,Summer,40000
7/19/2021,2,3,Wind,200.0,Monday,Summer,5773
7/10/2022,2,3,Wind,191.0,Sunday,Summer,5201
02/27/2028,22,23,Wind,296.0,Saturday,xyz,40000
7/15/2022,4,5,Wind,196.0,Friday,Summer,4379
3/4/2022,23,0,Wind,63.0,Friday,Spring,3137
2/16/2022,13,14,Wind,47.0,Wednesday,Winter,16745
2/15/2024,18,19,Wind,46.0,Thursday,Winter,10200
11/25/2023,21,22,Wind,329.0,Saturday,Fall,4113
8/10/2024,12,13,Solar,223.0,Saturday,Summer,4442
3/19/2021,20,21,Wind,78.0,Friday,Spring,7181
11/27/2025,4,5,Wind,331.0,Thursday,Fall,6967
3/18/2024,8,9,Wind,78.0,Monday,Spring,2921
9/25/2025,7,8,Wind,268.0,Thursday,Fall,3047
1/18/2022,2,3,Wind,18.0,Tuesday,Winter,2430
5/10/2021,16,17,Wind,130.0,Monday,Spring,7215
2/10/2022,7,8,Wind,41.0,Thursday,Winter,5427
xyz,4,5,Wind,266.0,Sunday,Fall,-100
9/12/2023,17,18,Solar,255.0,Tuesday,Fall,3541
2/17/2021,2,3,Wind,48.0,Wednesday,Winter,8531
3/23/2024,17,18,Wind,83.0,Saturday,Spring,15588
2/12/2025,10,11,Solar,43.0,Wednesday,Winter,3450
8/5/2024,22,23,Wind,218.0,Monday,Summer,1034
1/9/2020,0,1,Wind,9.0,Thursday,Winter,6309
5/24/2025,1,2,Wind,144.0,Saturday,Spring,2417
2/20/2025,9,10,Wind,51.0,Thursday,Winter,9967
11/16/2022,22,23,Wind,320.0,Wednesday,Fall,15448
4/25/2021,11,12,Wind,115.0,Sunday,Spring,10262
3/3/2022,12,13,Solar,62.0,Thursday,Spring,4140
4/23/2021,3,4,Wind,113.0,Friday,Spring,6116
2/21/2022,16,17,Wind,52.0,Monday,Winter,16981
4/19/2021,11,12,Solar,109.0,Monday,Spring,4484
9/4/2020,7,8,Wind,248.0,Friday,Fall,1232
9/11/2021,2,3,Wind,254.0,Saturday,Fall,1693
6/20/2024,11,12,Solar,172.0,Thursday,Summer,4899
02/27/2028,xyz,13,Wind,318.0,Sunday,Fall,-100
3/25/2024,1,2,Wind,85.0,Monday,Spring,1448
3/4/2024,12,13,Solar,64.0,Monday,Spring,9667
10/18/2022,14,15,Solar,291.0,Tuesday,Fall,5808
02/27/2028,5,xyz,Wind,252.0,Thursday,Fall,-100
4/9/2020,3,4,Wind,100.0,Thursday,Spring,746
xyz,12,13,Solar,87.0,Friday,Spring,5875
2/20/2021,21,22,Wind,51.0,Saturday,Winter,12255
9/25/2023,21,22,Wind,268.0,Monday,Fall,525
8/16/2022,12,13,Solar,228.0,Tuesday,Summer,6043
6/12/2022,9,10,Solar,163.0,Sunday,Summer,3891
11/6/2022,7,8,Wind,310.0,Sunday,Fall,8112
7/2/2022,22,23,Wind,183.0,Saturday,Summer,1832
3/3/2024,3,4,Wind,63.0,Sunday,Spring,2805
6/20/2020,14,15,Solar,172.0,Saturday,Summer,4334
1/23/2024,2,3,Wind,23.0,Tuesday,Winter,12747
1/13/2023,7,8,Wind,13.0,Friday,Winter,14510
3/20/2024,12,13,Solar,80.0,Wednesday,Spring,7394
6/24/2022,12,13,Wind,175.0,Friday,Summer,7951
9/8/2020,7,8,Wind,252.0,Tuesday,Fall,1224
9/6/2020,0,1,Wind,250.0,Sunday,Fall,2406
5/6/2022,3,4,Wind,126.0,Friday,Spring,3327
4/8/2022,9,10,Wind,98.0,Friday,Spring,6382
3/17/2020,21,22,Wind,77.0,Tuesday,Spring,596
12/6/2023,14,15,Solar,340.0,Wednesday,Winter,3145
02/27/2028,3,4,Wind,303.0,xyz,Fall,
9/29/2021,8,9,Wind,272.0,Wednesday,Fall,7118
4/27/2021,14,15,Solar,117.0,Tuesday,Spring,3324
1/2/2022,11,12,Wind,2.0,Sunday,Winter,11203
6/7/2025,23,0,Wind,158.0,Saturday,Summer,12317
1/5/2020,14,15,Solar,5.0,Sunday,Winter,2952
12/16/2024,7,8,Wind,351.0,Monday,Winter,7127
12/5/2023,18,19,Wind,339.0,Tuesday,Winter,6714
7/5/2022,7,8,Wind,186.0,Tuesday,Summer,2105
11/13/2023,11,12,Wind,317.0,Monday,Fall,18876
6/2/2025,1,2,Wind,153.0,Monday,Summer,3073
10/30/2023,14,15,Wind,303.0,Monday,Fall,6382
10/3/2023,9,10,Wind,276.0,Tuesday,Fall,9763
11/30/2020,13,14,Solar,335.0,Monday,Fall,3638
9/16/2024,18,19,Wind,260.0,Monday,Fall,8604
4/28/2024,0,1,Wind,119.0,Sunday,Spring,10556
5/11/2024,7,8,Wind,132.0,Saturday,Spring,4906
9/9/2024,18,19,Wind,253.0,Monday,Fall,9916
5/19/2022,9,10,Wind,139.0,Thursday,Spring,5194
4/16/2021,11,12,Solar,106.0,Friday,Spring,7807
7/10/2021,20,21,Wind,191.0,Saturday,Summer,2043
6/30/2021,4,5,Wind,181.0,Wednesday,Summer,2097
5/13/2024,12,13,Solar,134.0,Monday,Spring,6365
8/17/2022,10,11,Solar,229.0,Wednesday,Summer,3428
xyz,12,13,Wind,290.0,Monday,xyz,6996
3/3/2021,21,22,Wind,62.0,Wednesday,Spring,1128
,xyz,19,Wind,360.0,Sunday,Winter,2979
7/25/2025,4,5,Wind,206.0,Friday,Summer,2111
02/27/2028,21,,Wind,207.0,Thursday,Summer,-100
02/27/2028,19,20,Wind,36.0,Monday,Winter,-100
7/24/2020,3,4,Wind,xyz,Friday,Summer,40000
6/4/2024,23,0,Wind,156.0,Tuesday,Summer,4473
12/10/2024,10,11,Wind,345.0,Tuesday,Winter,10560
3/14/2024,23,0,Wind,74.0,Thursday,Spring,10690
11/30/2021,0,1,Wind,334.0,Tuesday,Fall,6255
1/18/2024,18,19,Wind,18.0,Thursday,Winter,4246
8/26/2020,22,23,Wind,239.0,Wednesday,Summer,2102
6/28/2025,,18,Solar,179.0,xyz,Summer,xyz
6/26/2020,0,1,Wind,178.0,Friday,Summer,3797
02/27/2028,16,xyz,Solar,241.0,Tuesday,Summer,-100
8/8/2023,3,4,Wind,220.0,Tuesday,Summer,1820
7/30/2023,22,23,Wind,211.0,Sunday,Summer,5928
3/6/2024,22,23,Wind,66.0,Wednesday,Spring,2314
2/19/2020,5,6,Wind,50.0,Wednesday,Winter,8999
9/26/2025,18,19,Solar,269.0,Friday,Fall,1324
11/28/2025,17,18,Wind,332.0,Friday,Fall,6838
5/20/2022,9,10,Wind,140.0,Friday,Spring,5745
10/1/2024,9,10,Wind,275.0,Tuesday,Fall,7164
2/12/2022,14,15,Solar,43.0,Saturday,Winter,7521
7/15/2023,4,5,Wind,196.0,Saturday,Summer,6081
4/9/2024,21,22,Wind,100.0,Tuesday,Spring,9329
11/26/2024,17,18,Wind,331.0,Tuesday,Fall,3769
8/17/2024,16,17,Solar,230.0,Saturday,Summer,5446
4/2/2021,,3,Wind,92.0,Friday,Spring,40000
8/16/2024,12,xyz,Solar,229.0,xyz,Summer,8933
3/2/2022,4,5,Wind,61.0,xyz,Spring,2961
11/4/2021,2,3,Wind,308.0,Thursday,Fall,2836
10/6/2024,10,,Wind,xyz,Sunday,Fall,7982
3/10/2024,18,19,Wind,70.0,Sunday,Spring,975
9/21/2023,23,0,Wind,264.0,Thursday,Fall,7242
5/31/2023,9,10,Wind,151.0,Wednesday,Spring,7949
10/17/2021,21,22,Wind,290.0,Sunday,Fall,2556
8/2/2025,1,2,Wind,214.0,Saturday,Summer,4270
8/26/2020,6,7,Wind,239.0,Wednesday,Summer,8678
9/18/2023,9,xyz,Wind,261.0,Monday,Fall,40000
5/15/2023,12,13,Solar,135.0,Monday,Spring,9340
6/15/2024,16,17,Wind,167.0,Saturday,Summer,10230
2/18/2024,0,1,Wind,49.0,Sunday,Winter,5504
2/17/2020,22,23,Wind,48.0,Monday,Winter,10239
2/11/2025,1,2,Wind,42.0,Tuesday,Winter,5637
02/27/2028,8,9,Wind,229.0,Sunday,Summer,40000
10/21/2022,15,16,Wind,294.0,Friday,Fall,8982
8/22/2022,23,0,Wind,234.0,Monday,Summer,1343
5/9/2021,3,4,Wind,129.0,Sunday,Spring,7771
5/28/2020,6,7,Wind,149.0,Thursday,Spring,3981
3/30/2023,23,0,Wind,89.0,Thursday,Spring,12402
10/25/2024,17,18,Wind,299.0,Friday,Fall,3111
11/1/2025,1,2,,305.0,Saturday,Fall,40000
8/29/2022,20,21,Wind,241.0,Monday,Summer,3839
8/2/2025,14,15,Solar,214.0,Saturday,Summer,12313
4/10/2021,9,10,Wind,100.0,Saturday,Spring,5393
9/15/2024,20,21,Wind,259.0,Sunday,Fall,3333
xyz,4,5,Wind,231.0,Thursday,Summer,1485
11/12/2022,10,11,Solar,316.0,Saturday,Fall,5330
1/28/2023,4,5,Wind,28.0,Saturday,Winter,5832
11/24/2022,21,22,Wind,328.0,Thursday,Fall,40000
8/17/2021,17,18,Wind,229.0,Tuesday,Summer,7713
02/27/2028,16,17,Solar,133.0,Thursday,Spring,-100
2/22/2023,4,5,Wind,53.0,Wednesday,Winter,3066
7/28/2024,14,15,Solar,210.0,Sunday,Summer,5654
9/6/2024,17,18,Solar,250.0,Friday,Fall,4893
1/4/2021,19,20,Wind,xyz,Monday,Winter,40000
11/26/2020,13,14,Solar,331.0,Thursday,Fall,3501
4/20/2021,7,8,Wind,110.0,Tuesday,Spring,703
11/19/2025,7,8,Wind,323.0,Wednesday,Fall,11799
1/18/2024,0,1,Wind,18.0,Thursday,Winter,6778
2/9/2025,0,1,Wind,40.0,Sunday,Winter,3868
,22,23,Wind,68.0,Tuesday,Spring,40000
10/7/2021,2,3,Wind,280.0,Thursday,Fall,1888
11/25/2020,3,4,Wind,330.0,Wednesday,Fall,6472
12/7/2021,1,2,Wind,341.0,Tuesday,Winter,8851
3/23/2024,10,11,Wind,83.0,Saturday,Spring,17377
2/2/2023,16,17,Wind,33.0,Thursday,Winter,7966
9/17/2024,10,11,Wind,261.0,Tuesday,Fall,14059
9/30/2023,8,9,Wind,273.0,Saturday,Fall,1568
xyz,20,21,Wind,201.0,Tuesday,Summer,-100
1/3/2025,14,15,Wind,3.0,Friday,Winter,5219
5/26/2025,6,7,Wind,146.0,Monday,Spring,5453
6/20/2020,20,21,Wind,172.0,Saturday,Summer,1472
4/24/2023,17,18,Wind,114.0,Monday,Spring,8130
8/21/2023,20,21,Wind,233.0,Monday,Summer,1191
4/16/2022,23,0,Wind,106.0,Saturday,Spring,8150
4/1/2024,19,20,Wind,92.0,Monday,Spring,9379
8/10/2024,2,3,Wind,223.0,Saturday,Summer,1755
12/4/2023,7,8,Wind,338.0,Monday,Winter,13712
9/16/2025,6,7,Wind,259.0,Tuesday,Fall,9715
3/5/2025,10,11,Solar,64.0,Wednesday,Spring,8585
xyz,16,17,Solar,86.0,Monday,Spring,40000
6/13/2024,21,22,Wind,165.0,Thursday,Summer,5123
8/23/2025,21,22,Wind,235.0,Saturday,Summer,2569
7/10/2023,3,4,Wind,191.0,Monday,Summer,1054
8/10/2022,5,6,Wind,222.0,Wednesday,Summer,5582
1/21/2023,19,20,Wind,21.0,Saturday,Winter,8905
7/2/2024,21,22,Wind,184.0,Tuesday,Summer,3140
2/11/2025,0,1,Wind,42.0,Tuesday,Winter,6544
12/22/2021,6,7,Wind,356.0,Wednesday,Winter,2824
3/28/2025,20,21,Wind,87.0,Friday,Spring,8242
12/1/2022,23,0,Wind,335.0,Thursday,Winter,2895
11/16/2021,19,20,Wind,320.0,Tuesday,Fall,1157
12/22/2023,12,13,Wind,356.0,Friday,Winter,19987
5/2/2023,18,19,Wind,122.0,Tuesday,Spring,7162
1/14/2022,5,6,Wind,14.0,Friday,Winter,1127
4/3/2025,23,0,Wind,93.0,Thursday,Spring,6528
5/15/2024,16,17,Solar,136.0,Wednesday,Spring,5901
8/26/2024,16,17,Solar,239.0,Monday,Summer,8375
1/14/2025,11,12,Solar,14.0,Tuesday,Winter,6088
4/29/2023,15,16,Solar,119.0,Saturday,Spring,4800
5/22/2025,14,15,Solar,142.0,Thursday,Spring,6175
8/22/2022,19,20,Wind,234.0,xyz,Summer,40000
12/17/2022,16,17,Wind,351.0,Saturday,Winter,2347
2/4/2021,17,18,Wind,35.0,Thursday,Winter,2798
11/24/2024,20,21,Wind,329.0,Sunday,Fall,19513
10/18/2024,0,1,Wind,292.0,Friday,Fall,4798
11/17/2024,2,3,Wind,322.0,Sunday,Fall,4894
5/14/2024,17,18,Wind,135.0,Tuesday,Spring,6999
9/5/2025,5,6,Wind,248.0,Friday,Fall,3073
8/9/2025,5,6,Wind,221.0,Saturday,Summer,1061
8/23/2020,20,xyz,Wind,236.0,,Summer,3074
9/23/2021,1,2,Wind,266.0,Thursday,Fall,40000
8/31/2024,3,4,Wind,244.0,Saturday,Summer,4579
3/1/2021,20,21,Wind,60.0,Monday,Spring,4546
9/3/2021,22,23,Wind,246.0,Friday,Fall,1704
6/18/2023,7,8,Wind,169.0,Sunday,Summer,2716
2/1/2020,18,19,Wind,32.0,Saturday,Winter,10703
10/12/2023,13,14,Solar,285.0,Thursday,Fall,9093
7/21/2023,22,23,Wind,202.0,Friday,Summer,3097
11/25/2024,12,13,Wind,330.0,Monday,Fall,12182
02/27/2028,12,13,Solar,300.0,Wednesday,Fall,-100
4/17/2021,23,0,Wind,107.0,Saturday,Spring,5520
8/13/2024,0,1,Wind,226.0,Tuesday,Summer,1600
5/21/2023,9,10,Wind,141.0,Sunday,Spring,5307
8/19/2024,14,15,Solar,232.0,Monday,Summer,9521
8/5/2023,5,6,Wind,217.0,Saturday,Summer,2691
9/7/2023,1,2,Wind,250.0,Thursday,Fall,2893
12/22/2021,9,10,Wind,356.0,Wednesday,Winter,3623
7/6/2022,20,21,Wind,187.0,Wednesday,Summer,3478
5/6/2025,2,3,Wind,126.0,Tuesday,Spring,10973
02/27/2028,21,xyz,Wind,99.0,Friday,xyz,-100
12/4/2020,10,11,Wind,339.0,Friday,Winter,7773
8/4/2020,19,20,Wind,217.0,Tuesday,Summer,2445
6/8/2021,1,2,Wind,159.0,Tuesday,xyz,1148
8/25/2023,4,5,Wind,237.0,Friday,Summer,2460
12/2/2021,21,22,Wind,336.0,Thursday,Winter,4111
3/29/2023,12,13,Solar,88.0,Wednesday,Spring,9902
10/14/2021,8,9,Wind,287.0,Thursday,Fall,2391
6/22/2025,8,9,Wind,173.0,Sunday,Summer,4620
6/1/2021,2,3,Wind,152.0,Tuesday,Summer,5282
7/28/2022,20,21,Wind,209.0,Thursday,Summer,1737
02/27/2028,xyz,22,Wind,304.0,Wednesday,Fall,40000
02/27/2028,9,10,Wind,xyz,Wednesday,Winter,40000
2/6/2023,12,13,Solar,37.0,Monday,Winter,9036
6/23/2024,xyz,xyz,Solar,175.0,Sunday,Summer,40000
10/5/2024,20,21,Wind,279.0,Saturday,Fall,7671
3/16/2025,9,10,Wind,75.0,Sunday,Spring,9888
6/4/2022,21,22,Wind,155.0,Saturday,Summer,4362
6/27/2020,6,7,Wind,179.0,Saturday,Summer,3501
3/16/2020,20,21,Wind,76.0,Monday,Spring,1348
1/10/2021,10,11,Wind,10.0,Sunday,Winter,4394
6/2/2020,11,12,Solar,154.0,Tuesday,Summer,3384
xyz,,12,xyz,240.0,Thursday,Summer,4553
9/29/2022,21,22,Wind,272.0,xyz,Fall,1181
02/27/2028,13,14,Solar,166.0,Wednesday,Summer,-100
5/17/2021,12,13,Wind,137.0,Monday,Spring,15300
2/15/2025,4,5,Wind,46.0,Saturday,Winter,5875
12/7/2020,5,6,Wind,342.0,Monday,Winter,910
7/29/2025,19,20,Wind,210.0,Tuesday,Summer,5792
6/23/2023,15,16,,174.0,Friday,Summer,7976
8/24/2024,3,4,Wind,237.0,Saturday,Summer,6102
4/14/2021,15,16,Wind,104.0,Wednesday,Spring,9278
3/9/2024,0,1,Wind,69.0,Saturday,Spring,11075
7/5/2024,2,3,xyz,187.0,Friday,xyz,40000
02/27/2028,15,16,Wind,46.0,Saturday,Winter,-100
7/30/2022,14,15,Solar,211.0,Saturday,Summer,7363
11/6/2020,22,23,Wind,311.0,Friday,Fall,7139
02/27/2028,3,4,Wind,134.0,Monday,Spring,-100
1/16/2024,1,2,Wind,16.0,Tuesday,Winter,2010
4/22/2024,11,12,Solar,113.0,Monday,Spring,11915
9/15/2024,22,23,Wind,259.0,Sunday,Fall,4322
10/23/2024,18,19,Wind,297.0,Wednesday,Fall,2844
02/27/2028,17,18,Solar,142.0,Tuesday,Spring,-100
9/5/2023,0,1,Wind,248.0,Tuesday,Fall,7414
11/2/2020,22,23,Wind,307.0,Monday,Fall,4458
8/1/2024,13,14,Solar,214.0,Thursday,Summer,7736
8/29/2023,0,1,Wind,241.0,Tuesday,Summer,2934
9/3/2021,7,8,Wind,246.0,Friday,Fall,2116
8/28/2024,13,14,Solar,241.0,Wednesday,Summer,10829
2/16/2024,1,2,Wind,47.0,Friday,Winter,10687
5/8/2021,22,23,Wind,128.0,Saturday,Spring,5551
6/26/2022,0,1,Wind,177.0,Sunday,Summer,2699
2/1/2021,5,6,Wind,32.0,Monday,Winter,40000
10/21/2022,14,15,Wind,294.0,Friday,Fall,9441
8/5/2020,4,5,,218.0,xyz,Summer,1018
6/18/2024,17,18,Solar,170.0,Tuesday,Summer,6244
8/19/2025,10,11,Solar,231.0,Tuesday,Summer,4540
2/1/2025,23,0,Wind,32.0,Saturday,Winter,3977
5/27/2024,15,16,Wind,148.0,Monday,Spring,8313
2/28/2024,3,4,Wind,59.0,Wednesday,Winter,3223
12/23/2022,20,21,Wind,357.0,Friday,Winter,12401
3/31/2023,11,12,Wind,90.0,Friday,Spring,20332
8/2/2023,18,19,Wind,214.0,xyz,Summer,18182
2/9/2023,11,12,Solar,40.0,Thursday,Winter,5239
10/7/2022,11,12,Solar,280.0,Friday,Fall,4853
3/15/2020,1,2,Wind,75.0,Sunday,Spring,3727
10/15/2023,18,19,Wind,288.0,Sunday,Fall,3213
8/7/2023,15,16,Solar,219.0,Monday,Summer,9917
10/7/2021,16,17,Solar,280.0,Thursday,Fall,4917
6/15/2020,4,5,Wind,167.0,Monday,Summer,2126
3/15/2025,10,11,Wind,74.0,Saturday,Spring,15859
10/19/2025,2,3,Wind,292.0,Sunday,Fall,6818
7/2/2021,8,9,Solar,183.0,Friday,Summer,1628
10/24/2023,13,14,Wind,297.0,Tuesday,Fall,9197
5/12/2024,6,7,Wind,133.0,Sunday,Spring,3904
9/19/2025,13,14,Solar,262.0,Friday,Fall,12989
8/31/2020,13,xyz,Solar,244.0,Monday,Summer,4731
10/2/2020,14,15,Wind,276.0,Friday,Fall,6441
10/2/2023,5,6,Wind,275.0,Monday,Fall,2482
9/29/2020,4,5,Wind,273.0,Tuesday,Fall,1974
5/31/2021,15,16,Solar,151.0,Monday,Spring,7096
1/12/2024,10,11,Wind,12.0,Friday,Winter,7101
5/23/2023,7,8,Wind,143.0,Tuesday,Spring,6042
3/5/2024,19,20,Wind,65.0,Tuesday,Spring,3141
9/18/2021,2,3,Wind,261.0,Saturday,Fall,1168
5/26/2021,19,20,Wind,146.0,Wednesday,Spring,4996
7/9/2022,1,2,Wind,190.0,Saturday,Summer,3653
3/17/2023,23,0,Wind,76.0,Friday,Spring,40000
10/5/2021,14,15,Wind,278.0,Tuesday,Fall,12713
8/5/2021,17,18,Wind,217.0,Thursday,Summer,9475
2/7/2023,11,12,Wind,38.0,Tuesday,Winter,9517
02/27/2028,xyz,7,Wind,xyz,Tuesday,Winter,-100
7/13/2024,23,0,Wind,195.0,Saturday,Summer,334
10/15/2023,15,16,Solar,288.0,Sunday,Fall,6957
5/11/2022,6,7,Wind,131.0,,Spring,40000
xyz,6,7,xyz,182.0,Saturday,Summer,7665
1/12/2024,1,2,Wind,12.0,Friday,Winter,6624
9/17/2025,19,20,Wind,260.0,Wednesday,Fall,3567
8/14/2025,3,4,Wind,226.0,Thursday,Summer,2267
11/2/2023,7,8,Wind,306.0,Thursday,Fall,15300
12/2/2021,5,6,Wind,336.0,Thursday,Winter,6952
9/19/2021,22,23,Wind,262.0,Sunday,Fall,2332
3/7/2020,13,14,Wind,67.0,Saturday,Spring,5851
6/6/2025,8,9,Wind,157.0,Friday,Summer,7508
6/12/2022,18,19,Wind,163.0,Sunday,Summer,5222
11/30/2021,8,9,Wind,334.0,Tuesday,Fall,11135
5/5/2024,1,2,Wind,126.0,Sunday,Spring,3256
11/18/2023,23,0,Wind,322.0,Saturday,Fall,11947
2/21/2021,12,13,Wind,52.0,Sunday,Winter,9016
4/20/2022,5,6,Wind,110.0,Wednesday,Spring,4689
8/1/2025,8,9,Solar,213.0,Friday,Summer,3518
11/12/2020,3,4,Wind,317.0,Thursday,Fall,7385
2/27/2022,4,5,Wind,58.0,Sunday,Winter,8949
xyz,23,0,Wind,23.0,Sunday,Winter,3658
7/23/2022,16,17,Solar,204.0,Saturday,Summer,6197
1/19/2024,2,3,Wind,19.0,Friday,Winter,2193
8/6/2023,22,23,Wind,218.0,Sunday,Summer,5369
7/28/2024,6,7,Wind,210.0,Sunday,Summer,2348
4/4/2025,6,7,Wind,94.0,Friday,Spring,6856
6/6/2025,18,19,Wind,157.0,Friday,Summer,10880
8/15/2022,9,10,Wind,227.0,Monday,Summer,4944
1/13/2022,1,2,Wind,13.0,Thursday,Winter,3054
4/21/2023,18,19,Solar,111.0,Friday,Spring,4021
12/18/2020,5,6,Wind,353.0,Friday,Winter,5793
02/27/2028,20,xyz,Wind,183.0,Wednesday,Summer,-100
xyz,10,11,Solar,177.0,Saturday,Summer,40000
4/1/2021,15,16,Solar,91.0,Thursday,Spring,6405
4/29/2024,1,2,Wind,120.0,Monday,Spring,2419
xyz,3,4,Wind,9.0,Saturday,Winter,2353
xyz,19,20,Wind,347.0,Thursday,Winter,3528
02/27/2028,0,1,Wind,117.0,Friday,Spring,-100
8/21/2025,18,19,Wind,233.0,Thursday,Summer,9974
6/14/2020,20,21,Wind,166.0,Sunday,Summer,1888
,10,11,Wind,324.0,Sunday,xyz,-100
7/31/2023,22,23,Wind,212.0,Monday,Summer,10752
3/2/2020,13,14,Wind,62.0,Monday,Spring,7175
8/25/2024,2,3,Wind,238.0,Sunday,Summer,6839
4/26/2023,15,16,Solar,116.0,xyz,Spring,4624
11/20/2025,4,5,Wind,324.0,Thursday,Fall,7695
10/16/2022,xyz,xyz,Wind,289.0,Sunday,Fall,40000
11/5/2024,8,9,Wind,310.0,Tuesday,Fall,2186
7/8/2020,10,11,Solar,190.0,Wednesday,Summer,5097
1/15/2022,21,22,Wind,15.0,Saturday,Winter,1036
11/28/2021,21,22,Wind,332.0,Sunday,Fall,5528
1/28/2023,16,17,Wind,28.0,Saturday,Winter,4875
11/29/2025,21,22,Wind,333.0,Saturday,Fall,7062
2/12/2025,11,12,,43.0,Wednesday,Winter,3734
02/27/2028,2,3,Wind,319.0,Saturday,Fall,-100
5/18/2023,5,6,Wind,138.0,Thursday,Spring,5769
1/25/2021,2,3,Wind,25.0,Monday,Winter,6191
3/15/2022,18,19,Wind,74.0,Tuesday,Spring,2580
4/13/2022,6,7,Wind,103.0,Wednesday,Spring,1107
1/14/2022,8,9,Wind,14.0,Friday,Winter,891
4/7/2023,20,21,Wind,97.0,Friday,Spring,2704
10/23/2025,,3,Wind,296.0,Thursday,Fall,40000
9/27/2022,2,3,Wind,270.0,Tuesday,Fall,6928
2/16/2020,22,23,Wind,47.0,Sunday,Winter,11230
4/7/2021,3,4,Wind,97.0,Wednesday,Spring,4251
1/11/2020,13,14,Wind,11.0,xyz,,6243
02/27/2028,12,13,Solar,34.0,Monday,Winter,-100
1/31/2021,13,14,Wind,31.0,Sunday,Winter,4830
7/9/2024,21,22,Wind,191.0,Tuesday,Summer,2789
7/19/2023,4,5,Wind,200.0,Wednesday,Summer,2823
02/27/2028,19,20,Wind,151.0,Monday,Spring,-100
2/15/2023,10,11,Solar,46.0,Wednesday,Winter,6270
5/29/2022,9,,Solar,149.0,Sunday,Spring,7338
11/18/2025,13,14,Solar,322.0,Tuesday,Fall,8521
6/6/2024,22,23,Wind,158.0,Thursday,Summer,2561
6/18/2024,,5,Wind,170.0,Tuesday,Summer,2793
4/14/2020,16,17,Wind,105.0,Tuesday,Spring,8019
8/23/2021,17,18,Wind,235.0,Monday,Summer,7555
4/28/2021,6,7,Wind,,Wednesday,Spring,857
3/10/2022,17,18,Wind,69.0,Thursday,Spring,4799
5/22/2023,0,1,Wind,142.0,Monday,Spring,3806
9/19/2021,15,16,Solar,262.0,Sunday,Fall,5286
9/6/2024,9,10,Wind,250.0,Friday,Fall,4227
1/8/2024,23,0,Wind,8.0,Monday,Winter,40000
5/20/2025,21,22,Wind,140.0,Tuesday,Spring,5566
6/10/2025,22,23,Wind,161.0,Tuesday,Summer,1822
9/18/2024,16,17,Wind,262.0,Wednesday,Fall,16325
5/23/2021,20,21,xyz,143.0,,Spring,6519
10/5/2024,23,0,Wind,279.0,Saturday,Fall,8967
5/24/2023,5,6,Wind,144.0,Wednesday,Spring,6672
11/1/2022,16,17,Wind,305.0,Tuesday,Fall,11364
xyz,0,1,xyz,67.0,Saturday,Spring,-100
02/27/2028,14,15,Wind,,xyz,Winter,-100
3/16/2023,20,21,Wind,75.0,Thursday,Spring,10081
4/20/2023,13,14,Wind,110.0,Thursday,Spring,12448
1/25/2022,17,18,Solar,25.0,Tuesday,Winter,267
10/23/2023,7,8,Wind,296.0,Monday,Fall,7522
11/2/2024,13,14,Solar,307.0,Saturday,Fall,7954
7/28/2021,6,7,Wind,209.0,Wednesday,Summer,3178
3/26/2024,20,21,Wind,86.0,Tuesday,Spring,8261
12/10/2022,4,5,Wind,344.0,Saturday,Winter,1533
6/19/2023,11,12,Solar,170.0,Monday,Summer,5286
7/20/2021,11,12,Solar,201.0,Tuesday,Summer,6377
1/20/2023,20,21,Wind,20.0,Friday,Winter,5467
02/27/2028,6,7,Wind,307.0,xyz,Fall,40000
9/26/2021,6,7,Wind,269.0,Sunday,Fall,2281
3/25/2024,23,0,Wind,85.0,Monday,Spring,8777
3/17/2023,1,2,Wind,76.0,Friday,Spring,8075
6/24/2025,21,22,Wind,175.0,Tuesday,Summer,1094
6/4/2023,10,11,Solar,155.0,Sunday,Summer,7001
10/2/2025,9,10,Solar,275.0,Thursday,Fall,5424
4/8/2022,2,3,Wind,98.0,Friday,Spring,7881
12/24/2023,15,16,Wind,358.0,Sunday,Winter,17075
6/12/2022,8,9,Solar,163.0,Sunday,Summer,3007
12/27/2023,12,13,Wind,361.0,Wednesday,Winter,13912
1/14/2022,2,3,Wind,14.0,Friday,Winter,1410
1/29/2025,9,10,Wind,29.0,Wednesday,Winter,13368
5/6/2024,6,7,Wind,127.0,Monday,Spring,3361
5/11/2025,18,19,Wind,131.0,Sunday,Spring,6079
10/4/2020,16,17,Wind,278.0,Sunday,Fall,11664
4/17/2021,4,5,Wind,107.0,Saturday,Spring,4834
5/27/2025,2,3,Wind,147.0,Tuesday,Spring,6782
4/23/2023,0,1,Wind,113.0,Sunday,Spring,6724
8/7/2020,23,0,Wind,220.0,Friday,Summer,2007
8/14/2020,14,15,Solar,227.0,Friday,Summer,4993
11/22/2024,1,2,Wind,327.0,Friday,Fall,6061
3/26/2021,9,10,Wind,85.0,Friday,Spring,5822
12/7/2024,15,16,Wind,342.0,Saturday,Winter,19810
5/19/2022,5,6,Wind,139.0,Thursday,Spring,3542
,19,20,Wind,197.0,Sunday,xyz,40000
6/8/2022,21,22,Wind,159.0,Wednesday,Summer,6976
12/27/2021,1,2,Wind,361.0,Monday,Winter,3966
6/29/2024,7,8,Wind,181.0,Saturday,Summer,4387
11/6/2023,20,21,Wind,310.0,Monday,Fall,9476
7/28/2020,17,18,Wind,210.0,Tuesday,Summer,6769
12/23/2024,2,3,Wind,358.0,Monday,Winter,17302
10/13/2021,20,21,Wind,286.0,Wednesday,Fall,2169
3/22/2024,8,9,Solar,82.0,Friday,Spring,4072
10/30/2025,6,7,Wind,303.0,Thursday,Fall,4783
12/1/2021,21,22,Wind,335.0,Wednesday,Winter,5719
2/13/2024,9,10,Wind,44.0,Tuesday,Winter,7108
4/26/2023,18,19,Solar,116.0,Wednesday,Spring,2020
6/10/2024,21,22,,162.0,Monday,xyz,4062
4/29/2025,0,1,Wind,119.0,Tuesday,Spring,6877
10/6/2020,11,12,Wind,280.0,Tuesday,xyz,11671
12/24/2024,4,5,Wind,359.0,Tuesday,Winter,3896
7/6/2022,5,6,Wind,187.0,Wednesday,Summer,2998
6/10/2023,9,10,Solar,161.0,Saturday,Summer,4098
5/15/2021,4,5,Wind,135.0,Saturday,Spring,4140
2/20/2020,8,9,Wind,51.0,Thursday,Winter,7848
10/28/2021,2,3,Wind,301.0,Thursday,Fall,4894
12/23/2022,18,19,Wind,357.0,Friday,Winter,13842
9/12/2020,12,13,Solar,256.0,Saturday,Fall,4331
4/27/2025,xyz,6,Wind,117.0,xyz,Spring,4156
02/27/2028,xyz,19,Wind,242.0,Wednesday,Summer,-100
10/2/2023,16,17,Solar,275.0,Monday,Fall,7676
6/2/2025,8,9,Wind,153.0,Monday,Summer,2742
6/20/2022,18,19,Wind,171.0,Monday,Summer,40000
9/14/2020,7,8,Wind,258.0,Monday,Fall,2828
,15,16,Solar,xyz,Thursday,Spring,-100
4/8/2025,11,12,Solar,98.0,Tuesday,Spring,9010
9/14/2020,9,10,Wind,258.0,Monday,Fall,3828
11/19/2020,11,12,Wind,324.0,Thursday,Fall,10362
4/2/2024,4,5,Wind,93.0,Tuesday,Spring,13180
2/17/2021,13,14,Wind,48.0,Wednesday,Winter,11476
7/12/2020,10,11,Solar,194.0,Sunday,Summer,4498
2/9/2022,9,xyz,Wind,40.0,Wednesday,Winter,4407
4/29/2021,11,12,Wind,119.0,Thursday,Spring,3791
1/11/2024,14,15,Wind,11.0,Thursday,Winter,8407
8/27/2023,2,3,Wind,239.0,Sunday,Summer,1781
12/4/2021,15,16,Wind,338.0,Saturday,Winter,12295
7/21/2025,6,7,Wind,202.0,Monday,Summer,11030
5/26/2022,12,13,Solar,146.0,Thursday,Spring,6717
3/15/2020,8,9,Wind,75.0,Sunday,Spring,5982
8/6/2021,21,22,Wind,218.0,Friday,Summer,2893
8/29/2024,5,xyz,Wind,,Thursday,xyz,2083
5/29/2020,10,11,Solar,150.0,Friday,Spring,5407
9/20/2021,2,3,Wind,263.0,Monday,Fall,1783
10/20/2023,17,18,Wind,293.0,Friday,Fall,6907
4/5/2021,3,4,Wind,95.0,Monday,Spring,3346
8/16/2020,0,1,Wind,229.0,Sunday,Summer,1831
5/19/2020,10,11,Solar,140.0,Tuesday,Spring,4412
12/2/2020,18,19,Wind,337.0,Wednesday,Winter,1702
11/30/2024,13,14,Solar,335.0,Saturday,Fall,4668
3/11/2021,10,11,Wind,70.0,Thursday,Spring,15343
2/21/2024,15,16,Wind,52.0,Wednesday,Winter,15550
02/27/2028,1,2,Wind,xyz,Thursday,Fall,-100
10/12/2021,17,18,Wind,285.0,Tuesday,Fall,5195
xyz,12,13,Solar,214.0,Monday,xyz,4915
2/2/2025,20,21,Wind,33.0,Sunday,Winter,1338
12/4/2023,16,xyz,Wind,338.0,Monday,Winter,40000
3/23/2021,2,3,Wind,82.0,Tuesday,Spring,2209
8/29/2020,0,1,Wind,242.0,Saturday,Summer,3168
7/19/2022,17,18,Wind,200.0,Tuesday,Summer,8845
1/24/2025,12,13,Wind,24.0,Friday,Winter,20266
6/22/2024,3,4,Wind,174.0,Saturday,Summer,6081
8/21/2021,8,9,Wind,233.0,Saturday,Summer,2289
11/8/2023,15,16,Wind,312.0,Wednesday,Fall,16223
2/25/2025,1,2,Wind,56.0,Tuesday,Winter,3638
9/22/2022,19,20,Wind,265.0,Thursday,Fall,
6/1/2023,11,12,Solar,152.0,Thursday,Summer,8686
6/5/2022,4,5,Wind,156.0,Sunday,Summer,1412
8/16/2022,0,1,Wind,228.0,Tuesday,Summer,994
1/16/2025,16,17,Wind,16.0,Thursday,Winter,3827
3/22/2024,16,17,Solar,82.0,Friday,Spring,7952
7/28/2021,12,13,Wind,209.0,Wednesday,Summer,8959
5/28/2025,17,18,Wind,148.0,Wednesday,Spring,17702
1/3/2023,6,7,Wind,3.0,Tuesday,Winter,4994
12/10/2020,4,5,Wind,345.0,Thursday,Winter,5097
02/27/2028,,7,Wind,125.0,Friday,Spring,-100
7/1/2024,0,1,Wind,183.0,Monday,Summer,2760
1/3/2021,8,9,Wind,3.0,Sunday,Winter,1604
4/9/2024,6,7,Wind,100.0,Tuesday,Spring,13710
4/21/2024,7,8,Wind,112.0,Sunday,Spring,5871
11/24/2025,18,19,Wind,328.0,Monday,Fall,11448
9/25/2022,9,10,Wind,268.0,Sunday,Fall,3647
,7,8,Wind,341.0,Thursday,Winter,xyz
1/22/2025,11,12,Wind,22.0,Wednesday,Winter,6748
1/22/2024,5,6,Wind,22.0,Monday,Winter,16728
8/20/2024,7,8,Wind,233.0,Tuesday,Summer,3600
7/26/2025,4,5,Wind,207.0,Saturday,Summer,2368
12/29/2023,22,23,Wind,363.0,Friday,Winter,10568
4/30/2025,6,7,Wind,120.0,Wednesday,Spring,3827
3/20/2025,0,1,Wind,79.0,Thursday,Spring,6946
10/2/2020,8,9,Wind,276.0,Friday,Fall,9401
5/5/2025,7,8,Wind,125.0,Monday,Spring,9361
8/11/2020,16,17,Solar,224.0,Tuesday,Summer,3542
1/18/2023,18,19,Wind,18.0,Wednesday,Winter,5216
4/10/2024,7,8,Wind,101.0,Wednesday,Spring,3567
1/11/2025,4,xyz,Wind,11.0,Saturday,Winter,40000
12/19/2021,18,19,Wind,353.0,Sunday,Winter,3022
12/5/2022,7,8,Wind,339.0,xyz,xyz,40000
1/24/2024,8,9,Wind,24.0,Wednesday,Winter,15725
5/26/2024,22,23,Wind,147.0,Sunday,Spring,3079
8/13/2023,17,18,Solar,225.0,Sunday,Summer,6313
1/2/2024,5,6,Wind,2.0,Tuesday,Winter,17248
11/8/2020,8,9,Wind,313.0,Sunday,Fall,3916
10/14/2020,19,20,Wind,288.0,Wednesday,Fall,5394
10/29/2022,12,13,Wind,302.0,Saturday,Fall,9218
11/30/2023,20,21,Wind,334.0,Thursday,Fall,1743
1/9/2025,13,14,Wind,9.0,Thursday,Winter,13396
3/9/2020,23,0,Wind,69.0,Monday,Spring,9741
7/29/2023,1,2,Wind,210.0,Saturday,xyz,3618
2/25/2025,22,23,,56.0,Tuesday,Winter,11904
8/1/2022,18,19,Solar,213.0,Monday,Summer,3859
6/6/2022,8,9,Wind,157.0,Monday,Summer,3575
4/30/2023,4,5,Wind,120.0,Sunday,Spring,3814
5/3/2022,8,9,Wind,123.0,Tuesday,Spring,3293
10/14/2021,3,4,Wind,287.0,Thursday,Fall,1743
10/1/2023,11,12,Solar,274.0,Sunday,Fall,6703
1/29/2024,22,23,Wind,29.0,Monday,Winter,9034
9/25/2025,17,18,Wind,268.0,Thursday,Fall,4486
10/10/2024,6,7,Wind,284.0,Thursday,Fall,8274
7/27/2025,22,xyz,Wind,208.0,Sunday,Summer,3862
12/31/2022,11,12,Wind,365.0,Saturday,Winter,17264
7/25/2022,23,0,Wind,206.0,Monday,Summer,5596
7/29/2024,21,22,Wind,211.0,Monday,Summer,2404
11/18/2024,14,15,Wind,323.0,Monday,Fall,9122
02/27/2028,19,xyz,Wind,151.0,Thursday,xyz,-100
3/7/2022,12,13,Wind,66.0,Monday,Spring,10894
02/27/2028,23,xyz,Wind,29.0,Wednesday,xyz,-100
2/18/2024,12,13,Wind,49.0,Sunday,Winter,14825
12/25/2021,11,12,Solar,359.0,Saturday,Winter,2139
8/14/2025,9,10,Solar,226.0,Thursday,Summer,4159
9/25/2022,2,3,Wind,268.0,Sunday,Fall,2749
5/14/2023,21,22,Wind,134.0,Sunday,Spring,3817
1/5/2024,9,10,Wind,5.0,Friday,Winter,7892
10/15/2025,18,19,Wind,288.0,Wednesday,Fall,5526
5/15/2020,0,1,Wind,136.0,Friday,Spring,8261
9/22/2023,14,15,Wind,265.0,Friday,Fall,13152
02/27/2028,23,xyz,xyz,249.0,Tuesday,Fall,-100
7/29/2023,18,19,Wind,210.0,Saturday,Summer,9214
11/10/2024,17,18,Wind,315.0,Sunday,Fall,1524
10/4/2025,10,11,Wind,277.0,Saturday,Fall,19412
1/6/2021,19,20,Wind,6.0,Wednesday,Winter,495
5/3/2021,3,4,Wind,123.0,Monday,Spring,632
2/2/2022,6,7,Wind,33.0,Wednesday,Winter,7485
6/19/2022,16,17,Wind,170.0,Sunday,Summer,12018
10/6/2024,18,19,Wind,280.0,Sunday,Fall,8023
9/27/2021,11,12,Wind,270.0,Monday,Fall,10123
xyz,8,9,xyz,291.0,Wednesday,Fall,40000
6/19/2023,12,13,Solar,170.0,Monday,Summer,6321
5/18/2024,6,7,Wind,139.0,Saturday,Spring,761
10/7/2020,12,13,Wind,281.0,Wednesday,Fall,8717
5/14/2025,10,11,Solar,,Wednesday,Spring,40000
02/27/2028,12,xyz,Solar,148.0,Monday,Spring,40000
3/24/2022,14,15,Solar,83.0,Thursday,Spring,6833
02/27/2028,20,21,Wind,49.0,,Winter,-100
8/15/2021,2,3,Wind,227.0,Sunday,Summer,1057
5/9/2021,19,20,Wind,129.0,Sunday,Spring,9742
9/26/2025,6,7,Wind,269.0,Friday,Fall,990
4/3/2022,1,2,Wind,93.0,Sunday,Spring,5119
10/30/2020,14,15,Wind,304.0,Friday,Fall,6293
4/3/2024,23,0,Wind,94.0,Wednesday,Spring,11683
5/13/2023,9,10,Wind,133.0,Saturday,Spring,6102
12/20/2022,11,12,Wind,354.0,Tuesday,Winter,11990
02/27/2028,7,8,Wind,113.0,Friday,Spring,-100
12/22/2021,20,21,Wind,356.0,Wednesday,Winter,5561
3/17/2021,21,22,Wind,76.0,Wednesday,Spring,5437
7/11/2020,8,9,Wind,193.0,Saturday,Summer,2387
02/27/2028,17,18,Wind,40.0,Tuesday,Winter,xyz
3/26/2024,16,17,Wind,86.0,Tuesday,Spring,5861
12/1/2024,1,2,Wind,336.0,Sunday,Winter,4016
4/8/2022,19,20,Wind,98.0,Friday,Spring,9607
8/10/2021,22,23,Wind,222.0,Tuesday,Summer,590
,23,0,Wind,156.0,Thursday,Summer,-100
5/12/2022,0,1,Wind,132.0,Thursday,Spring,5274
xyz,12,13,Wind,341.0,xyz,Winter,40000
7/1/2023,5,6,Wind,182.0,Saturday,Summer,7440
5/24/2024,4,5,Wind,145.0,Friday,Spring,712
3/14/2023,17,18,Wind,73.0,Tuesday,Spring,10320
6/13/2025,17,18,Solar,164.0,Friday,Summer,8341
6/1/2020,10,11,Solar,153.0,Monday,Summer,4181
10/28/2021,10,11,Wind,301.0,Thursday,Fall,7333
11/10/2024,19,20,Wind,315.0,Sunday,Fall,1932
6/10/2021,5,6,Wind,161.0,Thursday,Summer,1077
2/6/2025,20,21,Wind,37.0,Thursday,Winter,12160
3/9/2023,21,22,Wind,68.0,Thursday,Spring,15820
11/2/2020,3,4,Wind,307.0,Monday,Fall,9919
10/12/2021,8,9,Wind,285.0,Tuesday,Fall,2616
9/28/2021,10,11,Solar,271.0,Tuesday,Fall,3345
1/21/2022,8,9,Wind,21.0,Friday,Winter,4551
4/24/2023,16,17,Wind,114.0,Monday,Spring,9691
7/17/2021,18,19,Wind,198.0,Saturday,Summer,6467
7/13/2023,11,12,Solar,194.0,Thursday,Summer,8460
7/10/2020,10,11,Wind,192.0,Friday,Summer,5130
11/22/2025,19,20,Wind,326.0,Saturday,Fall,10661
2/18/2022,21,22,Wind,49.0,Friday,Winter,13040
6/1/2024,16,17,Wind,153.0,Saturday,Summer,6915
3/12/2024,23,0,Wind,72.0,Tuesday,Spring,8268
7/13/2020,7,8,Wind,195.0,Monday,Summer,2341
10/22/2021,22,23,Wind,295.0,Friday,Fall,2376
2/3/2021,2,3,Wind,34.0,Wednesday,Winter,9275
4/15/2023,10,11,Wind,105.0,Saturday,Spring,10771
1/15/2024,8,9,Wind,15.0,Monday,Winter,3779
8/7/2024,12,13,Solar,220.0,Wednesday,Summer,7806
7/21/2021,15,16,Solar,202.0,Wednesday,Summer,6031
3/20/2020,23,0,Wind,80.0,Friday,Spring,8105
2/3/2022,16,17,Wind,34.0,Thursday,Winter,2472
5/23/2024,2,3,Wind,144.0,Thursday,Spring,2979
7/8/2025,15,16,Solar,189.0,Tuesday,Summer,12184
8/4/2023,14,15,Solar,216.0,Friday,Summer,9711
2/12/2024,20,21,Wind,43.0,Monday,Winter,3368
7/27/2021,0,1,Wind,208.0,Tuesday,Summer,1566
7/7/2021,3,4,Wind,188.0,Wednesday,Summer,4006
11/16/2020,11,12,Wind,321.0,Monday,Fall,9214
4/30/2024,11,12,Solar,121.0,Tuesday,Spring,7683
10/18/2022,12,13,Solar,291.0,Tuesday,Fall,5685
6/1/2024,0,1,Wind,153.0,Saturday,Summer,6325
12/7/2020,0,1,Wind,342.0,Monday,Winter,1051
6/30/2023,5,6,Wind,181.0,Friday,Summer,2493
4/22/2021,19,20,Wind,112.0,Thursday,Spring,5590
6/18/2020,0,1,Wind,,Thursday,Summer,1443
6/29/2024,23,0,Wind,181.0,Saturday,Summer,3681
11/12/2025,17,18,Wind,316.0,Wednesday,Fall,13595
5/7/2025,8,9,Wind,127.0,Wednesday,Spring,7619
6/26/2021,4,5,Wind,177.0,Saturday,Summer,185
12/1/2021,14,15,Wind,335.0,Wednesday,Winter,11647
1/11/2024,22,23,Wind,11.0,Thursday,Winter,7264
5/11/2024,8,9,Wind,132.0,Saturday,Spring,5428
6/10/2020,22,23,Wind,162.0,Wednesday,Summer,731
9/22/2023,10,11,Wind,265.0,Friday,Fall,8885
6/14/2023,21,22,Wind,165.0,Wednesday,Summer,3516
5/28/2023,22,23,Wind,148.0,Sunday,xyz,9225
10/18/2020,18,19,Wind,292.0,Sunday,Fall,522
11/2/2022,2,3,Wind,306.0,Wednesday,Fall,9453
1/26/2025,1,2,Wind,26.0,Sunday,Winter,10365
1/28/2021,22,23,Wind,28.0,Thursday,Winter,9207
9/22/2021,20,21,Wind,265.0,Wednesday,Fall,1945
6/11/2021,11,12,Solar,162.0,Friday,Summer,4809
6/13/2021,18,19,Solar,164.0,Sunday,Summer,3933
5/12/2025,9,10,Solar,132.0,Monday,Spring,5922
1/31/2022,22,23,Wind,31.0,Monday,Winter,8147
5/25/2024,19,20,Solar,146.0,Saturday,Spring,2497
8/13/2024,6,7,Wind,226.0,Tuesday,Summer,1141
7/21/2020,8,9,Wind,,xyz,Summer,3014
4/13/2020,7,8,Wind,104.0,Monday,Spring,5354
02/27/2028,14,15,Wind,350.0,Thursday,xyz,-100
7/17/2025,13,14,Solar,198.0,Thursday,Summer,9602
02/27/2028,1,2,Wind,315.0,Tuesday,xyz,40000
3/11/2023,12,13,xyz,70.0,Saturday,Spring,6406
12/29/2021,9,10,Wind,363.0,Wednesday,Winter,8302
5/18/2023,6,7,Wind,138.0,Thursday,Spring,5477
11/23/2020,17,18,Wind,328.0,Monday,Fall,620
5/17/2021,17,18,Wind,137.0,Monday,Spring,13497
11/19/2020,23,0,Wind,324.0,Thursday,Fall,3854
2/1/2024,22,23,Wind,32.0,Thursday,Winter,1902
4/20/2025,23,0,Wind,110.0,Sunday,Spring,4459
xyz,6,7,Wind,130.0,xyz,Spring,2478
7/17/2022,11,12,Solar,198.0,Sunday,Summer,8145
6/29/2025,1,2,Wind,180.0,Sunday,Summer,3834
5/4/2022,20,21,Wind,124.0,Wednesday,xyz,40000
11/28/2022,13,14,Wind,332.0,Monday,Fall,40000
8/26/2021,13,14,Solar,238.0,Thursday,Summer,8454
4/30/2025,0,1,Wind,120.0,Wednesday,Spring,7318
11/4/2023,5,6,Wind,308.0,Saturday,Fall,12917
1/17/2024,18,19,Wind,17.0,Wednesday,Winter,9363
8/30/2024,4,5,Wind,243.0,Friday,Summer,2456
02/27/2028,xyz,0,,295.0,Monday,Fall,-100
10/26/2023,18,19,Wind,299.0,Thursday,Fall,4654
6/29/2021,7,8,Wind,180.0,Tuesday,Summer,1489
4/22/2022,18,19,Wind,112.0,Friday,Spring,4256
12/3/2023,5,6,Wind,337.0,Sunday,Winter,6861
6/25/2021,4,5,Wind,176.0,Friday,Summer,1451
3/1/2024,16,17,Wind,61.0,Friday,Spring,15488
2/12/2023,6,7,Wind,43.0,Sunday,Winter,2940
10/7/2023,2,3,Wind,280.0,Saturday,Fall,1790
1/16/2024,xyz,10,Wind,16.0,Tuesday,Winter,2207
10/23/2023,4,5,Wind,296.0,Monday,Fall,5375
8/25/2021,0,1,Wind,237.0,,Summer,40000
11/23/2020,14,15,Solar,328.0,Monday,Fall,2374
6/17/2024,10,11,Solar,169.0,Monday,Summer,6256
9/19/2023,9,10,Wind,262.0,Tuesday,Fall,7887
12/31/2021,18,19,Wind,365.0,Friday,Winter,3904
5/30/2020,0,1,Wind,151.0,Saturday,Spring,5257
8/12/2023,3,4,Wind,224.0,Saturday,Summer,1596
12/25/2024,10,11,Solar,360.0,Wednesday,Winter,2874
6/5/2022,14,15,Wind,156.0,Sunday,Summer,8904
9/21/2022,16,17,Solar,264.0,Wednesday,Fall,6437
2/16/2025,12,13,Solar,47.0,Sunday,Winter,8762
11/1/2023,2,3,Wind,305.0,Wednesday,Fall,12791
8/16/2025,10,11,Solar,228.0,Saturday,Summer,10645
6/26/2020,6,7,Wind,178.0,Friday,Summer,3199
10/6/2025,19,20,Wind,279.0,Monday,Fall,2272
4/25/2023,7,8,Wind,115.0,Tuesday,Spring,2753
5/24/2023,7,8,Wind,144.0,Wednesday,Spring,5947
4/10/2022,0,1,Wind,100.0,Sunday,Spring,1683
11/22/2025,9,10,Wind,326.0,Saturday,xyz,8243
9/1/2022,3,4,Wind,244.0,Thursday,Fall,3514
11/8/2024,14,15,Solar,313.0,Friday,Fall,4482
7/15/2020,3,4,Wind,197.0,Wednesday,Summer,1451
4/1/2021,2,3,Wind,91.0,Thursday,Spring,1907
4/20/2022,6,7,Wind,110.0,Wednesday,Spring,4805
02/27/2028,6,7,Wind,178.0,Tuesday,Summer,-100
02/27/2028,16,17,Wind,36.0,Sunday,Winter,40000
10/28/2023,8,9,Wind,301.0,Saturday,Fall,12258
02/27/2028,5,6,Wind,155.0,Wednesday,Summer,40000
9/4/2022,9,10,Solar,247.0,Sunday,Fall,4056
10/14/2021,1,2,Wind,287.0,Thursday,Fall,1908
12/1/2024,12,13,Wind,336.0,Sunday,Winter,10028
3/15/2023,8,xyz,Wind,74.0,Wednesday,Spring,40000
6/17/2025,0,1,Wind,168.0,Tuesday,Summer,3635
9/13/2023,8,9,Wind,256.0,Wednesday,Fall,1595
2/3/2022,5,6,Wind,34.0,Thursday,Winter,2929
7/7/2021,11,12,Solar,188.0,Wednesday,Summer,4779
11/6/2022,23,0,Wind,310.0,Sunday,Fall,11081
5/17/2024,14,15,Solar,138.0,Friday,xyz,7184
1/19/2020,3,4,Wind,19.0,Sunday,Winter,4619
9/19/2023,3,4,Wind,262.0,Tuesday,Fall,3900
11/6/2024,7,8,Wind,311.0,Wednesday,Fall,292
02/27/2028,12,13,,306.0,Tuesday,Fall,40000
11/10/2020,11,12,Solar,315.0,Tuesday,Fall,2271
11/8/2020,5,6,Wind,313.0,Sunday,Fall,4481
10/19/2020,18,19,Wind,293.0,Monday,Fall,6659
9/18/2022,6,7,Wind,261.0,Sunday,Fall,2221
11/21/2021,6,7,Wind,325.0,Sunday,Fall,569
11/25/2024,11,12,Wind,330.0,Monday,Fall,12852
6/17/2021,10,11,Wind,168.0,Thursday,Summer,5129
2/18/2023,0,1,Wind,49.0,Saturday,Winter,5548
8/8/2020,12,13,xyz,221.0,,Summer,3996
4/30/2022,7,8,Wind,120.0,Saturday,Spring,4322
5/4/2022,3,4,Wind,124.0,Wednesday,Spring,2101
11/23/2022,8,9,Wind,327.0,Wednesday,Fall,9532
10/4/2025,15,16,Wind,277.0,Saturday,Fall,13739
9/15/2021,13,14,Solar,258.0,Wednesday,Fall,3942
10/14/2023,0,1,Wind,287.0,Saturday,Fall,14148
8/21/2020,0,1,Wind,234.0,Friday,Summer,4957
,3,xyz,Wind,116.0,Monday,Spring,9366
9/11/2025,4,5,Wind,254.0,Thursday,Fall,10679
10/19/2021,22,23,Wind,292.0,Tuesday,Fall,10753
5/1/2020,21,22,Wind,122.0,Friday,Spring,7037
9/30/2022,16,17,Wind,273.0,Friday,Fall,9086
1/21/2022,4,5,Wind,21.0,Friday,Winter,4963
11/11/2023,1,2,Wind,315.0,Saturday,Fall,6863
3/30/2022,11,12,Solar,89.0,Wednesday,Spring,2186
10/17/2021,13,14,Solar,290.0,Sunday,Fall,5154
11/28/2022,14,15,Wind,332.0,Monday,Fall,4538
5/18/2023,10,11,Solar,138.0,Thursday,Spring,7144
10/8/2022,9,10,Wind,281.0,Saturday,Fall,2465
6/2/2025,14,15,Solar,153.0,Monday,Summer,6266
2/26/2023,11,12,Wind,57.0,Sunday,Winter,22043
8/30/2024,23,0,Wind,243.0,Friday,Summer,5577
4/5/2022,19,20,Wind,95.0,Tuesday,Spring,7386
9/21/2025,8,9,Wind,264.0,Sunday,Fall,2363
11/8/2023,9,10,Wind,312.0,Wednesday,Fall,12232
9/2/2022,22,23,Wind,245.0,Friday,Fall,1024
6/9/2023,5,6,Wind,160.0,Friday,Summer,4644
1/29/2020,11,12,Wind,29.0,Wednesday,Winter,8656
2/4/2023,17,18,Wind,35.0,Saturday,Winter,2961
2/24/2023,13,14,Solar,55.0,Friday,Winter,6198
6/10/2023,0,1,Wind,161.0,Saturday,Summer,3204
02/27/2028,5,6,Wind,120.0,Wednesday,Spring,-100
4/13/2020,3,4,Wind,104.0,Monday,Spring,3469
5/3/2022,15,16,Solar,123.0,Tuesday,Spring,5540
1/20/2024,18,19,Wind,20.0,Saturday,Winter,4846
8/7/2020,17,18,Solar,220.0,Friday,Summer,2939
11/6/2025,17,18,Wind,310.0,Thursday,Fall,2204
12/9/2021,15,16,Wind,343.0,Thursday,Winter,5400
4/19/2021,5,6,Wind,109.0,Monday,Spring,1278
3/8/2025,22,23,Wind,67.0,Saturday,Spring,12431
7/1/2022,23,0,Wind,182.0,Friday,Summer,863
02/27/2028,9,10,Solar,xyz,Monday,Spring,-100
10/26/2023,1,2,Wind,xyz,Thursday,Fall,40000
5/2/2025,18,19,Wind,122.0,Friday,Spring,4524
7/18/2022,19,20,Wind,199.0,Monday,Summer,3281
2/17/2022,13,14,Wind,48.0,Thursday,Winter,16410
11/6/2023,xyz,17,Wind,310.0,Monday,Fall,xyz
4/8/2022,23,0,Wind,98.0,Friday,Spring,6694
5/9/2021,4,5,Wind,129.0,Sunday,Spring,8251
3/26/2022,13,14,Wind,85.0,Saturday,Spring,13203
5/4/2020,15,16,Solar,125.0,Monday,Spring,5337
02/27/2028,8,9,Wind,298.0,xyz,Fall,-100
2/27/2021,8,9,Wind,58.0,Saturday,Winter,6414
8/5/2025,12,13,Solar,217.0,Tuesday,Summer,7071
11/24/2024,5,6,Wind,329.0,Sunday,Fall,18615
1/12/2020,12,13,Wind,12.0,Sunday,Winter,9137
7/22/2025,8,9,Wind,203.0,Tuesday,Summer,9162
2/6/2025,23,0,Wind,37.0,Thursday,Winter,12066
1/29/2024,18,19,Wind,29.0,Monday,Winter,xyz
8/31/2022,13,14,Solar,243.0,Wednesday,Summer,7007
3/12/2024,3,4,Wind,72.0,Tuesday,Spring,4768
11/30/2023,4,5,Wind,334.0,Thursday,Fall,1780
8/22/2025,0,1,Wind,234.0,Friday,Summer,6431
10/8/2025,18,19,Wind,281.0,Wednesday,Fall,2375
3/5/2024,20,21,Wind,65.0,Tuesday,Spring,3263
10/9/2020,19,20,Wind,283.0,Friday,Fall,2696
11/3/2020,11,12,Wind,308.0,Tuesday,Fall,7836
8/18/2022,10,11,Solar,230.0,Thursday,xyz,40000
3/17/2023,8,9,Wind,76.0,Friday,Spring,8681
12/28/2021,1,2,Wind,362.0,Tuesday,Winter,12227
1/22/2020,xyz,16,Wind,22.0,Wednesday,Winter,40000
02/27/2028,16,17,Wind,52.0,xyz,Winter,-100
2/8/2021,8,9,Wind,39.0,Monday,Winter,1234
5/22/2025,20,21,Wind,142.0,Thursday,Spring,5574
6/15/2020,11,12,Solar,167.0,Monday,Summer,4552
10/7/2022,2,3,Wind,280.0,Friday,Fall,1154
7/7/2021,xyz,15,Solar,188.0,Wednesday,Summer,5096
8/25/2024,23,0,Wind,238.0,Sunday,Summer,2594
10/24/2020,0,1,Wind,298.0,Saturday,Fall,5673
2/16/2022,5,6,xyz,47.0,Wednesday,Winter,14822
2/15/2025,,18,Wind,46.0,Saturday,Winter,40000
1/16/2025,0,1,Wind,16.0,Thursday,Winter,3652
4/6/2023,17,18,Wind,96.0,Thursday,Spring,9974
02/27/2028,19,20,Wind,131.0,Wednesday,Spring,-100
2/26/2023,9,10,Wind,57.0,Sunday,Winter,17091
6/6/2020,1,2,Wind,158.0,Saturday,Summer,40000
7/13/2023,5,6,Wind,194.0,Thursday,Summer,2155
4/27/2023,4,5,Wind,117.0,Thursday,Spring,1206
2/2/2022,20,21,Wind,33.0,Wednesday,Winter,2853
9/29/2023,4,5,Wind,272.0,Friday,Fall,8331
10/21/2020,15,16,Wind,295.0,Wednesday,Fall,14758
5/14/2023,8,9,Wind,134.0,Sunday,Spring,3884
8/21/2025,15,16,Wind,233.0,Thursday,Summer,11238
3/20/2024,0,1,Wind,80.0,Wednesday,Spring,1924
,7,8,Wind,26.0,Thursday,Winter,-100
9/3/2021,18,19,Solar,246.0,Friday,Fall,1713
10/6/2021,2,3,Wind,279.0,Wednesday,Fall,8433
7/2/2023,7,8,Wind,183.0,Sunday,Summer,2703
9/24/2020,15,16,Wind,268.0,Thursday,Fall,9187
12/3/2023,13,14,Wind,337.0,Sunday,Winter,12003
1/11/2020,7,8,Wind,11.0,Saturday,Winter,3308
4/15/2023,7,8,Wind,105.0,Saturday,Spring,7248
12/30/2024,12,13,Solar,365.0,Monday,Winter,3281
10/22/2023,3,4,Wind,295.0,Sunday,Fall,8628
xyz,3,4,Wind,6.0,Thursday,Winter,2846
10/26/2022,19,20,Wind,299.0,Wednesday,Fall,2435
11/13/2020,13,14,Wind,318.0,Friday,Fall,6261
2/11/2024,20,21,Wind,42.0,Sunday,Winter,8630
6/5/2020,3,4,Wind,157.0,Friday,Summer,3542
1/11/2025,19,20,Wind,11.0,Saturday,Winter,2507
4/2/2023,xyz,5,Wind,92.0,Sunday,Spring,8890
1/22/2020,xyz,17,Wind,22.0,Wednesday,Winter,3930
6/17/2022,xyz,9,Wind,168.0,Friday,Summer,40000
10/9/2022,1,2,Wind,282.0,Sunday,Fall,4252
2/6/2025,18,19,Wind,37.0,Thursday,Winter,11486
11/10/2023,4,5,Wind,314.0,Friday,Fall,12591
11/13/2022,xyz,0,Wind,317.0,Sunday,xyz,3184
10/23/2024,6,7,Wind,297.0,Wednesday,Fall,1709
9/15/2024,5,6,Wind,259.0,Sunday,Fall,3382
9/1/2021,11,12,Wind,244.0,Wednesday,Fall,9100
9/12/2022,16,17,Solar,255.0,Monday,Fall,5140
9/12/2024,22,23,Wind,256.0,Thursday,Fall,3733
1/20/2020,21,22,Wind,20.0,Monday,Winter,5336
12/13/2022,4,5,Wind,347.0,Tuesday,Winter,6726
02/27/2028,18,19,xyz,11.0,Tuesday,Winter,-100
4/16/2020,19,20,Wind,107.0,Thursday,Spring,1414
8/9/2025,2,xyz,Wind,221.0,Saturday,Summer,40000
7/19/2025,13,14,Wind,200.0,Saturday,Summer,14450
2/23/2025,15,16,Wind,54.0,Sunday,Winter,13530
1/5/2023,12,13,Wind,5.0,Thursday,Winter,7199
02/27/2028,9,10,Solar,167.0,Monday,Summer,-100
1/30/2022,2,3,Wind,30.0,Sunday,Winter,4507
xyz,5,6,Wind,7.0,xyz,Winter,10262
2/4/2021,23,0,Wind,35.0,Thursday,Winter,3467
02/27/2028,17,18,Wind,177.0,Thursday,Summer,-100
1/19/2020,7,8,Wind,19.0,Sunday,Winter,5048
4/7/2025,15,xyz,Solar,97.0,Monday,Spring,
9/28/2021,17,18,Wind,271.0,Tuesday,Fall,3222
xyz,0,1,Wind,226.0,Thursday,Summer,-100
5/10/2021,7,8,Wind,130.0,Monday,Spring,7041
5/6/2025,23,0,Wind,126.0,Tuesday,Spring,9254
1/26/2023,6,7,Wind,26.0,Thursday,Winter,2238
1/20/2021,0,1,Wind,20.0,Wednesday,Winter,11737
6/30/2024,2,3,Wind,182.0,Sunday,Summer,3727
10/27/2023,12,13,Wind,300.0,Friday,Fall,12650
10/21/2024,9,10,Wind,295.0,Monday,Fall,5133
10/13/2024,22,23,Wind,287.0,Sunday,Fall,2745
2/23/2022,10,11,Solar,54.0,Wednesday,Winter,3903
11/8/2022,1,2,Wind,312.0,Tuesday,Fall,12163
3/21/2022,10,11,Solar,80.0,Monday,Spring,6419
xyz,0,1,Wind,29.0,Wednesday,Winter,-100
7/17/2022,22,23,Wind,198.0,Sunday,Summer,3664
12/14/2022,21,22,Wind,348.0,Wednesday,Winter,2161
1/28/2022,22,23,Wind,28.0,Friday,Winter,3521
6/4/2022,8,9,Wind,155.0,Saturday,Summer,3189
2/21/2023,12,13,Solar,52.0,Tuesday,xyz,4252
1/14/2023,15,16,Wind,14.0,Saturday,Winter,17545
6/17/2022,14,15,Solar,168.0,Friday,Summer,6767
12/18/2023,3,4,Wind,352.0,Monday,Winter,2101
7/2/2020,17,18,Wind,184.0,Thursday,Summer,6989
4/19/2023,6,7,Wind,109.0,Wednesday,Spring,6801
3/11/2022,1,2,Wind,70.0,Friday,Spring,8811
3/19/2023,xyz,14,Wind,78.0,Sunday,Spring,7895
4/22/2023,18,19,Wind,112.0,Saturday,Spring,6589
8/10/2022,7,8,Wind,222.0,Wednesday,Summer,5109
5/17/2021,xyz,14,Wind,137.0,xyz,Spring,40000
12/16/2023,2,3,Wind,350.0,Saturday,Winter,1986
10/18/2020,4,5,Wind,292.0,Sunday,Fall,672
9/19/2023,12,13,Wind,262.0,Tuesday,Fall,15144
7/17/2025,8,9,Solar,198.0,Thursday,Summer,3408
3/10/2024,7,8,Wind,70.0,Sunday,Spring,2181
1/23/2020,18,19,Wind,23.0,Thursday,Winter,3556
5/5/2023,2,3,Wind,125.0,Friday,Spring,2941
,10,11,xyz,xyz,Monday,Summer,3055
10/20/2020,7,8,Wind,294.0,Tuesday,Fall,10025
2/26/2025,5,6,Wind,57.0,Wednesday,Winter,7888
12/14/2023,4,5,Wind,348.0,Thursday,Winter,7008
11/20/2022,17,18,Wind,324.0,Sunday,Fall,9046
11/17/2021,4,5,Wind,321.0,Wednesday,Fall,1951
3/5/2024,3,4,Wind,65.0,Tuesday,Spring,5593
4/27/2025,22,23,Wind,117.0,xyz,Spring,40000
5/13/2023,22,23,Wind,133.0,Saturday,Spring,5777
02/27/2028,19,20,Wind,xyz,Tuesday,,-100
8/16/2025,9,10,Wind,228.0,Saturday,Summer,8918
12/2/2020,6,7,Wind,337.0,Wednesday,Winter,3538
3/7/2022,17,18,Wind,66.0,Monday,Spring,7396
3/22/2021,18,19,Wind,81.0,Monday,Spring,2993
12/14/2020,13,14,Wind,349.0,Monday,Winter,6019
12/29/2022,14,15,Wind,363.0,Thursday,Winter,11907
6/24/2023,23,0,Wind,175.0,Saturday,Summer,2828
8/24/2020,0,1,Wind,237.0,Monday,Summer,2460
3/8/2021,22,23,Wind,67.0,Monday,Spring,2943
9/24/2025,14,15,Wind,xyz,Wednesday,Fall,10617
6/29/2023,22,23,Wind,180.0,Thursday,Summer,2982
6/29/2024,17,18,Wind,181.0,Saturday,Summer,5896
,10,11,xyz,230.0,Wednesday,Summer,4153
8/17/2020,2,3,Wind,230.0,Monday,Summer,1750
10/14/2020,14,15,Wind,288.0,Wednesday,Fall,7046
5/13/2025,19,20,Wind,133.0,Tuesday,Spring,3028
10/26/2024,20,21,Wind,300.0,Saturday,Fall,1387
10/24/2021,4,5,Wind,297.0,Sunday,Fall,4056
9/21/2021,16,17,Solar,264.0,Tuesday,Fall,4522
1/14/2023,2,3,Wind,14.0,Saturday,Winter,8733
2/5/2024,0,1,Wind,36.0,Monday,Winter,7250
8/15/2020,6,7,Wind,228.0,Saturday,Summer,457
10/25/2024,12,13,Wind,xyz,Friday,Fall,6893
12/8/2022,19,20,Wind,342.0,Thursday,Winter,2320
7/13/2025,12,13,Solar,194.0,Sunday,Summer,9654
9/13/2022,4,5,Wind,256.0,Tuesday,Fall,1837
11/10/2023,0,1,Wind,314.0,,Fall,xyz
7/12/2020,14,15,Solar,194.0,Sunday,Summer,5689
3/18/2021,2,3,Wind,77.0,Thursday,Spring,3524
02/27/2028,6,7,Wind,xyz,Friday,,-100
5/29/2025,14,15,Solar,149.0,Thursday,Spring,5853
6/3/2021,22,23,Wind,154.0,Thursday,Summer,1289
8/31/2025,8,9,Wind,243.0,Sunday,Summer,4739
9/12/2023,3,4,Wind,255.0,Tuesday,Fall,1028
7/16/2021,11,12,Wind,197.0,Friday,Summer,6977
5/17/2022,9,10,Solar,137.0,Tuesday,Spring,4347
6/19/2020,1,2,Wind,171.0,Friday,Summer,2319
xyz,20,21,Wind,326.0,xyz,Fall,10307
8/30/2020,0,1,Wind,243.0,Sunday,Summer,2869
1/6/2021,6,7,Wind,6.0,Wednesday,Winter,1187
02/27/2028,2,3,Wind,271.0,Tuesday,xyz,-100
02/27/2028,6,xyz,Wind,30.0,Thursday,xyz,-100
4/23/2024,8,9,Wind,114.0,Tuesday,Spring,4892
11/19/2025,16,17,Wind,323.0,Wednesday,Fall,13285
12/28/2021,22,23,Wind,362.0,Tuesday,Winter,12013
3/28/2021,3,4,Wind,87.0,Sunday,Spring,3508
11/18/2023,5,6,Wind,322.0,Saturday,Fall,6173
5/24/2024,23,0,Wind,145.0,Friday,Spring,703
3/12/2021,23,0,Wind,71.0,Friday,Spring,13614
2/26/2023,21,22,Wind,57.0,Sunday,Winter,14492
3/17/2025,4,5,Wind,76.0,Monday,Spring,5414
xyz,xyz,xyz,Wind,90.0,Monday,Spring,5090
6/25/2022,4,5,Wind,176.0,Saturday,Summer,3209
11/17/2025,20,21,Wind,321.0,Monday,Fall,5188
11/6/2023,9,10,Wind,310.0,Monday,Fall,12593
1/3/2022,3,4,Wind,3.0,Monday,Winter,9945
3/8/2025,20,21,Wind,67.0,Saturday,Spring,12639
12/26/2023,15,16,Wind,360.0,Tuesday,Winter,4387
4/2/2024,3,4,Wind,93.0,Tuesday,Spring,12881
12/22/2024,9,10,Wind,357.0,Sunday,Winter,19398
7/30/2020,1,2,Wind,212.0,Thursday,Summer,2163
4/26/2020,16,17,Solar,117.0,Sunday,Spring,2886
3/13/2020,7,8,Wind,73.0,Friday,Spring,6097
7/27/2020,10,11,Wind,209.0,Monday,Summer,6801
6/13/2025,19,20,Wind,164.0,Friday,Summer,5374
7/21/2023,21,22,Wind,202.0,Friday,Summer,3094
xyz,,0,Wind,22.0,Saturday,Winter,1705
7/11/2025,12,13,Solar,192.0,Friday,Summer,12811
02/27/2028,0,1,Wind,69.0,Thursday,xyz,-100
10/21/2025,22,23,Wind,294.0,Tuesday,Fall,6166
1/26/2021,17,18,Wind,26.0,Tuesday,Winter,3944
8/9/2021,2,3,Wind,221.0,Monday,Summer,2945
5/31/2025,18,19,Solar,151.0,Saturday,Spring,5672
6/24/2024,6,7,Wind,176.0,Monday,Summer,3013
6/27/2021,23,0,Wind,178.0,Sunday,Summer,748
xyz,12,13,Wind,8.0,Sunday,Winter,13363
3/12/2023,4,5,Wind,71.0,Sunday,Spring,6830
5/6/2024,1,2,Wind,127.0,Monday,Spring,2849
1/23/2025,5,6,Wind,23.0,Thursday,Winter,6304
7/26/2021,20,21,Wind,207.0,Monday,Summer,2420
7/11/2022,22,23,Wind,192.0,Monday,Summer,3652
1/7/2023,14,15,Wind,7.0,Saturday,Winter,15880
6/23/2021,23,,Wind,174.0,xyz,Summer,2524
8/4/2023,18,19,Wind,216.0,Friday,Summer,7300
8/12/2020,7,8,Wind,225.0,Wednesday,Summer,2071
02/27/2028,15,xyz,Wind,239.0,Wednesday,Summer,-100
9/25/2025,1,2,Wind,268.0,Thursday,Fall,3175
9/16/2021,9,10,Solar,259.0,Thursday,Fall,1244
12/4/2023,3,4,Wind,338.0,Monday,Winter,13158
02/27/2028,16,17,Wind,162.0,Monday,Summer,-100
2/20/2023,2,3,Wind,51.0,Monday,Winter,3288
9/13/2024,16,17,Solar,257.0,Friday,Fall,10679
5/4/2023,8,9,Wind,124.0,Thursday,Spring,7756
1/6/2020,23,0,Wind,6.0,Monday,Winter,5850
2/28/2021,1,2,Wind,59.0,Sunday,Winter,8031
5/12/2025,8,9,Solar,132.0,Monday,Spring,3901
5/23/2020,19,20,Wind,144.0,Saturday,Spring,7295
02/27/2028,5,6,Wind,93.0,Saturday,Spring,-100
1/28/2023,21,22,Wind,28.0,Saturday,Winter,2799
4/23/2020,3,4,Wind,114.0,Thursday,Spring,xyz
5/9/2023,19,20,xyz,129.0,xyz,Spring,40000
7/31/2024,21,22,Wind,213.0,Wednesday,Summer,1578
2/3/2023,19,20,Wind,34.0,Friday,Winter,5209
9/7/2023,17,18,Solar,250.0,Thursday,Fall,4368
7/17/2022,17,18,Solar,198.0,Sunday,Summer,6303
2/2/2023,8,9,Wind,33.0,Thursday,Winter,6057
,19,20,Wind,246.0,Sunday,Fall,40000
5/28/2021,23,0,Wind,148.0,Friday,Spring,3329
11/25/2021,14,15,Wind,329.0,Thursday,Fall,3710
9/21/2023,18,19,Wind,264.0,Thursday,Fall,6345
12/7/2020,10,11,Wind,342.0,Monday,Winter,1923
12/29/2020,21,22,Wind,364.0,Tuesday,Winter,3155
12/18/2022,7,8,Wind,352.0,Sunday,Winter,6542
12/27/2023,15,16,Wind,361.0,Wednesday,Winter,12667
3/31/2023,15,16,Wind,90.0,Friday,Spring,21172
3/2/2020,20,21,Wind,62.0,Monday,Spring,8827
2/22/2020,5,6,Wind,53.0,Saturday,Winter,8212
6/7/2020,6,7,Wind,159.0,Sunday,Summer,2147
3/15/2024,xyz,4,Wind,75.0,Friday,Spring,10445
2/1/2024,7,8,Wind,32.0,Thursday,Winter,5460
6/11/2024,7,xyz,Wind,163.0,xyz,Summer,2328
2/13/2022,21,22,Wind,44.0,Sunday,Winter,15035
4/30/2023,9,10,Wind,120.0,Sunday,Spring,4169
8/28/2022,6,7,Wind,240.0,Sunday,Summer,3890
7/8/2021,3,4,Wind,189.0,Thursday,Summer,1458
9/6/2024,3,4,Wind,250.0,Friday,Fall,1393
6/13/2020,1,2,Wind,165.0,Saturday,Summer,3366
9/5/2022,0,1,Wind,248.0,Monday,Fall,5892
12/16/2024,18,19,Wind,351.0,Monday,Winter,3165
1/24/2024,2,3,Wind,24.0,Wednesday,Winter,17178
9/5/2022,8,9,Wind,248.0,Monday,Fall,3208
3/9/2021,6,7,Wind,68.0,Tuesday,Spring,2088
5/4/2024,23,0,Wind,125.0,Saturday,Spring,3298
9/30/2024,9,10,Wind,274.0,Monday,Fall,15849
9/30/2025,4,xyz,Wind,273.0,Tuesday,Fall,1402
2/12/2024,7,8,Wind,43.0,Monday,Winter,2207
4/21/2022,16,17,Wind,111.0,Thursday,Spring,6557
9/4/2020,8,9,Wind,248.0,Friday,Fall,1720
8/21/2022,7,8,Wind,xyz,Sunday,,40000
2/7/2025,,19,Wind,38.0,Friday,Winter,40000
11/29/2020,4,5,Wind,334.0,Sunday,Fall,4505
5/27/2022,12,13,Solar,147.0,Friday,Spring,6760
9/12/2023,12,13,Solar,255.0,Tuesday,Fall,4437
12/6/2023,1,2,Wind,340.0,Wednesday,Winter,3323
7/3/2023,9,10,Wind,184.0,Monday,Summer,6964
3/17/2021,23,0,Wind,76.0,Wednesday,Spring,5240
5/31/2022,1,2,Wind,151.0,Tuesday,Spring,2019
7/9/2020,16,17,Wind,191.0,Thursday,Summer,7247
6/11/2024,6,7,Wind,163.0,Tuesday,Summer,1917
12/19/2022,7,8,Wind,353.0,Monday,Winter,13202
10/18/2020,8,9,Wind,292.0,Sunday,Fall,1059
7/26/2022,14,15,Solar,207.0,Tuesday,Summer,7335
4/5/2024,4,5,Wind,96.0,Friday,Spring,10352
4/10/2024,3,4,Wind,101.0,Wednesday,Spring,6344
12/25/2022,7,8,Wind,359.0,Sunday,Winter,5233
8/19/2022,13,14,Solar,231.0,Friday,Summer,8025
5/25/2024,18,19,Solar,146.0,Saturday,Spring,3720
1/13/2022,0,1,Wind,xyz,Thursday,Winter,3276
6/24/2023,13,14,Solar,175.0,Saturday,Summer,8820
1/26/2024,18,19,Wind,26.0,Friday,Winter,3375
3/18/2023,13,14,Wind,77.0,Saturday,Spring,11176
4/10/2023,22,23,Wind,100.0,Monday,Spring,9987
8/29/2025,12,13,Wind,241.0,Friday,Summer,16980
10/3/2021,15,16,Wind,276.0,Sunday,Fall,8606
,22,23,Wind,117.0,Tuesday,Spring,2003
2/28/2022,15,16,Solar,59.0,Monday,Winter,5659
11/23/2023,10,11,Wind,327.0,Thursday,Fall,6141
9/29/2020,12,13,Solar,273.0,Tuesday,Fall,3747
10/29/2024,1,2,Wind,303.0,Tuesday,Fall,1733
2/9/2023,8,9,Wind,40.0,Thursday,Winter,1322
8/30/2020,11,12,Wind,243.0,Sunday,Summer,5251
12/18/2024,9,10,Wind,353.0,Wednesday,Winter,15999
xyz,19,20,,66.0,Friday,Spring,40000
10/14/2023,13,14,Wind,287.0,Saturday,Fall,6935
3/6/2022,20,21,Wind,65.0,Sunday,Spring,7259
11/29/2023,20,21,Wind,333.0,Wednesday,Fall,2256
6/16/2021,xyz,,Wind,167.0,Wednesday,Summer,40000
3/29/2024,3,4,Wind,89.0,Friday,Spring,10394
1/18/2024,8,9,Wind,18.0,Thursday,Winter,7755
9/6/2020,2,3,Wind,250.0,Sunday,Fall,1961
4/23/2021,16,17,Wind,113.0,Friday,Spring,8565
5/31/2022,18,19,Wind,151.0,Tuesday,Spring,5487
5/20/2020,13,14,Solar,141.0,Wednesday,Spring,5433
11/29/2022,10,11,Solar,333.0,Tuesday,Fall,2249
5/13/2024,20,21,Wind,134.0,Monday,Spring,3925
6/4/2025,9,10,Wind,155.0,Wednesday,Summer,4864
9/13/2021,10,11,Solar,256.0,Monday,Fall,3635
4/12/2020,0,1,Wind,103.0,Sunday,Spring,978
4/6/2025,1,2,Wind,96.0,Sunday,Spring,9135
3/16/2025,19,20,Wind,75.0,Sunday,Spring,5740
9/18/2024,7,8,Wind,262.0,Wednesday,Fall,8921
2/27/2022,21,22,Wind,58.0,Sunday,Winter,6470
8/4/2021,14,15,Solar,216.0,Wednesday,Summer,3337
3/22/2022,4,5,Wind,81.0,Tuesday,Spring,4874
10/1/2025,13,14,Solar,274.0,Wednesday,Fall,10058
9/16/2022,10,11,Solar,259.0,Friday,Fall,4975
8/7/2024,2,3,Wind,220.0,Wednesday,Summer,1802
02/27/2028,19,20,Wind,xyz,Thursday,Fall,-100
3/17/2022,15,16,Wind,76.0,Thursday,Spring,5379
11/6/2020,18,19,Wind,311.0,Friday,Fall,6817
6/13/2022,4,5,Wind,164.0,Monday,Summer,3562
5/31/2024,16,17,Wind,152.0,Friday,Spring,7089
10/17/2021,1,2,Wind,290.0,Sunday,Fall,1752
5/25/2020,16,17,Solar,146.0,Monday,Spring,5450
3/1/2022,3,4,Wind,60.0,Tuesday,Spring,2612
10/2/2025,18,19,Wind,275.0,Thursday,Fall,2959
11/4/2023,7,8,Wind,308.0,Saturday,Fall,15504
11/27/2021,6,7,Wind,331.0,Saturday,Fall,7605
1/12/2022,10,11,Wind,12.0,Wednesday,Winter,3948
5/14/2021,21,22,Wind,134.0,Friday,Spring,3668
11/14/2024,23,0,Wind,319.0,Thursday,Fall,3238
9/6/2024,0,1,Wind,250.0,Friday,Fall,764
8/27/2025,8,9,Wind,239.0,Wednesday,Summer,3210
7/13/2024,20,21,Solar,195.0,Saturday,Summer,1101
4/17/2020,0,1,Wind,108.0,Friday,Spring,2220
11/10/2025,0,1,Wind,314.0,Monday,Fall,6004
1/6/2020,12,13,Wind,6.0,Monday,Winter,5508
4/11/2024,17,18,Solar,102.0,Thursday,Spring,5597
4/7/2025,3,4,Wind,97.0,Monday,Spring,40000
4/29/2020,20,21,Wind,120.0,Wednesday,Spring,6006
6/15/2021,2,xyz,Wind,xyz,Tuesday,Summer,2314
11/3/2025,16,17,Wind,307.0,Monday,Fall,8685
3/19/2023,18,19,Wind,78.0,Sunday,Spring,3522
11/23/2020,3,4,Wind,328.0,Monday,Fall,245
12/16/2021,4,5,Wind,350.0,Thursday,Winter,1969
4/27/2023,11,12,Solar,117.0,Thursday,Spring,6242
3/8/2021,5,6,Wind,67.0,Monday,Spring,3070
xyz,6,7,Wind,209.0,Monday,xyz,3946
1/24/2024,xyz,11,Wind,24.0,Wednesday,Winter,xyz
9/20/2025,19,20,Wind,263.0,Saturday,Fall,10122
7/22/2023,0,1,Wind,203.0,Saturday,Summer,2780
1/1/2020,19,20,Wind,1.0,Wednesday,Winter,1181
11/2/2020,10,11,Wind,307.0,Monday,Fall,12708
3/10/2020,2,3,Wind,70.0,Tuesday,Spring,12278
1/9/2021,13,14,Wind,9.0,Saturday,Winter,6317
2/23/2020,1,2,Wind,54.0,Sunday,Winter,8085
3/17/2022,7,8,Wind,76.0,Thursday,Spring,4859
11/25/2023,20,21,Wind,329.0,Saturday,Fall,4410
2/1/2025,13,14,Solar,32.0,Saturday,Winter,6105
6/25/2023,22,23,Wind,176.0,Sunday,Summer,5338
5/2/2024,2,3,Wind,123.0,Thursday,Spring,5050
4/12/2024,15,16,Solar,103.0,Friday,Spring,4291
02/27/2028,7,8,Wind,157.0,Sunday,Summer,-100
1/2/2025,5,6,Wind,2.0,Thursday,Winter,8804
02/27/2028,10,11,Wind,,Wednesday,Spring,-100
1/3/2025,20,21,Wind,3.0,Friday,Winter,3705
7/20/2022,1,2,xyz,201.0,Wednesday,Summer,3765
5/25/2024,22,23,Wind,146.0,Saturday,Spring,1939
7/11/2022,6,7,Wind,192.0,Monday,Summer,3830
5/18/2024,13,14,Solar,139.0,Saturday,Spring,3058
2/29/2024,5,6,Wind,60.0,Thursday,Winter,7464
10/30/2025,11,12,Solar,303.0,Thursday,Fall,9665
9/23/2021,9,10,Solar,266.0,Thursday,Fall,2760
10/20/2021,19,20,Wind,293.0,Wednesday,Fall,12501
7/28/2021,14,15,Wind,209.0,Wednesday,Summer,10176
9/19/2024,9,10,Wind,263.0,Thursday,Fall,10053
9/14/2023,5,6,Wind,257.0,Thursday,Fall,710
10/28/2021,9,10,xyz,301.0,xyz,Fall,40000
11/25/2020,19,20,Wind,330.0,Wednesday,Fall,3453
2/4/2025,3,4,Wind,35.0,Tuesday,Winter,1737
10/16/2022,20,21,Wind,289.0,Sunday,Fall,7022
2/27/2022,3,4,Wind,58.0,Sunday,Winter,9685
3/25/2021,4,5,Wind,84.0,Thursday,Spring,1928
3/9/2022,22,23,Wind,68.0,Wednesday,Spring,6290
7/7/2023,5,6,Wind,188.0,Friday,Summer,4486
3/21/2021,13,14,Wind,80.0,Sunday,Spring,9194
02/27/2028,12,13,Wind,54.0,Friday,xyz,-100
12/6/2020,4,5,Wind,341.0,Sunday,Winter,3287
10/2/2024,14,15,Solar,276.0,Wednesday,Fall,5400
8/19/2022,6,7,Wind,231.0,Friday,Summer,2570
3/27/2025,7,8,Wind,86.0,Thursday,Spring,4075
1/27/2024,14,15,Solar,27.0,Saturday,Winter,40000
4/9/2024,11,12,Wind,100.0,Tuesday,Spring,11478
11/23/2020,13,14,Solar,328.0,Monday,Fall,2770
9/30/2023,1,2,Wind,273.0,Saturday,Fall,663
7/24/2021,6,7,Wind,205.0,Saturday,Summer,3849
6/2/2022,20,21,Wind,153.0,Thursday,Summer,2050
8/22/2022,3,4,Wind,234.0,Monday,Summer,1609
3/18/2025,20,21,Wind,77.0,Tuesday,Spring,10105
12/25/2024,11,12,Solar,360.0,Wednesday,Winter,3467
7/9/2020,7,8,Wind,191.0,Thursday,Summer,1479
11/21/2023,21,22,Wind,325.0,Tuesday,Fall,6769
2/22/2025,9,10,Wind,53.0,Saturday,Winter,10315
8/8/2020,23,0,Wind,221.0,Saturday,Summer,2390
11/24/2020,0,1,Wind,329.0,Tuesday,Fall,1746
10/12/2024,13,14,Wind,286.0,Saturday,Fall,6790
6/10/2020,10,xyz,xyz,162.0,Wednesday,Summer,3435
10/21/2024,20,21,xyz,295.0,Monday,Fall,4621
4/19/2022,21,22,Wind,109.0,Tuesday,Spring,4160
10/13/2025,23,0,Wind,286.0,Monday,Fall,6944
12/17/2020,0,1,Wind,352.0,Thursday,Winter,7100
1/11/2022,2,3,Wind,11.0,Tuesday,Winter,2621
4/18/2024,16,17,Solar,109.0,Thursday,Spring,8128
3/26/2022,4,5,Wind,85.0,Saturday,Spring,7484
3/7/2020,3,4,Wind,67.0,Saturday,Spring,3332
10/23/2023,17,18,Wind,296.0,Monday,Fall,5596
12/23/2020,0,1,Wind,358.0,Wednesday,Winter,7054
4/17/2021,19,20,Wind,107.0,Saturday,Spring,6158
7/16/2020,6,7,Wind,198.0,Thursday,Summer,1388
9/30/2023,0,1,Wind,273.0,Saturday,Fall,1029
2/9/2021,5,6,Wind,40.0,Tuesday,Winter,1784
6/23/2025,18,19,Wind,174.0,Monday,Summer,12740
10/24/2021,2,3,Wind,297.0,Sunday,Fall,4189
11/27/2021,10,11,Wind,331.0,Saturday,Fall,9185
11/16/2020,2,xyz,Wind,321.0,Monday,Fall,9712
02/27/2028,3,4,Wind,335.0,Thursday,Winter,-100
4/29/2023,20,21,Wind,119.0,Saturday,Spring,40000
11/8/2021,14,15,Solar,312.0,Monday,Fall,4153
10/12/2025,2,3,Wind,285.0,Sunday,Fall,5142
2/14/2022,18,19,Wind,45.0,Monday,Winter,6618
2/24/2025,14,15,Wind,55.0,Monday,Winter,13295
5/16/2025,20,21,Wind,136.0,Friday,Spring,7218
12/16/2024,10,11,Wind,351.0,Monday,Winter,7735
02/27/2028,18,19,Solar,205.0,Thursday,,-100
5/30/2021,20,21,Wind,150.0,Sunday,Spring,3606
1/28/2023,20,21,Wind,28.0,Saturday,Winter,3066
11/28/2020,4,5,Wind,333.0,Saturday,Fall,3659
5/19/2022,2,3,Wind,139.0,Thursday,Spring,4815
1/23/2023,12,13,Wind,23.0,Monday,Winter,7331
1/21/2023,4,5,Wind,21.0,Saturday,Winter,7168
7/11/2025,1,2,Wind,192.0,Friday,Summer,4862
5/18/2025,7,8,Wind,138.0,Sunday,Spring,3318
7/4/2020,20,21,Wind,186.0,Saturday,Summer,7973
10/23/2024,0,1,Wind,297.0,Wednesday,Fall,1780
2/9/2024,4,5,Wind,40.0,Friday,Winter,16307
7/7/2021,2,3,Wind,188.0,Wednesday,Summer,4008
8/11/2023,7,8,Wind,223.0,Friday,Summer,1918
11/2/2022,5,6,Wind,306.0,Wednesday,Fall,6705
11/11/2025,21,22,Wind,315.0,Tuesday,Fall,14313
5/14/2021,12,13,Wind,134.0,Friday,Spring,7647
6/19/2023,7,8,Wind,170.0,Monday,Summer,1807
2/28/2024,6,7,Wind,59.0,Wednesday,Winter,2370
7/27/2025,4,5,Wind,208.0,Sunday,Summer,1887
1/3/2024,18,19,Wind,3.0,Wednesday,Winter,18044
10/15/2023,3,4,Wind,288.0,Sunday,Fall,2777
4/14/2020,18,19,Wind,105.0,Tuesday,Spring,6515
2/24/2024,6,7,Wind,55.0,Saturday,Winter,7785
9/16/2021,10,11,Solar,259.0,Thursday,Fall,1635
5/11/2025,10,11,Solar,131.0,Sunday,Spring,3050
11/10/2024,4,5,Wind,315.0,Sunday,Fall,728
10/16/2022,7,8,Wind,289.0,Sunday,Fall,2775
6/26/2023,13,14,Solar,177.0,Monday,Summer,10406
6/24/2025,1,2,Wind,175.0,Tuesday,Summer,2704
2/15/2021,9,10,Wind,46.0,Monday,Winter,11289
6/6/2022,5,6,Wind,157.0,Monday,Summer,1806
8/26/2022,5,6,Wind,238.0,Friday,Summer,3140
4/17/2025,21,22,Wind,107.0,Thursday,Spring,40000
3/22/2024,10,11,Solar,82.0,Friday,Spring,40000
5/21/2020,0,1,Wind,142.0,Thursday,Spring,2748
6/29/2023,5,6,Wind,180.0,Thursday,Summer,748
6/23/2023,11,12,Solar,174.0,Friday,Summer,7189
6/2/2021,6,7,Wind,153.0,Wednesday,Summer,3681
6/8/2022,14,15,xyz,159.0,Wednesday,Summer,
1/21/2022,13,14,Solar,21.0,Friday,Winter,6900
9/14/2021,6,7,Wind,257.0,Tuesday,Fall,2764
12/23/2024,22,23,Wind,358.0,Monday,Winter,4916
6/20/2022,2,3,Wind,171.0,Monday,Summer,5728
02/27/2028,xyz,5,Wind,159.0,Friday,,-100
2/19/2023,9,10,Wind,50.0,Sunday,Winter,5578
3/3/2025,11,12,Solar,62.0,Monday,Spring,8311
10/14/2023,11,12,Solar,287.0,Saturday,Fall,5525
2/19/2022,22,23,Wind,50.0,Saturday,Winter,13745
3/22/2023,,15,Wind,81.0,Wednesday,Spring,xyz
3/8/2023,9,10,Wind,67.0,Wednesday,Spring,13908
02/27/2028,10,11,Solar,120.0,Saturday,Spring,40000
9/12/2022,18,19,Wind,255.0,Monday,Fall,2581
8/16/2025,4,5,Wind,228.0,Saturday,Summer,7037
7/23/2024,21,22,Wind,205.0,Tuesday,Summer,2927
2/6/2020,21,22,Wind,37.0,Thursday,Winter,5819
12/17/2021,9,10,Wind,351.0,Friday,Winter,7522
4/15/2022,22,23,Wind,105.0,Friday,Spring,5750
3/25/2021,23,0,Wind,84.0,Thursday,Spring,2424
1/13/2022,7,8,Wind,13.0,Thursday,Winter,2614
9/19/2020,5,6,Wind,263.0,Saturday,Fall,4265
7/20/2023,22,23,Wind,201.0,Thursday,Summer,2071
5/5/2022,3,4,Wind,125.0,Thursday,Spring,2050
12/31/2021,6,7,Wind,365.0,Friday,Winter,5824
5/15/2024,3,4,Wind,136.0,Wednesday,Spring,2598
6/7/2025,5,6,Wind,158.0,Saturday,Summer,7229
9/7/2022,12,13,Solar,250.0,Wednesday,Fall,40000
4/15/2022,4,5,Wind,105.0,Friday,Spring,1294
10/2/2021,16,17,Wind,275.0,Saturday,Fall,14843
1/6/2023,5,6,Wind,6.0,Friday,Winter,7744
3/4/2024,6,7,Wind,64.0,Monday,Spring,3881
8/19/2024,15,16,Solar,232.0,Monday,Summer,9088
6/11/2020,20,21,Wind,163.0,Thursday,Summer,3414
12/10/2022,14,15,Solar,344.0,Saturday,Winter,3935
7/9/2020,19,20,Wind,191.0,Thursday,Summer,4573
2/12/2020,23,0,Wind,43.0,Wednesday,Winter,5618
02/27/2028,xyz,17,Solar,176.0,Sunday,Summer,40000
5/29/2023,5,6,Wind,149.0,Monday,Spring,8702
9/30/2022,10,11,Solar,273.0,Friday,Fall,4255
8/12/2023,8,xyz,Wind,xyz,Saturday,Summer,2514
3/19/2024,21,22,Wind,79.0,Tuesday,Spring,1227
12/12/2024,7,8,Wind,347.0,Thursday,xyz,3380
12/24/2023,10,11,Wind,358.0,Sunday,Winter,17796
4/26/2024,13,14,Solar,117.0,Friday,Spring,6436
11/23/2022,20,21,Wind,327.0,Wednesday,Fall,12891
5/3/2020,16,17,Solar,124.0,Sunday,Spring,4316
7/29/2021,8,9,Wind,210.0,Thursday,Summer,3787
10/5/2020,19,20,Wind,279.0,Monday,Fall,9449
11/18/2024,7,8,Wind,323.0,Monday,Fall,9481
7/7/2024,19,20,Wind,189.0,Sunday,Summer,xyz
5/29/2025,3,4,Wind,149.0,Thursday,Spring,2576
12/30/2021,22,23,Wind,364.0,Thursday,Winter,5452
8/28/2023,21,22,Wind,240.0,Monday,Summer,3213
3/27/2020,18,19,Wind,87.0,Friday,Spring,2867
7/7/2023,13,14,Solar,188.0,Friday,Summer,10199
6/27/2025,11,12,Solar,178.0,Friday,Summer,9500
02/27/2028,2,xyz,Wind,110.0,Friday,Spring,-100
11/2/2021,17,18,Wind,306.0,Tuesday,Fall,
11/17/2023,7,8,Wind,321.0,Friday,Fall,4109
10/25/2022,2,3,Wind,298.0,Tuesday,Fall,5694
6/20/2025,11,12,Solar,171.0,Friday,Summer,10259
9/8/2021,5,6,Wind,251.0,Wednesday,Fall,5438
8/3/2020,20,21,Wind,216.0,Monday,Summer,4530
02/27/2028,23,0,Wind,82.0,Friday,,-100
10/19/2022,21,22,Wind,292.0,Wednesday,Fall,7426
7/17/2021,7,8,Wind,198.0,Saturday,Summer,2997
7/2/2021,23,0,Wind,183.0,Friday,Summer,1585
8/21/2023,1,2,Wind,233.0,Monday,Summer,2603
3/24/2022,16,17,Solar,83.0,Thursday,Spring,4803
8/20/2021,20,21,Wind,232.0,Friday,Summer,525
11/23/2023,8,9,Wind,327.0,Thursday,Fall,3718
6/22/2022,23,0,Wind,173.0,Wednesday,Summer,1640
4/16/2022,20,,Wind,106.0,Saturday,Spring,6001
02/27/2028,4,5,xyz,254.0,Sunday,Fall,-100
6/15/2020,19,20,Wind,167.0,Monday,Summer,3068
5/16/2025,23,0,Wind,136.0,Friday,Spring,8373
6/17/2020,20,21,Wind,169.0,Wednesday,Summer,1500
6/22/2022,10,11,Solar,173.0,Wednesday,Summer,4827
6/21/2024,21,22,Wind,173.0,Friday,Summer,4798
2/22/2022,21,22,Wind,53.0,Tuesday,Winter,8837
4/17/2022,16,17,Solar,107.0,Sunday,Spring,7694
4/18/2021,11,12,Solar,108.0,Sunday,Spring,5661
8/3/2021,0,1,Wind,215.0,Tuesday,Summer,930
02/27/2028,14,15,Wind,330.0,xyz,Fall,-100
7/2/2023,8,9,Wind,183.0,Sunday,Summer,2882
3/12/2020,3,4,Wind,72.0,Thursday,Spring,10434
1/12/2022,7,8,Wind,12.0,Wednesday,Winter,2263
3/12/2020,6,7,Wind,72.0,Thursday,Spring,9223
3/29/2025,16,17,Wind,88.0,Saturday,Spring,11249
4/13/2021,5,6,Wind,103.0,Tuesday,Spring,2747
12/12/2021,15,16,Wind,346.0,Sunday,Winter,3406
9/18/2023,5,6,Wind,261.0,Monday,Fall,6373
12/14/2022,15,16,Wind,348.0,Wednesday,Winter,2542
9/3/2024,2,3,Wind,247.0,Tuesday,Fall,513
4/3/2024,11,12,Wind,94.0,Wednesday,Spring,15839
10/1/2021,22,23,Wind,274.0,Friday,Fall,4034
8/8/2023,10,11,Solar,220.0,Tuesday,Summer,7019
11/30/2023,0,1,Wind,334.0,Thursday,Fall,2128
02/27/2028,xyz,10,Wind,4.0,Saturday,Winter,-100
02/27/2028,11,12,Solar,116.0,Saturday,Spring,-100
2/19/2021,8,9,Wind,50.0,Friday,Winter,6408
11/3/2025,18,19,Wind,307.0,Monday,Fall,8937
2/17/2023,3,4,Wind,48.0,Friday,Winter,7265
7/17/2023,12,13,Solar,198.0,Monday,Summer,9207
2/4/2024,23,0,Wind,35.0,Sunday,Winter,7222
8/31/2022,10,11,Solar,243.0,Wednesday,Summer,4337
8/7/2024,9,10,Solar,220.0,Wednesday,Summer,3763
12/20/2023,11,12,Wind,354.0,Wednesday,Winter,9752
4/17/2024,14,15,Wind,108.0,Wednesday,Spring,13351
7/20/2025,1,2,Wind,201.0,Sunday,Summer,4506
5/26/2025,14,15,Solar,146.0,Monday,Spring,6702
9/24/2023,10,11,Solar,267.0,Sunday,Fall,7784
6/1/2024,5,6,Wind,153.0,Saturday,Summer,5758
11/10/2025,13,14,Wind,314.0,Monday,Fall,12666
6/6/2024,14,15,Solar,158.0,Thursday,Summer,8522
5/12/2022,,11,Solar,132.0,Thursday,Spring,40000
12/22/2023,19,20,Wind,356.0,Friday,Winter,15656
7/15/2020,18,19,Wind,197.0,Wednesday,Summer,3632
3/18/2025,15,16,Wind,77.0,Tuesday,Spring,14023
6/4/2025,16,xyz,xyz,155.0,Wednesday,Summer,8625
4/11/2024,15,16,Solar,102.0,Thursday,Spring,7830
10/2/2023,1,2,Wind,275.0,Monday,Fall,2511
9/22/2023,22,23,Wind,265.0,Friday,Fall,6457
6/25/2021,18,19,Solar,176.0,Friday,Summer,3314
9/29/2021,13,xyz,Wind,272.0,xyz,Fall,40000
5/22/2022,2,3,Wind,142.0,Sunday,Spring,2963
12/9/2022,14,15,Wind,343.0,Friday,Winter,3163
3/4/2023,18,19,Wind,63.0,Saturday,Spring,3131
1/25/2021,16,17,Wind,25.0,Monday,Winter,4070
7/30/2025,3,4,Wind,211.0,Wednesday,Summer,1452
3/20/2024,20,21,Wind,80.0,Wednesday,Spring,1807
5/11/2025,12,13,Solar,131.0,Sunday,Spring,3967
4/6/2020,3,4,Wind,97.0,Monday,Spring,8031
7/11/2022,15,16,Solar,192.0,Monday,Summer,8839
7/8/2023,18,19,Solar,189.0,Saturday,Summer,4324
02/27/2028,16,17,Solar,120.0,Saturday,Spring,-100
9/9/2025,5,6,Wind,252.0,Tuesday,Fall,1712
8/26/2021,4,5,Wind,238.0,Thursday,Summer,2542
8/13/2024,5,6,Wind,226.0,Tuesday,Summer,1209
1/19/2020,2,3,Wind,19.0,Sunday,Winter,4247
02/27/2028,12,13,Wind,270.0,Tuesday,Fall,-100
11/18/2023,18,19,Wind,322.0,Saturday,Fall,12524
5/18/2021,14,15,Wind,138.0,Tuesday,Spring,5821
12/29/2022,4,5,Wind,xyz,Thursday,Winter,11261
02/27/2028,10,11,Solar,204.0,Wednesday,Summer,-100
7/28/2020,19,20,Wind,210.0,Tuesday,Summer,5024
7/26/2021,4,5,Wind,207.0,Monday,Summer,1922
4/13/2021,1,2,Wind,103.0,Tuesday,Spring,1796
4/7/2023,19,20,Wind,97.0,Friday,Spring,3276
10/15/2020,11,12,Wind,289.0,Thursday,Fall,6069
8/16/2021,2,3,Wind,228.0,Monday,Summer,4074
12/17/2020,7,8,Wind,352.0,Thursday,Winter,5368
3/6/2023,6,7,Wind,65.0,Monday,Spring,1479
02/27/2028,15,16,xyz,135.0,Sunday,Spring,-100
6/1/2021,20,21,Wind,152.0,Tuesday,Summer,3220
8/26/2025,4,5,Wind,238.0,Tuesday,Summer,4080
7/30/2023,11,12,Wind,211.0,Sunday,Summer,8461
5/20/2023,13,14,Wind,140.0,Saturday,Spring,11018
6/29/2021,16,17,Solar,180.0,Tuesday,Summer,5193
11/1/2022,20,21,Wind,305.0,Tuesday,Fall,12061
6/19/2025,5,6,Wind,170.0,Thursday,Summer,4974
6/12/2023,19,,Wind,163.0,Monday,xyz,3168
9/5/2020,2,3,Wind,249.0,Saturday,,2313
9/30/2024,14,15,Wind,274.0,Monday,Fall,17990
5/16/2020,20,21,Wind,137.0,Saturday,Spring,3193
7/31/2022,19,20,Wind,212.0,Sunday,Summer,5209
8/28/2023,5,6,Wind,xyz,Monday,Summer,2801
6/19/2024,12,13,Solar,171.0,Wednesday,Summer,10246
3/29/2020,6,7,Wind,89.0,Sunday,Spring,11027
2/27/2020,18,19,Wind,58.0,Thursday,Winter,10596
2/28/2022,18,19,Wind,59.0,Monday,xyz,2179
6/7/2025,4,5,Wind,158.0,Saturday,Summer,6797
1/28/2022,1,2,Wind,28.0,Friday,xyz,2439
12/16/2023,18,19,Wind,350.0,Saturday,Winter,2464
xyz,16,17,Solar,211.0,Wednesday,Summer,40000
5/7/2024,7,8,Wind,128.0,Tuesday,Spring,2974
9/4/2025,13,14,Wind,247.0,Thursday,Fall,14863
9/24/2024,12,13,Wind,268.0,Tuesday,Fall,12247
7/11/2022,23,0,Wind,192.0,Monday,Summer,4311
3/17/2025,0,1,Wind,76.0,Monday,Spring,5188
7/19/2021,17,18,Wind,200.0,Monday,Summer,7420
7/15/2021,6,7,Wind,196.0,Thursday,Summer,7253
7/20/2025,4,5,Wind,201.0,Sunday,Summer,4069
8/5/2022,4,5,Wind,217.0,Friday,Summer,2957
6/8/2025,7,8,Wind,159.0,Sunday,Summer,8306
2/15/2025,15,16,Solar,46.0,Saturday,Winter,7084
1/27/2024,9,10,Wind,27.0,Saturday,Winter,4715
5/30/2022,2,3,Wind,150.0,Monday,Spring,4110
9/17/2022,17,18,Wind,260.0,Saturday,Fall,8890
02/27/2028,0,1,Wind,107.0,,Spring,-100
8/18/2022,2,3,Wind,230.0,Thursday,Summer,1182
02/27/2028,6,7,Wind,xyz,Monday,Fall,-100
4/7/2024,23,0,Wind,98.0,Sunday,Spring,4677
9/14/2025,18,19,Wind,257.0,Sunday,Fall,13786
12/12/2024,21,22,Wind,347.0,Thursday,Winter,3531
10/13/2022,12,13,Wind,286.0,Thursday,Fall,40000
6/15/2023,19,20,Wind,166.0,Thursday,Summer,3676
7/4/2021,23,0,Wind,185.0,Sunday,Summer,2638
5/13/2023,10,11,Solar,,Saturday,Spring,40000
2/10/2022,6,7,Wind,41.0,Thursday,Winter,5360
3/17/2022,0,1,Wind,76.0,Thursday,Spring,5222
8/31/2025,20,21,Wind,243.0,Sunday,Summer,3822
9/5/2024,11,12,Solar,249.0,Thursday,Fall,7606
02/27/2028,13,14,Solar,122.0,Sunday,Spring,-100
11/21/2021,13,14,Wind,325.0,Sunday,Fall,3948
9/18/2022,0,1,Wind,261.0,Sunday,Fall,3466
8/7/2025,18,19,Solar,219.0,Thursday,Summer,5653
2/13/2025,20,21,Wind,44.0,Thursday,Winter,4432
7/6/2022,3,4,Wind,187.0,Wednesday,Summer,3439
7/19/2024,3,4,Wind,201.0,Friday,Summer,1551
7/21/2023,23,0,Wind,202.0,Friday,Summer,3035
6/18/2020,19,20,Wind,170.0,Thursday,Summer,3276
3/13/2023,16,17,Wind,72.0,Monday,Spring,16408
8/18/2020,21,22,Wind,231.0,Tuesday,Summer,697
8/1/2024,19,20,Wind,214.0,Thursday,Summer,4264
1/17/2024,20,21,Wind,17.0,Wednesday,Winter,7330
12/21/2020,1,2,Wind,356.0,Monday,Winter,6095
02/27/2028,21,22,Wind,3.0,Friday,Winter,-100
6/20/2025,12,13,Solar,171.0,Friday,Summer,11247
5/9/2021,0,1,Wind,129.0,Sunday,Spring,6909
10/23/2023,12,13,Wind,296.0,Monday,Fall,9170
3/10/2024,11,12,Solar,70.0,Sunday,Spring,4489
8/27/2020,15,16,Wind,240.0,Thursday,Summer,7459
4/23/2023,20,21,Wind,113.0,Sunday,Spring,10214
4/27/2022,14,15,Solar,117.0,Wednesday,Spring,9731
1/5/2025,15,16,Wind,5.0,Sunday,Winter,19348
10/22/2024,14,15,Solar,296.0,Tuesday,Fall,5151
8/18/2025,14,15,Solar,230.0,Monday,Summer,8983
8/2/2021,3,4,Wind,214.0,Monday,Summer,1116
3/14/2022,21,22,Wind,73.0,Monday,Spring,6052
6/7/2023,23,0,Wind,158.0,Wednesday,Summer,5602
11/18/2021,5,6,Wind,322.0,Thursday,Fall,1363
12/19/2023,8,9,Wind,353.0,Tuesday,Winter,8095
8/30/2021,21,22,Wind,242.0,Monday,Summer,5261
8/8/2021,21,22,Wind,220.0,Sunday,Summer,3163
12/31/2024,16,17,Wind,366.0,Tuesday,Winter,8495
9/6/2023,22,23,Wind,249.0,Wednesday,Fall,3137
11/8/2022,20,21,Wind,312.0,Tuesday,Fall,11901
1/12/2020,xyz,7,Wind,xyz,Sunday,Winter,7023
4/13/2021,18,19,Wind,103.0,Tuesday,Spring,4444
10/29/2020,13,14,Wind,303.0,Thursday,Fall,8549
9/14/2024,13,14,Solar,258.0,Saturday,Fall,10425
12/18/2023,4,5,Wind,352.0,Monday,Winter,1948
12/12/2021,22,23,Wind,346.0,Sunday,Winter,1910
3/13/2023,23,0,Wind,72.0,Monday,Spring,15758
5/19/2022,10,11,Wind,139.0,Thursday,Spring,7130
02/27/2028,2,3,Wind,165.0,Saturday,Summer,-100
8/3/2024,5,6,Wind,216.0,Saturday,Summer,3203
3/19/2024,1,2,Wind,79.0,Tuesday,Spring,1178
5/16/2022,8,9,Wind,136.0,Monday,Spring,5803
7/14/2021,11,12,Wind,195.0,Wednesday,Summer,8011
5/24/2020,5,6,Wind,145.0,Sunday,Spring,3046
9/19/2022,18,19,Wind,262.0,Monday,Fall,4643
02/27/2028,6,7,Wind,220.0,Friday,xyz,-100
1/10/2020,22,23,Wind,10.0,Friday,Winter,1571
6/6/2021,14,15,Solar,157.0,Sunday,Summer,5111
1/29/2020,6,7,Wind,29.0,Wednesday,Winter,7788
12/21/2022,12,13,Wind,355.0,Wednesday,Winter,10235
7/12/2022,6,7,Wind,193.0,Tuesday,Summer,2572
6/28/2024,4,5,Wind,180.0,Friday,Summer,3214
4/2/2021,19,20,Wind,92.0,Friday,Spring,11290
10/4/2020,17,18,Wind,278.0,Sunday,Fall,11028
11/3/2024,3,4,Wind,308.0,Sunday,Fall,3106
1/14/2024,13,14,Solar,14.0,Sunday,Winter,3639
1/23/2020,1,2,Wind,23.0,Thursday,Winter,6776
8/16/2023,13,14,Solar,228.0,Wednesday,Summer,6675
02/27/2028,8,9,Wind,xyz,Friday,Summer,-100
5/5/2022,10,11,Solar,125.0,Thursday,Spring,4537
5/7/2025,22,23,Wind,127.0,Wednesday,Spring,5970
1/26/2020,9,10,Wind,26.0,Sunday,Winter,3118
8/2/2022,12,13,Solar,214.0,Tuesday,Summer,6726
8/29/2021,7,8,xyz,241.0,Sunday,Summer,3373
3/31/2025,6,7,Wind,90.0,Monday,Spring,5157
11/3/2021,2,3,Wind,307.0,Wednesday,Fall,3878
10/14/2021,22,23,Wind,287.0,Thursday,Fall,1373
5/20/2023,11,12,Wind,140.0,Saturday,Spring,10266
6/29/2022,17,18,Solar,180.0,Wednesday,Summer,5001
02/27/2028,15,16,Wind,112.0,Sunday,Spring,-100
11/14/2025,5,6,Wind,318.0,Friday,Fall,12444
3/7/2023,22,23,Wind,66.0,Tuesday,Spring,6916
6/26/2024,18,19,Solar,178.0,Wednesday,Summer,4295
5/19/2020,14,15,Solar,140.0,Tuesday,Spring,5795
1/7/2025,22,23,Wind,7.0,Tuesday,Winter,6904
2/22/2020,18,19,Wind,53.0,Saturday,Winter,8683
10/23/2021,14,15,Solar,296.0,Saturday,Fall,5243
10/24/2023,18,19,Wind,297.0,Tuesday,Fall,3772
6/22/2023,14,15,Wind,173.0,Thursday,Summer,9306
1/19/2023,2,3,Wind,19.0,Thursday,Winter,3478
8/29/2021,13,14,Solar,241.0,Sunday,Summer,7380
7/14/2022,21,22,Wind,195.0,Thursday,Summer,5239
4/20/2024,23,0,Wind,111.0,Saturday,Spring,6161
2/11/2023,8,9,Wind,42.0,Saturday,Winter,2391
1/29/2023,16,17,Wind,29.0,Sunday,Winter,2807
6/13/2021,14,15,Solar,164.0,Sunday,Summer,5069
11/14/2022,12,13,Wind,318.0,Monday,Fall,4986
3/23/2021,3,4,Wind,82.0,Tuesday,Spring,2297
5/9/2020,5,6,Wind,130.0,Saturday,Spring,1685
8/29/2023,17,18,Solar,241.0,Tuesday,Summer,5120
6/5/2024,18,19,Solar,157.0,Wednesday,Summer,6522
10/26/2021,19,20,Wind,299.0,Tuesday,Fall,3013
xyz,0,1,Wind,13.0,Saturday,,2503
12/9/2022,20,21,Wind,343.0,Friday,Winter,2064
1/22/2021,16,17,Wind,22.0,Friday,Winter,3696
10/21/2021,8,xyz,xyz,294.0,Thursday,Fall,11321
4/7/2022,12,13,Wind,97.0,Thursday,Spring,17815
8/29/2021,1,2,Wind,241.0,Sunday,Summer,4508
10/10/2025,13,14,Solar,283.0,Friday,Fall,9343
12/9/2021,12,13,xyz,343.0,Thursday,Winter,40000
3/11/2020,15,16,Wind,71.0,Wednesday,Spring,11361
4/14/2025,14,15,Solar,104.0,Monday,Spring,9083
6/12/2022,10,11,Solar,163.0,Sunday,Summer,4684
10/22/2025,13,14,Solar,295.0,Wednesday,Fall,7336
1/1/2023,1,2,Wind,1.0,Sunday,Winter,11283
4/16/2023,5,6,Wind,106.0,Sunday,Spring,5054
4/9/2023,0,1,Wind,99.0,Sunday,Spring,4433
1/23/2023,5,6,Wind,23.0,Monday,Winter,4215
3/30/2021,11,12,Solar,89.0,Tuesday,Spring,4810
8/20/2022,12,13,Solar,232.0,Saturday,Summer,6090
4/4/2023,15,16,,94.0,Tuesday,Spring,10833
02/27/2028,7,8,Wind,8.0,Friday,Winter,-100
02/27/2028,20,21,Wind,50.0,Wednesday,Winter,-100
7/3/2020,23,0,Wind,185.0,Friday,Summer,2522
9/8/2025,1,2,Wind,251.0,Monday,Fall,3247
6/8/2025,23,0,Wind,159.0,Sunday,Summer,2194
8/11/2022,21,22,Wind,223.0,Thursday,Summer,4852
10/11/2021,16,17,Solar,284.0,Monday,Fall,5672
5/10/2024,14,15,Solar,131.0,Friday,Spring,11009
5/20/2023,6,7,Wind,140.0,Saturday,Spring,6415
9/17/2023,16,17,Wind,260.0,Sunday,Fall,5366
11/25/2023,13,14,Wind,329.0,Saturday,Fall,10661
02/27/2028,15,16,Wind,79.0,Thursday,Spring,-100
10/29/2022,11,12,Wind,302.0,Saturday,Fall,9396
8/6/2023,18,19,,xyz,Sunday,Summer,40000
4/17/2023,13,14,Solar,107.0,Monday,Spring,10082
2/1/2020,2,3,Wind,32.0,Saturday,Winter,8897
8/22/2024,12,13,Solar,235.0,Thursday,Summer,7995
3/10/2022,3,4,Wind,69.0,Thursday,Spring,5858
9/7/2021,17,18,Wind,250.0,Tuesday,Fall,6012
8/27/2025,5,6,Wind,239.0,Wednesday,Summer,2086
2/14/2020,8,9,Wind,45.0,Friday,Winter,3683
02/27/2028,17,18,Wind,323.0,Monday,Fall,-100
7/27/2025,2,3,Wind,208.0,Sunday,Summer,2172
9/21/2025,1,2,Wind,264.0,Sunday,Fall,7088
5/4/2021,xyz,8,,xyz,Tuesday,Spring,13322
5/24/2021,18,19,Wind,144.0,Monday,Spring,12791
11/14/2021,3,4,Wind,318.0,Sunday,Fall,2421
8/14/2022,2,3,Wind,226.0,Sunday,Summer,4666
4/19/2020,0,1,Wind,110.0,Sunday,Spring,1476
4/7/2025,22,23,Wind,97.0,Monday,Spring,5598
10/1/2025,0,1,Wind,274.0,Wednesday,Fall,2823
8/1/2022,xyz,15,Solar,213.0,Monday,Summer,40000
3/7/2021,2,3,Wind,66.0,Sunday,Spring,2521
6/12/2023,23,0,Wind,163.0,Monday,Summer,2822
8/24/2025,10,11,Solar,236.0,Sunday,Summer,4112
2/24/2023,14,15,Wind,55.0,Friday,Winter,5858
1/13/2020,8,9,Wind,13.0,Monday,Winter,3845
10/26/2022,1,2,Wind,299.0,Wednesday,Fall,7207
10/25/2022,22,23,Wind,298.0,Tuesday,Fall,6592
10/15/2025,19,20,Wind,288.0,Wednesday,Fall,5080
8/23/2025,18,19,Solar,235.0,Saturday,Summer,5153
7/15/2024,15,16,Wind,197.0,Monday,Summer,10900
2/20/2024,1,,Wind,51.0,Tuesday,Winter,3775
10/26/2023,6,7,Wind,299.0,Thursday,Fall,5403
2/9/2024,19,20,Wind,40.0,Friday,Winter,9829
2/26/2021,10,11,Wind,57.0,Friday,Winter,3948
1/9/2024,12,13,Wind,9.0,Tuesday,Winter,7316
12/28/2023,20,21,Wind,362.0,Thursday,Winter,13984
4/28/2023,18,19,Wind,118.0,Friday,Spring,6113
6/2/2024,15,16,Wind,154.0,Sunday,Summer,5303
2/21/2022,3,4,Wind,52.0,Monday,Winter,14976
7/25/2024,9,10,Solar,207.0,Thursday,Summer,4811
12/22/2021,23,0,Wind,356.0,Wednesday,Winter,5802
10/24/2025,1,2,Wind,297.0,xyz,Fall,40000
3/18/2023,21,22,Wind,77.0,Saturday,Spring,4032
3/5/2025,17,18,Solar,64.0,Wednesday,Spring,3558
8/22/2021,6,7,Wind,234.0,Sunday,Summer,3212
3/21/2021,15,16,Wind,80.0,Sunday,Spring,8663
8/15/2024,3,4,Wind,228.0,Thursday,Summer,1492
2/21/2021,13,14,Wind,52.0,Sunday,Winter,8829
6/8/2021,10,11,Solar,159.0,Tuesday,Summer,4183
11/13/2021,4,5,Wind,317.0,Saturday,Fall,5812
11/10/2020,0,1,Wind,315.0,Tuesday,Fall,1153
3/21/2022,18,19,Wind,80.0,Monday,Spring,3512
6/20/2025,19,20,Wind,171.0,Friday,Summer,4544
10/4/2020,2,3,Wind,278.0,Sunday,Fall,8818
5/25/2022,22,23,Wind,145.0,Wednesday,Spring,5875
9/20/2025,18,19,Wind,263.0,Saturday,Fall,11616
11/26/2024,16,17,Wind,331.0,Tuesday,Fall,3695
02/27/2028,15,xyz,Solar,90.0,Saturday,Spring,-100
02/27/2028,21,22,Wind,280.0,Sunday,Fall,-100
2/4/2022,5,6,,35.0,Friday,xyz,6025
5/31/2022,0,1,Wind,151.0,Tuesday,Spring,2131
1/30/2022,10,11,Solar,30.0,Sunday,Winter,2888
02/27/2028,xyz,10,Wind,258.0,Wednesday,Fall,40000
12/2/2020,3,4,Wind,337.0,Wednesday,Winter,xyz
7/8/2023,3,4,Wind,189.0,Saturday,Summer,4740
12/6/2024,11,12,Wind,341.0,Friday,Winter,12425
5/14/2024,4,5,Wind,135.0,Tuesday,Spring,7995
5/19/2023,18,19,Wind,139.0,Friday,xyz,40000
5/24/2022,5,6,Wind,144.0,Tuesday,Spring,6008
4/11/2025,7,8,Wind,101.0,Friday,Spring,3644
02/27/2028,8,9,Wind,xyz,Friday,xyz,-100
3/5/2025,18,19,Wind,64.0,Wednesday,Spring,2008
02/27/2028,22,23,xyz,339.0,Sunday,Winter,-100
1/9/2021,9,10,Wind,9.0,Saturday,Winter,4051
4/26/2025,16,17,Wind,116.0,Saturday,Spring,4158
8/21/2022,17,18,Solar,233.0,Sunday,Summer,4032
1/18/2023,2,3,Wind,xyz,Wednesday,Winter,4661
1/8/2025,11,12,Wind,8.0,Wednesday,Winter,9828
7/11/2021,21,22,Wind,192.0,Sunday,Summer,868
10/29/2022,20,21,Wind,302.0,Saturday,Fall,5791
5/3/2020,4,5,Wind,124.0,Sunday,Spring,1977
12/8/2022,7,8,Wind,342.0,Thursday,Winter,1250
10/21/2021,1,2,Wind,294.0,Thursday,Fall,13513
8/10/2021,13,14,Solar,222.0,Tuesday,Summer,5911
8/8/2020,10,11,Solar,221.0,Saturday,Summer,2968
10/31/2021,7,8,Wind,304.0,Sunday,Fall,10139
10/8/2024,7,8,Wind,282.0,Tuesday,Fall,10208
2/6/2025,2,3,Wind,37.0,Thursday,Winter,3446
7/23/2024,4,5,Wind,205.0,Tuesday,Summer,5296
9/23/2025,15,16,Wind,266.0,Tuesday,Fall,12917
10/7/2020,xyz,21,Wind,281.0,Wednesday,Fall,4044
1/1/2023,16,17,Wind,1.0,Sunday,Winter,9041
12/25/2023,19,20,Wind,359.0,Monday,Winter,12990
7/18/2021,18,19,Wind,199.0,Sunday,Summer,9318
2/4/2020,4,5,Wind,35.0,Tuesday,Winter,10605
8/22/2022,2,3,Wind,234.0,Monday,Summer,1927
6/8/2023,4,5,Wind,159.0,Thursday,Summer,4806
1/11/2022,12,13,Solar,11.0,Tuesday,Winter,40000
7/29/2025,16,17,Solar,210.0,Tuesday,Summer,10808
3/31/2020,xyz,18,Wind,91.0,Tuesday,Spring,10262
6/25/2022,18,19,Wind,176.0,Saturday,Summer,4491
6/7/2025,8,9,Wind,158.0,Saturday,Summer,9072
5/1/2023,12,13,Solar,121.0,Monday,Spring,7715
9/13/2022,13,14,Solar,256.0,Tuesday,Fall,6012
11/18/2022,13,14,Wind,322.0,Friday,Fall,7173
5/20/2024,11,12,Solar,141.0,Monday,Spring,5874
4/28/2021,2,3,Wind,118.0,Wednesday,Spring,1371
3/28/2020,7,8,Wind,88.0,Saturday,Spring,2548
3/25/2024,21,22,Wind,85.0,Monday,xyz,8820
12/27/2021,16,17,Wind,361.0,Monday,Winter,9445
11/17/2025,22,23,Wind,321.0,Monday,Fall,4027
1/9/2020,21,22,Wind,9.0,Thursday,Winter,10944
2/9/2023,13,14,Solar,40.0,xyz,Winter,40000
12/27/2024,6,7,Wind,362.0,Friday,Winter,1298
10/12/2020,11,12,Solar,286.0,Monday,Fall,3848
12/1/2023,7,8,Wind,335.0,Friday,Winter,2590
11/20/2020,19,20,Wind,325.0,Friday,Fall,2773
3/7/2024,8,9,Wind,67.0,Thursday,Spring,7880
2/19/2023,14,15,Solar,50.0,Sunday,Winter,7077
7/18/2020,1,2,Wind,200.0,Saturday,Summer,1515
3/29/2020,10,11,Wind,89.0,Sunday,Spring,13965
6/23/2024,14,15,Solar,175.0,Sunday,Summer,4090
4/27/2025,11,12,Solar,117.0,Sunday,Spring,3596
12/26/2020,0,1,Wind,361.0,Saturday,Winter,3607
3/17/2024,4,5,Wind,77.0,Sunday,Spring,3960
9/22/2021,3,4,Wind,265.0,Wednesday,Fall,2010
10/24/2020,6,7,Wind,298.0,Saturday,Fall,7495
7/5/2020,15,16,Wind,187.0,Sunday,Summer,10632
1/13/2022,20,21,Wind,13.0,Thursday,Winter,2891
02/27/2028,xyz,4,xyz,119.0,Tuesday,Spring,-100
11/12/2020,9,10,Wind,317.0,Thursday,Fall,5105
5/24/2020,13,14,Solar,145.0,Sunday,Spring,5849
9/8/2023,17,18,Solar,251.0,Friday,Fall,4384
1/18/2025,3,4,Wind,18.0,Saturday,Winter,1157
12/5/2024,8,9,Wind,340.0,Thursday,Winter,14145
5/25/2023,20,21,Wind,145.0,Thursday,Spring,7031
9/12/2020,9,10,Solar,256.0,Saturday,Fall,2461
11/29/2021,12,13,Wind,333.0,Monday,Fall,4389
7/19/2024,17,18,Solar,201.0,Friday,Summer,6264
02/27/2028,11,12,Wind,112.0,,Spring,-100
8/10/2021,12,13,Solar,222.0,Tuesday,Summer,5674
8/3/2021,2,3,Wind,215.0,Tuesday,Summer,1153
11/29/2022,17,18,Wind,333.0,Tuesday,Fall,1111
8/18/2024,21,22,Wind,231.0,Sunday,Summer,3802
2/19/2024,3,4,Wind,50.0,Monday,Winter,4002
5/18/2022,11,12,Solar,138.0,Wednesday,Spring,5814
02/27/2028,20,21,xyz,29.0,Saturday,Winter,-100
6/23/2023,4,5,Wind,174.0,Friday,Summer,1872
7/28/2024,18,19,Solar,210.0,Sunday,Summer,7133
6/27/2021,xyz,1,Wind,178.0,Sunday,Summer,3833
4/5/2022,5,6,Wind,95.0,Tuesday,Spring,6452
1/9/2025,15,16,Wind,9.0,Thursday,Winter,10749
11/16/2025,21,22,Wind,320.0,Sunday,Fall,4414
10/18/2024,13,14,Solar,292.0,Friday,Fall,40000
9/30/2024,4,5,Wind,274.0,Monday,Fall,12240
10/23/2024,9,10,Wind,297.0,Wednesday,Fall,3405
8/13/2020,23,0,Wind,226.0,Thursday,Summer,2213
6/18/2022,22,23,Wind,,Saturday,Summer,8199
3/19/2022,22,23,Wind,78.0,Saturday,Spring,8847
7/18/2022,15,16,Solar,199.0,Monday,Summer,7346
3/26/2021,20,21,Wind,85.0,Friday,Spring,8311
9/13/2021,xyz,2,Wind,256.0,Monday,Fall,40000
11/4/2022,23,0,Wind,308.0,Friday,Fall,4294
9/13/2025,17,18,Wind,256.0,Saturday,Fall,12059
4/24/2025,21,22,Wind,114.0,Thursday,Spring,4076
11/20/2025,5,6,Wind,324.0,Thursday,Fall,7116
7/24/2020,xyz,16,Solar,206.0,Friday,Summer,40000
3/8/2024,xyz,2,Wind,68.0,Friday,Spring,40000
02/27/2028,xyz,12,Solar,79.0,Thursday,Spring,-100
6/4/2022,15,16,Solar,155.0,Saturday,Summer,5828
02/27/2028,11,12,Solar,6.0,Thursday,Winter,-100
2/25/2022,20,21,Wind,56.0,Friday,Winter,2846
12/27/2021,10,11,Wind,361.0,Monday,Winter,8533
3/9/2023,12,13,Wind,68.0,Thursday,Spring,17554
7/16/2023,12,13,Wind,197.0,Sunday,Summer,8159
3/27/2025,4,5,Wind,86.0,Thursday,Spring,3169
7/21/2024,0,1,Wind,203.0,Sunday,Summer,3435
2/9/2025,5,6,Wind,40.0,Sunday,Winter,3088
4/19/2024,1,2,Wind,110.0,Friday,Spring,5665
4/24/2022,6,7,Wind,114.0,Sunday,Spring,2801
4/11/2020,9,10,Solar,102.0,Saturday,Spring,2530
8/30/2020,5,6,Wind,243.0,Sunday,Summer,3412
1/11/2021,5,6,Wind,11.0,Monday,Winter,2139
11/7/2024,21,22,Wind,312.0,Thursday,Fall,3242
5/8/2022,8,9,Wind,128.0,Sunday,Spring,4118
3/11/2025,17,18,Wind,70.0,Tuesday,Spring,5580
3/12/2021,0,1,Wind,71.0,Friday,Spring,12379
4/11/2020,20,21,Wind,102.0,Saturday,Spring,725
3/23/2021,23,0,Wind,82.0,Tuesday,Spring,1340
9/3/2022,17,18,Wind,246.0,Saturday,Fall,5467
3/7/2021,14,15,Solar,66.0,Sunday,Spring,2799
4/18/2021,9,10,Solar,108.0,Sunday,Spring,3757
4/2/2024,21,22,Wind,93.0,Tuesday,Spring,8880
9/1/2024,1,2,Wind,245.0,Sunday,Fall,4179
4/13/2021,11,12,Solar,103.0,Tuesday,Spring,6733
11/19/2022,10,11,Solar,323.0,Saturday,Fall,4418
9/22/2025,14,15,Wind,265.0,Monday,Fall,8812
02/27/2028,9,10,Wind,302.0,xyz,Fall,-100
3/23/2024,21,22,Wind,83.0,Saturday,Spring,9466
2/16/2025,0,1,Wind,47.0,Sunday,Winter,4574
8/30/2021,7,8,Wind,242.0,Monday,Summer,3173
7/14/2020,22,23,Wind,196.0,Tuesday,Summer,1726
6/2/2025,13,14,Solar,153.0,Monday,Summer,6203
2/25/2021,xyz,4,Wind,56.0,Thursday,Winter,4820
4/21/2024,xyz,6,Wind,xyz,Sunday,xyz,5440
12/18/2022,14,15,Wind,352.0,Sunday,Winter,9866
7/25/2025,14,15,Solar,206.0,Friday,Summer,9373
10/11/2022,17,18,Solar,284.0,Tuesday,Fall,1835
11/25/2024,2,3,Wind,330.0,Monday,Fall,17724
02/27/2028,15,16,Wind,80.0,Friday,Spring,-100
10/9/2020,11,12,Wind,283.0,Friday,Fall,4222
11/28/2020,23,0,Wind,333.0,Saturday,Fall,4754
3/26/2020,20,21,Wind,86.0,Thursday,xyz,4960
6/24/2022,3,4,Wind,175.0,Friday,Summer,1971
8/1/2023,10,11,Wind,213.0,Tuesday,Summer,11387
3/10/2020,19,20,Wind,70.0,Tuesday,Spring,11560
10/7/2024,16,17,Wind,281.0,Monday,Fall,7311
6/9/2021,1,2,Wind,160.0,Wednesday,Summer,1569
5/22/2022,15,16,Solar,142.0,Sunday,Spring,40000
5/8/2024,20,21,xyz,129.0,Wednesday,Spring,
11/11/2022,4,5,Wind,315.0,Friday,Fall,2858
10/11/2023,23,0,Wind,284.0,Wednesday,Fall,7262
1/6/2021,1,2,Wind,6.0,Wednesday,Winter,1467
11/24/2020,3,4,Wind,329.0,Tuesday,Fall,1768
02/27/2028,7,8,Wind,335.0,xyz,Winter,-100
02/27/2028,13,14,Solar,176.0,Wednesday,Summer,-100
3/24/2025,17,18,Wind,83.0,Monday,Spring,3751
3/10/2021,17,18,Wind,69.0,Wednesday,Spring,10787
11/5/2021,11,12,Solar,309.0,Friday,Fall,4471
10/6/2021,13,14,Wind,279.0,Wednesday,Fall,12605
3/6/2023,0,1,Wind,65.0,Monday,Spring,1228
6/23/2023,6,7,Wind,174.0,Friday,Summer,1435
7/18/2021,15,16,Wind,199.0,Sunday,Summer,8491
2/13/2024,22,23,Wind,44.0,Tuesday,Winter,10458
11/1/2021,16,xyz,Wind,305.0,Monday,Fall,xyz
02/27/2028,20,21,Wind,127.0,Monday,Spring,-100
10/10/2021,7,8,Wind,283.0,Sunday,Fall,1388
2/25/2022,5,6,Wind,56.0,Friday,Winter,7242
4/11/2020,2,3,Wind,102.0,Saturday,Spring,3011
2/6/2020,20,21,Wind,37.0,Thursday,Winter,6009
1/21/2024,16,17,Wind,21.0,Sunday,Winter,14424
6/30/2023,13,14,Solar,181.0,Friday,Summer,8565
2/17/2023,9,10,Wind,48.0,Friday,Winter,9868
12/28/2020,16,17,Wind,363.0,Monday,Winter,9395
10/30/2021,18,19,Wind,303.0,Saturday,Fall,4389
11/6/2025,21,xyz,,310.0,Thursday,Fall,40000
11/13/2021,0,1,Wind,317.0,Saturday,Fall,6028
10/12/2024,6,7,Wind,286.0,Saturday,Fall,6023
2/27/2023,16,17,Wind,58.0,Monday,Winter,16405
9/1/2025,17,18,Wind,244.0,Monday,Fall,10390
4/9/2024,22,23,Wind,100.0,Tuesday,Spring,8756
6/22/2023,4,5,Wind,173.0,Thursday,,3376
6/6/2022,1,2,Wind,157.0,Monday,Summer,2710
7/29/2025,6,7,Wind,210.0,Tuesday,Summer,2489
7/4/2025,18,19,Solar,185.0,Friday,Summer,5949
5/4/2024,12,13,Wind,125.0,Saturday,Spring,9129
5/16/2023,11,12,Wind,136.0,Tuesday,Spring,13805
6/5/2021,9,10,Solar,156.0,Saturday,Summer,4441
12/8/2021,5,6,Wind,342.0,Wednesday,Winter,9297
5/19/2025,1,2,Wind,139.0,Monday,Spring,6109
2/23/2024,14,15,Wind,54.0,Friday,Winter,15612
9/3/2024,8,9,Solar,247.0,Tuesday,Fall,1421
10/9/2024,0,1,Wind,283.0,Wednesday,Fall,12523
7/26/2022,12,13,Solar,207.0,Tuesday,Summer,6546
10/28/2020,23,0,Wind,302.0,Wednesday,Fall,11043
3/3/2023,22,23,Wind,62.0,Friday,Spring,5574
3/21/2025,0,1,Wind,80.0,Friday,Spring,7350
11/3/2021,20,21,Wind,307.0,Wednesday,Fall,3050
4/4/2023,13,14,Solar,94.0,Tuesday,Spring,11558
10/9/2023,14,15,Solar,282.0,Monday,Fall,6407
8/4/2020,14,15,Solar,217.0,Tuesday,Summer,5625
11/14/2022,16,17,Wind,318.0,Monday,Fall,4420
6/4/2024,18,19,Wind,156.0,Tuesday,Summer,7459
11/16/2023,16,17,Wind,320.0,Thursday,Fall,13386
4/21/2023,1,2,Wind,111.0,Friday,Spring,3355
4/6/2021,23,0,Wind,96.0,Tuesday,Spring,3992
10/8/2024,22,23,Wind,282.0,Tuesday,Fall,40000
1/2/2024,0,1,Wind,2.0,Tuesday,Winter,17307
10/23/2023,15,16,Wind,296.0,Monday,Fall,7230
12/8/2022,21,22,Wind,342.0,Thursday,Winter,2632
2/9/2021,3,4,Wind,40.0,Tuesday,Winter,2115
7/6/2023,21,22,Wind,187.0,Thursday,Summer,868
2/18/2024,14,15,Wind,49.0,Sunday,Winter,13623
10/9/2022,6,7,Wind,282.0,Sunday,Fall,4887
5/10/2023,3,4,Wind,130.0,Wednesday,Spring,7707
02/27/2028,xyz,17,Wind,320.0,xyz,Fall,-100
3/6/2020,1,2,Wind,66.0,Friday,Spring,11303
2/8/2025,9,10,Wind,39.0,Saturday,Winter,8261
9/21/2021,18,19,Wind,264.0,Tuesday,Fall,2741
7/31/2020,10,11,Solar,213.0,Friday,Summer,4357
2/28/2021,3,4,Wind,59.0,Sunday,Winter,7607
9/26/2020,10,11,Wind,270.0,Saturday,Fall,11643
3/1/2020,20,xyz,Wind,61.0,Sunday,Spring,xyz
12/31/2021,0,1,Wind,365.0,Friday,Winter,5685
2/23/2022,18,19,Wind,54.0,Wednesday,Winter,1715
5/7/2025,14,15,Wind,127.0,Wednesday,Spring,11125
1/4/2025,22,23,Wind,4.0,Saturday,Winter,10639
6/24/2020,8,9,Wind,176.0,Wednesday,Summer,3766
10/23/2025,19,20,Wind,296.0,Thursday,Fall,17992
02/27/2028,17,18,xyz,182.0,Thursday,xyz,-100
2/5/2024,15,16,Wind,36.0,Monday,Winter,9118
5/3/2025,22,23,Wind,123.0,Saturday,Spring,5299
3/25/2024,13,14,Wind,85.0,Monday,Spring,10853
8/26/2024,23,0,Wind,239.0,Monday,Summer,2045
7/2/2021,4,xyz,Wind,183.0,Friday,xyz,524
7/30/2024,21,22,Wind,212.0,Tuesday,Summer,2502
11/15/2020,0,1,Wind,320.0,Sunday,Fall,10818
4/17/2020,18,19,Wind,108.0,Friday,Spring,2983
02/27/2028,7,8,xyz,111.0,Saturday,Spring,-100
9/30/2022,19,20,Wind,273.0,Friday,Fall,6940
6/27/2024,3,4,Wind,179.0,Thursday,Summer,839
6/2/2023,6,7,Wind,153.0,Friday,Summer,7517
7/20/2024,5,6,Wind,202.0,Saturday,Summer,1022
1/5/2022,14,15,Wind,5.0,Wednesday,Winter,7511
2/17/2021,0,1,Wind,48.0,Wednesday,Winter,9265
11/17/2020,22,23,Wind,322.0,Tuesday,Fall,40000
4/11/2023,5,6,Wind,101.0,Tuesday,Spring,8115
7/21/2021,4,5,Wind,202.0,Wednesday,Summer,2191
7/19/2025,18,19,Wind,200.0,Saturday,Summer,8795
2/15/2025,7,8,Wind,46.0,Saturday,Winter,5705
11/11/2022,2,3,Wind,315.0,Friday,Fall,2683
8/18/2021,5,6,Wind,230.0,Wednesday,Summer,2082
5/8/2022,1,2,Wind,128.0,Sunday,,xyz
4/25/2020,10,11,Solar,116.0,Saturday,Spring,3420
6/11/2020,16,17,Wind,163.0,Thursday,Summer,5128
9/16/2021,22,23,Wind,259.0,Thursday,Fall,842
2/6/2023,1,2,Wind,37.0,Monday,Winter,8096
12/3/2024,0,xyz,Wind,338.0,Tuesday,Winter,40000
6/14/2022,17,18,Solar,165.0,Tuesday,Summer,4589
12/25/2022,18,19,Wind,359.0,Sunday,Winter,9466
3/6/2025,7,8,Wind,65.0,Thursday,Spring,9579
11/30/2021,23,0,Wind,334.0,Tuesday,Fall,12923
5/10/2020,10,xyz,Wind,131.0,xyz,Spring,
2/6/2025,7,8,Wind,37.0,Thursday,Winter,5595
9/1/2020,16,17,Solar,245.0,Tuesday,Fall,4322
2/15/2022,15,16,Wind,46.0,Tuesday,Winter,13655
4/21/2021,14,15,Solar,111.0,Wednesday,Spring,5592
1/2/2022,4,5,Wind,2.0,Sunday,Winter,6918
10/10/2022,19,20,Wind,283.0,Monday,Fall,2196
9/2/2024,9,10,Solar,246.0,Monday,Fall,4316
xyz,0,1,Wind,293.0,Monday,Fall,13425
11/10/2025,14,15,Wind,314.0,Monday,Fall,12527
7/17/2020,19,20,Wind,199.0,Friday,Summer,2771
11/12/2024,5,6,Wind,317.0,Tuesday,Fall,9736
8/5/2023,10,11,xyz,217.0,Saturday,Summer,xyz
6/16/2025,20,21,Wind,167.0,Monday,Summer,2901
12/18/2020,8,9,Wind,353.0,Friday,Winter,6733
10/24/2020,3,4,Wind,298.0,Saturday,Fall,6021
3/1/2023,21,22,Wind,60.0,Wednesday,Spring,7713
7/28/2022,12,13,Solar,209.0,Thursday,Summer,5588
12/8/2024,8,9,Wind,343.0,Sunday,Winter,17304
6/30/2023,1,2,Wind,181.0,Friday,Summer,2631
11/15/2021,23,0,Wind,319.0,Monday,Fall,1107
9/25/2021,13,14,Solar,268.0,Saturday,Fall,4377
8/7/2021,18,19,Wind,219.0,Saturday,Summer,11586
7/3/2025,0,1,Wind,184.0,Thursday,Summer,5539
3/12/2020,22,23,Wind,72.0,Thursday,Spring,8034
8/26/2024,14,15,Solar,239.0,Monday,Summer,10162
4/13/2023,1,2,Wind,103.0,Thursday,Spring,15743
10/12/2025,18,19,Wind,285.0,Sunday,Fall,5244
02/27/2028,5,6,Wind,247.0,Thursday,xyz,-100
11/2/2022,19,20,Wind,306.0,Wednesday,Fall,7737
8/24/2025,21,22,Wind,236.0,Sunday,Summer,3236
9/21/2023,15,16,Wind,264.0,Thursday,Fall,8784
xyz,17,,Solar,162.0,Sunday,Summer,5511
9/4/2023,16,17,Wind,247.0,Monday,Fall,40000
4/3/2022,20,21,Wind,93.0,Sunday,Spring,1788
4/14/2024,21,22,Wind,105.0,Sunday,Spring,2636
6/15/2021,8,9,Solar,166.0,Tuesday,Summer,2124
11/2/2025,22,23,Wind,306.0,Sunday,Fall,8643
5/10/2022,5,6,Wind,130.0,Tuesday,Spring,2336
3/14/2021,22,23,Wind,73.0,Sunday,Spring,10044
6/16/2024,5,6,Wind,168.0,Sunday,Summer,8312
3/17/2023,17,18,Wind,76.0,Friday,Spring,8029
11/4/2021,5,6,Wind,308.0,Thursday,Fall,3125
1/22/2021,10,11,Wind,22.0,Friday,Winter,40000
02/27/2028,19,20,Wind,323.0,Sunday,,-100
8/6/2025,23,0,Wind,218.0,Wednesday,Summer,1318
5/2/2021,18,19,Solar,122.0,Sunday,Spring,3016
6/21/2021,16,17,Solar,172.0,Monday,Summer,4701
8/30/2025,5,6,Wind,242.0,Saturday,Summer,4447
4/16/2025,13,14,Solar,106.0,Wednesday,Spring,7798
10/20/2025,21,22,Wind,293.0,Monday,Fall,17019
7/11/2020,18,19,Wind,193.0,Saturday,Summer,4848
5/17/2025,1,2,Wind,137.0,Saturday,Spring,7119
4/18/2021,7,8,xyz,108.0,Sunday,Spring,40000
3/16/2025,4,5,Wind,75.0,Sunday,Spring,8436
5/1/2020,22,23,Wind,122.0,Friday,Spring,6712
11/30/2023,16,17,Wind,334.0,Thursday,Fall,1216
4/14/2025,11,12,Solar,104.0,Monday,Spring,7730
3/24/2020,16,17,Wind,84.0,Tuesday,Spring,6133
7/1/2024,16,17,Solar,183.0,Monday,Summer,9539
2/21/2024,23,0,Wind,52.0,Wednesday,Winter,15375
10/1/2024,5,6,Wind,275.0,Tuesday,Fall,7834
7/21/2020,22,23,Wind,203.0,Tuesday,Summer,5093
3/18/2022,12,13,Wind,77.0,Friday,Spring,14015
7/6/2023,13,14,Solar,187.0,Thursday,Summer,7124
5/19/2024,10,11,Solar,140.0,Sunday,Spring,2455
8/21/2024,10,11,Solar,234.0,Wednesday,Summer,7369
7/17/2021,22,23,Wind,198.0,Saturday,Summer,4501
7/30/2022,6,7,Wind,211.0,Saturday,Summer,936
xyz,23,0,Wind,307.0,Friday,Fall,10599
02/27/2028,12,13,xyz,194.0,Wednesday,Summer,40000
10/3/2024,3,4,Wind,277.0,Thursday,Fall,5240
8/19/2022,19,20,Wind,231.0,Friday,Summer,4511
9/17/2025,21,22,Wind,260.0,Wednesday,Fall,2855
8/10/2025,7,8,Wind,222.0,Sunday,Summer,3182
9/17/2021,6,7,Wind,260.0,Friday,Fall,638
7/30/2025,15,16,Solar,211.0,Wednesday,Summer,9183
1/7/2024,5,6,Wind,7.0,Sunday,Winter,7382
7/26/2020,0,1,Wind,208.0,Sunday,Summer,4306
5/31/2021,8,9,Wind,151.0,Monday,Spring,3833
10/8/2025,xyz,xyz,xyz,281.0,Wednesday,Fall,730
7/5/2020,1,2,Wind,187.0,Sunday,Summer,7405
5/28/2020,1,2,Wind,149.0,Thursday,Spring,5340
8/17/2020,20,21,Wind,230.0,Monday,Summer,1498
5/19/2024,16,17,Solar,140.0,Sunday,Spring,2867
8/1/2022,0,1,Wind,213.0,Monday,Summer,2712
1/11/2023,22,23,Wind,11.0,Wednesday,Winter,15390
7/14/2023,9,10,Solar,195.0,Friday,Summer,6490
9/27/2024,20,21,Wind,271.0,Friday,Fall,10616
8/28/2021,20,21,Wind,240.0,Saturday,Summer,4826
12/20/2022,5,6,Wind,354.0,Tuesday,Winter,13622
1/21/2025,8,9,Wind,21.0,Tuesday,Winter,2522
11/2/2025,12,13,Wind,306.0,Sunday,Fall,40000
11/7/2022,17,18,Wind,311.0,Monday,Fall,8246
02/27/2028,9,10,Wind,,Saturday,Fall,-100
2/28/2021,18,19,Wind,59.0,Sunday,Winter,5701
1/25/2021,5,6,Wind,25.0,Monday,Winter,6084
2/11/2025,8,9,Wind,42.0,Tuesday,Winter,3812
6/26/2023,12,13,Solar,177.0,Monday,Summer,9710
6/15/2020,23,0,Wind,167.0,Monday,Summer,2022
6/22/2024,11,12,Solar,174.0,Saturday,Summer,7321
8/22/2024,10,11,Solar,235.0,Thursday,Summer,10231
7/9/2020,18,19,Wind,191.0,Thursday,Summer,5677
8/11/2022,8,9,Wind,223.0,Thursday,Summer,4398
5/7/2022,11,12,Solar,127.0,Saturday,Spring,6711
7/11/2022,10,11,Solar,192.0,Monday,Summer,7469
2/7/2023,10,11,Wind,38.0,Tuesday,Winter,8915
11/24/2023,10,11,Wind,328.0,Friday,Fall,9941
02/27/2028,12,13,Wind,363.0,Friday,xyz,-100
2/22/2025,3,4,Wind,53.0,Saturday,Winter,10776
3/19/2025,13,14,Solar,,Wednesday,Spring,xyz
9/13/2023,20,21,Wind,256.0,Wednesday,Fall,1390
3/26/2021,8,9,Wind,85.0,Friday,Spring,5079
9/12/2021,10,11,Solar,255.0,Sunday,Fall,3552
11/30/2023,23,0,Wind,334.0,Thursday,Fall,1459
12/4/2023,0,1,Wind,338.0,Monday,Winter,12629
12/2/2020,14,15,Wind,337.0,Wednesday,Winter,2577
7/30/2021,20,21,Wind,211.0,Friday,Summer,8655
5/11/2020,5,6,Wind,132.0,Monday,Spring,10139
02/27/2028,11,12,Wind,357.0,Saturday,Winter,-100
5/18/2024,4,5,Wind,139.0,Saturday,Spring,556
3/10/2022,1,2,Wind,69.0,Thursday,Spring,6777
4/27/2025,19,20,Wind,117.0,Sunday,Spring,2748
11/20/2023,20,21,Wind,324.0,Monday,Fall,8192
,6,7,xyz,207.0,Monday,Summer,-100
10/31/2021,4,5,Wind,304.0,Sunday,Fall,6221
3/11/2022,19,20,Wind,70.0,Friday,Spring,10317
7/10/2022,21,22,Wind,191.0,Sunday,Summer,4249
8/6/2025,17,18,Solar,218.0,Wednesday,Summer,6728
12/10/2024,0,1,Wind,345.0,Tuesday,Winter,11211
2/15/2025,1,2,Wind,46.0,Saturday,Winter,7209
2/14/2021,16,17,Wind,45.0,Sunday,Winter,9781
8/26/2025,20,21,Wind,238.0,Tuesday,Summer,3405
9/8/2021,4,5,Wind,251.0,Wednesday,Fall,5258
5/8/2020,17,18,Solar,129.0,Friday,Spring,3383
3/19/2021,6,7,Wind,78.0,Friday,Spring,5907
12/18/2023,8,9,Wind,352.0,Monday,Winter,2271
10/26/2021,12,13,Solar,299.0,Tuesday,Fall,5605
11/18/2024,16,17,Wind,323.0,Monday,Fall,7512
9/15/2021,11,12,Solar,258.0,Wednesday,Fall,3648
02/27/2028,xyz,13,Solar,1.0,Friday,Winter,-100
6/21/2024,18,19,Wind,173.0,Friday,Summer,8537
3/4/2023,4,5,Wind,63.0,Saturday,Spring,4490
5/11/2021,0,1,Wind,131.0,Tuesday,Spring,2157
3/10/2023,17,18,Wind,69.0,Friday,Spring,11697
12/30/2024,11,12,Solar,365.0,Monday,Winter,2963
2/24/2025,16,17,Wind,55.0,Monday,Winter,9544
11/18/2025,21,22,Wind,322.0,Tuesday,Fall,8784
2/6/2021,12,13,Wind,37.0,Saturday,Winter,3255
9/23/2025,14,15,Wind,266.0,Tuesday,Fall,13351
3/16/2020,13,14,Wind,76.0,Monday,Spring,3587
8/7/2022,20,21,Wind,219.0,Sunday,Summer,6195
02/27/2028,5,6,Wind,160.0,Saturday,Summer,
4/8/2020,17,18,Solar,99.0,Wednesday,Spring,2595
4/20/2025,21,22,Wind,110.0,Sunday,Spring,3971
02/27/2028,5,6,,94.0,Friday,Spring,-100
1/6/2020,20,21,Wind,6.0,Monday,Winter,6469
5/17/2024,8,9,Solar,138.0,Friday,Spring,3361
11/15/2021,22,23,Wind,319.0,Monday,Fall,1190
1/28/2021,2,3,Wind,28.0,Thursday,Winter,7021
02/27/2028,2,3,Wind,300.0,Friday,xyz,-100
6/2/2020,20,21,Wind,154.0,Tuesday,Summer,1623
9/18/2020,10,11,Wind,262.0,Friday,Fall,5286
6/30/2023,15,16,Wind,181.0,Friday,Summer,9841
1/7/2021,5,6,Wind,7.0,Thursday,Winter,487
4/19/2024,5,6,Wind,110.0,Friday,Spring,9003
8/4/2024,17,18,Solar,217.0,Sunday,Summer,6580
6/28/2024,16,17,Solar,180.0,Friday,Summer,6716
12/10/2020,14,15,,345.0,xyz,Winter,40000
9/26/2025,22,23,Wind,269.0,Friday,Fall,313
4/30/2022,22,23,Wind,120.0,Saturday,Spring,40000
3/12/2021,8,9,Wind,71.0,Friday,Spring,10511
6/25/2021,13,14,Solar,176.0,Friday,Summer,5806
3/30/2022,14,15,Solar,89.0,Wednesday,Spring,3152
4/1/2024,1,2,Wind,92.0,Monday,Spring,4949
7/5/2022,0,1,Wind,186.0,Tuesday,Summer,3667
2/26/2025,23,0,Wind,57.0,Wednesday,Winter,8535
10/20/2021,6,7,Wind,293.0,Wednesday,Fall,10876
12/4/2021,2,3,xyz,338.0,Saturday,Winter,
9/20/2022,4,5,Wind,263.0,Tuesday,Fall,2045
3/15/2022,23,0,Wind,74.0,Tuesday,Spring,4205
11/16/2025,4,5,Wind,320.0,Sunday,Fall,1691
2/26/2024,23,0,Wind,57.0,Monday,Winter,14028
3/7/2024,9,10,Wind,67.0,Thursday,Spring,9031
2/15/2022,18,19,Wind,46.0,Tuesday,Winter,13036
9/27/2025,1,2,Wind,270.0,Saturday,Fall,475
7/1/2025,6,7,Wind,182.0,Tuesday,Summer,1421
6/1/2020,16,17,Solar,153.0,Monday,Summer,4570
5/26/2023,11,12,Solar,146.0,Friday,Spring,10688
11/16/2021,17,18,Wind,320.0,Tuesday,Fall,997
3/6/2022,21,22,Wind,65.0,Sunday,Spring,7693
1/27/2020,14,15,Wind,27.0,Monday,Winter,9340
11/23/2024,14,15,Wind,328.0,Saturday,Fall,19392
12/4/2024,4,5,Wind,339.0,Wednesday,Winter,1527
8/2/2025,15,16,Solar,214.0,Saturday,Summer,12289
12/2/2022,22,23,Wind,336.0,Friday,Winter,6777
11/25/2022,12,13,Wind,329.0,Friday,Fall,6116
3/11/2022,18,19,Wind,70.0,Friday,Spring,10430
10/25/2025,4,5,Wind,298.0,Saturday,Fall,13923
7/13/2021,23,0,Wind,194.0,Tuesday,Summer,5065
7/22/2024,13,14,Solar,204.0,Monday,Summer,10243
4/30/2021,7,8,Wind,120.0,Friday,Spring,1408
4/28/2024,21,xyz,Wind,119.0,,xyz,3181
2/25/2024,5,6,Wind,56.0,Sunday,Winter,7291
xyz,13,14,Solar,254.0,Monday,Fall,7117
6/9/2024,4,5,Wind,161.0,Sunday,Summer,3499
3/11/2022,20,21,Wind,70.0,Friday,Spring,10416
6/15/2025,7,8,Wind,166.0,Sunday,Summer,2381
9/18/2021,7,8,Wind,261.0,Saturday,Fall,1755
10/21/2020,10,11,Wind,295.0,Wednesday,Fall,14414
7/15/2022,17,18,Solar,196.0,Friday,Summer,6073
4/2/2024,6,7,Wind,93.0,Tuesday,Spring,xyz
3/27/2025,8,9,Wind,86.0,Thursday,Spring,5016
1/29/2022,11,12,Wind,29.0,Saturday,Winter,9867
9/21/2024,3,4,Wind,265.0,Saturday,Fall,3321
9/16/2020,10,11,Solar,260.0,Wednesday,Fall,2486
10/23/2023,9,10,Wind,296.0,Monday,Fall,8658
11/8/2020,14,15,Solar,313.0,Sunday,Fall,3198
8/29/2024,10,11,Solar,242.0,Thursday,Summer,5199
7/3/2020,2,3,Wind,185.0,Friday,Summer,3011
7/11/2023,12,13,Solar,192.0,Tuesday,Summer,9090
3/29/2023,5,6,Wind,88.0,Wednesday,Spring,4271
3/15/2023,19,20,Wind,74.0,Wednesday,Spring,2059
3/8/2021,3,4,Wind,67.0,Monday,Spring,2869
9/21/2023,22,23,Wind,264.0,Thursday,Fall,6683
3/9/2024,4,5,Wind,69.0,Saturday,Spring,11240
3/31/2021,9,10,Wind,90.0,Wednesday,Spring,3600
1/13/2023,17,18,Wind,13.0,Friday,Winter,12114
1/18/2022,15,16,Wind,18.0,Tuesday,Winter,4530
3/22/2025,7,8,Wind,81.0,Saturday,Spring,8524
8/29/2020,12,13,Wind,242.0,Saturday,Summer,4482
9/6/2021,16,17,Solar,249.0,Monday,Fall,4649
10/9/2024,13,14,Wind,283.0,Wednesday,Fall,12421
6/3/2024,1,2,Wind,155.0,Monday,Summer,3047
02/27/2028,18,19,Wind,62.0,Monday,Spring,40000
11/14/2023,14,15,Wind,318.0,Tuesday,Fall,16988
4/5/2025,19,20,Wind,95.0,Saturday,Spring,6203
5/5/2024,7,8,Wind,126.0,Sunday,Spring,2579
12/11/2023,0,1,Wind,345.0,Monday,Winter,13562
9/25/2021,16,17,xyz,268.0,Saturday,Fall,3402
10/12/2023,11,12,Solar,285.0,Thursday,Fall,7762
11/12/2022,12,13,Solar,316.0,Saturday,Fall,5376
7/27/2025,21,22,Wind,208.0,Sunday,Summer,4242
xyz,5,6,Wind,310.0,Sunday,xyz,7347
10/10/2024,23,0,Wind,284.0,Thursday,Fall,2319
1/7/2020,xyz,4,Wind,7.0,Tuesday,Winter,3967
8/15/2021,3,4,Wind,227.0,Sunday,Summer,883
6/24/2024,4,5,Wind,176.0,Monday,Summer,2733
7/18/2023,9,10,Solar,199.0,Tuesday,Summer,4325
7/9/2023,3,4,Wind,190.0,Sunday,Summer,2355
1/3/2023,15,16,Wind,3.0,Tuesday,Winter,9035
9/17/2022,11,12,Wind,260.0,Saturday,Fall,10410
02/27/2028,17,18,Wind,132.0,Wednesday,xyz,-100
5/8/2024,19,20,Wind,129.0,Wednesday,Spring,4590
7/22/2025,21,22,Wind,203.0,Tuesday,Summer,1826
9/3/2025,10,11,Wind,246.0,Wednesday,Fall,18721
3/17/2022,13,14,Wind,76.0,Thursday,Spring,5469
4/8/2024,22,23,Wind,99.0,Monday,Spring,9778
8/14/2023,7,8,Wind,226.0,Monday,Summer,2587
10/13/2020,9,10,Wind,287.0,Tuesday,Fall,4332
8/18/2021,18,19,Wind,230.0,Wednesday,Summer,3918
2/10/2024,3,4,Wind,41.0,Saturday,Winter,4487
5/17/2021,15,16,Wind,137.0,Monday,Spring,15134
7/22/2023,7,8,Wind,203.0,Saturday,Summer,2381
5/22/2020,23,0,Wind,143.0,Friday,Spring,1663
5/1/2024,15,16,Wind,122.0,Wednesday,Spring,2385
1/20/2022,19,20,Wind,20.0,Thursday,Winter,5272
6/11/2023,1,2,Wind,162.0,Sunday,Summer,1826
9/7/2021,16,17,Wind,250.0,Tuesday,Fall,6840
12/25/2023,11,12,Wind,359.0,Monday,Winter,15160
8/30/2020,1,2,Wind,243.0,Sunday,Summer,2748
7/7/2022,1,2,Wind,188.0,Thursday,Summer,3488
10/27/2025,19,20,Wind,300.0,Monday,Fall,9625
8/24/2025,17,18,Solar,236.0,Sunday,Summer,7445
8/20/2023,16,17,Solar,232.0,Sunday,Summer,6206
4/26/2022,14,15,Solar,116.0,Tuesday,Spring,7982
1/27/2024,3,4,Wind,27.0,Saturday,Winter,2096
02/27/2028,8,9,xyz,68.0,Tuesday,Spring,40000
8/17/2025,22,23,Wind,229.0,Sunday,Summer,7604
5/8/2023,17,18,Solar,128.0,Monday,Spring,5446
6/5/2020,12,13,Wind,157.0,Friday,Summer,13242
7/22/2020,xyz,13,Solar,204.0,Wednesday,Summer,40000
9/14/2020,12,13,Solar,258.0,Monday,Fall,4786
5/2/2021,19,20,Wind,122.0,Sunday,Spring,1824
12/28/2023,7,8,Wind,362.0,Thursday,Winter,13513
2/15/2020,9,10,Wind,46.0,Saturday,Winter,8611
6/3/2022,15,16,Solar,154.0,Friday,Summer,5923
12/25/2020,6,7,Wind,360.0,Friday,Winter,6272
10/10/2020,9,10,Wind,284.0,Saturday,Fall,2717
6/20/2022,3,4,Wind,171.0,Monday,Summer,4084
12/22/2022,10,11,Wind,356.0,Thursday,Winter,12428
1/14/2020,5,6,Wind,14.0,Tuesday,Winter,40000
5/8/2024,14,15,Solar,129.0,Wednesday,Spring,9558
3/18/2021,19,20,Wind,77.0,Thursday,Spring,3876
11/24/2025,7,8,Wind,xyz,Monday,Fall,8309
7/25/2021,5,6,Wind,206.0,Sunday,Summer,2988
7/16/2024,1,2,Wind,198.0,Tuesday,Summer,8767
3/24/2022,9,10,Solar,83.0,Thursday,Spring,4911
4/9/2022,10,11,Solar,99.0,Saturday,Spring,5360
8/9/2025,14,15,Solar,221.0,Saturday,Summer,5192
1/6/2023,16,17,Wind,6.0,Friday,Winter,6433
5/18/2021,12,13,Solar,138.0,Tuesday,Spring,5550
5/16/2021,6,7,Wind,136.0,Sunday,Spring,4293
6/2/2021,15,16,Solar,,Wednesday,Summer,xyz
10/4/2022,23,xyz,Wind,277.0,Tuesday,Fall,2160
9/20/2024,22,23,Wind,264.0,Friday,Fall,3712
2/23/2025,21,22,Wind,54.0,Sunday,Winter,11852
6/5/2022,22,23,Wind,156.0,Sunday,Summer,3284
2/3/2023,16,17,Wind,34.0,Friday,Winter,7659
5/11/2025,17,18,Wind,131.0,Sunday,Spring,4090
4/12/2021,13,14,Solar,102.0,Monday,Spring,6529
6/26/2025,7,8,Wind,177.0,Thursday,Summer,7668
12/8/2021,1,2,Wind,342.0,Wednesday,xyz,xyz
2/6/2025,16,17,Wind,37.0,Thursday,Winter,12071
12/30/2020,19,20,Wind,365.0,Wednesday,Winter,5298
9/6/2021,10,11,Solar,249.0,Monday,Fall,3616
1/30/2020,0,1,Wind,30.0,Thursday,Winter,5384
12/8/2021,18,19,Wind,342.0,Wednesday,Winter,5364
10/10/2023,15,16,Solar,283.0,Tuesday,Fall,6674
11/26/2020,1,2,Wind,331.0,Thursday,Fall,2773
8/28/2021,16,17,Wind,240.0,Saturday,Summer,9387
3/19/2022,13,14,Wind,78.0,Saturday,Spring,12710
12/20/2022,xyz,2,Wind,354.0,Tuesday,Winter,13886
6/6/2024,16,,Solar,xyz,Thursday,Summer,40000
5/18/2024,11,12,Solar,139.0,Saturday,Spring,4830
1/29/2025,5,6,Wind,29.0,Wednesday,Winter,13127
3/29/2025,4,5,Wind,88.0,Saturday,Spring,9879
5/25/2022,4,5,Wind,145.0,Wednesday,Spring,2759
12/24/2021,11,12,,358.0,Friday,Winter,3872
4/20/2020,3,4,Wind,111.0,Monday,Spring,5296
9/7/2025,5,6,Wind,250.0,Sunday,Fall,6061
8/24/2023,17,18,Wind,236.0,Thursday,Summer,9861
11/19/2024,2,3,Wind,324.0,Tuesday,Fall,16568
12/5/2024,10,11,Wind,340.0,Thursday,Winter,16407
5/9/2022,6,7,Wind,129.0,Monday,Spring,2226
5/30/2023,17,18,Wind,150.0,Tuesday,Spring,40000
6/15/2021,6,7,Wind,166.0,Tuesday,Summer,1647
9/13/2022,17,18,Wind,256.0,Tuesday,Fall,4288
4/5/2025,4,5,Wind,95.0,Saturday,Spring,7492
2/10/2022,19,20,Wind,41.0,Thursday,Winter,3020
7/9/2022,9,10,Solar,190.0,Saturday,Summer,4215
7/5/2023,13,14,Wind,186.0,Wednesday,Summer,12672
2/22/2024,23,0,Wind,53.0,Thursday,Winter,15643
12/30/2021,5,6,Wind,364.0,Thursday,Winter,8676
6/25/2020,13,14,Solar,177.0,Thursday,Summer,5081
10/3/2022,18,19,Wind,276.0,Monday,Fall,1731
02/27/2028,18,xyz,Solar,182.0,xyz,Summer,-100
5/22/2024,9,10,Wind,143.0,Wednesday,Spring,8005
2/1/2022,9,10,Wind,32.0,Tuesday,Winter,9308
3/13/2020,16,17,Wind,73.0,Friday,Spring,5262
8/1/2023,20,21,Wind,213.0,Tuesday,Summer,7412
11/15/2024,10,11,Solar,320.0,Friday,Fall,5039
xyz,18,19,Wind,xyz,Saturday,Fall,8209
5/4/2024,17,18,Wind,125.0,Saturday,Spring,5803
3/20/2023,20,21,Wind,79.0,Monday,Spring,1690
2/4/2024,10,11,Wind,35.0,Sunday,Winter,8994
4/10/2021,20,21,Wind,100.0,Saturday,Spring,4730
11/22/2024,14,15,Wind,327.0,Friday,Fall,15122
10/26/2021,16,17,Wind,299.0,Tuesday,Fall,5120
02/27/2028,,9,Wind,170.0,Sunday,Summer,-100
1/22/2022,20,21,Wind,22.0,Saturday,Winter,2136
12/3/2021,2,3,Wind,337.0,Friday,Winter,2724
12/17/2024,16,17,Wind,352.0,Tuesday,Winter,5399
2/22/2021,3,4,Wind,53.0,Monday,Winter,6815
5/18/2024,9,10,Solar,139.0,Saturday,Spring,3617
4/24/2023,18,19,Wind,114.0,Monday,Spring,6416
xyz,22,23,Wind,201.0,Tuesday,Summer,-100
4/2/2023,21,22,Wind,92.0,Sunday,Spring,7144
1/23/2025,6,7,Wind,23.0,Thursday,Winter,5894
11/9/2021,23,0,Wind,313.0,Tuesday,Fall,871
8/3/2024,3,4,Wind,216.0,Saturday,Summer,3586
4/19/2022,11,12,Solar,109.0,Tuesday,Spring,4623
4/18/2022,5,6,Wind,108.0,Monday,Spring,3161
5/4/2020,19,20,Wind,125.0,Monday,Spring,4587
2/22/2021,20,21,Wind,53.0,Monday,Winter,5302
3/5/2020,6,7,Wind,65.0,Thursday,Spring,5871
6/17/2022,18,19,Solar,168.0,Friday,Summer,3404
2/23/2024,0,1,Wind,54.0,Friday,Winter,15206
3/4/2023,19,20,Wind,63.0,Saturday,Spring,3414
3/8/2024,11,12,Wind,68.0,Friday,Spring,10265
2/13/2023,14,15,Solar,44.0,Monday,Winter,6344
2/7/2023,18,19,,38.0,Tuesday,Winter,5042
6/22/2022,1,2,Wind,173.0,Wednesday,Summer,3887
2/12/2020,2,3,Wind,43.0,Wednesday,Winter,9274
7/4/2024,15,16,Wind,186.0,Thursday,Summer,40000
1/18/2025,10,11,Solar,18.0,Saturday,Winter,3129
1/16/2024,15,16,Solar,16.0,Tuesday,Winter,1871
4/9/2023,3,4,Wind,99.0,Sunday,Spring,3548
6/13/2023,23,0,Wind,164.0,Tuesday,Summer,5004
5/26/2020,21,22,Wind,147.0,Tuesday,Spring,4408
1/18/2024,13,14,Wind,18.0,Thursday,Winter,7406
12/8/2020,22,23,Wind,343.0,Tuesday,Winter,2543
7/13/2021,1,2,Wind,194.0,Tuesday,Summer,3421
1/2/2023,7,8,Wind,2.0,Monday,Winter,6552
1/3/2021,22,23,Wind,3.0,Sunday,Winter,2226
6/12/2024,19,20,Wind,164.0,Wednesday,Summer,3484
11/13/2022,16,17,Wind,317.0,Sunday,Fall,1605
11/30/2021,21,22,Wind,334.0,Tuesday,Fall,12769
8/1/2024,15,16,Solar,214.0,xyz,Summer,8835
9/6/2021,9,10,Solar,249.0,Monday,Fall,2723
5/13/2024,5,6,Wind,134.0,Monday,Spring,1791
2/11/2020,4,5,Wind,42.0,Tuesday,Winter,11863
4/13/2023,10,11,Wind,103.0,Thursday,Spring,12488
12/16/2023,14,15,Solar,350.0,Saturday,Winter,4910
6/21/2022,0,1,Wind,172.0,Tuesday,Summer,5789
10/25/2022,18,19,Wind,298.0,Tuesday,Fall,4686
1/25/2023,8,9,Wind,25.0,Wednesday,Winter,2111
4/24/2024,16,17,Wind,115.0,Wednesday,Spring,10914
9/19/2022,11,12,Solar,262.0,Monday,Fall,6983
5/17/2023,11,12,Solar,137.0,Wednesday,Spring,12591
4/21/2025,19,20,Wind,111.0,Monday,Spring,4219
8/21/2023,7,8,Wind,233.0,Monday,Summer,1897
11/2/2025,9,10,xyz,306.0,Sunday,Fall,11230
4/23/2023,13,14,Wind,113.0,Sunday,Spring,15150
1/12/2020,7,8,Wind,12.0,Sunday,Winter,7395
12/25/2020,4,5,Wind,360.0,Friday,Winter,6542
6/24/2023,19,20,Solar,175.0,Saturday,Summer,3126
5/26/2024,9,10,Wind,147.0,Sunday,Spring,6474
2/11/2020,2,3,Wind,42.0,Tuesday,Winter,12337
8/30/2024,8,9,Wind,243.0,Friday,Summer,4148
12/10/2020,13,14,Wind,345.0,Thursday,Winter,4035
12/11/2021,3,4,Wind,345.0,Saturday,Winter,7886
2/1/2025,12,13,Solar,32.0,Saturday,Winter,6265
4/25/2022,4,5,Wind,115.0,Monday,Spring,3390
2/15/2020,7,8,Wind,46.0,Saturday,Winter,6365
9/22/2025,12,13,Wind,265.0,Monday,Fall,15222
4/21/2022,4,5,Wind,111.0,Thursday,Spring,3354
4/17/2021,11,12,Wind,107.0,Saturday,Spring,8185
4/6/2022,17,xyz,Wind,96.0,Wednesday,Spring,13616
9/6/2025,9,10,Wind,249.0,Saturday,Fall,9528
7/5/2024,15,16,Solar,187.0,Friday,Summer,11741
8/24/2024,13,14,Wind,237.0,Saturday,Summer,10581
11/24/2024,12,13,Wind,329.0,Sunday,Fall,40000
1/14/2021,3,4,Wind,14.0,Thursday,Winter,7406
9/5/2024,10,11,Wind,249.0,Thursday,Fall,7511
1/21/2024,13,14,Wind,21.0,Sunday,Winter,15113
1/4/2020,19,20,Wind,4.0,Saturday,Winter,2969
8/11/2020,1,2,Wind,224.0,Tuesday,Summer,1697
1/10/2023,5,6,Wind,10.0,Tuesday,Winter,7343
1/16/2024,0,1,Wind,16.0,Tuesday,Winter,2197
3/9/2022,15,16,Wind,68.0,Wednesday,Spring,7922
10/6/2022,5,6,Wind,279.0,Thursday,Fall,2090
2/13/2025,1,2,Wind,44.0,Thursday,Winter,1112
11/4/2020,1,2,Wind,309.0,Wednesday,Fall,1716
1/8/2025,21,22,Wind,8.0,Wednesday,Winter,12892
9/28/2020,6,7,Wind,xyz,Monday,Fall,3962
4/8/2024,23,0,Wind,99.0,Monday,Spring,9139
4/27/2025,14,15,Solar,117.0,Sunday,Spring,4067
10/19/2020,8,9,Wind,293.0,Monday,Fall,3178
3/17/2025,2,3,Wind,76.0,Monday,Spring,5489
02/27/2028,17,xyz,Wind,62.0,Wednesday,Spring,40000
8/10/2023,8,9,Wind,222.0,Thursday,Summer,3790
10/18/2025,4,5,Wind,291.0,Saturday,Fall,5140
8/25/2024,16,17,Solar,238.0,Sunday,Summer,4862
10/14/2021,19,20,Wind,287.0,Thursday,Fall,884
8/27/2022,12,13,Solar,239.0,Saturday,Summer,7198
1/6/2024,22,23,Wind,6.0,Saturday,Winter,7362
10/26/2024,7,8,Wind,300.0,Saturday,Fall,2152
2/22/2024,9,10,Wind,53.0,Thursday,Winter,17056
9/19/2024,7,8,Wind,263.0,Thursday,Fall,8099
2/4/2021,9,10,Wind,35.0,Thursday,Winter,2756
xyz,12,13,Wind,346.0,Sunday,Winter,40000
1/5/2025,2,3,Wind,5.0,Sunday,Winter,11792
11/25/2023,2,3,Wind,329.0,Saturday,Fall,8586
12/15/2020,2,3,Wind,350.0,Tuesday,Winter,5470
7/22/2023,22,23,Wind,203.0,Saturday,Summer,4175
xyz,0,1,Wind,111.0,Monday,xyz,40000
9/16/2022,6,7,Wind,259.0,Friday,Fall,1953
11/4/2021,16,17,Wind,308.0,Thursday,Fall,3606
9/19/2021,0,1,Wind,262.0,Sunday,Fall,3579
6/20/2024,12,13,Solar,172.0,Thursday,Summer,5316
10/13/2021,18,19,Wind,,Wednesday,xyz,2194
6/27/2020,11,12,Wind,179.0,Saturday,,xyz
6/3/2020,16,17,Solar,155.0,Wednesday,Summer,3604
3/18/2020,12,13,Solar,78.0,Wednesday,Spring,4055
1/5/2021,19,20,Wind,5.0,Tuesday,Winter,1794
2/5/2021,9,10,Wind,36.0,Friday,Winter,2001
11/24/2020,23,0,Wind,329.0,Tuesday,Fall,6768
11/27/2022,12,13,Wind,331.0,Sunday,Fall,8438
3/3/2020,6,7,Wind,63.0,Tuesday,Spring,4440
7/24/2024,11,12,,206.0,Wednesday,xyz,6845
5/1/2024,21,22,Wind,122.0,Wednesday,Spring,5445
1/24/2023,21,22,Wind,24.0,Tuesday,Winter,2611
6/11/2025,22,23,Wind,162.0,Wednesday,Summer,6852
11/27/2020,10,11,Wind,332.0,Friday,Fall,2632
8/4/2020,5,6,Wind,217.0,Tuesday,Summer,2214
12/1/2020,12,13,Wind,336.0,Tuesday,Winter,8412
8/26/2022,17,18,Solar,238.0,Friday,Summer,5462
2/25/2025,4,5,Wind,56.0,Tuesday,Winter,3644
9/13/2022,21,22,Wind,256.0,Tuesday,Fall,2822
9/30/2021,16,17,Wind,273.0,Thursday,Fall,6986
1/21/2020,19,20,Wind,21.0,Tuesday,Winter,3804
12/3/2020,20,21,Wind,338.0,Thursday,Winter,12392
5/30/2022,8,9,Solar,150.0,Monday,Spring,2738
12/13/2024,21,22,Wind,348.0,Friday,Winter,718
02/27/2028,20,xyz,Wind,298.0,Monday,Fall,-100
4/4/2020,9,10,Wind,95.0,Saturday,Spring,3591
9/30/2021,13,14,Solar,273.0,Thursday,Fall,8373
10/9/2025,11,12,Solar,282.0,Thursday,Fall,5069
11/6/2021,4,5,Wind,310.0,Saturday,Fall,2796
xyz,9,10,Wind,262.0,Sunday,Fall,40000
4/15/2023,11,12,Wind,105.0,Saturday,Spring,12042
6/13/2023,3,4,Wind,164.0,Tuesday,Summer,3141
8/17/2024,22,23,Wind,230.0,Saturday,Summer,2408
02/27/2028,1,2,Wind,332.0,xyz,Fall,-100
2/16/2021,23,0,Wind,47.0,Tuesday,Winter,9342
2/4/2024,19,20,Wind,35.0,Sunday,Winter,8459
3/14/2020,16,17,Wind,74.0,Saturday,Spring,5134
6/24/2020,19,20,Wind,176.0,Wednesday,Summer,3291
8/29/2020,14,15,Wind,242.0,Saturday,Summer,5103
8/19/2025,19,20,Wind,231.0,Tuesday,Summer,4330
8/3/2023,15,16,Wind,215.0,Thursday,Summer,12675
2/19/2021,16,17,Wind,50.0,Friday,Winter,6776
1/10/2023,4,5,Wind,10.0,Tuesday,Winter,7471
3/6/2022,22,23,Wind,65.0,Sunday,Spring,7705
9/3/2025,20,21,Wind,246.0,Wednesday,Fall,13651
7/19/2023,8,9,Wind,200.0,Wednesday,Summer,4118
6/19/2023,16,17,Solar,170.0,Monday,Summer,4302
1/8/2022,14,15,Wind,8.0,Saturday,Winter,15893
5/15/2023,4,5,Wind,135.0,Monday,Spring,2885
11/7/2024,8,9,Wind,312.0,Thursday,Fall,2657
1/13/2025,10,11,Wind,13.0,Monday,Winter,7719
6/26/2024,11,12,Solar,178.0,Wednesday,Summer,6737
9/15/2021,8,9,Wind,258.0,Wednesday,Fall,2190
4/3/2025,3,4,Wind,93.0,Thursday,Spring,10072
7/18/2022,11,12,Solar,199.0,Monday,Summer,6471
8/14/2021,0,1,Wind,226.0,Saturday,Summer,1478
7/29/2023,16,17,Wind,210.0,Saturday,Summer,11633
1/31/2021,17,18,Wind,31.0,Sunday,Winter,5433
3/13/2022,9,10,Wind,72.0,Sunday,Spring,9151
12/2/2023,5,6,Wind,336.0,Saturday,Winter,3249
9/9/2021,14,15,Wind,252.0,Thursday,Fall,5286
7/1/2022,7,8,Wind,182.0,Friday,Summer,2336
9/6/2021,11,12,Solar,249.0,Monday,Fall,4607
5/5/2025,17,18,Wind,125.0,Monday,Spring,12722
3/3/2024,22,23,Wind,63.0,Sunday,Spring,5144
1/25/2020,12,13,Solar,25.0,Saturday,Winter,2654
1/18/2025,13,14,Solar,18.0,Saturday,Winter,4165
12/15/2020,xyz,17,Wind,350.0,Tuesday,Winter,xyz
5/14/2022,19,20,Wind,134.0,Saturday,Spring,1781
4/10/2020,22,23,Wind,101.0,Friday,Spring,3686
1/11/2023,1,2,Wind,11.0,Wednesday,Winter,14468
3/22/2020,21,22,Wind,82.0,Sunday,Spring,9593
12/26/2022,13,14,Wind,360.0,Monday,Winter,10092
6/10/2023,18,19,Solar,161.0,Saturday,Summer,4468
2/7/2022,22,23,Wind,38.0,Monday,Winter,4802
4/23/2024,3,4,Wind,114.0,Tuesday,Spring,4610
12/27/2020,22,23,Wind,362.0,Sunday,Winter,7389
5/5/2023,,16,Solar,125.0,Friday,Spring,40000
1/24/2025,8,9,Wind,24.0,Friday,Winter,18114
3/23/2025,17,18,Wind,82.0,Sunday,Spring,3278
10/7/2023,4,5,Wind,280.0,Saturday,Fall,1842
3/10/2022,18,19,Wind,69.0,Thursday,Spring,4082
9/19/2023,23,0,Wind,262.0,Tuesday,Fall,6877
9/30/2025,20,21,Wind,273.0,Tuesday,Fall,2697
12/31/2023,2,3,Wind,365.0,Sunday,Winter,16903
6/29/2020,16,17,xyz,181.0,Monday,xyz,10010
4/21/2022,7,8,Wind,111.0,Thursday,Spring,3553
12/4/2021,8,9,Wind,338.0,Saturday,Winter,8370
9/23/2024,22,23,Wind,267.0,Monday,Fall,5320
10/8/2023,xyz,9,Wind,281.0,Sunday,Fall,1493
1/16/2021,11,12,Wind,16.0,Saturday,Winter,6320
5/6/2020,12,13,Solar,127.0,xyz,Spring,40000
2/27/2024,7,8,Wind,58.0,Tuesday,Winter,11863
7/15/2023,3,4,Wind,196.0,Saturday,Summer,6810
5/27/2021,21,22,Wind,147.0,Thursday,Spring,1552
5/8/2022,0,1,Wind,128.0,Sunday,Spring,4571
9/9/2024,9,10,Wind,253.0,Monday,Fall,9339
4/3/2023,10,11,Wind,93.0,Monday,Spring,9447
2/26/2021,5,6,Wind,57.0,Friday,Winter,2352
12/9/2022,22,23,Wind,343.0,Friday,Winter,1529
7/23/2022,7,8,Wind,204.0,Saturday,Summer,1348
6/6/2024,15,16,Solar,158.0,Thursday,Summer,8506
12/30/2023,12,13,Wind,364.0,Saturday,Winter,12265
9/18/2020,13,14,Wind,262.0,Friday,Fall,6346
6/27/2025,xyz,3,Wind,xyz,Friday,Summer,3511
02/27/2028,9,10,Wind,29.0,Saturday,Winter,-100
3/21/2020,4,5,Wind,81.0,Saturday,Spring,7299
6/25/2021,0,1,Wind,176.0,Friday,Summer,2162
7/8/2024,8,9,Solar,190.0,Monday,Summer,3111
3/12/2023,1,2,Wind,71.0,Sunday,Spring,6082
2/24/2020,10,11,Wind,55.0,Monday,Winter,11258
2/26/2025,16,17,Wind,57.0,Wednesday,Winter,15275
6/23/2025,1,2,Wind,174.0,Monday,Summer,4846
11/20/2021,18,19,Wind,324.0,Saturday,Fall,210
02/27/2028,16,17,Solar,231.0,Tuesday,Summer,-100
8/15/2022,16,17,Solar,227.0,Monday,Summer,7560
12/19/2022,4,5,Wind,353.0,Monday,Winter,12566
2/4/2021,1,2,Wind,35.0,Thursday,Winter,5125
11/20/2024,8,9,Wind,325.0,Wednesday,Fall,5746
3/13/2022,18,19,Wind,72.0,Sunday,Spring,5913
6/17/2023,10,11,Solar,168.0,Saturday,Summer,5207
1/15/2023,12,13,Wind,15.0,Sunday,Winter,19266
3/1/2023,0,1,Wind,60.0,Wednesday,Spring,7633
11/9/2022,17,18,Wind,313.0,Wednesday,Fall,4408
12/7/2024,4,5,Wind,342.0,Saturday,Winter,18556
8/9/2022,3,4,Wind,221.0,Tuesday,Summer,6466
9/10/2023,17,18,Solar,253.0,Sunday,Fall,4930
4/3/2021,13,14,Wind,93.0,Saturday,Spring,14891
1/20/2023,10,11,Wind,20.0,Friday,Winter,4641
10/28/2023,11,12,Wind,301.0,Saturday,Fall,16187
9/6/2020,6,7,Wind,250.0,Sunday,Fall,40000
11/18/2022,15,16,Wind,322.0,Friday,Fall,4771
5/2/2024,22,23,Wind,123.0,Thursday,Spring,10099
11/22/2022,23,0,Wind,326.0,Tuesday,Fall,8882
1/4/2021,8,9,Wind,4.0,Monday,Winter,1699
3/14/2020,21,22,Wind,74.0,Saturday,Spring,3347
11/10/2024,3,4,Wind,315.0,Sunday,Fall,699
8/26/2020,7,8,Wind,239.0,Wednesday,Summer,8615
9/23/2021,20,21,Wind,266.0,Thursday,Fall,1171
8/22/2020,1,2,Wind,235.0,Saturday,Summer,4830
4/6/2021,9,10,Wind,96.0,Tuesday,Spring,4798
6/18/2021,22,23,Wind,169.0,Friday,Summer,3480
02/27/2028,15,16,Wind,71.0,Saturday,Spring,-100
8/15/2024,6,7,Wind,228.0,Thursday,Summer,1268
2/13/2025,0,1,Wind,44.0,Thursday,Winter,1016
7/20/2021,1,2,Wind,201.0,Tuesday,Summer,4074
,12,13,xyz,205.0,Thursday,Summer,40000
12/1/2023,6,7,Wind,335.0,Friday,Winter,2284
4/5/2020,11,12,Wind,96.0,Sunday,Spring,7848
7/30/2021,2,3,Wind,211.0,Friday,Summer,1817
3/18/2020,16,17,Solar,78.0,Wednesday,Spring,2387
1/13/2022,4,5,Wind,13.0,Thursday,Winter,2645
12/29/2023,13,14,Wind,363.0,Friday,Winter,15847
6/29/2020,18,19,Wind,181.0,Monday,Summer,xyz
3/1/2022,21,22,Wind,60.0,Tuesday,Spring,2721
4/14/2025,10,11,Solar,104.0,Monday,Spring,6031
02/27/2028,22,23,Wind,327.0,Sunday,xyz,-100
8/7/2020,9,10,Solar,220.0,Friday,Summer,2665
02/27/2028,20,21,Wind,32.0,Monday,Winter,-100
11/10/2022,17,18,Wind,314.0,Thursday,Fall,3142
8/17/2021,6,7,Wind,229.0,Tuesday,Summer,1590
2/25/2024,10,11,Wind,56.0,Sunday,Winter,11356
6/25/2022,7,8,Wind,176.0,Saturday,Summer,2159
12/31/2020,1,2,Wind,366.0,Thursday,Winter,5746
6/27/2024,22,23,Wind,179.0,Thursday,Summer,3505
11/3/2021,6,7,Wind,307.0,Wednesday,Fall,3960
6/13/2024,20,21,Wind,165.0,Thursday,Summer,4639
6/10/2025,3,4,Wind,161.0,Tuesday,Summer,1674
8/28/2020,14,15,Wind,241.0,Friday,Summer,8716
8/4/2020,0,1,Wind,217.0,Tuesday,Summer,3666
11/29/2022,20,21,Wind,333.0,Tuesday,Fall,1194
5/25/2021,8,9,Wind,145.0,Tuesday,xyz,40000
02/27/2028,1,2,Wind,239.0,Saturday,,-100
8/3/2022,0,1,Wind,215.0,Wednesday,Summer,1047
2/9/2025,17,18,Wind,40.0,Sunday,Winter,1709
9/14/2025,14,15,Wind,257.0,Sunday,Fall,7618
10/3/2022,19,20,Wind,276.0,Monday,Fall,1114
12/24/2020,0,1,Wind,359.0,Thursday,Winter,11579
3/3/2023,20,21,Wind,62.0,Friday,Spring,5832
10/29/2025,15,16,Wind,302.0,Wednesday,Fall,8506
7/25/2022,11,12,Wind,206.0,Monday,Summer,40000
6/8/2023,9,10,Solar,159.0,Thursday,Summer,6235
8/4/2025,13,14,Solar,216.0,Monday,Summer,13010
3/16/2021,5,6,Wind,75.0,Tuesday,Spring,3210
11/20/2025,19,20,Wind,324.0,Thursday,Fall,4026
5/11/2024,9,10,Solar,132.0,Saturday,Spring,6348
1/20/2020,15,16,Wind,20.0,Monday,Winter,6593
5/6/2023,13,14,Solar,126.0,Saturday,Spring,7109
6/5/2025,22,23,Wind,156.0,Thursday,Summer,12352
1/14/2025,23,0,Wind,14.0,Tuesday,Winter,2984
9/16/2023,13,14,Solar,259.0,Saturday,Fall,8664
12/20/2024,3,4,Wind,355.0,Friday,Winter,8808
02/27/2028,xyz,23,Wind,126.0,Tuesday,Spring,-100
9/15/2021,17,18,Wind,258.0,Wednesday,Fall,3067
12/3/2024,20,21,Wind,338.0,Tuesday,Winter,1073
5/1/2022,16,17,Solar,121.0,Sunday,Spring,5604
1/31/2025,7,8,Wind,31.0,Friday,Winter,4032
11/7/2021,21,22,Wind,311.0,Sunday,Fall,3223
9/29/2023,0,1,Wind,272.0,Friday,Fall,6503
4/14/2024,15,16,Solar,105.0,Sunday,Spring,4067
11/24/2024,6,7,Wind,329.0,Sunday,Fall,18598
8/5/2023,20,21,Wind,217.0,Saturday,Summer,14188
7/29/2021,21,22,Wind,210.0,Thursday,Summer,965
3/4/2025,16,17,Solar,63.0,Tuesday,Spring,4702
9/26/2021,1,2,Wind,269.0,Sunday,Fall,2233
11/11/2022,23,0,Wind,315.0,,Fall,4623
8/31/2025,1,2,Wind,243.0,Sunday,Summer,8549
5/8/2023,2,3,Wind,128.0,Monday,Spring,1701
7/14/2020,21,22,Wind,196.0,Tuesday,Summer,2101
5/29/2022,19,20,Wind,149.0,Sunday,Spring,5235
11/5/2021,8,9,Wind,309.0,Friday,Fall,3138
4/27/2022,19,20,Wind,117.0,Wednesday,Spring,6697
1/17/2021,4,5,Wind,17.0,Sunday,Winter,5008
3/12/2022,21,22,Wind,71.0,Saturday,Spring,9414
10/8/2024,8,9,Wind,282.0,Tuesday,Fall,10350
11/3/2020,22,23,Wind,308.0,Tuesday,Fall,3571
6/11/2020,22,23,Wind,163.0,Thursday,Summer,3909
8/26/2023,18,19,Wind,238.0,Saturday,Summer,3633
1/17/2025,13,14,Solar,17.0,Friday,Winter,5413
10/18/2025,10,11,Solar,291.0,Saturday,Fall,8416
4/2/2025,18,19,Wind,92.0,Wednesday,Spring,15030
7/6/2023,4,5,Wind,187.0,Thursday,xyz,1028
6/30/2022,13,14,Solar,181.0,Thursday,Summer,4931
12/23/2020,18,19,Wind,358.0,Wednesday,Winter,12555
4/18/2023,6,7,Wind,108.0,Tuesday,Spring,6520
6/8/2025,3,4,Wind,159.0,Sunday,Summer,11586
02/27/2028,18,19,xyz,337.0,Friday,Winter,40000
6/17/2022,3,4,,168.0,Friday,Summer,3147
10/25/2023,10,11,Wind,298.0,,Fall,10951
6/12/2023,22,23,Wind,163.0,Monday,Summer,2753
12/6/2022,21,22,Wind,340.0,Tuesday,Winter,2155
3/10/2024,4,5,Wind,70.0,Sunday,Spring,2756
2/8/2025,18,19,Wind,39.0,Saturday,Winter,3104
2/12/2021,18,19,Wind,43.0,Friday,Winter,8474
6/20/2024,18,19,Wind,172.0,Thursday,Summer,3344
4/24/2020,22,23,Wind,115.0,Friday,Spring,2176
7/24/2020,21,22,Wind,206.0,Friday,Summer,1760
3/22/2022,11,12,Solar,81.0,Tuesday,Spring,8531
8/7/2021,21,22,Wind,219.0,Saturday,Summer,9544
xyz,12,13,Solar,44.0,Monday,,6722
9/2/2021,17,18,Wind,245.0,Thursday,Fall,5612
12/19/2022,11,12,Wind,353.0,Monday,Winter,14450
1/15/2020,21,22,Wind,15.0,Wednesday,Winter,4745
7/10/2024,6,7,Wind,192.0,Wednesday,Summer,3100
xyz,2,3,Wind,327.0,Thursday,,2948
1/22/2022,3,4,Wind,22.0,Saturday,Winter,3202
4/28/2024,14,15,Wind,119.0,Sunday,Spring,7361
3/7/2022,14,15,Wind,66.0,Monday,Spring,10522
6/19/2022,19,20,Wind,170.0,Sunday,Summer,xyz
8/17/2025,xyz,13,Solar,229.0,Sunday,Summer,
12/9/2020,22,23,Wind,344.0,Wednesday,Winter,4120
3/24/2020,18,19,Wind,84.0,Tuesday,Spring,4898
9/6/2022,12,13,Solar,249.0,Tuesday,Fall,6967
6/4/2025,11,12,Solar,155.0,Wednesday,Summer,6538
9/9/2024,19,20,Wind,253.0,Monday,Fall,7981
8/4/2022,0,1,Wind,216.0,Thursday,Summer,1586
12/19/2024,11,12,Wind,354.0,Thursday,Winter,17655
3/20/2024,15,16,Solar,80.0,Wednesday,Spring,5622
6/2/2024,23,0,Wind,154.0,Sunday,Summer,3481
11/23/2025,6,7,Wind,327.0,Sunday,Fall,9347
8/9/2022,1,2,Wind,221.0,Tuesday,Summer,7181
11/10/2020,12,13,Solar,315.0,Tuesday,Fall,2552
10/29/2023,10,11,Wind,302.0,Sunday,Fall,15308
6/14/2022,16,17,Solar,165.0,Tuesday,Summer,5556
8/23/2020,19,20,Wind,236.0,Sunday,Summer,4332
5/29/2021,12,13,Solar,149.0,Saturday,Spring,
5/4/2025,7,8,Wind,124.0,Sunday,Spring,5384
8/29/2020,23,0,Wind,242.0,Saturday,Summer,3146
6/3/2025,13,14,Wind,154.0,Tuesday,Summer,6959
7/17/2023,21,22,Wind,198.0,Monday,Summer,1150
1/28/2024,2,3,Wind,28.0,Sunday,Winter,7220
4/28/2021,14,15,Solar,118.0,Wednesday,Spring,4079
6/8/2022,22,23,Wind,159.0,Wednesday,Summer,6493
2/25/2022,19,20,Wind,56.0,Friday,Winter,3155
7/27/2024,13,14,Solar,209.0,Saturday,Summer,6448
9/29/2024,1,2,Wind,273.0,Sunday,Fall,1277
1/17/2025,22,23,Wind,17.0,Friday,Winter,1503
5/16/2025,18,19,Wind,136.0,Friday,Spring,10928
7/18/2020,8,9,Solar,200.0,Saturday,Summer,1804
4/19/2023,18,19,Wind,109.0,Wednesday,Spring,7115
9/14/2025,1,2,Wind,257.0,Sunday,Fall,4414
11/24/2025,17,18,Wind,328.0,Monday,Fall,11121
7/3/2024,1,2,Wind,185.0,Wednesday,Summer,1771
6/29/2020,12,13,Wind,181.0,Monday,Summer,8685
4/26/2024,16,17,Solar,117.0,Friday,Spring,5775
2/21/2021,10,11,Wind,52.0,Sunday,Winter,9217
12/19/2023,20,21,Wind,353.0,Tuesday,Winter,11260
11/25/2022,16,17,Wind,329.0,Friday,Fall,3351
3/8/2025,13,14,Wind,67.0,Saturday,Spring,14741
4/23/2023,17,18,Wind,113.0,Sunday,Spring,16075
11/6/2024,3,4,Wind,311.0,Wednesday,Fall,148
1/14/2020,11,12,Wind,14.0,xyz,Winter,40000
5/30/2023,12,13,Solar,150.0,Tuesday,Spring,13676
9/27/2020,9,10,Wind,271.0,Sunday,Fall,12950
11/24/2020,21,22,Wind,329.0,Tuesday,Fall,6481
5/15/2025,0,1,Wind,135.0,Thursday,Spring,6342
11/19/2023,6,7,Wind,323.0,Sunday,Fall,11720
4/9/2020,9,10,Solar,100.0,Thursday,Spring,2595
02/27/2028,23,0,,169.0,Monday,Summer,-100
8/9/2022,22,23,Wind,221.0,Tuesday,Summer,7621
5/22/2020,20,21,Wind,143.0,Friday,Spring,2791
11/28/2022,12,13,Wind,332.0,Monday,Fall,4959
02/27/2028,18,19,Wind,21.0,Tuesday,Winter,xyz
10/4/2024,3,4,Wind,278.0,Friday,Fall,4898
6/22/2021,21,22,Wind,173.0,Tuesday,,3591
9/12/2024,1,2,Wind,256.0,Thursday,Fall,4725
2/14/2024,9,10,Wind,45.0,Wednesday,Winter,10647
2/19/2024,12,13,Wind,50.0,Monday,Winter,10225
4/21/2025,11,12,Solar,111.0,Monday,Spring,8025
11/30/2024,12,13,Solar,335.0,Saturday,Fall,4832
02/27/2028,20,21,Wind,85.0,Wednesday,Spring,-100
5/15/2025,19,20,Wind,135.0,Thursday,Spring,11522
10/28/2021,8,9,Wind,301.0,Thursday,Fall,5807
11/30/2022,1,2,Wind,334.0,Wednesday,Fall,1058
1/30/2021,13,14,Wind,30.0,Saturday,Winter,8786
6/5/2021,3,4,Wind,156.0,Saturday,Summer,2400
2/19/2023,18,19,Wind,50.0,Sunday,Winter,2222
4/12/2022,22,23,Wind,102.0,Tuesday,Spring,2275
5/20/2024,5,6,Wind,141.0,Monday,Spring,1434
3/13/2022,12,13,Wind,72.0,Sunday,Spring,10835
10/31/2025,2,3,Wind,304.0,Friday,Fall,10049
11/30/2021,15,16,Wind,334.0,Tuesday,Fall,12500
4/25/2025,17,18,Solar,115.0,Friday,Spring,7637
1/25/2020,20,21,Wind,25.0,Saturday,Winter,1912
2/1/2022,14,15,Wind,32.0,Tuesday,Winter,14323
11/13/2024,18,19,Wind,318.0,Wednesday,Fall,5201
11/8/2022,6,7,Wind,312.0,Tuesday,Fall,13306
4/12/2025,18,19,Wind,102.0,Saturday,Spring,11549
7/4/2024,1,2,Wind,186.0,Thursday,Summer,6505
5/19/2022,16,17,Solar,139.0,Thursday,Spring,7748
8/2/2023,21,22,Wind,214.0,Wednesday,Summer,15855
7/6/2023,7,8,Solar,187.0,Thursday,Summer,1340
3/10/2021,23,0,Wind,69.0,Wednesday,Spring,13439
8/15/2024,17,18,Solar,228.0,Thursday,Summer,8514
11/11/2022,6,7,Wind,315.0,Friday,Fall,3328
5/19/2025,5,6,Wind,139.0,Monday,Spring,5266
7/10/2020,17,18,Wind,192.0,Friday,Summer,4992
9/14/2025,3,4,Wind,257.0,Sunday,Fall,4181
9/6/2022,22,23,Wind,249.0,Tuesday,Fall,2980
12/7/2022,14,15,Solar,341.0,Wednesday,Winter,40000
7/30/2025,11,12,Solar,211.0,Wednesday,Summer,7443
5/7/2023,4,5,Wind,127.0,Sunday,Spring,1644
4/4/2022,,0,Wind,94.0,Monday,Spring,40000
1/4/2022,11,12,Wind,4.0,Tuesday,Winter,5975
6/10/2025,9,10,Solar,161.0,Tuesday,Summer,7037
9/1/2020,8,9,Wind,245.0,Tuesday,Fall,1448
10/24/2020,21,22,Wind,298.0,Saturday,Fall,11731
2/24/2022,16,17,Wind,55.0,Thursday,Winter,14179
7/5/2023,9,10,Wind,186.0,Wednesday,Summer,10340
8/31/2024,16,17,Solar,244.0,Saturday,Summer,7347
5/18/2023,0,1,Wind,138.0,Thursday,Spring,7850
6/26/2025,12,13,Wind,177.0,Thursday,Summer,14264
4/20/2024,5,6,Wind,111.0,Saturday,Spring,6858
3/1/2022,18,xyz,Wind,60.0,,Spring,1775
xyz,14,15,Wind,326.0,Wednesday,Fall,40000
9/12/2020,1,2,Wind,256.0,Saturday,Fall,1147
8/13/2025,5,6,Wind,225.0,Wednesday,Summer,1029
11/5/2023,1,2,Wind,309.0,Sunday,Fall,14785
6/7/2021,6,7,xyz,158.0,Monday,xyz,40000
8/22/2021,21,22,Wind,234.0,Sunday,Summer,3345
4/23/2020,7,8,Wind,114.0,Thursday,Spring,1746
4/25/2024,3,4,Wind,116.0,Thursday,Spring,1051
02/27/2028,21,22,Wind,46.0,Saturday,Winter,-100
1/26/2020,21,22,Wind,26.0,Sunday,Winter,8371
,4,5,Wind,133.0,Sunday,xyz,3727
9/29/2022,20,21,Wind,272.0,Thursday,Fall,1057
9/2/2023,7,8,Wind,245.0,Saturday,Fall,2084
6/15/2020,0,1,Wind,167.0,Monday,Summer,2040
12/19/2020,8,9,Wind,354.0,Saturday,Winter,11340
11/5/2024,21,22,Wind,310.0,Tuesday,Fall,91
5/22/2024,1,2,Wind,143.0,Wednesday,Spring,4611
2/4/2020,16,17,Wind,35.0,Tuesday,Winter,11924
02/27/2028,20,21,Wind,209.0,xyz,Summer,-100
6/11/2023,19,20,Wind,162.0,Sunday,Summer,4575
6/8/2020,1,2,Wind,160.0,Monday,Summer,1496
2/19/2020,12,13,Wind,50.0,Wednesday,Winter,8496
9/3/2023,14,15,Solar,246.0,Sunday,Fall,9204
6/20/2025,22,23,Wind,171.0,Friday,Summer,4161
6/8/2023,7,8,Wind,159.0,Thursday,Summer,4772
6/19/2020,8,9,Solar,171.0,Friday,Summer,2120
7/2/2024,11,12,Solar,184.0,Tuesday,Summer,6880
11/9/2024,2,3,Wind,314.0,Saturday,Fall,1560
10/8/2022,0,1,Wind,281.0,Saturday,Fall,3051
12/21/2022,3,4,Wind,355.0,Wednesday,Winter,5032
2/11/2020,6,7,Wind,42.0,Tuesday,Winter,11631
4/12/2021,18,19,Wind,102.0,Monday,Spring,3967
11/27/2022,16,17,Wind,331.0,Sunday,Fall,6863
1/6/2025,9,10,Wind,6.0,Monday,Winter,18975
6/21/2024,8,9,Wind,173.0,Friday,Summer,2878
11/25/2024,23,0,Wind,330.0,Monday,Fall,40000
4/24/2025,7,8,Wind,114.0,Thursday,Spring,2699
4/20/2020,1,2,Wind,111.0,Monday,Spring,5535
10/1/2022,1,2,Wind,274.0,Saturday,Fall,13589
5/20/2025,18,19,Wind,140.0,Tuesday,Spring,8914
2/15/2021,8,9,Wind,46.0,Monday,Winter,10609
4/12/2025,22,23,Wind,102.0,Saturday,Spring,8931
4/15/2021,10,11,Solar,105.0,Thursday,Spring,6346
11/21/2020,10,11,xyz,326.0,Saturday,Fall,xyz
3/13/2021,23,0,Wind,72.0,Saturday,Spring,11499
9/8/2020,23,0,Wind,252.0,Tuesday,Fall,895
2/10/2023,19,20,Wind,41.0,Friday,Winter,1779
02/27/2028,1,2,Wind,163.0,Thursday,xyz,-100
4/28/2020,4,5,Wind,119.0,Tuesday,Spring,3067
10/21/2020,9,10,Wind,295.0,Wednesday,Fall,13322
7/2/2024,4,5,Wind,184.0,Tuesday,Summer,2631
7/11/2024,22,23,Wind,193.0,Thursday,Summer,3990
5/4/2021,4,5,Wind,124.0,Tuesday,Spring,13020
5/13/2023,7,8,Wind,133.0,Saturday,Spring,4856
12/27/2020,19,20,Wind,362.0,Sunday,Winter,8326
11/4/2023,13,14,Wind,308.0,Saturday,Fall,18105
6/12/2021,5,6,Wind,163.0,Saturday,Summer,1612
5/23/2021,8,9,Wind,143.0,Sunday,Spring,5138
7/18/2021,23,0,Wind,199.0,Sunday,Summer,6890
11/18/2020,17,18,Wind,323.0,Wednesday,Fall,6191
10/2/2020,4,5,Wind,276.0,Friday,Fall,10200
8/23/2020,13,14,Wind,236.0,Sunday,Summer,8729
12/17/2024,10,11,Wind,352.0,Tuesday,Winter,5491
4/21/2023,20,21,Wind,111.0,Friday,Spring,2543
3/21/2024,5,6,Wind,81.0,Thursday,Spring,2243
4/7/2024,19,20,Wind,98.0,Sunday,Spring,6864
2/8/2021,20,21,Wind,39.0,Monday,Winter,2080
5/3/2024,19,20,Wind,124.0,Friday,Spring,2964
11/29/2024,15,16,Wind,334.0,Friday,Fall,5912
9/26/2023,0,1,Wind,269.0,Tuesday,Fall,1382
6/16/2020,5,6,Wind,168.0,Tuesday,Summer,1461
1/22/2024,15,16,Wind,22.0,Monday,Winter,16804
6/25/2025,14,15,Solar,176.0,Wednesday,Summer,9154
7/16/2023,23,0,Wind,197.0,Sunday,Summer,2997
12/25/2023,15,16,Wind,359.0,Monday,Winter,12985
5/30/2025,15,16,Solar,150.0,Friday,Spring,4444
12/7/2021,18,19,Wind,341.0,Tuesday,Winter,13600
1/31/2021,6,7,Wind,31.0,Sunday,Winter,3009
7/24/2025,18,19,Wind,205.0,Thursday,Summer,7239
5/23/2021,0,1,Wind,143.0,Sunday,Spring,5905
2/27/2023,20,xyz,Wind,58.0,xyz,Winter,11622
,1,2,Wind,135.0,Thursday,xyz,40000
02/27/2028,0,xyz,Wind,145.0,Sunday,Spring,-100
5/12/2024,8,9,Wind,133.0,Sunday,Spring,4245
10/13/2025,3,4,Wind,286.0,Monday,Fall,6119
9/13/2023,14,15,Solar,256.0,Wednesday,Fall,5717
8/21/2022,2,3,Wind,233.0,Sunday,Summer,603
6/18/2024,15,16,Solar,170.0,Tuesday,Summer,7585
10/5/2022,15,16,Wind,278.0,Wednesday,Fall,14688
8/19/2021,23,0,Wind,231.0,Thursday,Summer,40000
12/16/2022,2,3,Wind,350.0,Friday,Winter,6144
10/16/2022,16,17,Wind,289.0,Sunday,Fall,6721
9/26/2022,7,8,Wind,269.0,Monday,Fall,6086
3/27/2022,22,23,Wind,86.0,Sunday,Spring,2412
8/16/2020,1,2,Wind,229.0,Sunday,Summer,2149
5/5/2022,16,17,Solar,125.0,Thursday,Spring,6137
7/2/2023,17,18,Wind,183.0,Sunday,Summer,7678
8/12/2023,12,13,Solar,224.0,Saturday,Summer,7944
1/8/2020,16,17,Wind,8.0,Wednesday,Winter,3069
7/11/2023,15,16,Solar,192.0,Tuesday,Summer,9554
3/30/2021,6,7,Wind,89.0,Tuesday,Spring,2984
5/25/2023,11,12,Wind,145.0,Thursday,Spring,14511
3/1/2022,2,3,Wind,60.0,Tuesday,Spring,2865
02/27/2028,23,0,xyz,207.0,Monday,Summer,-100
8/22/2020,14,15,Wind,235.0,Saturday,Summer,11599
12/27/2023,8,9,Wind,361.0,Wednesday,Winter,9035
9/23/2024,16,17,Wind,267.0,Monday,Fall,9135
3/3/2020,7,8,Wind,63.0,Tuesday,Spring,4102
5/8/2025,3,4,Wind,128.0,Thursday,Spring,5647
2/13/2020,13,14,Wind,44.0,Thursday,Winter,13233
11/9/2023,8,9,Wind,313.0,Thursday,Fall,9159
1/25/2025,15,16,Wind,25.0,Saturday,Winter,5523
12/28/2022,17,18,Wind,362.0,Wednesday,Winter,15714
12/15/2021,11,12,Solar,349.0,Wednesday,Winter,3503
4/2/2022,22,23,Wind,92.0,Saturday,Spring,4539
6/6/2025,12,13,Wind,157.0,Friday,Summer,7272
4/22/2020,0,1,Wind,113.0,Wednesday,Spring,4913
9/8/2022,20,21,Wind,251.0,Thursday,Fall,5147
4/4/2024,20,21,Wind,95.0,Thursday,Spring,7001
7/25/2022,10,11,Wind,206.0,Monday,Summer,8474
5/12/2024,18,19,Wind,133.0,Sunday,Spring,7203
2/12/2025,xyz,2,Wind,43.0,Wednesday,Winter,
1/14/2025,4,5,Wind,14.0,Tuesday,Winter,
9/2/2023,23,0,Wind,245.0,Saturday,Fall,4684
5/23/2023,8,9,Wind,143.0,Tuesday,Spring,6766
6/29/2025,23,0,Wind,180.0,Sunday,Summer,4676
6/9/2022,16,17,Solar,160.0,Thursday,Summer,8567
4/8/2020,16,17,Solar,99.0,Wednesday,Spring,3264
7/30/2022,20,21,Wind,211.0,Saturday,Summer,2584
6/29/2020,3,4,Wind,181.0,Monday,Summer,2917
6/26/2022,14,15,Solar,177.0,Sunday,Summer,4430
1/3/2022,17,18,Wind,3.0,xyz,Winter,40000
3/18/2020,10,11,Solar,78.0,Wednesday,Spring,3175
8/15/2025,9,10,Solar,227.0,Friday,Summer,6084
02/27/2028,13,14,Solar,225.0,Friday,Summer,
02/27/2028,23,0,xyz,143.0,Wednesday,Spring,-100
2/28/2021,8,9,Wind,59.0,Sunday,Winter,7100
4/24/2020,1,2,Wind,115.0,Friday,Spring,1022
8/17/2022,17,18,Solar,229.0,Wednesday,Summer,3938
10/26/2024,5,6,Wind,300.0,Saturday,Fall,2085
2/24/2021,12,13,Wind,55.0,Wednesday,Winter,8746
12/4/2024,12,13,Solar,339.0,Wednesday,Winter,6363
3/17/2024,9,10,Wind,77.0,Sunday,Spring,6278
7/12/2021,6,7,Wind,193.0,Monday,Summer,2449
4/22/2020,2,3,Wind,113.0,Wednesday,Spring,5000
7/15/2024,12,13,Solar,197.0,Monday,Summer,8737
10/12/2021,1,2,Wind,285.0,Tuesday,Fall,3046
6/3/2021,19,20,Wind,154.0,Thursday,Summer,1771
3/26/2024,1,2,Wind,86.0,Tuesday,Spring,7721
12/19/2023,7,8,Wind,353.0,Tuesday,Winter,7637
02/27/2028,7,8,Wind,330.0,xyz,Fall,-100
7/18/2021,3,4,Wind,xyz,Sunday,Summer,5140
9/14/2025,21,22,Wind,257.0,Sunday,Fall,14751
6/15/2021,5,6,Wind,166.0,Tuesday,Summer,1611
9/14/2023,14,15,Solar,257.0,Thursday,Fall,6131
11/6/2021,12,13,Solar,310.0,Saturday,Fall,5852
6/13/2022,14,15,Solar,164.0,Monday,Summer,7174
12/30/2020,23,0,Wind,365.0,Wednesday,xyz,5476
8/19/2020,14,15,Wind,232.0,Wednesday,Summer,7727
4/4/2020,0,1,Wind,95.0,Saturday,Spring,996
11/24/2021,19,20,Wind,328.0,Wednesday,Fall,2095
4/25/2020,5,6,Wind,116.0,Saturday,Spring,1788
4/7/2020,19,20,Wind,98.0,Tuesday,Spring,1971
2/16/2023,11,12,Solar,47.0,Thursday,Winter,7999
8/9/2022,19,20,Wind,221.0,Tuesday,Summer,7289
2/15/2025,13,14,Solar,46.0,Saturday,Winter,9563
6/23/2025,2,3,Wind,174.0,Monday,Summer,5291
6/6/2025,16,17,Wind,157.0,Friday,Summer,40000
1/16/2020,6,7,Wind,16.0,Thursday,Winter,4609
10/31/2022,23,0,Wind,304.0,Monday,Fall,12858
9/16/2020,0,1,Wind,260.0,Wednesday,Fall,800
2/5/2023,5,6,Wind,36.0,Sunday,Winter,4222
6/27/2022,6,7,Wind,178.0,Monday,Summer,1238
5/26/2025,17,18,Wind,146.0,Monday,Spring,10107
02/27/2028,9,xyz,Solar,153.0,Thursday,Summer,-100
9/29/2021,14,15,Wind,272.0,Wednesday,Fall,11739
12/29/2020,9,10,Wind,364.0,Tuesday,Winter,4426
2/22/2025,2,3,Wind,53.0,Saturday,Winter,10894
12/11/2022,21,22,Wind,345.0,Sunday,Winter,1627
7/25/2024,16,17,Solar,207.0,Thursday,Summer,8796
9/18/2022,xyz,0,Wind,261.0,Sunday,Fall,4648
1/3/2024,0,1,Wind,3.0,Wednesday,Winter,40000
2/2/2021,xyz,18,Wind,33.0,,Winter,9228
5/7/2021,8,9,Wind,127.0,Friday,xyz,3061
12/4/2021,10,11,Wind,338.0,Saturday,Winter,10684
1/14/2024,18,19,Wind,14.0,Sunday,Winter,1253
6/28/2022,23,0,Wind,179.0,Tuesday,Summer,1723
2/13/2020,6,7,Wind,44.0,Thursday,Winter,11612
7/10/2024,13,14,Solar,192.0,Wednesday,Summer,10399
7/17/2023,6,7,Wind,198.0,Monday,Summer,40000
1/24/2025,xyz,17,Wind,xyz,xyz,Winter,14158
12/24/2024,6,7,Wind,359.0,Tuesday,Winter,3087
9/24/2021,17,18,Solar,267.0,Friday,Fall,2890
11/24/2020,15,16,Wind,329.0,Tuesday,Fall,3478
02/27/2028,11,12,Solar,xyz,Monday,Fall,-100
3/24/2020,2,3,Wind,84.0,Tuesday,Spring,6448
6/1/2021,5,6,Wind,152.0,Tuesday,Summer,40000
4/1/2023,15,16,Wind,91.0,Saturday,Spring,16341
9/26/2021,15,16,Solar,269.0,Sunday,Fall,5531
8/29/2023,12,13,Solar,241.0,Tuesday,Summer,6385
5/8/2024,7,8,Wind,129.0,Wednesday,Spring,5427
7/26/2023,23,0,Wind,207.0,Wednesday,Summer,3577
02/27/2028,9,10,Wind,29.0,Monday,Winter,xyz
3/7/2022,4,5,Wind,66.0,Monday,Spring,6613
6/20/2022,13,14,Solar,171.0,Monday,Summer,7456
4/30/2021,22,23,Wind,120.0,Friday,Spring,1359
8/7/2025,19,20,Solar,219.0,Thursday,Summer,3099
5/16/2022,12,xyz,Solar,136.0,Monday,Spring,7824
7/29/2024,4,5,Wind,211.0,Monday,Summer,5316
10/18/2024,18,19,Wind,292.0,Friday,Fall,2532
11/4/2022,7,8,Wind,308.0,Friday,Fall,6522
11/17/2025,16,17,Wind,321.0,Monday,Fall,8101
9/29/2020,18,19,Wind,273.0,Tuesday,Fall,1250
3/1/2021,22,23,Wind,60.0,Monday,Spring,4978
4/17/2023,9,10,Solar,107.0,Monday,Spring,5631
8/11/2025,18,19,Solar,223.0,Monday,Summer,6420
5/30/2020,19,20,Wind,151.0,Saturday,Spring,4315
4/10/2025,1,2,Wind,100.0,Thursday,Spring,10031
1/27/2023,20,21,Wind,27.0,Friday,Winter,7462
5/23/2022,15,16,,143.0,Monday,Spring,11353
1/31/2020,9,10,Wind,31.0,Friday,Winter,6229
4/18/2022,13,14,Solar,108.0,Monday,Spring,5569
02/27/2028,21,22,Wind,160.0,xyz,Summer,-100
10/10/2022,22,23,Wind,283.0,Monday,Fall,2564
3/20/2023,12,13,Solar,79.0,Monday,Spring,8613
8/24/2022,12,13,Solar,236.0,Wednesday,Summer,6402
4/9/2025,22,23,Wind,99.0,Wednesday,,11401
12/27/2022,9,10,Wind,xyz,Tuesday,Winter,40000
4/25/2023,19,20,Wind,115.0,Tuesday,Spring,2273
3/12/2025,11,12,Solar,71.0,Wednesday,Spring,4529
2/14/2021,0,1,Wind,45.0,Sunday,Winter,7245
2/24/2020,19,20,Wind,55.0,Monday,Winter,10886
4/26/2020,6,7,Wind,117.0,Sunday,Spring,1181
2/26/2023,17,,Wind,xyz,Sunday,Winter,18051
11/2/2024,2,3,Wind,307.0,Saturday,Fall,1771
6/26/2021,15,16,Solar,177.0,Saturday,Summer,4697
11/1/2021,4,5,Wind,305.0,Monday,Fall,8718
5/2/2022,6,7,Wind,122.0,Monday,Spring,2029
3/22/2022,12,13,Solar,81.0,Tuesday,Spring,8895
8/3/2023,5,6,Wind,215.0,Thursday,Summer,12714
4/12/2020,2,3,Wind,103.0,Sunday,Spring,748
3/3/2023,17,18,Wind,62.0,Friday,Spring,5441
8/18/2024,11,12,Solar,231.0,Sunday,Summer,8765
3/18/2024,6,xyz,Wind,xyz,Monday,Spring,40000
1/29/2021,10,11,Wind,29.0,Friday,Winter,14856
10/12/2023,6,7,Wind,285.0,Thursday,Fall,4319
10/8/2022,21,22,Wind,281.0,Saturday,Fall,2338
11/24/2023,14,15,Wind,328.0,Friday,Fall,14087
1/29/2022,10,11,Wind,29.0,Saturday,Winter,9123
5/3/2023,18,19,Wind,123.0,Wednesday,Spring,8694
1/8/2024,1,2,Wind,8.0,Monday,Winter,40000
9/16/2025,7,8,Wind,259.0,Tuesday,Fall,9343
10/16/2020,11,12,Wind,290.0,Friday,Fall,4358
3/25/2020,10,11,Solar,85.0,Wednesday,Spring,5257
10/8/2025,7,8,Wind,281.0,Wednesday,Fall,703
10/1/2024,7,8,,275.0,xyz,Fall,6398
11/25/2023,22,23,Wind,329.0,Saturday,Fall,3662
12/13/2024,14,15,Solar,348.0,Friday,Winter,2515
02/27/2028,6,7,Wind,97.0,Friday,Spring,-100
9/5/2022,5,6,Wind,248.0,Monday,Fall,2599
7/14/2024,8,9,Solar,196.0,Sunday,Summer,2477
12/10/2023,20,21,Wind,344.0,Sunday,Winter,15601
9/20/2023,16,17,Wind,263.0,Wednesday,Fall,14551
6/7/2020,10,11,Solar,159.0,Sunday,Summer,3437
2/21/2020,8,9,Wind,52.0,Friday,Winter,4193
2/5/2021,23,0,Wind,36.0,Friday,Winter,2434
6/26/2022,4,5,Wind,177.0,Sunday,Summer,1831
11/17/2021,18,19,Wind,321.0,Wednesday,Fall,1887
9/12/2022,23,0,Wind,255.0,Monday,Fall,2700
12/26/2023,20,21,Wind,360.0,Tuesday,Winter,2721
9/29/2021,23,0,Wind,272.0,Wednesday,Fall,2764
1/18/2024,2,3,Wind,18.0,Thursday,Winter,7810
12/21/2020,11,12,Wind,356.0,Monday,Winter,12351
4/6/2020,9,xyz,Wind,97.0,Monday,Spring,40000
11/11/2021,5,6,Wind,315.0,Thursday,Fall,40000
6/16/2025,9,10,Solar,167.0,Monday,Summer,6557
6/28/2025,0,1,Wind,179.0,Saturday,Summer,1627
4/24/2021,19,20,Wind,114.0,Saturday,Spring,6192
8/12/2020,8,9,Wind,225.0,Wednesday,Summer,2236
4/2/2022,5,6,Wind,92.0,Saturday,Spring,9702
5/24/2022,18,19,Wind,144.0,Tuesday,Spring,4509
9/22/2023,21,22,Wind,265.0,Friday,Fall,5871
11/2/2025,0,1,Wind,306.0,Sunday,Fall,8891
8/3/2022,18,19,Solar,215.0,Wednesday,Summer,3379
2/16/2023,3,4,Wind,47.0,Thursday,Winter,3980
10/20/2024,23,0,Wind,294.0,Sunday,Fall,8964
8/14/2023,11,12,,226.0,xyz,Summer,40000
6/12/2022,19,20,Wind,163.0,Sunday,Summer,4471
1/19/2021,9,10,Wind,19.0,Tuesday,Winter,11722
4/23/2022,0,1,Wind,113.0,Saturday,Spring,5823
3/26/2020,15,16,Wind,86.0,Thursday,Spring,8343
5/23/2022,0,1,Wind,143.0,Monday,Spring,3636
7/24/2022,6,7,Wind,205.0,Sunday,Summer,969
6/22/2025,22,23,Wind,173.0,Sunday,Summer,2524
10/11/2021,0,1,Wind,284.0,Monday,Fall,3875
2/23/2021,10,11,Wind,54.0,Tuesday,Winter,9360
4/7/2024,13,14,Wind,xyz,,xyz,6534
02/27/2028,5,6,Wind,311.0,,xyz,-100
8/14/2023,2,3,Wind,226.0,Monday,Summer,1693
4/29/2020,7,8,Wind,120.0,Wednesday,Spring,4629
7/20/2022,6,7,Wind,201.0,Wednesday,Summer,2316
4/6/2025,18,19,Wind,96.0,Sunday,Spring,10223
8/28/2020,xyz,17,Wind,241.0,Friday,,40000
4/10/2023,20,21,Wind,100.0,Monday,Spring,10159
4/17/2022,22,23,Wind,107.0,Sunday,Spring,5787
6/29/2025,4,5,Wind,180.0,Sunday,Summer,2696
02/27/2028,12,13,Wind,304.0,Tuesday,Fall,-100
10/9/2022,17,18,Solar,282.0,Sunday,Fall,3480
7/25/2024,19,20,Wind,207.0,Thursday,Summer,3757
7/4/2020,14,15,Wind,186.0,Saturday,Summer,xyz
6/29/2022,3,4,Wind,180.0,Wednesday,Summer,1211
2/13/2020,1,2,Wind,44.0,Thursday,Winter,7835
02/27/2028,8,9,Wind,263.0,Thursday,Fall,-100
9/18/2021,15,16,Solar,261.0,Saturday,Fall,3777
02/27/2028,7,8,Wind,88.0,Thursday,xyz,-100
5/27/2021,3,4,Wind,147.0,Thursday,Spring,1412
xyz,8,xyz,Wind,298.0,Saturday,Fall,40000
1/2/2023,11,12,Wind,2.0,Monday,Winter,6422
1/9/2021,23,0,Wind,9.0,Saturday,Winter,5323
11/10/2024,xyz,23,Wind,xyz,Sunday,Fall,2532
5/22/2020,6,7,Wind,143.0,Friday,Spring,3939
10/2/2023,19,20,Wind,275.0,Monday,Fall,5601
5/9/2022,10,11,Solar,129.0,Monday,Spring,4782
11/12/2024,1,2,Wind,317.0,Tuesday,Fall,8188
4/17/2025,1,2,Wind,107.0,Thursday,Spring,2336
9/22/2025,23,0,Wind,265.0,Monday,Fall,8892
6/1/2022,21,22,Wind,152.0,Wednesday,Summer,2633
9/5/2022,7,8,Wind,248.0,Monday,Fall,2789
7/19/2022,6,7,Wind,200.0,Tuesday,Summer,5940
11/27/2020,16,17,Wind,332.0,Friday,Fall,1662
1/17/2022,1,2,Wind,17.0,Monday,Winter,1358
11/11/2020,6,7,Wind,316.0,Wednesday,Fall,733
02/27/2028,1,2,Wind,353.0,Monday,Winter,-100
6/10/2022,8,9,Solar,161.0,Friday,Summer,3451
2/7/2022,2,3,Wind,38.0,Monday,Winter,13497
5/5/2022,12,13,Solar,125.0,Thursday,Spring,5897
xyz,18,19,Wind,84.0,Saturday,Spring,9938
6/26/2021,7,8,Solar,177.0,Saturday,Summer,633
11/29/2025,xyz,xyz,Wind,333.0,Saturday,Fall,5241
4/20/2025,8,9,Wind,110.0,Sunday,Spring,8177
7/1/2024,4,5,Wind,183.0,Monday,Summer,1845
2/12/2021,15,16,Wind,43.0,Friday,Winter,9320
4/17/2020,19,20,Wind,108.0,Friday,Spring,2302
6/4/2023,8,9,Wind,155.0,Sunday,Summer,40000
7/3/2022,20,21,Wind,184.0,Sunday,Summer,2890
,20,21,Wind,235.0,Tuesday,Summer,xyz
12/31/2022,19,20,Wind,365.0,Saturday,Winter,16435
5/23/2020,6,7,Wind,144.0,Saturday,Spring,2524
5/22/2020,4,5,Wind,143.0,Friday,Spring,3981
5/8/2022,11,12,Solar,128.0,Sunday,Spring,7322
7/7/2020,12,13,Solar,189.0,Tuesday,Summer,5078
12/26/2023,4,5,Wind,360.0,Tuesday,Winter,7229
7/22/2024,10,11,Solar,204.0,Monday,Summer,7974
11/30/2024,7,8,Wind,335.0,Saturday,Fall,3505
9/16/2022,23,0,Wind,259.0,Friday,Fall,5346
7/27/2023,14,15,Wind,208.0,Thursday,Summer,16122
9/29/2023,15,16,xyz,272.0,xyz,Fall,40000
1/3/2021,23,0,Wind,3.0,Sunday,Winter,2060
1/13/2023,1,2,Wind,13.0,Friday,Winter,13913
1/14/2020,12,13,Wind,14.0,Tuesday,Winter,14254
7/17/2024,10,11,Solar,199.0,Wednesday,Summer,6067
9/13/2021,19,20,Wind,256.0,Monday,Fall,1554
02/27/2028,0,1,Wind,25.0,Wednesday,Winter,
8/29/2021,18,19,Wind,241.0,Sunday,Summer,6095
3/12/2021,4,5,Wind,71.0,Friday,Spring,9635
10/15/2024,22,23,Wind,289.0,Tuesday,Fall,10680
11/24/2023,16,17,Wind,328.0,Friday,Fall,11600
4/1/2022,18,19,Wind,91.0,Friday,Spring,13751
12/6/2023,21,22,Wind,340.0,Wednesday,Winter,2268
11/1/2020,19,20,Wind,306.0,Sunday,Fall,11879
10/8/2025,21,22,Wind,281.0,Wednesday,Fall,2608
9/13/2024,22,23,Wind,257.0,Friday,Fall,4252
7/26/2021,21,22,Wind,207.0,Monday,Summer,1779
1/4/2020,5,6,Wind,4.0,Saturday,Winter,
4/28/2020,1,2,Wind,119.0,Tuesday,Spring,2577
4/9/2021,18,19,Wind,99.0,,Spring,40000
11/3/2020,5,6,Wind,308.0,Tuesday,Fall,3252
10/3/2025,18,19,Wind,276.0,Friday,Fall,10465
8/20/2023,3,4,Wind,232.0,Sunday,Summer,1018
1/1/2022,1,2,Wind,1.0,Saturday,Winter,3210
5/3/2025,3,4,Wind,123.0,Saturday,Spring,6936
10/22/2020,12,13,Wind,296.0,Thursday,Fall,5144
9/14/2025,23,0,Wind,257.0,Sunday,Fall,15838
11/9/2025,14,15,Solar,313.0,Sunday,Fall,7371
5/15/2024,18,19,Solar,136.0,Wednesday,Spring,4141
2/21/2020,10,11,Wind,52.0,Friday,Winter,5295
10/29/2025,17,18,Wind,302.0,Wednesday,Fall,8855
3/2/2024,xyz,2,Wind,62.0,Saturday,Spring,11147
02/27/2028,xyz,15,Solar,128.0,,Spring,-100
6/25/2022,21,22,Wind,176.0,Saturday,Summer,2133
5/27/2022,15,16,Solar,147.0,Friday,Spring,8174
11/5/2021,12,13,Solar,309.0,Friday,Fall,4648
3/5/2024,15,16,Wind,65.0,Tuesday,Spring,8619
7/8/2023,21,22,Wind,189.0,Saturday,Summer,1136
10/23/2023,20,21,Wind,296.0,Monday,Fall,4431
3/29/2022,14,xyz,Solar,88.0,Tuesday,Spring,4278
9/19/2024,15,16,Wind,263.0,Thursday,Fall,15959
9/22/2025,8,9,Wind,265.0,Monday,Fall,9995
3/19/2020,5,6,Wind,79.0,Thursday,Spring,1145
3/15/2024,4,5,Wind,75.0,Friday,Spring,9923
3/24/2020,7,8,Wind,84.0,Tuesday,Spring,5774
1/26/2025,19,20,Wind,xyz,Sunday,Winter,xyz
10/9/2024,10,11,Wind,283.0,Wednesday,Fall,11747
11/16/2020,12,13,Wind,321.0,Monday,Fall,8614
5/28/2022,19,20,Wind,148.0,Saturday,Spring,8020
1/4/2024,17,18,Wind,4.0,Thursday,Winter,11934
9/10/2025,17,18,Wind,253.0,Wednesday,Fall,10232
5/20/2023,8,9,Wind,140.0,Saturday,Spring,6405
3/9/2023,18,19,Wind,68.0,Thursday,Spring,13804
6/1/2023,14,15,Solar,152.0,Thursday,Summer,9662
2/24/2023,9,10,Wind,55.0,Friday,Winter,5199
11/26/2021,14,15,Wind,330.0,Friday,Fall,12653
2/3/2025,21,22,Wind,34.0,Monday,Winter,1946
11/25/2024,20,21,Wind,330.0,Monday,Fall,6940
4/26/2020,22,23,Wind,117.0,Sunday,Spring,457
8/3/2025,5,6,Wind,215.0,Sunday,Summer,1935
12/29/2020,11,12,Wind,364.0,Tuesday,Winter,4941
1/28/2025,13,14,Wind,28.0,Tuesday,Winter,20885
5/4/2025,18,19,Wind,124.0,Sunday,Spring,12606
8/18/2020,9,10,Solar,231.0,Tuesday,Summer,40000
9/27/2020,6,xyz,Wind,271.0,Sunday,Fall,11628
2/5/2025,3,4,Wind,36.0,Wednesday,Winter,2214
11/18/2021,8,9,Wind,322.0,Thursday,Fall,1817
5/10/2020,5,6,Wind,131.0,Sunday,Spring,2056
4/15/2020,20,21,Wind,106.0,Wednesday,Spring,3450
3/11/2022,17,18,Wind,70.0,Friday,Spring,11304
7/4/2021,4,5,Wind,185.0,Sunday,Summer,862
10/8/2020,4,5,Wind,282.0,Thursday,Fall,6790
2/4/2024,3,4,Wind,35.0,Sunday,Winter,6061
2/25/2022,15,16,Wind,56.0,Friday,Winter,8739
10/15/2021,19,20,Wind,288.0,Friday,Fall,1124
5/22/2020,21,22,Wind,143.0,Friday,Spring,2177
02/27/2028,xyz,21,Wind,297.0,Wednesday,Fall,-100
9/12/2025,13,14,Wind,255.0,Friday,Fall,15434
5/1/2020,11,12,Wind,122.0,Friday,Spring,8478
12/20/2023,0,1,Wind,354.0,Wednesday,Winter,9136
3/5/2021,10,11,Wind,64.0,xyz,Spring,7772
4/22/2021,5,6,Wind,112.0,Thursday,Spring,5855
5/13/2024,23,0,Wind,134.0,Monday,Spring,6358
9/16/2025,20,21,Wind,259.0,Tuesday,Fall,3536
9/26/2025,12,13,Solar,269.0,Friday,Fall,5213
4/19/2021,22,23,Wind,109.0,Monday,Spring,906
7/6/2025,22,23,Wind,187.0,Sunday,Summer,6434
3/22/2020,13,14,Wind,82.0,Sunday,Spring,10827
5/28/2020,17,18,Wind,149.0,Thursday,Spring,6840
11/12/2021,4,5,Wind,316.0,Friday,Fall,1575
7/3/2025,14,15,Solar,184.0,Thursday,Summer,9855
6/15/2023,17,18,Solar,166.0,Thursday,Summer,6607
12/14/2023,5,6,Wind,348.0,Thursday,Winter,7047
12/3/2020,1,2,Wind,338.0,Thursday,Winter,3330
9/5/2025,20,21,Wind,248.0,Friday,Fall,687
10/30/2022,18,19,Wind,303.0,Sunday,Fall,1624
9/10/2020,17,18,Solar,254.0,Thursday,Fall,2293
2/23/2022,6,7,Wind,54.0,Wednesday,Winter,915
10/13/2023,15,16,Wind,286.0,Friday,Fall,17641
11/10/2023,6,7,Wind,314.0,Friday,Fall,13482
5/5/2022,1,2,Wind,125.0,Thursday,Spring,2097
3/2/2024,16,17,Wind,62.0,Saturday,Spring,6629
4/14/2021,9,10,Solar,104.0,Wednesday,Spring,4051
5/31/2020,6,7,Wind,152.0,Sunday,Spring,4859
1/5/2022,3,4,Wind,5.0,Wednesday,Winter,7616
7/10/2023,9,10,Solar,191.0,Monday,Summer,3808
5/9/2024,4,5,Wind,130.0,Thursday,Spring,3813
2/22/2025,15,16,Wind,53.0,Saturday,Winter,10495
2/23/2020,19,20,Wind,54.0,Sunday,Winter,9881
5/26/2020,17,18,Wind,147.0,Tuesday,Spring,6931
02/27/2028,18,19,Solar,,Tuesday,Summer,-100
1/10/2022,6,7,Wind,10.0,Monday,Winter,1005
3/6/2024,8,9,Solar,66.0,Wednesday,Spring,2257
3/31/2023,21,xyz,Wind,90.0,Friday,Spring,17308
9/26/2022,14,15,Wind,269.0,Monday,Fall,15890
xyz,16,,Wind,287.0,Tuesday,Fall,-100
3/30/2024,13,14,Solar,90.0,Saturday,Spring,7615
9/8/2021,18,19,Wind,251.0,Wednesday,Fall,3479
1/28/2021,xyz,5,Wind,28.0,Thursday,Winter,9675
7/26/2022,19,20,Wind,207.0,Tuesday,Summer,4218
5/6/2023,4,5,Wind,126.0,Saturday,Spring,1719
02/27/2028,xyz,9,Wind,107.0,Tuesday,Spring,-100
3/18/2023,0,1,Wind,77.0,Saturday,Spring,6164
10/12/2021,23,0,Wind,285.0,Tuesday,Fall,3559
5/10/2024,5,6,Wind,131.0,Friday,Spring,4594
6/26/2023,9,10,Solar,177.0,Monday,Summer,6076
5/17/2024,22,23,Wind,138.0,Friday,Spring,897
3/17/2023,9,10,Wind,76.0,Friday,Spring,9108
11/29/2021,22,23,Wind,333.0,Monday,Fall,4680
2/24/2024,0,1,Wind,55.0,Saturday,Winter,6656
4/13/2022,15,16,Solar,103.0,Wednesday,Spring,3628
11/2/2021,23,0,Wind,306.0,Tuesday,Fall,2889
3/27/2022,12,13,Solar,86.0,Sunday,Spring,6255
1/1/2022,19,20,Wind,1.0,Saturday,Winter,5238
6/23/2024,19,20,Solar,175.0,Sunday,Summer,3387
10/13/2021,22,23,Wind,286.0,Wednesday,Fall,2205
9/19/2025,10,11,Solar,262.0,Friday,Fall,9787
3/10/2025,6,7,Wind,69.0,Monday,Spring,2663
10/20/2021,0,1,Wind,293.0,Wednesday,Fall,10970
2/11/2022,18,19,Wind,42.0,Friday,Winter,1753
1/24/2025,21,22,Wind,24.0,Friday,Winter,11590
5/17/2023,1,xyz,Wind,137.0,Wednesday,Spring,7393
02/27/2028,21,22,Wind,107.0,Thursday,,-100
10/29/2020,12,13,Wind,303.0,Thursday,Fall,8304
8/1/2023,15,16,Wind,213.0,Tuesday,Summer,16234
3/27/2022,19,20,Wind,86.0,Sunday,Spring,1675
1/3/2023,17,18,Wind,3.0,Tuesday,Winter,8994
12/12/2020,19,20,Wind,347.0,Saturday,Winter,6484
8/31/2021,1,2,Wind,243.0,Tuesday,Summer,4199
7/1/2025,4,5,Wind,182.0,Tuesday,Summer,1055
8/13/2020,7,8,Wind,226.0,Thursday,Summer,1791
1/12/2023,5,6,Wind,12.0,Thursday,Winter,15968
02/27/2028,13,14,xyz,42.0,Tuesday,Winter,-100
11/13/2025,20,21,Wind,317.0,Thursday,Fall,12001
10/11/2021,5,6,Wind,284.0,Monday,Fall,2918
02/27/2028,18,19,Wind,166.0,Friday,Summer,
9/12/2022,10,11,Solar,255.0,Monday,Fall,4987
6/12/2021,12,13,Solar,163.0,Saturday,Summer,4821
02/27/2028,,11,Wind,333.0,Monday,Fall,40000
8/17/2025,6,7,Wind,229.0,Sunday,Summer,5923
9/7/2023,5,6,Wind,250.0,Thursday,Fall,2215
1/10/2023,2,3,Wind,10.0,Tuesday,Winter,8206
9/12/2023,13,14,Solar,255.0,Tuesday,Fall,4933
1/26/2020,13,14,Wind,26.0,Sunday,Winter,4437
9/21/2023,13,14,Wind,264.0,Thursday,Fall,6474
9/1/2023,8,9,Wind,244.0,Friday,Fall,6404
9/30/2023,7,8,Wind,273.0,Saturday,Fall,889
9/15/2022,18,19,Wind,258.0,Thursday,Fall,3250
11/26/2024,8,9,Wind,331.0,Tuesday,Fall,6210
11/23/2023,12,13,Wind,327.0,Thursday,Fall,7931
3/3/2025,2,3,Wind,62.0,Monday,Spring,3177
9/5/2024,6,7,Wind,249.0,Thursday,Fall,5710
6/5/2020,21,22,Wind,xyz,Friday,Summer,6664
1/27/2022,20,21,Wind,27.0,Thursday,Winter,3833
9/7/2022,18,19,Wind,250.0,Wednesday,Fall,4483
4/21/2025,20,21,Wind,111.0,Monday,Spring,3158
8/10/2021,4,5,Wind,222.0,Tuesday,Summer,1235
6/20/2022,4,5,Wind,171.0,Monday,Summer,3009
12/29/2020,8,9,Wind,364.0,Tuesday,Winter,4269
12/29/2020,22,23,Wind,364.0,Tuesday,Winter,3005
1/21/2025,23,0,Wind,21.0,Tuesday,Winter,7139
7/2/2023,18,19,Wind,183.0,Sunday,Summer,6804
02/27/2028,21,,Wind,299.0,xyz,Fall,-100
02/27/2028,0,xyz,Wind,65.0,Saturday,Spring,-100
2/5/2021,16,17,Wind,36.0,Friday,Winter,1998
11/5/2023,18,xyz,Wind,309.0,Sunday,xyz,13494
5/3/2022,2,3,Wind,123.0,Tuesday,Spring,4519
3/31/2025,10,11,Solar,90.0,Monday,Spring,9527
6/18/2021,7,8,Wind,169.0,Friday,Summer,3517
7/7/2021,21,22,Wind,188.0,Wednesday,Summer,1885
02/27/2028,5,6,Wind,331.0,Sunday,Fall,-100
6/9/2020,11,12,Solar,161.0,Tuesday,Summer,4734
7/6/2022,14,15,Solar,187.0,Wednesday,Summer,7868
12/28/2024,23,0,Wind,363.0,Saturday,Winter,638
9/29/2022,6,7,Wind,272.0,Thursday,Fall,1419
10/18/2023,23,0,Wind,291.0,Wednesday,Fall,11879
1/28/2024,22,23,Wind,28.0,Sunday,Winter,9203
5/2/2022,19,20,Wind,122.0,Monday,Spring,3754
6/19/2022,13,14,Solar,170.0,Sunday,Summer,10248
2/12/2022,6,7,Wind,43.0,Saturday,Winter,4558
3/24/2023,15,16,Wind,83.0,Friday,Spring,17590
11/2/2023,4,5,Wind,306.0,Thursday,Fall,15164
11/3/2021,16,17,Wind,307.0,Wednesday,Fall,3274
9/4/2020,18,19,Solar,248.0,Friday,Fall,2508
4/23/2022,11,12,Wind,113.0,Saturday,Spring,7331
4/19/2020,9,10,Wind,110.0,Sunday,Spring,2105
02/27/2028,xyz,21,Wind,272.0,Monday,Fall,-100
4/12/2025,10,11,Wind,102.0,Saturday,Spring,9316
5/1/2022,12,13,Solar,121.0,Sunday,Spring,6628
12/27/2021,xyz,10,Wind,361.0,Monday,Winter,8156
11/15/2023,14,15,Wind,319.0,Wednesday,Fall,10772
2/5/2021,14,15,Wind,36.0,Friday,Winter,3021
1/25/2020,11,12,Solar,25.0,Saturday,Winter,2622
3/30/2022,16,17,Wind,89.0,Wednesday,Spring,3581
9/3/2022,10,11,Solar,246.0,Saturday,Fall,4020
1/27/2024,13,14,Solar,27.0,Saturday,Winter,5520
4/13/2022,22,23,Wind,103.0,Wednesday,Spring,1032
1/11/2020,6,7,Wind,11.0,Saturday,Winter,2912
12/25/2024,16,17,Wind,360.0,Wednesday,Winter,1322
8/3/2025,6,7,Wind,215.0,Sunday,Summer,1968
5/13/2022,6,7,Wind,133.0,Friday,Spring,1900
1/28/2024,5,6,Wind,28.0,Sunday,Winter,8152
02/27/2028,7,8,Wind,289.0,Tuesday,Fall,-100
5/16/2021,14,15,Wind,136.0,Sunday,Spring,10947
02/27/2028,19,20,Wind,316.0,Friday,xyz,-100
7/23/2024,5,6,Wind,205.0,Tuesday,Summer,5404
1/8/2022,8,9,Wind,8.0,Saturday,Winter,7370
6/19/2025,22,23,Wind,170.0,Thursday,Summer,6052
5/10/2020,13,14,Wind,131.0,Sunday,Spring,2623
11/19/2022,19,20,Wind,323.0,Saturday,Fall,3365
7/12/2022,14,15,Solar,193.0,Tuesday,Summer,6997
6/16/2022,16,17,Solar,167.0,Thursday,Summer,5124
1/25/2022,9,10,Solar,25.0,Tuesday,Winter,1114
8/23/2022,7,8,Wind,235.0,Tuesday,Summer,1085
9/26/2024,6,7,Wind,270.0,Thursday,Fall,12407
10/31/2022,2,3,Wind,304.0,Monday,Fall,1886
9/10/2022,23,0,Wind,253.0,Saturday,Fall,1212
7/9/2025,6,7,Wind,190.0,Wednesday,Summer,1676
02/27/2028,12,13,Solar,197.0,Wednesday,Summer,-100
9/22/2021,18,19,Wind,265.0,Wednesday,Fall,2088
2/17/2022,19,20,Wind,48.0,xyz,Winter,40000
7/7/2025,23,0,Wind,188.0,Monday,Summer,4873
11/30/2025,6,7,Wind,334.0,Sunday,Fall,4387
6/5/2021,0,1,Wind,156.0,Saturday,Summer,2191
2/17/2020,xyz,5,Wind,48.0,xyz,Winter,6453
1/29/2022,6,7,Wind,29.0,Saturday,Winter,6295
6/3/2023,0,1,Wind,154.0,Saturday,xyz,xyz
1/17/2020,18,19,Wind,17.0,Friday,Winter,7402
2/28/2020,3,4,Wind,59.0,Friday,Winter,2643
12/30/2022,6,7,Wind,364.0,Friday,Winter,11436
1/26/2024,1,2,Wind,26.0,Friday,Winter,7990
8/20/2023,23,0,Wind,232.0,Sunday,Summer,2891
12/19/2020,10,11,Wind,,Saturday,Winter,10892
4/25/2025,18,19,Solar,115.0,Friday,Spring,5940
9/15/2022,4,5,Wind,258.0,Thursday,Fall,1546
3/10/2025,10,11,Solar,69.0,Monday,Spring,6063
7/25/2020,6,7,Wind,207.0,Saturday,Summer,1509
3/29/2021,11,12,Solar,88.0,Monday,Spring,5469
8/3/2023,1,2,Wind,215.0,Thursday,Summer,14771
3/27/2024,1,2,Wind,87.0,Wednesday,Spring,5339
02/27/2028,xyz,19,Wind,268.0,Thursday,Fall,-100
11/29/2020,22,23,Wind,334.0,Sunday,Fall,2194
3/21/2022,9,10,Wind,80.0,Monday,Spring,5460
6/13/2021,7,8,Wind,164.0,Sunday,Summer,2420
10/3/2024,11,12,Wind,277.0,Thursday,Fall,11198
12/31/2023,16,17,Wind,365.0,Sunday,Winter,17690
11/22/2023,20,21,Wind,326.0,Wednesday,Fall,4282
2/6/2024,11,12,Wind,37.0,Tuesday,Winter,14493
2/1/2020,11,xyz,Wind,32.0,Saturday,Winter,11252
12/1/2024,19,20,Wind,336.0,Sunday,Winter,7486
11/23/2021,13,14,Wind,327.0,Tuesday,Fall,9773
9/5/2020,15,16,Solar,249.0,Saturday,Fall,5374
9/15/2023,21,22,Wind,258.0,Friday,Fall,4226
9/6/2022,4,5,Wind,249.0,Tuesday,Fall,3166
02/27/2028,7,8,Wind,,Wednesday,Winter,40000
7/2/2024,0,1,Wind,184.0,Tuesday,Summer,3683
7/28/2024,xyz,0,xyz,xyz,Sunday,Summer,6281
9/16/2022,20,21,Wind,259.0,Friday,Fall,4896
4/16/2024,0,1,Wind,107.0,Tuesday,Spring,13826
10/7/2023,7,8,Wind,280.0,Saturday,Fall,40000
12/27/2022,20,21,Wind,361.0,Tuesday,Winter,9837
2/8/2022,19,20,Wind,39.0,Tuesday,Winter,2613
8/28/2021,2,3,Wind,240.0,Saturday,Summer,4282
02/27/2028,11,12,Solar,88.0,Wednesday,Spring,-100
2/21/2021,17,18,Wind,52.0,Sunday,Winter,5918
02/27/2028,2,3,Wind,236.0,Friday,xyz,-100
11/5/2025,17,18,Wind,309.0,Wednesday,Fall,12121
12/6/2022,3,4,Wind,340.0,Tuesday,Winter,1862
2/15/2025,10,11,Solar,46.0,Saturday,Winter,8954
5/18/2021,19,20,Wind,138.0,Tuesday,Spring,3940
7/5/2025,20,21,Wind,186.0,Saturday,Summer,5175
12/23/2023,9,10,Wind,357.0,Saturday,Winter,14222
1/11/2021,17,18,Wind,11.0,Monday,Winter,6090
6/14/2025,21,22,Wind,165.0,xyz,Summer,2617
6/7/2024,3,4,Wind,159.0,Friday,Summer,2329
1/1/2020,15,16,Wind,1.0,Wednesday,Winter,1323
12/13/2021,12,13,Solar,347.0,Monday,Winter,3477
10/27/2023,4,5,Wind,300.0,Friday,Fall,9172
2/21/2024,0,xyz,Wind,52.0,Wednesday,Winter,40000
4/18/2021,23,0,Wind,108.0,Sunday,Spring,1954
5/6/2023,12,13,Solar,126.0,Saturday,Spring,6882
12/11/2022,18,19,Wind,345.0,Sunday,Winter,1499
4/8/2020,8,9,Wind,99.0,Wednesday,Spring,2303
11/19/2021,8,9,Wind,323.0,Friday,Fall,1628
8/17/2020,0,1,Wind,230.0,Monday,Summer,2055
02/27/2028,15,xyz,Wind,210.0,Saturday,Summer,-100
xyz,1,2,Wind,134.0,Wednesday,Spring,3264
1/18/2021,8,9,Wind,18.0,Monday,Winter,2915
8/20/2024,2,3,Wind,233.0,Tuesday,Summer,3228
3/8/2022,10,11,Wind,67.0,Tuesday,Spring,7990
8/2/2025,7,8,Wind,214.0,Saturday,Summer,4482
9/30/2025,8,9,Wind,273.0,Tuesday,Fall,2872
3/7/2020,5,6,Wind,67.0,Saturday,Spring,2626
5/17/2022,7,8,Wind,137.0,Tuesday,Spring,3135
7/29/2025,15,16,Solar,210.0,Tuesday,Summer,11049
8/2/2024,22,23,Wind,215.0,Friday,Summer,4700
11/22/2020,13,14,Solar,327.0,Sunday,Fall,3338
4/23/2021,10,11,Solar,113.0,Friday,Spring,5659
11/28/2021,22,23,Wind,332.0,Sunday,Fall,5114
6/24/2020,4,5,Wind,176.0,Wednesday,Summer,4432
3/20/2020,6,7,Wind,80.0,Friday,Spring,3577
12/14/2020,20,21,Wind,349.0,Monday,Winter,6605
7/7/2020,9,10,Solar,189.0,Tuesday,Summer,3236
12/19/2022,15,16,Wind,353.0,Monday,Winter,13925
12/14/2020,6,7,Wind,349.0,Monday,xyz,8437
11/26/2020,6,7,Wind,331.0,Thursday,Fall,2436
9/23/2025,12,13,Wind,266.0,Tuesday,Fall,12969
3/17/2024,15,16,Solar,77.0,Sunday,Spring,6096
5/11/2025,19,20,Wind,131.0,Sunday,Spring,4469
11/26/2025,20,21,Wind,330.0,Wednesday,Fall,2920
10/14/2025,5,6,Wind,287.0,Tuesday,Fall,5919
12/26/2022,23,0,Wind,360.0,Monday,Winter,5200
9/9/2021,11,12,Wind,252.0,Thursday,Fall,3730
5/24/2025,19,20,Wind,144.0,Saturday,Spring,8852
7/25/2021,20,21,Wind,206.0,Sunday,Summer,2703
1/2/2020,12,13,Wind,2.0,Thursday,Winter,4169
11/4/2021,19,20,Wind,308.0,Thursday,Fall,4199
12/2/2021,2,3,Wind,336.0,Thursday,Winter,5934
2/28/2024,2,3,Wind,59.0,Wednesday,Winter,3703
11/11/2022,13,14,Solar,315.0,Friday,Fall,6121
12/6/2021,10,11,Wind,340.0,Monday,Winter,3931
10/14/2022,12,13,Wind,287.0,Friday,Fall,8105
3/5/2024,16,17,Wind,65.0,Tuesday,Spring,6764
11/26/2023,9,10,Wind,330.0,Sunday,Fall,3686
12/1/2023,23,0,Wind,335.0,Friday,Winter,4345
3/3/2025,9,10,Solar,62.0,Monday,Spring,5647
5/17/2023,10,11,Solar,137.0,Wednesday,Spring,10667
7/6/2023,12,13,Solar,187.0,Thursday,Summer,6939
10/4/2025,6,7,Wind,277.0,Saturday,Fall,17093
6/4/2020,14,15,Wind,156.0,Thursday,Summer,5751
9/5/2024,1,2,Wind,249.0,Thursday,Fall,3657
4/18/2025,20,21,Wind,108.0,Friday,Spring,7067
8/25/2023,16,17,Wind,237.0,Friday,Summer,9893
12/30/2022,19,20,Wind,364.0,Friday,Winter,15334
3/29/2025,15,16,Wind,88.0,Saturday,Spring,12588
1/21/2022,23,0,Wind,21.0,Friday,Winter,3197
3/14/2022,2,3,Wind,73.0,Monday,Spring,6130
1/23/2022,14,15,Solar,23.0,Sunday,Winter,5443
9/13/2021,6,7,Wind,256.0,Monday,Fall,1809
12/12/2021,6,7,Wind,346.0,Sunday,Winter,5111
9/17/2024,9,10,Wind,261.0,Tuesday,Fall,11852
2/7/2024,20,21,xyz,38.0,Wednesday,Winter,10078
3/22/2025,16,17,Wind,81.0,Saturday,Spring,7212
9/11/2021,11,12,Solar,xyz,Saturday,Fall,4969
5/29/2025,17,18,Solar,149.0,Thursday,Spring,8272
8/3/2022,16,17,Solar,215.0,Wednesday,Summer,5552
02/27/2028,17,18,Wind,104.0,Monday,Spring,-100
2/24/2021,21,22,Wind,55.0,Wednesday,Winter,6699
9/3/2024,13,14,Solar,247.0,Tuesday,Fall,5281
7/29/2024,16,17,Solar,211.0,,Summer,8215
12/3/2021,13,14,Wind,337.0,Friday,Winter,xyz
4/1/2022,7,8,Wind,91.0,Friday,Spring,9016
11/14/2022,21,22,Wind,318.0,Monday,Fall,6382
12/5/2022,23,0,Wind,339.0,Monday,Winter,1854
6/29/2022,16,17,Solar,180.0,Wednesday,Summer,5599
3/6/2024,10,11,Solar,66.0,Wednesday,Spring,5162
5/16/2022,20,21,Wind,136.0,Monday,Spring,691
9/12/2025,22,23,Wind,255.0,Friday,Fall,6097
5/8/2020,21,22,Wind,129.0,Friday,Spring,2057
2/2/2020,,3,Wind,33.0,Sunday,Winter,6412
5/21/2021,0,1,Wind,141.0,Friday,Spring,9704
1/10/2022,21,22,Wind,10.0,Monday,Winter,2603
6/20/2025,14,15,Solar,171.0,Friday,Summer,11681
7/19/2025,11,12,Wind,200.0,xyz,Summer,40000
1/17/2020,1,2,Wind,17.0,Friday,Winter,9434
9/19/2020,9,10,Wind,263.0,Saturday,Fall,3664
8/22/2024,21,22,Wind,235.0,Thursday,Summer,5770
5/18/2024,1,2,Wind,139.0,Saturday,Spring,713
5/17/2020,22,23,Wind,138.0,Sunday,Spring,2263
4/13/2025,13,14,Wind,103.0,Sunday,Spring,4783
7/23/2023,17,18,Wind,204.0,Sunday,Summer,12004
9/25/2023,5,6,Wind,268.0,Monday,Fall,3360
10/20/2023,3,4,Wind,293.0,Friday,Fall,4769
3/15/2021,3,4,Wind,74.0,Monday,Spring,10923
3/29/2023,17,18,Wind,88.0,Wednesday,Spring,9807
9/1/2023,22,23,Wind,244.0,Friday,Fall,1142
5/15/2022,9,10,Solar,135.0,Sunday,Spring,5538
5/26/2023,21,22,Wind,146.0,Friday,Spring,7754
5/16/2022,11,12,Solar,136.0,Monday,Spring,7699
9/28/2022,14,15,Wind,271.0,Wednesday,Fall,6080
11/25/2024,0,1,Wind,330.0,Monday,Fall,18407
2/6/2023,10,11,Wind,37.0,Monday,Winter,7478
9/2/2022,5,6,Wind,245.0,Friday,Fall,1940
7/1/2025,2,3,Wind,182.0,Tuesday,Summer,778
7/30/2023,20,21,Wind,211.0,Sunday,Summer,7195
5/1/2023,20,21,xyz,121.0,Monday,Spring,3856
2/9/2024,3,4,Wind,40.0,Friday,Winter,16390
7/18/2020,23,0,Wind,200.0,Saturday,Summer,1750
11/6/2025,12,13,Wind,310.0,Thursday,Fall,6278
5/20/2020,15,16,Solar,141.0,Wednesday,Spring,5220
8/27/2024,19,20,Wind,240.0,Tuesday,Summer,2062
10/10/2023,16,17,Solar,283.0,Tuesday,Fall,5527
9/7/2020,13,14,Solar,251.0,Monday,Fall,5438
10/31/2023,13,14,Wind,304.0,Tuesday,Fall,12274
5/14/2021,22,23,Wind,134.0,Friday,Spring,3321
6/17/2023,14,15,Solar,168.0,Saturday,Summer,6725
10/14/2020,18,19,Wind,288.0,Wednesday,Fall,5325
9/10/2020,19,20,Wind,254.0,Thursday,Fall,1247
3/30/2023,13,14,Wind,89.0,Thursday,Spring,18316
5/17/2023,0,1,Wind,137.0,Wednesday,Spring,7939
3/18/2023,14,15,Wind,77.0,Saturday,Spring,10327
11/22/2025,12,13,Wind,326.0,Saturday,Fall,40000
3/4/2022,9,10,Wind,63.0,Friday,Spring,4002
9/25/2020,7,8,Wind,269.0,Friday,Fall,10168
9/12/2023,4,5,Wind,255.0,xyz,Fall,705
xyz,18,19,Wind,9.0,Tuesday,Winter,-100
11/29/2024,1,2,Wind,334.0,Friday,Fall,5147
6/26/2025,9,10,Wind,177.0,Thursday,Summer,9995
6/26/2024,17,18,Solar,178.0,Wednesday,Summer,5746
9/6/2020,12,13,Solar,250.0,Sunday,Fall,4167
12/13/2023,4,5,Wind,347.0,Wednesday,Winter,9180
11/12/2024,20,21,Wind,317.0,Tuesday,Fall,9661
12/25/2020,9,10,Wind,360.0,Friday,Winter,6570
1/7/2020,13,14,Wind,7.0,Tuesday,Winter,4300
6/6/2023,14,15,Solar,157.0,Tuesday,Summer,8282
6/25/2021,16,17,Solar,176.0,Friday,Summer,5149
7/11/2024,2,3,Wind,193.0,Thursday,Summer,1053
9/6/2025,15,16,Solar,249.0,Saturday,Fall,7432
11/4/2025,18,19,Wind,308.0,Tuesday,Fall,14445
4/29/2023,21,22,Wind,119.0,Saturday,Spring,2588
1/2/2023,0,1,Wind,2.0,Monday,Winter,11969
9/10/2025,1,2,Wind,253.0,Wednesday,Fall,3815
7/8/2022,12,13,Solar,189.0,Friday,Summer,8283
8/24/2022,5,6,Wind,236.0,Wednesday,Summer,956
3/30/2024,7,8,Wind,90.0,Saturday,Spring,3497
5/28/2023,16,17,Wind,148.0,Sunday,Spring,6446
4/16/2022,12,13,Solar,106.0,Saturday,Spring,10869
4/19/2021,21,22,Wind,109.0,Monday,Spring,789
5/23/2024,3,4,Wind,144.0,Thursday,Spring,3036
11/28/2022,19,20,Wind,332.0,Monday,Fall,3265
7/15/2022,8,9,Wind,196.0,Friday,Summer,3844
02/27/2028,,16,Wind,159.0,Wednesday,Summer,-100
10/14/2022,9,10,Wind,287.0,Friday,Fall,5617
7/18/2025,13,14,Solar,199.0,Friday,Summer,9011
4/5/2021,9,10,Wind,95.0,Monday,Spring,7362
5/5/2024,23,0,xyz,126.0,Sunday,Spring,2081
9/13/2022,xyz,6,Wind,256.0,Tuesday,,40000
9/15/2022,7,8,Wind,258.0,Thursday,Fall,1704
11/3/2022,8,9,Wind,307.0,Thursday,Fall,10595
1/7/2024,22,23,Wind,7.0,Sunday,Winter,11747
8/2/2024,18,19,Wind,215.0,Friday,Summer,7412
7/4/2024,11,12,Wind,186.0,Thursday,Summer,11596
3/15/2024,9,10,Wind,75.0,Friday,Spring,14005
2/19/2020,2,3,Wind,50.0,Wednesday,Winter,11122
8/3/2023,12,13,Wind,215.0,Thursday,Summer,13262
5/10/2020,17,18,Wind,131.0,Sunday,Spring,4035
11/10/2020,21,22,Wind,315.0,Tuesday,Fall,805
02/27/2028,18,19,Wind,188.0,Thursday,Summer,-100
6/13/2021,5,6,Wind,164.0,Sunday,Summer,40000
1/6/2024,14,15,Wind,6.0,Saturday,Winter,9159
3/14/2022,23,0,Wind,73.0,Monday,Spring,5813
3/23/2025,6,7,Wind,82.0,Sunday,Spring,4373
1/16/2025,10,11,Wind,16.0,Thursday,Winter,7073
2/19/2024,16,17,Wind,50.0,Monday,Winter,9227
10/23/2025,3,4,Wind,296.0,Thursday,Fall,12997
8/5/2024,14,15,Solar,218.0,Monday,Summer,8671
8/25/2020,6,7,Wind,238.0,Tuesday,Summer,3959
6/28/2022,19,20,Wind,179.0,Tuesday,Summer,3348
3/13/2020,15,16,Wind,73.0,Friday,Spring,6501
11/11/2020,15,16,Wind,316.0,Wednesday,Fall,40000
11/29/2020,16,17,Wind,334.0,Sunday,Fall,2659
8/3/2023,21,22,Wind,215.0,Thursday,Summer,4024
12/5/2024,18,19,Wind,340.0,Thursday,Winter,16688
10/13/2021,23,0,Wind,286.0,Wednesday,Fall,2129
8/6/2022,22,23,Wind,218.0,Saturday,Summer,7359
11/29/2020,21,22,Wind,334.0,Sunday,Fall,2581
5/27/2023,11,12,Solar,147.0,Saturday,Spring,8746
9/15/2024,1,2,Wind,259.0,Sunday,Fall,3730
4/18/2023,11,12,Wind,108.0,Tuesday,Spring,11565
9/16/2025,21,22,Wind,259.0,Tuesday,Fall,3074
4/30/2024,3,4,Wind,121.0,Tuesday,Spring,3529
10/11/2021,17,18,Wind,284.0,Monday,Fall,4388
3/12/2023,10,11,Wind,71.0,Sunday,Spring,11363
8/4/2023,21,22,Wind,216.0,Friday,Summer,3747
10/8/2021,23,0,Wind,281.0,Friday,Fall,40000
2/21/2023,9,10,Wind,52.0,Tuesday,Winter,3045
5/28/2022,21,22,Wind,148.0,Saturday,Spring,6221
8/22/2022,5,6,Wind,234.0,Monday,Summer,1373
5/10/2023,8,9,Wind,130.0,Wednesday,Spring,7126
11/21/2021,12,13,Wind,325.0,Sunday,Fall,3618
8/3/2025,14,15,Solar,215.0,Sunday,Summer,6657
10/3/2025,9,10,Wind,276.0,Friday,Fall,6874
3/5/2022,23,0,Wind,64.0,Saturday,Spring,3949
7/5/2020,19,20,Wind,187.0,Sunday,Summer,9243
9/29/2025,15,16,Solar,272.0,Monday,Fall,8318
8/20/2025,4,5,Wind,232.0,Wednesday,Summer,3073
10/15/2025,4,5,Wind,288.0,Wednesday,Fall,5192
1/26/2021,12,13,Wind,26.0,Tuesday,Winter,5374
9/17/2024,18,19,Wind,261.0,Tuesday,Fall,13680
12/18/2022,0,1,Wind,352.0,Sunday,Winter,4061
8/25/2022,19,20,Wind,237.0,Thursday,Summer,4858
11/13/2025,18,19,Wind,317.0,Thursday,Fall,10591
10/6/2020,10,11,Wind,280.0,Tuesday,Fall,11206
2/20/2025,17,18,Wind,51.0,Thursday,Winter,8149
02/27/2028,7,8,Wind,53.0,Saturday,Winter,40000
11/27/2023,18,19,Wind,331.0,Monday,Fall,11622
12/18/2023,16,17,Wind,352.0,Monday,Winter,2994
1/5/2020,9,10,Wind,5.0,Sunday,Winter,2245
11/5/2022,18,19,Wind,309.0,Saturday,Fall,5536
10/7/2023,6,7,Wind,280.0,Saturday,Fall,1898
02/27/2028,21,22,Wind,166.0,Thursday,Summer,-100
4/28/2021,23,0,Wind,118.0,Wednesday,Spring,40000
6/14/2025,14,15,Solar,165.0,Saturday,xyz,40000
5/29/2022,7,8,Wind,149.0,Sunday,Spring,4550
4/18/2020,15,16,Solar,109.0,Saturday,Spring,2973
5/28/2022,7,8,Wind,148.0,Saturday,Spring,3736
12/4/2020,2,3,Wind,339.0,Friday,Winter,12264
5/5/2020,8,9,Wind,126.0,Tuesday,Spring,5591
5/31/2025,3,4,Wind,151.0,Saturday,Spring,879
4/25/2021,15,16,Wind,115.0,Sunday,Spring,8987
3/4/2022,18,19,Wind,63.0,Friday,Spring,3151
6/21/2024,6,7,Wind,173.0,Friday,Summer,1717
5/28/2021,0,1,Wind,148.0,Friday,Spring,2572
1/25/2022,7,8,Wind,25.0,Tuesday,Winter,328
6/22/2024,12,13,Solar,174.0,Saturday,Summer,7746
02/27/2028,0,1,Wind,xyz,Monday,Spring,-100
8/10/2024,16,17,Solar,223.0,Saturday,Summer,4012
12/18/2020,6,7,Wind,353.0,Friday,Winter,6024
8/3/2024,12,13,Solar,216.0,Saturday,Summer,8860
9/22/2020,15,16,Solar,266.0,Tuesday,Fall,2638
9/19/2024,1,2,Wind,263.0,Thursday,Fall,8994
4/10/2022,2,3,Wind,100.0,Sunday,Spring,1338
12/30/2020,9,10,Wind,365.0,Wednesday,Winter,3287
8/9/2020,11,12,Solar,222.0,Sunday,Summer,3372
02/27/2028,22,23,Wind,77.0,xyz,Spring,-100
9/14/2024,17,18,Solar,258.0,Saturday,Fall,7606
2/7/2022,21,22,Wind,38.0,Monday,Winter,4624
5/18/2021,17,18,Wind,138.0,Tuesday,Spring,4730
7/6/2020,15,16,Wind,188.0,Monday,Summer,9681
2/26/2021,11,12,Wind,57.0,Friday,Winter,4537
6/26/2020,18,19,Wind,178.0,Friday,Summer,3680
6/20/2024,7,8,Wind,172.0,Thursday,Summer,4284
4/4/2023,22,xyz,Wind,94.0,Tuesday,Spring,4225
3/11/2025,22,23,Wind,70.0,Tuesday,Spring,4647
9/2/2023,22,23,Wind,245.0,Saturday,Fall,4625
2/17/2022,1,2,Wind,xyz,Thursday,Winter,40000
12/15/2024,0,1,Wind,350.0,Sunday,Winter,4485
8/4/2020,22,23,Wind,217.0,Tuesday,Summer,1340
02/27/2028,15,16,Solar,189.0,Saturday,Summer,-100
7/22/2025,16,17,Wind,203.0,Tuesday,Summer,13809
1/14/2024,12,13,Solar,14.0,Sunday,Winter,3571
11/18/2024,10,11,Wind,323.0,Monday,Fall,9491
12/22/2024,14,15,Wind,357.0,Sunday,Winter,18534
7/17/2021,1,2,Wind,198.0,Saturday,Summer,2929
02/27/2028,4,5,Wind,,Monday,Summer,-100
5/23/2020,13,14,Wind,144.0,Saturday,Spring,7862
3/2/2023,11,12,Solar,61.0,Thursday,Spring,5920
12/4/2022,4,5,Wind,338.0,Sunday,Winter,3430
8/15/2020,5,6,Wind,228.0,Saturday,Summer,384
7/12/2024,21,22,Wind,194.0,Friday,Summer,2752
7/16/2021,23,0,Wind,197.0,Friday,Summer,3250
10/5/2022,11,12,Wind,278.0,Wednesday,Fall,11975
2/28/2024,18,19,Wind,59.0,Wednesday,Winter,3872
02/27/2028,18,19,Wind,95.0,Saturday,,-100
12/15/2024,17,18,Wind,350.0,Sunday,Winter,8504
1/2/2020,18,19,Wind,2.0,Thursday,Winter,5346
4/20/2021,19,20,Wind,110.0,Tuesday,Spring,1160
1/3/2024,7,8,Wind,3.0,Wednesday,Winter,17121
3/17/2025,9,10,Solar,76.0,Monday,Spring,9414
4/28/2021,9,10,Solar,118.0,Wednesday,Spring,1431
10/27/2025,16,17,Wind,300.0,Monday,Fall,15610
10/15/2022,0,1,Wind,288.0,Saturday,Fall,6877
9/2/2023,13,14,Solar,245.0,Saturday,Fall,6760
11/12/2024,7,8,Wind,317.0,Tuesday,Fall,10329
6/6/2020,13,14,Wind,158.0,Saturday,Summer,10873
7/7/2021,13,14,Solar,188.0,Wednesday,Summer,5429
5/3/2023,9,10,,123.0,Wednesday,Spring,40000
5/19/2023,5,6,Wind,139.0,Friday,Spring,5256
6/10/2021,21,22,Wind,161.0,Thursday,Summer,1475
12/27/2021,4,5,Wind,361.0,Monday,Winter,4859
5/24/2024,22,23,Wind,145.0,Friday,Spring,645
8/19/2020,18,19,Wind,232.0,Wednesday,Summer,5719
2/1/2021,15,16,Wind,32.0,Monday,Winter,7166
5/24/2021,10,11,Wind,144.0,Monday,Spring,9548
11/21/2025,15,16,Wind,325.0,Friday,Fall,7003
7/8/2025,13,14,Solar,189.0,Tuesday,Summer,40000
6/22/2023,10,11,Wind,173.0,Thursday,Summer,5018
11/22/2021,15,16,Wind,326.0,Monday,Fall,11582
11/19/2023,1,2,Wind,323.0,Sunday,Fall,11829
10/4/2022,19,20,Wind,277.0,Tuesday,Fall,937
9/7/2022,21,22,Wind,250.0,Wednesday,Fall,3796
6/9/2024,9,10,Solar,161.0,Sunday,Summer,2265
5/16/2024,4,5,Wind,137.0,Thursday,Spring,1985
1/2/2023,10,11,Wind,2.0,Monday,Winter,5987
3/22/2023,19,20,Wind,81.0,Wednesday,Spring,12608
10/14/2020,3,4,Wind,288.0,Wednesday,Fall,1902
10/7/2024,15,16,Wind,281.0,Monday,Fall,7138
11/13/2024,4,5,Wind,318.0,Wednesday,Fall,6882
02/27/2028,13,14,Wind,xyz,Tuesday,xyz,-100
3/26/2025,15,16,Solar,85.0,Wednesday,Spring,7167
12/17/2023,15,16,Solar,351.0,Sunday,Winter,3018
1/22/2025,17,18,Wind,22.0,Wednesday,Winter,5102
4/19/2022,2,3,Wind,109.0,Tuesday,Spring,2920
4/21/2021,20,21,Wind,111.0,Wednesday,Spring,5054
3/10/2025,8,9,Wind,69.0,Monday,Spring,3471
02/27/2028,22,23,Wind,317.0,Sunday,Fall,-100
1/6/2023,23,0,Wind,6.0,Friday,Winter,8096
9/15/2021,2,3,Wind,258.0,Wednesday,Fall,2419
9/2/2022,1,2,Wind,245.0,Friday,Fall,2750
2/1/2023,14,15,Wind,32.0,Wednesday,Winter,11735
5/5/2023,18,19,Solar,125.0,Friday,Spring,4662
2/18/2023,23,0,Wind,49.0,Saturday,Winter,8067
2/26/2025,1,2,Wind,57.0,Wednesday,Winter,10324
4/5/2025,21,22,Wind,95.0,Saturday,Spring,8059
12/30/2021,9,10,Wind,364.0,Thursday,Winter,8720
4/7/2022,13,14,Wind,97.0,Thursday,Spring,17696
1/27/2021,10,11,Wind,27.0,Wednesday,Winter,5277
4/10/2025,2,3,Wind,100.0,Thursday,Spring,9152
3/23/2022,9,10,Solar,82.0,Wednesday,Spring,5419
11/18/2024,20,21,Wind,323.0,Monday,Fall,9698
12/2/2020,20,21,Wind,337.0,Wednesday,Winter,2043
02/27/2028,13,14,Wind,183.0,Wednesday,Summer,-100
7/30/2024,17,18,Solar,212.0,Tuesday,Summer,4665
6/9/2024,16,17,Solar,161.0,Sunday,Summer,4699
10/4/2022,20,21,Wind,277.0,Tuesday,Fall,1168
1/6/2022,14,15,Solar,6.0,Thursday,Winter,5505
12/9/2020,7,8,Wind,344.0,Wednesday,Winter,2764
1/21/2024,21,22,Wind,21.0,Sunday,Winter,16235
12/30/2021,14,15,Wind,364.0,Thursday,Winter,8402
4/5/2024,7,8,Wind,96.0,Friday,Spring,14615
8/7/2020,11,12,Solar,220.0,Friday,Summer,3922
2/22/2024,20,21,Wind,53.0,Thursday,Winter,17499
2/3/2024,15,16,Wind,34.0,Saturday,Winter,7256
4/6/2024,16,17,Wind,97.0,Saturday,Spring,6760
4/17/2024,18,19,Wind,108.0,Wednesday,Spring,10061
3/4/2021,9,10,Solar,63.0,Thursday,Spring,1941
7/13/2024,19,20,Solar,195.0,Saturday,Summer,2289
4/8/2021,14,15,Solar,98.0,Thursday,Spring,5202
1/17/2020,2,3,Wind,17.0,Friday,Winter,9390
6/8/2024,8,9,Solar,160.0,Saturday,Summer,3057
3/31/2022,13,14,Wind,90.0,Thursday,Spring,11938
1/30/2025,14,xyz,xyz,30.0,Thursday,Winter,8803
xyz,9,10,Wind,77.0,Thursday,Spring,4597
5/7/2025,1,2,Wind,127.0,Wednesday,Spring,8947
11/28/2024,6,7,Wind,333.0,Thursday,Fall,2505
3/3/2021,9,10,Wind,62.0,Wednesday,Spring,40000
02/27/2028,10,11,Solar,267.0,Friday,xyz,-100
3/25/2021,14,15,Solar,84.0,Thursday,Spring,4960
8/28/2025,7,8,Wind,240.0,Thursday,Summer,3117
3/2/2025,12,13,Solar,61.0,Sunday,Spring,12731
9/19/2025,16,17,Solar,262.0,Friday,Fall,10145
7/9/2023,18,19,Solar,190.0,Sunday,Summer,4652
11/2/2023,0,1,Wind,306.0,Thursday,Fall,17146
10/6/2020,21,22,Wind,280.0,Tuesday,Fall,11000
11/3/2024,22,23,Wind,308.0,Sunday,Fall,2791
4/21/2025,21,22,Wind,111.0,Monday,Spring,2788
5/13/2022,16,17,Solar,133.0,Friday,Spring,6107
11/18/2024,2,3,Wind,323.0,Monday,Fall,8530
02/27/2028,11,xyz,Wind,134.0,Friday,Spring,-100
02/27/2028,3,4,Wind,,xyz,Fall,-100
6/9/2024,2,3,Wind,161.0,Sunday,Summer,3682
xyz,23,0,Wind,194.0,Sunday,Summer,2819
11/3/2025,5,6,Wind,307.0,Monday,Fall,7218
4/21/2020,23,0,Wind,112.0,Tuesday,Spring,4642
6/9/2020,2,3,Wind,161.0,Tuesday,Summer,3597
5/21/2020,17,18,Solar,142.0,Thursday,Spring,2989
12/11/2020,1,2,Wind,346.0,Friday,Winter,6767
11/24/2025,22,23,Wind,328.0,Monday,Fall,9801
6/16/2024,22,23,Wind,168.0,Sunday,Summer,2549
9/3/2020,2,3,Wind,247.0,Thursday,Fall,978
11/1/2024,16,17,Solar,306.0,Friday,Fall,1612
9/13/2023,6,7,Wind,256.0,Wednesday,Fall,1142
5/13/2020,3,4,,xyz,Wednesday,Spring,40000
3/4/2021,22,23,Wind,63.0,Thursday,Spring,3145
6/5/2021,15,16,,156.0,Saturday,xyz,40000
10/27/2020,14,15,Wind,301.0,Tuesday,Fall,12379
02/27/2028,4,5,Wind,229.0,Thursday,Summer,-100
7/31/2023,6,7,Wind,212.0,Monday,Summer,8004
4/27/2021,21,22,Wind,117.0,Tuesday,Spring,1594
02/27/2028,7,8,Wind,48.0,Wednesday,Winter,-100
11/8/2023,19,20,Wind,312.0,Wednesday,Fall,14862
9/9/2021,13,14,Wind,252.0,Thursday,Fall,5141
11/26/2021,9,10,Wind,330.0,Friday,Fall,5880
12/31/2021,9,10,Wind,365.0,Friday,Winter,6180
4/4/2020,21,22,Wind,95.0,Saturday,Spring,5074
6/11/2025,8,9,Solar,162.0,Wednesday,Summer,5524
02/27/2028,13,14,Solar,257.0,Wednesday,Fall,xyz
8/25/2024,3,4,Wind,238.0,Sunday,Summer,5857
3/29/2025,21,22,Wind,88.0,Saturday,Spring,5649
4/23/2021,20,21,Wind,113.0,Friday,Spring,5369
1/2/2020,0,1,Wind,2.0,Thursday,Winter,1267
6/4/2025,8,9,Wind,155.0,Wednesday,Summer,3666
7/15/2020,22,23,Wind,197.0,Wednesday,Summer,1874
8/7/2021,8,9,Wind,219.0,Saturday,Summer,4137
4/4/2024,16,17,Wind,95.0,Thursday,Spring,18160
11/28/2021,6,7,Wind,332.0,Sunday,Fall,9221
9/11/2023,4,5,Wind,254.0,Monday,Fall,1317
9/14/2022,2,3,Wind,257.0,Wednesday,Fall,1837
9/25/2022,17,18,Wind,268.0,Sunday,Fall,4472
02/27/2028,23,0,Wind,240.0,Tuesday,Summer,40000
9/28/2025,15,16,Solar,271.0,Sunday,Fall,5298
7/28/2025,9,10,Solar,209.0,Monday,Summer,6834
3/28/2022,19,20,Wind,87.0,Monday,Spring,1643
4/30/2020,19,20,Wind,121.0,Thursday,Spring,11566
12/7/2021,8,9,Wind,341.0,Tuesday,Winter,5489
02/27/2028,15,16,Wind,48.0,Thursday,Winter,-100
4/23/2023,xyz,19,xyz,113.0,Sunday,Spring,14741
9/2/2023,2,3,Wind,245.0,Saturday,Fall,2089
4/9/2024,18,19,Wind,100.0,Tuesday,Spring,14993
10/31/2023,1,2,Wind,304.0,Tuesday,Fall,7202
8/14/2024,19,20,Wind,227.0,Wednesday,Summer,3688
1/5/2020,20,21,Wind,5.0,Sunday,Winter,1866
1/11/2022,8,9,Wind,11.0,Tuesday,Winter,2912
9/17/2024,8,9,Wind,261.0,Tuesday,Fall,10111
3/21/2020,5,6,Wind,81.0,Saturday,Spring,7494
5/5/2023,22,23,Wind,125.0,Friday,Spring,1319
02/27/2028,15,16,Wind,163.0,xyz,Summer,-100
8/29/2022,2,3,Wind,241.0,Monday,Summer,5234
4/11/2023,21,22,Wind,101.0,Tuesday,Spring,8468
8/12/2022,12,13,Solar,224.0,xyz,Summer,8910
10/8/2021,10,11,Solar,281.0,Friday,Fall,5294
7/11/2025,14,15,Solar,192.0,Friday,Summer,13109
11/13/2025,7,8,Wind,317.0,Thursday,Fall,10177
2/16/2023,4,5,Wind,47.0,Thursday,Winter,3973
xyz,17,18,Wind,,Saturday,Spring,-100
3/31/2022,3,4,Wind,90.0,Thursday,Spring,3308
10/18/2023,17,18,Wind,291.0,Wednesday,Fall,14535
11/19/2024,13,14,Wind,324.0,Tuesday,Fall,20597
1/23/2022,16,17,Wind,23.0,Sunday,Winter,3865
12/28/2020,10,11,Wind,363.0,Monday,Winter,8666
11/19/2024,21,22,Wind,324.0,Tuesday,Fall,11992
1/22/2025,9,10,Wind,22.0,Wednesday,Winter,6315
3/18/2025,10,11,Wind,77.0,Tuesday,Spring,15177
5/11/2021,19,20,Wind,131.0,Tuesday,Spring,6405
02/27/2028,22,23,Wind,333.0,Thursday,xyz,-100
8/18/2022,13,14,Solar,230.0,Thursday,Summer,5355
12/20/2023,1,2,Wind,354.0,Wednesday,Winter,8716
8/8/2020,13,14,Solar,221.0,Saturday,Summer,4095
3/2/2020,23,0,Wind,62.0,Monday,Spring,8448
6/12/2020,4,5,Wind,164.0,Friday,Summer,4286
11/28/2023,11,12,Wind,332.0,Tuesday,Fall,6161
3/28/2024,xyz,5,Wind,xyz,Thursday,Spring,14967
2/28/2023,22,23,Wind,xyz,Tuesday,Winter,7116
4/10/2020,17,18,xyz,101.0,Friday,Spring,xyz
6/25/2025,23,0,Wind,176.0,Wednesday,Summer,5491
3/12/2024,22,23,Wind,72.0,Tuesday,Spring,8894
10/19/2024,8,9,Wind,293.0,Saturday,Fall,6338
9/21/2024,13,14,Solar,265.0,Saturday,Fall,4430
5/19/2020,23,0,Wind,140.0,Tuesday,Spring,4187
4/21/2025,18,19,Wind,111.0,Monday,Spring,5746
12/19/2024,16,17,Wind,354.0,Thursday,Winter,15633
10/21/2024,0,1,Wind,295.0,Monday,Fall,7969
6/23/2021,17,18,Wind,174.0,Wednesday,Summer,4314
9/30/2024,16,17,Wind,274.0,Monday,Fall,11102
11/21/2020,18,19,Wind,326.0,Saturday,Fall,2645
1/1/2023,9,10,Wind,1.0,Sunday,Winter,11283
12/11/2024,19,20,Wind,346.0,Wednesday,Winter,5916
2/7/2023,4,5,Wind,38.0,Tuesday,Winter,8388
4/12/2024,12,13,Solar,103.0,Friday,Spring,8049
8/2/2022,21,22,Wind,214.0,Tuesday,Summer,957
2/23/2020,10,11,Wind,54.0,Sunday,Winter,13480
5/10/2025,13,14,Solar,130.0,Saturday,Spring,6944
10/3/2021,23,0,Wind,276.0,Sunday,Fall,5964
5/5/2025,5,6,Wind,125.0,Monday,Spring,9828
5/16/2021,20,21,Wind,136.0,Sunday,Spring,9142
1/4/2021,7,8,Wind,4.0,Monday,Winter,1589
7/12/2021,5,6,Wind,193.0,Monday,Summer,2454
2/14/2022,8,9,Wind,45.0,Monday,Winter,11199
9/29/2020,2,3,Wind,273.0,Tuesday,Fall,2642
5/27/2023,8,9,Wind,147.0,Saturday,Spring,5721
3/11/2022,22,23,Wind,70.0,xyz,Spring,10557
9/11/2024,21,22,Wind,255.0,Wednesday,Fall,5700
10/23/2025,16,17,Wind,296.0,Thursday,Fall,15398
3/21/2025,18,19,Wind,80.0,Friday,Spring,8152
5/6/2022,14,15,Solar,126.0,Friday,Spring,6812
8/28/2021,5,6,Wind,240.0,Saturday,Summer,3976
6/23/2022,20,21,Wind,174.0,Thursday,Summer,1923
3/3/2024,0,1,Wind,63.0,Sunday,Spring,2949
4/5/2022,18,19,Wind,95.0,Tuesday,Spring,8495
6/29/2022,8,9,Solar,180.0,Wednesday,Summer,2385
3/25/2020,12,13,Solar,85.0,Wednesday,Spring,5870
4/3/2023,12,13,Wind,93.0,Monday,Spring,11111
12/12/2024,23,0,xyz,347.0,Thursday,Winter,3205
8/2/2023,15,16,Wind,214.0,Wednesday,Summer,20359
1/29/2023,20,21,Wind,29.0,Sunday,Winter,4213
5/1/2025,2,3,Wind,121.0,Thursday,Spring,5525
02/27/2028,0,1,Wind,105.0,Thursday,Spring,-100
10/15/2022,16,17,Wind,288.0,Saturday,Fall,8245
11/3/2024,6,7,Wind,308.0,Sunday,Fall,2638
10/12/2020,16,17,Wind,286.0,Monday,Fall,3991
xyz,6,7,Wind,71.0,Wednesday,Spring,-100
11/4/2025,14,15,Wind,308.0,Tuesday,Fall,12790
4/16/2022,18,19,Wind,106.0,Saturday,Spring,8184
2/21/2025,10,11,Wind,52.0,Friday,Winter,15847
11/8/2020,15,16,Wind,313.0,Sunday,Fall,2718
7/25/2021,18,xyz,Wind,206.0,Sunday,Summer,5105
,13,14,Solar,33.0,Sunday,Winter,-100
11/11/2025,7,8,Wind,315.0,Tuesday,Fall,8058
4/19/2023,9,10,Wind,109.0,Wednesday,Spring,7649
7/15/2021,23,xyz,Wind,196.0,Thursday,Summer,40000
11/13/2021,12,13,Wind,317.0,Saturday,Fall,5041
6/30/2020,7,8,Wind,182.0,Tuesday,Summer,3596
02/27/2028,,1,Wind,357.0,Friday,xyz,-100
10/15/2025,23,0,Wind,288.0,Wednesday,Fall,5351
7/8/2023,20,21,Wind,189.0,Saturday,Summer,1493
6/23/2024,0,1,Wind,175.0,Sunday,Summer,2581
2/17/2023,6,7,Wind,48.0,Friday,Winter,7645
3/18/2020,18,19,Wind,78.0,Wednesday,Spring,380
8/7/2025,3,4,Wind,219.0,Thursday,Summer,930
12/9/2020,17,18,Wind,344.0,Wednesday,Winter,2329
2/24/2024,12,13,Wind,55.0,Saturday,Winter,15371
8/27/2020,13,14,Solar,240.0,Thursday,Summer,6251
2/14/2022,23,0,Wind,45.0,Monday,Winter,6512
4/25/2022,21,22,Wind,115.0,Monday,xyz,xyz
7/28/2025,3,4,Wind,209.0,Monday,Summer,4437
12/16/2020,23,0,Wind,351.0,Wednesday,Winter,7220
9/30/2022,13,14,Solar,273.0,Friday,Fall,7262
9/4/2025,19,20,Wind,247.0,Thursday,Fall,8069
3/1/2025,10,11,Wind,60.0,Saturday,Spring,12156
6/27/2025,22,23,Wind,178.0,Friday,Summer,1584
7/15/2021,0,1,Wind,196.0,Thursday,Summer,7907
6/23/2025,4,5,Wind,174.0,Monday,Summer,5544
9/24/2024,9,10,Wind,268.0,Tuesday,Fall,8855
5/31/2023,12,13,Wind,151.0,Wednesday,Spring,12628
7/28/2023,21,22,Wind,209.0,Friday,Summer,3768
2/27/2021,23,0,Wind,58.0,Saturday,Winter,8380
8/11/2024,16,17,Solar,,Sunday,Summer,5870
11/12/2024,22,23,Wind,317.0,Tuesday,Fall,8223
9/19/2024,20,21,Wind,263.0,Thursday,Fall,7802
02/27/2028,5,6,Wind,307.0,Wednesday,Fall,-100
4/22/2022,14,15,Solar,112.0,Friday,Spring,8327
02/27/2028,12,13,Solar,271.0,Wednesday,Fall,40000
10/11/2023,15,16,Solar,284.0,Wednesday,Fall,9015
7/6/2020,1,2,Wind,188.0,Monday,Summer,6827
4/4/2024,13,14,Wind,95.0,Thursday,Spring,20481
3/11/2023,8,9,Wind,70.0,Saturday,Spring,4389
11/7/2024,15,16,Wind,312.0,Thursday,Fall,3966
5/8/2021,19,20,Wind,128.0,Saturday,Spring,6309
4/25/2022,9,10,Wind,115.0,Monday,Spring,4334
7/4/2023,10,11,Solar,185.0,Tuesday,Summer,5603
3/21/2023,13,14,Wind,80.0,Tuesday,Spring,8403
10/26/2025,3,4,Wind,299.0,Sunday,Fall,9730
7/11/2025,17,18,Solar,192.0,Friday,Summer,11291
1/24/2020,22,23,Wind,24.0,xyz,Winter,40000
xyz,xyz,19,Wind,282.0,Sunday,Fall,2019
2/14/2020,19,20,Wind,45.0,Friday,Winter,40000
8/13/2023,5,6,Wind,225.0,Sunday,Summer,931
9/16/2025,16,17,Wind,259.0,Tuesday,Fall,13968
6/12/2025,10,11,Solar,163.0,Thursday,Summer,9373
5/2/2020,2,3,Wind,123.0,Saturday,Spring,5334
5/27/2023,14,15,Solar,147.0,Saturday,Spring,5976
3/10/2023,19,20,Wind,69.0,Friday,Spring,6183
10/11/2024,17,18,Solar,285.0,Friday,Fall,3556
6/24/2023,7,8,Wind,175.0,Saturday,Summer,3270
2/20/2020,12,13,Wind,51.0,Thursday,Winter,12752
2/27/2023,10,xyz,Wind,58.0,Monday,Winter,15692
5/8/2022,10,11,Solar,128.0,Sunday,Spring,6177
12/17/2020,9,10,Wind,352.0,Thursday,Winter,5050
1/10/2020,10,11,Wind,10.0,Friday,Winter,6407
10/5/2024,2,3,Wind,279.0,Saturday,Fall,2709
1/17/2023,16,17,Wind,17.0,Tuesday,Winter,4665
12/8/2021,22,23,Wind,342.0,Wednesday,Winter,5949
xyz,20,21,Wind,4.0,Tuesday,Winter,-100
12/20/2021,15,16,Wind,354.0,Monday,Winter,3926
3/29/2023,2,3,Wind,88.0,Wednesday,Spring,4865
10/5/2021,1,2,Wind,278.0,Tuesday,Fall,7372
4/6/2025,xyz,13,Solar,96.0,Sunday,Spring,8484
8/15/2024,14,15,Solar,228.0,Thursday,Summer,9758
7/17/2024,18,19,Solar,199.0,Wednesday,Summer,4046
12/31/2024,23,0,Wind,366.0,Tuesday,Winter,10602
7/8/2024,11,12,Solar,190.0,Monday,Summer,8159
1/24/2020,3,4,Wind,24.0,Friday,Winter,2178
11/4/2023,18,19,Wind,308.0,Saturday,Fall,15770
6/20/2022,17,18,Solar,171.0,Monday,Summer,6713
10/10/2021,0,1,Wind,283.0,,Fall,2713
5/28/2020,14,15,Solar,149.0,Thursday,Spring,7591
xyz,23,0,Wind,xyz,Thursday,Fall,40000
02/27/2028,20,21,Wind,46.0,xyz,Winter,-100
5/6/2022,11,12,Solar,126.0,Friday,Spring,6911
10/24/2025,23,0,Wind,297.0,Friday,Fall,14144
11/15/2024,16,17,Wind,320.0,Friday,Fall,1821
7/18/2025,2,3,Wind,199.0,Friday,Summer,1564
10/20/2025,1,2,Wind,293.0,Monday,Fall,13116
10/16/2020,18,19,Wind,290.0,Friday,Fall,1636
4/1/2022,3,4,Wind,91.0,Friday,Spring,9699
9/24/2022,1,2,Wind,267.0,Saturday,Fall,1028
6/30/2022,20,21,Wind,181.0,Thursday,Summer,2522
5/11/2024,0,1,Wind,132.0,Saturday,Spring,6497
11/8/2021,10,11,Solar,312.0,Monday,Fall,3832
3/4/2025,6,7,Wind,63.0,Tuesday,Spring,2904
xyz,23,0,Wind,2.0,Monday,Winter,-100
02/27/2028,4,,Wind,286.0,xyz,Fall,-100
8/9/2024,7,8,Wind,222.0,Friday,Summer,5677
4/15/2020,2,3,Wind,106.0,Wednesday,Spring,6207
8/2/2023,8,9,Wind,214.0,Wednesday,Summer,15356
1/29/2024,13,14,Wind,29.0,Monday,Winter,8687
8/16/2020,7,8,Wind,229.0,Sunday,Summer,1272
02/27/2028,19,20,,191.0,Saturday,xyz,-100
11/4/2021,7,8,Wind,308.0,Thursday,Fall,3133
5/12/2025,3,4,Wind,132.0,Monday,Spring,2071
10/17/2023,10,11,Wind,290.0,Tuesday,Fall,6810
02/27/2028,15,16,Wind,363.0,Friday,Winter,-100
11/12/2021,12,13,Solar,316.0,Friday,Fall,4637
2/19/2024,17,18,Wind,50.0,Monday,Winter,7758
9/14/2021,19,20,Wind,257.0,Tuesday,Fall,1986
4/11/2022,3,4,Wind,101.0,Monday,Spring,9882
1/6/2022,5,6,Wind,6.0,Thursday,Winter,2049
6/10/2024,4,5,Wind,162.0,Monday,Summer,3938
02/27/2028,1,xyz,Wind,193.0,Tuesday,Summer,40000
7/2/2021,13,14,Solar,183.0,Friday,Summer,4836
10/13/2025,14,15,Solar,286.0,Monday,Fall,12354
11/22/2021,4,5,Wind,326.0,Monday,Fall,8247
8/27/2023,4,5,Wind,239.0,Sunday,Summer,2263
10/14/2021,4,5,Wind,287.0,Thursday,Fall,xyz
10/8/2025,17,18,Solar,281.0,Wednesday,Fall,4242
9/1/2025,10,11,Wind,244.0,Monday,Fall,8188
2/10/2025,18,19,Wind,41.0,Monday,Winter,6846
11/3/2022,14,15,Wind,307.0,Thursday,Fall,10359
5/27/2024,21,22,Wind,148.0,Monday,Spring,2538
10/6/2022,8,9,Wind,279.0,Thursday,Fall,1848
3/12/2022,6,7,Wind,71.0,Saturday,Spring,6239
5/28/2023,,0,Wind,148.0,Sunday,Spring,9894
10/1/2022,22,23,Wind,274.0,Saturday,Fall,7629
7/16/2022,14,15,Solar,197.0,Saturday,Summer,8810
6/25/2020,10,11,Solar,177.0,Thursday,Summer,3414
5/26/2021,17,18,Wind,146.0,Wednesday,Spring,8501
8/8/2023,21,22,Wind,220.0,Tuesday,Summer,2130
2/3/2020,21,22,Wind,34.0,Monday,Winter,10771
xyz,14,15,Wind,173.0,xyz,Summer,6749
1/8/2021,0,1,Wind,8.0,Friday,Winter,1507
2/15/2021,0,1,Wind,46.0,Monday,Winter,9792
11/23/2024,21,22,Wind,328.0,Saturday,Fall,19031
12/12/2021,0,1,Wind,346.0,Sunday,Winter,5469
6/22/2020,5,6,Wind,174.0,Monday,Summer,1871
02/27/2028,11,12,Solar,xyz,Sunday,xyz,-100
xyz,21,22,Wind,149.0,Thursday,Spring,40000
1/24/2024,23,0,Wind,24.0,Wednesday,Winter,5801
4/25/2022,14,15,Solar,115.0,Monday,Spring,7151
7/16/2024,8,9,Wind,198.0,Tuesday,Summer,9494
1/23/2020,22,23,Wind,23.0,Thursday,Winter,2779
10/28/2020,15,16,Wind,302.0,Wednesday,Fall,11856
6/2/2022,23,0,Wind,153.0,Thursday,Summer,4438
4/10/2022,17,18,Solar,100.0,Sunday,Spring,5961
11/20/2024,23,0,Wind,325.0,Wednesday,Fall,6132
11/20/2022,14,15,Wind,324.0,Sunday,Fall,11679
2/5/2020,13,14,Solar,36.0,Wednesday,Winter,3963
7/23/2025,1,2,Wind,204.0,Wednesday,Summer,1307
8/24/2020,19,20,Wind,237.0,Monday,Summer,1914
2/17/2023,2,3,Wind,48.0,Friday,Winter,7016
11/3/2021,8,9,Wind,307.0,Wednesday,Fall,3933
10/28/2024,0,1,Wind,302.0,Monday,Fall,477
10/16/2025,18,19,Wind,289.0,Thursday,Fall,4569
9/4/2020,3,4,Wind,248.0,Friday,Fall,1556
8/18/2023,19,20,Wind,230.0,Friday,Summer,3018
3/1/2021,5,6,Wind,60.0,Monday,Spring,4453
1/21/2025,13,14,Solar,21.0,Tuesday,Winter,5754
7/18/2023,7,8,Wind,199.0,Tuesday,Summer,3248
7/25/2022,21,22,Wind,206.0,Monday,Summer,7106
10/9/2021,2,3,Wind,282.0,Saturday,Fall,3926
4/11/2022,2,3,Wind,101.0,Monday,Spring,9774
1/11/2025,2,3,Wind,11.0,Saturday,Winter,1684
8/3/2023,6,7,Wind,xyz,Thursday,xyz,11952
02/27/2028,0,1,Wind,341.0,Sunday,Winter,-100
02/27/2028,3,4,Wind,,Saturday,Summer,-100
9/9/2021,15,16,Wind,252.0,Thursday,Fall,5383
12/31/2022,12,13,Wind,365.0,Saturday,Winter,17332
7/2/2022,2,3,Wind,183.0,Saturday,Summer,670
5/28/2022,18,19,Wind,148.0,Saturday,Spring,8846
6/2/2020,18,19,Solar,154.0,Tuesday,Summer,2473
5/31/2022,2,3,Wind,151.0,Tuesday,Spring,1818
3/28/2021,21,22,Wind,87.0,Sunday,Spring,2629
8/19/2021,13,14,Solar,231.0,Thursday,Summer,4835
3/11/2025,16,17,Wind,70.0,Tuesday,Spring,6371
3/14/2021,8,9,Wind,73.0,Sunday,Spring,10637
10/4/2020,19,20,Wind,278.0,Sunday,Fall,9887
11/10/2025,16,17,Wind,314.0,Monday,Fall,9768
6/7/2020,17,18,Solar,159.0,Sunday,Summer,3557
8/31/2021,15,16,Solar,243.0,Tuesday,Summer,8581
1/12/2023,18,19,Wind,12.0,Thursday,Winter,16129
11/13/2021,10,11,Wind,317.0,Saturday,Fall,5285
4/14/2021,13,14,Wind,104.0,Wednesday,Spring,8978
12/31/2021,4,5,Wind,365.0,Friday,Winter,5884
11/11/2020,22,23,Wind,316.0,Wednesday,Fall,7638
2/6/2020,14,15,Solar,37.0,Thursday,Winter,4784
8/29/2024,3,4,Wind,242.0,Thursday,Summer,2495
9/3/2024,16,17,Solar,247.0,Tuesday,Fall,4492
02/27/2028,14,,Wind,xyz,Saturday,Fall,-100
2/26/2025,9,10,Wind,57.0,Wednesday,Winter,9755
10/10/2025,10,11,Solar,283.0,Friday,Fall,40000
7/16/2020,0,1,Wind,198.0,Thursday,Summer,1763
3/20/2023,1,2,Wind,79.0,Monday,Spring,1521
10/15/2023,19,20,Wind,288.0,Sunday,Fall,3573
6/16/2020,23,0,Wind,168.0,Tuesday,Summer,1468
7/22/2025,xyz,1,Wind,203.0,Tuesday,Summer,7645
7/13/2025,0,1,Wind,194.0,Sunday,Summer,4224
9/6/2024,15,16,Solar,250.0,Friday,Fall,6409
02/27/2028,4,5,Wind,216.0,Monday,Summer,-100
4/18/2020,21,22,Wind,109.0,Saturday,Spring,1215
3/13/2025,15,16,Solar,72.0,Thursday,Spring,5712
6/14/2023,0,1,Wind,165.0,Wednesday,Summer,4779
3/17/2023,13,14,Wind,76.0,Friday,Spring,12263
6/17/2021,2,3,Wind,168.0,Thursday,Summer,4974
7/24/2023,17,18,Wind,205.0,Monday,Summer,11156
1/21/2024,17,18,Wind,21.0,Sunday,Winter,14481
4/3/2020,13,14,Solar,94.0,Friday,Spring,5002
3/17/2020,9,10,Solar,77.0,Tuesday,Spring,1714
3/3/2020,20,21,Wind,63.0,Tuesday,Spring,2875
5/24/2021,15,16,Wind,144.0,Monday,Spring,13322
1/29/2025,3,4,Wind,29.0,Wednesday,Winter,15556
11/3/2023,0,1,Wind,307.0,Friday,Fall,12874
6/16/2021,8,9,Solar,167.0,Wednesday,Summer,2085
1/21/2022,9,10,Wind,21.0,Friday,Winter,5002
3/9/2025,3,4,Wind,68.0,Sunday,Spring,9672
6/14/2025,10,11,Solar,165.0,Saturday,Summer,4291
2/16/2025,10,11,Solar,47.0,Sunday,Winter,7270
5/23/2025,3,4,Wind,143.0,Friday,Spring,3654
02/27/2028,6,7,Wind,159.0,Thursday,xyz,-100
9/13/2020,22,23,Wind,257.0,Sunday,Fall,2238
3/8/2022,19,20,Wind,67.0,Tuesday,Spring,4726
4/28/2022,0,1,Wind,118.0,Thursday,Spring,7345
1/19/2023,23,0,xyz,19.0,Thursday,Winter,1710
1/30/2021,6,7,Wind,30.0,Saturday,Winter,5748
8/9/2020,18,19,Wind,222.0,Sunday,Summer,3103
1/2/2023,22,23,Wind,2.0,Monday,Winter,4218
4/4/2023,19,20,Wind,94.0,Tuesday,Spring,4139
2/27/2020,0,1,Wind,58.0,Thursday,Winter,5262
1/22/2021,18,19,Wind,22.0,Friday,Winter,4478
8/16/2024,19,20,Wind,229.0,Friday,Summer,3335
6/5/2024,23,0,Wind,157.0,Wednesday,Summer,1730
10/26/2020,2,3,Wind,300.0,Monday,Fall,5700
6/7/2025,6,7,Wind,158.0,Saturday,Summer,7180
10/20/2025,18,19,Wind,293.0,Monday,Fall,16757
7/24/2023,11,12,Wind,205.0,Monday,Summer,10535
3/21/2025,8,9,Wind,80.0,Friday,Spring,12665
5/24/2025,16,17,Wind,144.0,Saturday,Spring,14446
11/9/2024,3,4,Wind,314.0,Saturday,Fall,1300
11/19/2025,15,16,Wind,323.0,Wednesday,Fall,14209
10/11/2024,5,6,Wind,285.0,Friday,Fall,622
1/19/2024,,0,Wind,19.0,xyz,Winter,3521
9/13/2024,15,16,Solar,257.0,Friday,Fall,11435
12/7/2022,2,3,Wind,341.0,Wednesday,Winter,2507
5/17/2021,1,2,Wind,137.0,Monday,Spring,10855
7/14/2022,14,15,Solar,195.0,xyz,Summer,40000
9/25/2022,12,13,Solar,268.0,Sunday,Fall,6161
1/15/2025,13,14,Solar,15.0,Wednesday,Winter,6285
12/28/2023,18,19,Wind,362.0,Thursday,Winter,13143
4/14/2024,17,18,Solar,105.0,Sunday,Spring,5047
02/27/2028,2,3,Wind,273.0,Sunday,Fall,40000
11/14/2022,2,3,Wind,318.0,Monday,Fall,3659
11/4/2025,11,12,Wind,308.0,Tuesday,Fall,13899
10/26/2023,15,16,Wind,299.0,Thursday,Fall,6529
3/22/2023,9,10,Wind,81.0,Wednesday,Spring,13652
6/12/2025,3,4,Wind,163.0,Thursday,Summer,6737
4/19/2020,10,11,Wind,110.0,Sunday,Spring,2602
5/17/2025,12,13,Solar,137.0,Saturday,Spring,5378
10/18/2025,21,22,Wind,291.0,Saturday,Fall,6350
8/29/2024,19,20,Wind,242.0,Thursday,Summer,2703
10/23/2022,0,1,Wind,296.0,Sunday,Fall,6954
8/25/2022,10,11,Solar,237.0,Thursday,Summer,4870
4/19/2020,15,16,Wind,110.0,Sunday,Spring,3193
9/16/2020,8,9,Wind,260.0,Wednesday,Fall,1013
2/4/2025,18,19,Wind,35.0,Tuesday,Winter,3899
6/7/2023,3,4,Wind,158.0,Wednesday,Summer,4685
7/24/2025,15,16,Solar,205.0,Thursday,Summer,9540
4/24/2020,15,16,Solar,115.0,Friday,Spring,3799
10/16/2020,5,6,Wind,290.0,Friday,Fall,3142
9/13/2024,23,0,Wind,257.0,Friday,Fall,4267
3/4/2024,23,0,Wind,64.0,Monday,Spring,5856
3/31/2020,23,0,Wind,91.0,Tuesday,Spring,7111
5/3/2021,4,5,Wind,123.0,Monday,Spring,657
2/24/2022,17,18,Wind,55.0,Thursday,Winter,12191
12/14/2021,23,0,Wind,348.0,Tuesday,Winter,1053
11/13/2025,13,14,xyz,xyz,Thursday,Fall,10055
12/10/2020,9,10,Wind,345.0,Thursday,Winter,4988
7/11/2025,13,14,Solar,192.0,Friday,Summer,13057
8/1/2024,0,1,Wind,214.0,Thursday,Summer,1649
12/16/2020,20,21,Wind,351.0,Wednesday,Winter,7854
10/18/2021,4,5,Wind,291.0,Monday,Fall,2664
4/27/2021,20,21,Wind,117.0,Tuesday,Spring,1032
12/11/2021,0,1,Wind,345.0,Saturday,Winter,10034
02/27/2028,,2,Wind,xyz,Sunday,Spring,-100
3/8/2020,0,1,Wind,68.0,Sunday,Spring,7440
3/2/2024,10,11,Wind,62.0,Saturday,Spring,12926
2/10/2022,13,14,Solar,41.0,Thursday,Winter,6325
3/18/2024,7,8,Wind,78.0,Monday,Spring,2408
10/28/2021,6,7,Wind,301.0,Thursday,Fall,5836
1/18/2023,16,17,Wind,18.0,Wednesday,Winter,5234
1/23/2025,9,10,Wind,23.0,Thursday,Winter,7687
11/13/2023,2,3,Wind,317.0,Monday,Fall,10550
4/18/2022,3,4,Wind,108.0,Monday,Spring,4344
9/2/2021,5,6,Wind,245.0,Thursday,Fall,5765
8/13/2021,10,11,Solar,225.0,Friday,Summer,3071
10/19/2020,4,5,Wind,293.0,Monday,Fall,1525
3/16/2025,16,17,Wind,75.0,Sunday,Spring,9489
3/13/2025,0,1,Wind,72.0,Thursday,Spring,2661
5/28/2020,15,16,Wind,149.0,Thursday,Spring,7608
2/11/2024,1,2,Wind,42.0,Sunday,Winter,9448
5/5/2022,6,7,Wind,125.0,Thursday,Spring,1715
12/15/2020,0,1,Wind,350.0,Tuesday,Winter,5961
9/26/2020,9,10,Wind,270.0,Saturday,Fall,11246
11/9/2022,12,13,Wind,313.0,Wednesday,Fall,7650
1/29/2024,3,4,Wind,29.0,Monday,Winter,7443
1/24/2023,12,13,xyz,24.0,Tuesday,Winter,6696
11/19/2023,5,6,Wind,323.0,Sunday,Fall,11783
11/2/2022,13,14,Wind,306.0,Wednesday,Fall,10158
9/29/2022,13,14,Solar,272.0,Thursday,Fall,4400
5/23/2024,6,7,Wind,144.0,Thursday,Spring,2688
11/8/2025,12,13,Solar,312.0,Saturday,Fall,xyz
8/6/2022,19,20,Wind,218.0,Saturday,Summer,7487
8/30/2022,4,5,Wind,242.0,Tuesday,Summer,3592
10/23/2020,10,11,Wind,297.0,Friday,Fall,2714
9/16/2024,3,4,Wind,260.0,Monday,Fall,2943
5/22/2022,8,9,Wind,142.0,Sunday,Spring,3176
8/12/2022,18,19,Solar,224.0,Friday,Summer,4606
2/15/2023,13,14,Solar,46.0,Wednesday,Winter,6445
5/15/2020,16,17,Wind,136.0,Friday,Spring,5825
10/24/2022,23,0,Wind,297.0,Monday,Fall,7058
12/13/2023,10,11,Wind,347.0,Wednesday,Winter,6869
1/28/2025,17,18,Wind,28.0,Tuesday,Winter,19004
9/19/2020,21,22,Wind,263.0,Saturday,Fall,2449
5/11/2025,21,22,Wind,131.0,Sunday,Spring,3052
6/16/2021,19,20,Wind,167.0,Wednesday,Summer,1787
12/12/2024,15,16,Wind,347.0,Thursday,Winter,3478
7/14/2023,13,14,Solar,195.0,Friday,Summer,13917
5/3/2024,0,1,Wind,124.0,Friday,Spring,9022
02/27/2028,,5,xyz,32.0,Saturday,Winter,-100
8/15/2023,11,12,Solar,227.0,Tuesday,Summer,5290
7/3/2023,14,15,Wind,184.0,Monday,Summer,11480
11/17/2023,13,14,Wind,321.0,Friday,Fall,7387
2/13/2021,18,19,Wind,44.0,Saturday,Winter,6179
8/30/2023,19,20,Wind,242.0,Wednesday,Summer,5549
12/9/2020,3,4,Wind,344.0,Wednesday,Winter,2518
10/13/2025,17,18,Wind,286.0,Monday,Fall,9362
2/3/2025,0,1,Wind,34.0,Monday,Winter,1663
2/7/2025,20,21,Wind,38.0,Friday,Winter,9209
8/25/2023,1,2,Wind,237.0,Friday,Summer,2215
3/26/2021,17,18,Wind,85.0,Friday,Spring,9646
1/20/2024,20,21,Wind,20.0,Saturday,Winter,8001
11/12/2025,22,23,Wind,316.0,Wednesday,Fall,13981
11/23/2022,6,7,Wind,327.0,Wednesday,Fall,8193
6/6/2021,21,22,Wind,157.0,Sunday,Summer,1802
8/17/2022,5,6,Wind,229.0,Wednesday,Summer,1436
6/3/2020,23,0,Wind,155.0,Wednesday,Summer,3683
2/6/2023,20,21,Wind,37.0,Monday,Winter,7870
4/4/2024,0,1,Wind,95.0,Thursday,Spring,12543
5/9/2022,20,21,Wind,129.0,Monday,Spring,514
1/8/2020,18,19,Wind,8.0,Wednesday,Winter,xyz
11/26/2025,11,12,Solar,330.0,Wednesday,Fall,6772
4/16/2022,8,9,Wind,106.0,Saturday,Spring,5476
8/17/2025,17,18,Solar,229.0,Sunday,Summer,9585
8/13/2020,8,9,Wind,226.0,Thursday,Summer,1977
3/14/2023,13,14,Wind,73.0,Tuesday,Spring,20075
4/16/2025,18,19,Wind,106.0,Wednesday,Spring,4853
12/31/2024,8,9,Wind,366.0,Tuesday,Winter,4218
5/24/2022,23,0,Wind,144.0,Tuesday,Spring,1737
12/7/2021,14,15,Wind,341.0,Tuesday,Winter,12122
11/21/2023,16,17,Wind,325.0,Tuesday,Fall,6703
02/27/2028,xyz,23,Wind,,Tuesday,Summer,-100
6/9/2020,12,13,Solar,161.0,Tuesday,Summer,4970
6/9/2025,2,3,Wind,160.0,Monday,Summer,1980
6/15/2025,1,2,Wind,166.0,Sunday,Summer,2950
3/28/2020,21,22,Wind,88.0,Saturday,Spring,11009
8/19/2021,14,15,Solar,231.0,Thursday,Summer,5079
6/4/2021,8,9,Wind,155.0,Friday,Summer,2095
11/11/2022,17,18,Wind,315.0,Friday,Fall,2888
1/28/2022,8,9,Wind,28.0,Friday,Winter,1216
6/11/2020,23,0,Wind,163.0,Thursday,Summer,4033
12/7/2022,23,0,Wind,341.0,Wednesday,Winter,1410
4/19/2025,14,xyz,Wind,109.0,Saturday,Spring,40000
12/24/2024,7,8,Wind,359.0,Tuesday,Winter,3075
4/3/2020,19,20,Wind,94.0,Friday,Spring,1256
5/27/2020,14,15,Solar,148.0,Wednesday,Spring,6923
11/3/2021,9,10,Wind,307.0,Wednesday,Fall,3955
4/13/2020,20,21,Wind,104.0,Monday,Spring,10314
9/23/2021,19,20,Wind,266.0,Thursday,Fall,1224
5/26/2025,xyz,11,Solar,146.0,Monday,Spring,10578
11/8/2023,13,14,Wind,312.0,Wednesday,Fall,18274
10/13/2021,10,11,Solar,286.0,Wednesday,Fall,4051
02/27/2028,9,10,Wind,119.0,,Spring,-100
9/24/2021,19,20,Wind,267.0,Friday,Fall,811
6/10/2025,18,19,Solar,161.0,Tuesday,Summer,7100
6/2/2022,8,9,Wind,153.0,Thursday,Summer,3841
5/10/2022,1,2,Wind,130.0,Tuesday,Spring,787
6/14/2025,19,20,Wind,165.0,Saturday,Summer,4111
6/30/2022,22,23,Wind,181.0,xyz,Summer,40000
8/26/2020,2,3,Wind,239.0,Wednesday,Summer,9996
5/29/2023,9,10,Wind,149.0,Monday,Spring,9264
8/2/2025,0,1,Wind,214.0,Saturday,Summer,4160
11/19/2022,12,13,Solar,323.0,Saturday,Fall,5271
3/21/2023,4,5,Wind,80.0,Tuesday,Spring,4145
3/25/2020,9,10,Wind,85.0,Wednesday,Spring,4738
7/22/2022,19,20,Wind,203.0,Friday,Summer,2905
9/6/2020,10,11,Solar,250.0,Sunday,Fall,3044
5/5/2021,17,18,Wind,125.0,Wednesday,Spring,10312
1/5/2022,10,11,Wind,5.0,Wednesday,Winter,6918
6/21/2023,11,12,Solar,172.0,Wednesday,Summer,4377
11/15/2022,10,11,Wind,319.0,Tuesday,Fall,10920
6/4/2021,3,4,Wind,xyz,Friday,Summer,1527
11/29/2024,4,5,,334.0,Friday,Fall,7114
2/12/2024,22,23,Wind,43.0,Monday,Winter,3745
4/22/2023,9,10,Wind,112.0,Saturday,Spring,6597
5/29/2025,21,22,Wind,149.0,Thursday,Spring,1207
10/9/2023,7,8,Wind,282.0,Monday,Fall,1140
7/8/2022,18,19,Wind,189.0,Friday,Summer,6914
1/10/2020,5,6,Wind,10.0,Friday,Winter,7774
2/20/2022,7,8,Wind,51.0,Sunday,Winter,12571
4/15/2023,17,18,Wind,105.0,Saturday,Spring,13143
1/14/2021,10,11,Wind,14.0,Thursday,Winter,8411
02/27/2028,17,18,Wind,39.0,Monday,Winter,xyz
7/7/2021,20,21,Wind,188.0,Wednesday,Summer,2231
10/30/2022,14,15,Solar,303.0,Sunday,Fall,5627
11/13/2024,19,20,Wind,318.0,Wednesday,Fall,5232
6/20/2021,9,10,Wind,171.0,Sunday,Summer,3324
4/24/2023,9,10,Wind,114.0,Monday,Spring,7316
10/16/2021,15,16,Solar,289.0,Saturday,xyz,4121
10/19/2025,10,11,Wind,292.0,Sunday,Fall,10350
02/27/2028,23,xyz,Wind,134.0,Wednesday,Spring,-100
3/16/2020,14,15,Wind,76.0,Monday,Spring,3423
10/8/2020,22,23,Wind,282.0,Thursday,Fall,4432
10/6/2022,19,20,Wind,279.0,Thursday,Fall,459
7/13/2025,20,21,Wind,194.0,Sunday,Summer,3952
4/4/2021,2,3,Wind,94.0,Sunday,Spring,6551
12/4/2020,8,9,Wind,339.0,Friday,Winter,9046
10/6/2021,4,5,Wind,279.0,Wednesday,Fall,8240
6/24/2024,18,19,Solar,176.0,Monday,Summer,5797
9/16/2021,6,7,Wind,259.0,Thursday,Fall,631
3/3/2025,0,1,Wind,62.0,Monday,Spring,4216
8/1/2023,16,17,Wind,213.0,Tuesday,Summer,15715
8/11/2021,6,7,Wind,223.0,Wednesday,Summer,508
8/4/2020,7,8,Wind,217.0,Tuesday,Summer,1848
8/6/2021,13,14,Wind,218.0,Friday,Summer,12722
1/23/2020,16,17,Wind,23.0,Thursday,Winter,3347
8/7/2023,17,18,Solar,219.0,Monday,Summer,8202
3/17/2025,17,18,Wind,76.0,Monday,Spring,12710
9/20/2024,20,21,Wind,264.0,Friday,Fall,3245
6/1/2025,7,8,Wind,152.0,Sunday,Summer,2320
11/23/2022,3,4,Wind,327.0,Wednesday,Fall,6841
4/6/2024,18,19,Wind,97.0,Saturday,Spring,8976
3/30/2021,19,20,Wind,89.0,Tuesday,Spring,1147
5/3/2025,13,14,Solar,123.0,Saturday,Spring,5971
1/14/2022,10,11,Solar,14.0,Friday,Winter,2655
2/28/2020,22,23,Wind,59.0,Friday,Winter,11274
3/6/2021,9,10,Wind,65.0,Saturday,Spring,6040
9/10/2020,21,22,Wind,254.0,Thursday,Fall,2030
02/27/2028,8,xyz,Wind,154.0,Friday,Summer,-100
5/28/2025,9,10,Wind,148.0,Wednesday,Spring,14628
3/14/2021,15,16,,73.0,Sunday,Spring,13538
9/22/2020,1,2,Wind,266.0,Tuesday,Fall,894
10/20/2022,14,15,Wind,293.0,Thursday,Fall,8558
12/8/2024,6,7,Wind,343.0,Sunday,xyz,xyz
2/22/2021,21,22,Wind,53.0,Monday,Winter,5226
12/30/2024,14,15,Solar,365.0,Monday,Winter,2676
1/13/2023,8,9,Wind,13.0,Friday,Winter,14537
11/13/2024,21,22,Wind,318.0,Wednesday,Fall,5053
11/6/2020,4,5,Wind,311.0,Friday,Fall,6681
5/4/2023,17,18,Wind,124.0,Thursday,Spring,9901
7/3/2025,xyz,14,Solar,184.0,Thursday,Summer,40000
4/27/2020,20,xyz,Wind,118.0,Monday,Spring,2041
10/10/2021,11,12,Solar,283.0,Sunday,Fall,4221
5/1/2021,23,0,Wind,121.0,Saturday,Spring,3890
12/18/2022,21,22,Wind,352.0,Sunday,Winter,40000
,17,18,Wind,307.0,xyz,Fall,8515
2/10/2024,19,20,Wind,41.0,Saturday,Winter,7820
4/1/2024,14,15,Wind,92.0,Monday,Spring,9631
1/1/2023,15,16,Wind,1.0,Sunday,Winter,8841
1/4/2020,23,0,Wind,4.0,Saturday,Winter,1931
1/29/2021,17,18,Wind,29.0,Friday,Winter,12983
12/9/2024,9,10,Wind,344.0,Monday,Winter,15224
3/11/2022,16,17,Wind,70.0,Friday,Spring,12628
6/19/2022,12,13,Solar,170.0,Sunday,Summer,9444
6/26/2022,23,0,Wind,177.0,Sunday,Summer,1151
2/26/2023,10,11,Wind,57.0,Sunday,Winter,20500
10/2/2025,13,14,Solar,275.0,Thursday,Fall,10562
1/6/2020,0,1,Wind,6.0,Monday,Winter,2280
1/21/2024,2,3,Wind,21.0,Sunday,Winter,11855
3/16/2021,3,4,Wind,75.0,Tuesday,Spring,3759
6/9/2025,23,0,Wind,160.0,Monday,Summer,605
11/26/2024,19,20,Wind,331.0,Tuesday,Fall,4935
10/8/2021,2,3,Wind,281.0,Friday,Fall,3432
12/9/2022,11,12,Wind,343.0,Friday,Winter,3573
10/5/2020,6,7,Wind,279.0,Monday,Fall,9314
4/17/2020,2,3,Wind,108.0,Friday,Spring,2140
6/29/2024,3,4,Wind,181.0,Saturday,Summer,4100
12/23/2023,21,22,Wind,357.0,Saturday,Winter,14387
6/29/2023,7,8,Solar,180.0,Thursday,Summer,1265
1/31/2023,9,10,Wind,31.0,Tuesday,Winter,4810
10/22/2020,23,0,Wind,296.0,Thursday,Fall,3174
6/4/2024,3,4,Wind,156.0,Tuesday,Summer,456
6/9/2021,18,19,Solar,160.0,Wednesday,Summer,3406
8/6/2021,5,6,Wind,218.0,Friday,Summer,6003
8/9/2023,7,8,Wind,221.0,Wednesday,Summer,1969
4/11/2020,7,8,Wind,102.0,Saturday,Spring,1900
8/9/2024,15,16,Solar,222.0,Friday,Summer,7538
5/27/2020,11,12,xyz,148.0,Wednesday,Spring,5832
5/13/2025,3,4,Wind,133.0,Tuesday,Spring,778
3/9/2020,8,9,Wind,69.0,Monday,Spring,6477
8/30/2025,8,9,Wind,242.0,Saturday,Summer,5384
5/27/2022,11,12,Solar,147.0,Friday,Spring,6179
9/12/2025,21,22,Wind,255.0,Friday,Fall,6028
10/20/2020,6,7,Wind,294.0,Tuesday,Fall,10003
7/7/2020,8,9,Solar,189.0,Tuesday,Summer,2361
2/14/2021,15,16,Wind,45.0,Sunday,Winter,9763
10/7/2025,4,5,Wind,280.0,Tuesday,Fall,1733
1/14/2020,15,16,Wind,14.0,Tuesday,Winter,13814
9/13/2021,21,22,Wind,256.0,Monday,Fall,2957
3/19/2022,20,21,Wind,78.0,Saturday,Spring,9623
9/28/2020,18,19,Wind,272.0,Monday,Fall,4748
5/10/2020,12,13,Wind,131.0,Sunday,Spring,2636
2/1/2024,15,16,Wind,32.0,Thursday,Winter,3444
6/30/2023,18,19,Wind,181.0,Friday,Summer,8277
12/12/2020,3,4,Wind,347.0,Saturday,Winter,5264
1/26/2024,4,5,Wind,26.0,Friday,Winter,9936
7/26/2024,16,17,Solar,208.0,Friday,Summer,6307
7/24/2024,6,7,Wind,206.0,Wednesday,Summer,1089
12/15/2021,1,2,Wind,349.0,Wednesday,Winter,1197
11/9/2025,4,5,Wind,313.0,Sunday,Fall,2430
6/5/2022,23,0,Wind,156.0,Sunday,Summer,3380
6/13/2021,15,16,Solar,164.0,Sunday,Summer,4905
8/30/2022,0,1,Wind,xyz,Tuesday,Summer,40000
10/19/2020,3,4,Wind,293.0,Monday,Fall,1464
6/23/2022,18,19,Wind,174.0,Thursday,Summer,3896
12/22/2022,11,12,Wind,xyz,Thursday,xyz,40000
11/28/2025,14,15,Wind,332.0,Friday,Fall,8799
11/2/2023,10,11,Wind,306.0,Thursday,Fall,15126
10/12/2023,17,18,Wind,285.0,Thursday,Fall,5820
10/8/2025,4,5,Wind,281.0,Wednesday,Fall,584
9/14/2020,8,9,Wind,258.0,Monday,Fall,3313
5/21/2023,8,9,Wind,141.0,xyz,Spring,40000
11/1/2022,12,13,Wind,305.0,Tuesday,Fall,15812
5/16/2023,1,2,Wind,136.0,Tuesday,Spring,7661
5/26/2021,1,2,Wind,146.0,Wednesday,Spring,5335
10/31/2024,20,21,Wind,305.0,Thursday,Fall,xyz
3/12/2025,21,22,Wind,71.0,Wednesday,Spring,2248
9/14/2022,3,4,Wind,257.0,Wednesday,Fall,1861
3/3/2023,21,22,Wind,62.0,Friday,Spring,5856
2/13/2021,17,18,Wind,44.0,Saturday,Winter,6349
10/20/2025,11,12,Wind,293.0,Monday,Fall,17289
10/16/2021,7,8,Wind,289.0,Saturday,Fall,1545
6/14/2025,8,9,Wind,165.0,Saturday,Summer,5426
10/4/2021,xyz,0,Wind,277.0,Monday,Fall,7024
11/15/2020,1,2,Wind,320.0,Sunday,Fall,10998
7/9/2021,3,4,Wind,190.0,Friday,Summer,1208
02/27/2028,7,xyz,Wind,202.0,Monday,Summer,-100
6/29/2023,19,20,Wind,180.0,Thursday,Summer,4840
3/15/2023,9,10,Solar,74.0,Wednesday,Spring,40000
7/10/2020,11,xyz,Wind,192.0,Friday,,xyz
12/24/2020,7,8,Wind,359.0,Thursday,Winter,11043
10/14/2021,9,10,Wind,287.0,Thursday,Fall,3533
12/29/2020,13,14,Wind,364.0,Tuesday,Winter,5165
7/23/2022,23,0,Wind,204.0,Saturday,Summer,1099
7/19/2024,0,1,Wind,201.0,Friday,Summer,1662
5/14/2025,7,8,Solar,134.0,Wednesday,Spring,1719
02/27/2028,xyz,21,Wind,32.0,Saturday,Winter,-100
9/26/2020,15,16,Wind,270.0,Saturday,Fall,11741
11/17/2022,23,0,Wind,321.0,Thursday,Fall,8902
3/29/2020,20,21,Wind,89.0,Sunday,Spring,12637
7/13/2024,2,3,Wind,195.0,Saturday,Summer,1314
12/28/2023,23,0,xyz,362.0,Thursday,Winter,xyz
4/3/2022,22,23,Wind,93.0,Sunday,Spring,1510
8/21/2022,16,17,Solar,233.0,Sunday,Summer,4951
8/25/2021,14,,Solar,xyz,Wednesday,Summer,40000
6/11/2024,23,0,Wind,163.0,xyz,Summer,xyz
3/30/2024,17,18,Wind,90.0,Saturday,Spring,6296
4/26/2024,19,20,Wind,117.0,Friday,Spring,3091
12/14/2022,20,21,Wind,348.0,Wednesday,Winter,2282
7/14/2020,3,4,Wind,196.0,Tuesday,Summer,2443
5/12/2024,17,18,Wind,133.0,Sunday,Spring,6724
12/5/2020,21,22,Wind,340.0,Saturday,Winter,5385
9/29/2025,11,12,Solar,272.0,Monday,Fall,7678
2/20/2025,21,22,Wind,51.0,Thursday,Winter,9773
4/5/2020,7,8,Wind,96.0,Sunday,Spring,7671
10/27/2025,10,11,Wind,300.0,Monday,Fall,20785
4/27/2020,17,18,Wind,118.0,Monday,Spring,2626
10/27/2020,19,20,Wind,301.0,Tuesday,Fall,11275
11/29/2020,18,19,Wind,334.0,Sunday,Fall,2915
4/18/2025,23,0,Wind,108.0,Friday,Spring,9612
10/11/2020,13,14,Wind,285.0,xyz,,6106
4/18/2023,10,11,Wind,108.0,Tuesday,Spring,9947
7/12/2025,11,12,Solar,193.0,Saturday,Summer,9607
3/24/2021,4,5,Wind,83.0,Wednesday,Spring,1493
6/27/2024,21,22,Wind,xyz,xyz,Summer,4170
02/27/2028,xyz,1,Wind,349.0,Friday,Winter,-100
11/7/2025,0,1,Wind,311.0,Friday,Fall,2662
7/11/2023,4,5,Wind,192.0,Tuesday,Summer,1935
2/21/2021,15,16,Wind,52.0,Sunday,Winter,7525
3/28/2025,17,18,Wind,87.0,Friday,Spring,9362
10/24/2023,20,21,Wind,297.0,Tuesday,Fall,5052
7/3/2021,4,5,Wind,184.0,Saturday,Summer,2200
4/23/2022,13,14,Wind,113.0,Saturday,Spring,8065
11/6/2021,21,22,Wind,310.0,Saturday,Fall,6134
7/9/2022,18,19,Wind,190.0,Saturday,Summer,8525
3/18/2022,5,6,Wind,77.0,Friday,xyz,8159
5/21/2021,1,2,Wind,141.0,Friday,Spring,9817
7/27/2023,7,8,Wind,208.0,Thursday,Summer,9065
9/4/2021,10,11,Solar,247.0,Saturday,Fall,2823
6/17/2022,11,12,Solar,168.0,Friday,Summer,6029
4/19/2022,12,13,Solar,xyz,Tuesday,,40000
xyz,3,4,Wind,282.0,Sunday,Fall,4965
10/26/2021,10,11,Wind,299.0,Tuesday,Fall,3866
4/2/2024,xyz,xyz,Wind,93.0,Tuesday,Spring,40000
3/13/2020,21,22,Wind,73.0,Friday,Spring,1697
8/17/2021,21,22,Wind,229.0,Tuesday,Summer,3684
5/24/2025,22,23,Wind,144.0,Saturday,Spring,6806
3/14/2024,8,9,Wind,74.0,Thursday,Spring,7457
02/27/2028,8,9,Wind,297.0,Monday,Fall,-100
1/18/2023,19,20,Wind,18.0,Wednesday,Winter,5226
9/3/2024,23,0,Wind,247.0,Tuesday,Fall,1253
8/16/2024,23,0,Wind,229.0,Friday,Summer,1612
3/4/2023,2,3,Wind,63.0,Saturday,Spring,4916
6/13/2025,6,7,Wind,164.0,Friday,Summer,2429
xyz,20,21,Wind,118.0,Monday,Spring,4319
7/6/2020,10,11,Wind,188.0,Monday,Summer,7270
4/2/2022,19,20,Wind,92.0,Saturday,Spring,7493
5/8/2020,12,13,Solar,129.0,Friday,Spring,4778
5/14/2025,23,xyz,Wind,134.0,Wednesday,Spring,40000
8/26/2025,13,14,Solar,238.0,Tuesday,Summer,10719
3/31/2023,13,14,Wind,90.0,Friday,Spring,21624
6/1/2024,9,10,Wind,153.0,Saturday,Summer,8993
5/25/2020,21,22,Wind,146.0,Monday,Spring,2713
11/13/2025,1,2,Wind,317.0,Thursday,Fall,xyz
2/19/2021,7,8,Wind,50.0,Friday,Winter,5554
5/27/2025,9,10,Wind,147.0,Tuesday,Spring,13251
4/18/2024,23,0,Wind,109.0,Thursday,Spring,3786
10/10/2025,21,22,Wind,283.0,Friday,Fall,4056
6/26/2020,11,12,Solar,178.0,Friday,Summer,4861
7/9/2025,11,12,Solar,190.0,xyz,Summer,9719
6/30/2023,4,5,Wind,181.0,Friday,Summer,2629
5/29/2021,10,11,Solar,149.0,Saturday,Spring,4347
10/4/2023,8,9,Wind,277.0,Wednesday,Fall,2909
1/27/2024,8,9,Wind,27.0,Saturday,Winter,3581
4/21/2025,6,7,Wind,111.0,Monday,Spring,3806
12/25/2021,15,16,Solar,359.0,Saturday,Winter,1223
6/9/2020,13,14,Solar,161.0,Tuesday,Summer,5042
2/11/2020,23,0,Wind,42.0,Tuesday,Winter,9400
9/27/2023,4,5,Wind,270.0,Wednesday,Fall,480
2/22/2025,5,6,Wind,53.0,Saturday,Winter,10238
10/3/2025,6,7,Wind,276.0,Friday,Fall,5127
6/24/2025,6,7,Wind,175.0,Tuesday,Summer,2381
5/24/2021,5,6,Wind,144.0,Monday,Spring,8343
5/4/2020,4,5,Wind,125.0,Monday,Spring,40000
1/24/2022,11,12,Solar,24.0,Monday,Winter,4385
3/23/2024,22,23,Wind,83.0,Saturday,Spring,9137
3/20/2023,16,17,Solar,79.0,Monday,Spring,5436
12/17/2024,20,21,Wind,352.0,Tuesday,Winter,9136
9/10/2023,16,xyz,Solar,253.0,Sunday,Fall,6517
7/11/2020,11,12,Solar,193.0,Saturday,Summer,4885
5/30/2023,21,22,Wind,150.0,Tuesday,Spring,9690
4/9/2020,6,7,Wind,100.0,Thursday,Spring,723
11/10/2021,1,2,Wind,314.0,Wednesday,Fall,576
1/3/2020,22,23,Wind,xyz,Friday,Winter,4207
10/18/2023,2,3,Wind,291.0,Wednesday,Fall,10652
3/10/2022,22,23,Wind,69.0,Thursday,Spring,7481
4/20/2022,18,19,Wind,110.0,Wednesday,Spring,
9/10/2023,2,3,Wind,253.0,Sunday,Fall,3759
11/30/2025,5,6,Wind,334.0,Sunday,Fall,4365
11/11/2022,xyz,8,Wind,315.0,Friday,Fall,40000
1/2/2021,3,4,Wind,2.0,Saturday,Winter,1281
8/28/2023,19,20,Wind,240.0,Monday,Summer,4554
7/17/2025,9,10,Solar,198.0,Thursday,Summer,5531
5/13/2025,20,21,Wind,133.0,Tuesday,Spring,1684
2/19/2024,6,7,Wind,50.0,Monday,Winter,3287
4/28/2023,4,5,Wind,118.0,Friday,Spring,4743
11/1/2024,9,10,Solar,306.0,Friday,Fall,3028
2/3/2021,7,8,Wind,34.0,Wednesday,Winter,9834
4/4/2024,19,20,Wind,95.0,Thursday,Spring,8108
8/18/2023,12,13,Solar,xyz,Friday,xyz,7556
1/8/2023,1,2,Wind,8.0,Sunday,Winter,12173
6/26/2021,8,9,Solar,177.0,Saturday,Summer,1519
11/18/2021,14,15,Solar,322.0,Thursday,Fall,3326
1/10/2024,10,11,Wind,10.0,Wednesday,Winter,2553
5/31/2025,5,6,Wind,151.0,Saturday,Spring,1059
3/3/2020,21,22,Wind,63.0,Tuesday,Spring,3260
1/31/2020,8,9,Wind,31.0,Friday,Winter,5824
1/5/2022,18,19,Wind,5.0,Wednesday,Winter,3791
6/19/2025,6,7,Wind,170.0,Thursday,Summer,4893
6/9/2022,0,1,xyz,160.0,Thursday,Summer,6305
7/30/2023,10,11,Wind,211.0,Sunday,Summer,10162
1/16/2023,xyz,15,xyz,16.0,Monday,Winter,40000
9/7/2020,9,10,Solar,251.0,Monday,Fall,3027
7/15/2025,2,xyz,Wind,196.0,Tuesday,Summer,xyz
2/2/2024,2,3,Wind,33.0,Friday,Winter,3042
1/5/2022,20,21,Wind,5.0,Wednesday,Winter,4018
12/3/2022,2,3,Wind,337.0,Saturday,Winter,6803
9/14/2024,23,0,Wind,258.0,Saturday,Fall,3929
10/7/2025,17,18,Solar,280.0,Tuesday,Fall,3781
9/30/2024,12,13,Wind,274.0,Monday,Fall,20041
02/27/2028,15,16,Solar,193.0,Thursday,Summer,-100
xyz,13,14,Solar,117.0,xyz,Spring,-100
02/27/2028,xyz,7,Wind,310.0,Tuesday,Fall,-100
2/14/2025,9,10,Wind,45.0,Friday,Winter,6637
4/29/2023,7,8,Wind,119.0,Saturday,Spring,1622
2/14/2025,12,13,Solar,45.0,Friday,Winter,9622
12/25/2024,2,3,xyz,360.0,Wednesday,Winter,40000
6/13/2022,3,4,Wind,164.0,Monday,xyz,3888
02/27/2028,16,17,Wind,70.0,xyz,Spring,-100
12/19/2020,11,12,Wind,354.0,Saturday,Winter,10820
xyz,18,19,Wind,283.0,Friday,Fall,40000
8/4/2024,10,11,Solar,217.0,Sunday,Summer,6165
1/4/2022,8,9,Wind,,Tuesday,Winter,6398
3/31/2024,11,12,Wind,91.0,Sunday,Spring,10457
8/21/2020,3,4,Wind,234.0,Friday,Summer,6690
1/30/2021,16,17,Wind,30.0,Saturday,Winter,6987
8/8/2020,1,2,Wind,221.0,Saturday,Summer,1875
6/5/2020,15,16,Wind,157.0,Friday,Summer,14071
3/1/2025,23,0,Wind,60.0,Saturday,Spring,10187
11/26/2021,1,2,Wind,330.0,Friday,Fall,2597
10/22/2023,8,9,Wind,295.0,Sunday,Fall,6622
9/30/2020,7,8,Wind,274.0,Wednesday,Fall,1223
3/18/2025,3,4,Wind,77.0,Tuesday,Spring,12324
6/19/2021,0,1,Wind,170.0,Saturday,Summer,3276
02/27/2028,22,23,Wind,297.0,Tuesday,Fall,-100
9/20/2021,4,5,Wind,263.0,Monday,Fall,1552
7/26/2025,5,6,Wind,207.0,Saturday,Summer,2295
6/16/2024,23,0,Wind,168.0,Sunday,Summer,2819
7/16/2024,6,7,Wind,198.0,Tuesday,Summer,7743
6/26/2021,12,13,Solar,177.0,Saturday,Summer,4649
xyz,16,17,Wind,230.0,Monday,Summer,40000
11/15/2023,20,21,Wind,319.0,xyz,Fall,40000
7/13/2021,15,16,Wind,194.0,Tuesday,Summer,7535
10/22/2023,19,20,Wind,295.0,Sunday,Fall,40000
8/10/2024,20,21,Wind,223.0,Saturday,Summer,1226
3/22/2020,10,11,Wind,82.0,Sunday,Spring,11238
10/1/2021,13,14,Wind,274.0,Friday,Fall,9911
11/9/2023,18,19,Wind,313.0,Thursday,Fall,13237
8/2/2021,0,1,Wind,214.0,Monday,Summer,1434
12/23/2020,22,23,Wind,358.0,Wednesday,Winter,12177
12/24/2020,6,7,Wind,359.0,Thursday,Winter,10656
02/27/2028,0,1,Wind,286.0,Monday,Fall,-100
12/19/2020,13,14,Wind,354.0,Saturday,Winter,9422
4/29/2023,9,10,Solar,119.0,Saturday,Spring,2584
12/3/2022,12,13,Wind,337.0,Saturday,Winter,6285
6/23/2021,3,4,Wind,174.0,Wednesday,Summer,2688
1/30/2022,8,9,Wind,30.0,Sunday,Winter,1935
9/7/2022,16,17,Wind,250.0,Wednesday,Fall,6353
02/27/2028,14,15,Solar,298.0,Tuesday,xyz,-100
10/19/2024,9,10,Wind,293.0,Saturday,Fall,7672
,18,19,Wind,299.0,Tuesday,Fall,xyz
3/5/2023,7,8,Wind,64.0,Sunday,Spring,1899
3/9/2024,21,22,Wind,69.0,Saturday,Spring,5774
02/27/2028,22,,Wind,48.0,Wednesday,Winter,-100
8/15/2025,1,2,Wind,227.0,Friday,Summer,4242
1/2/2020,23,0,Wind,2.0,Thursday,Winter,6857
8/20/2025,16,17,Wind,232.0,Wednesday,Summer,8881
4/11/2021,14,15,Wind,101.0,Sunday,Spring,7658
9/1/2020,6,7,Wind,245.0,Tuesday,Fall,1006
7/1/2022,22,23,Wind,182.0,Friday,Summer,845
6/9/2024,3,4,Wind,161.0,Sunday,Summer,3734
10/19/2021,11,12,Wind,292.0,Tuesday,Fall,8741
10/1/2021,20,21,Wind,274.0,Friday,Fall,4953
xyz,13,14,Solar,124.0,Thursday,Spring,11275
02/27/2028,13,14,,131.0,Sunday,Spring,-100
4/14/2025,23,xyz,Wind,104.0,Monday,Spring,5469
1/25/2023,19,20,Wind,25.0,Wednesday,Winter,1865
4/4/2022,18,19,Wind,94.0,Monday,Spring,11731
5/13/2020,19,20,Wind,134.0,Wednesday,Spring,8135
8/19/2023,11,12,Solar,231.0,Saturday,Summer,6990
8/14/2020,1,2,Wind,227.0,Friday,Summer,2099
4/15/2025,16,17,Wind,105.0,Tuesday,Spring,8585
2/23/2025,12,13,Wind,54.0,Sunday,Winter,11643
1/18/2025,23,0,Wind,18.0,Saturday,Winter,1679
1/15/2025,22,23,Wind,15.0,Wednesday,Winter,3441
02/27/2028,xyz,5,Wind,355.0,Wednesday,Winter,-100
4/9/2020,15,16,Solar,100.0,Thursday,Spring,4576
7/15/2023,21,22,Wind,196.0,Saturday,Summer,9590
1/8/2020,13,14,Wind,8.0,Wednesday,Winter,4927
9/20/2021,19,xyz,Wind,263.0,Monday,,40000
02/27/2028,4,5,xyz,295.0,Friday,Fall,-100
5/10/2021,18,19,Wind,130.0,Monday,Spring,4506
9/14/2022,1,2,Wind,257.0,Wednesday,Fall,2222
4/2/2023,23,0,Wind,92.0,Sunday,Spring,6236
7/21/2025,4,5,Wind,202.0,Monday,Summer,10394
6/10/2022,4,5,Wind,161.0,Friday,xyz,2337
3/12/2024,17,18,Wind,72.0,Tuesday,Spring,10459
6/7/2024,13,14,Solar,159.0,Friday,Summer,6670
02/27/2028,17,18,Wind,299.0,Wednesday,Fall,-100
4/22/2025,3,4,Wind,112.0,Tuesday,Spring,2038
10/22/2020,9,10,Wind,296.0,Thursday,Fall,5024
12/12/2024,22,23,Wind,347.0,Thursday,Winter,3318
7/3/2023,17,18,Wind,184.0,Monday,Summer,11708
2/18/2025,19,20,Wind,49.0,xyz,Winter,40000
8/24/2025,7,8,Wind,236.0,Sunday,Summer,3233
7/10/2020,19,20,Wind,192.0,Friday,Summer,4171
6/24/2020,12,13,Solar,176.0,Wednesday,Summer,6632
12/21/2020,12,13,Wind,356.0,Monday,Winter,12640
10/5/2023,13,14,Solar,278.0,Thursday,Fall,6634
5/30/2020,13,14,Solar,151.0,Saturday,Spring,7142
9/18/2020,14,15,Wind,262.0,Friday,Fall,6021
12/10/2022,19,20,Wind,344.0,Saturday,Winter,1861
10/3/2022,13,14,Solar,276.0,Monday,Fall,5084
3/2/2020,2,3,Wind,62.0,Monday,Spring,8017
9/20/2024,9,10,Wind,264.0,Friday,Fall,6343
1/1/2024,3,4,Wind,1.0,Monday,Winter,9309
10/27/2023,20,21,Wind,300.0,Friday,Fall,9132
9/6/2023,5,6,Wind,249.0,Wednesday,Fall,2295
8/25/2025,8,9,Wind,237.0,Monday,Summer,3906
1/5/2022,2,3,Wind,5.0,Wednesday,Winter,7802
1/7/2021,16,17,Wind,7.0,Thursday,Winter,1245
10/26/2025,5,6,Wind,299.0,Sunday,Fall,9488
9/6/2020,15,16,Solar,250.0,Sunday,Fall,4473
5/12/2022,15,16,Solar,132.0,Thursday,Spring,6042
6/29/2022,10,11,Solar,180.0,Wednesday,Summer,5357
4/19/2022,9,10,Solar,109.0,Tuesday,Spring,2972
2/6/2021,20,21,Wind,37.0,Saturday,Winter,5019
8/15/2025,0,1,Wind,227.0,Friday,Summer,4269
6/6/2025,13,14,Wind,157.0,Friday,Summer,7339
5/16/2022,19,20,Solar,136.0,Monday,Spring,1701
9/25/2022,7,8,Wind,268.0,Sunday,Fall,2772
1/9/2025,6,7,Wind,9.0,Thursday,Winter,12685
7/27/2024,9,10,Solar,209.0,Saturday,Summer,3124
7/29/2022,21,22,Wind,210.0,Friday,Summer,2125
4/4/2025,15,16,Wind,94.0,Friday,Spring,6218
11/26/2023,13,14,Solar,330.0,Sunday,Fall,6070
12/17/2020,3,4,Wind,352.0,Thursday,Winter,5845
1/31/2025,19,20,Wind,31.0,Friday,Winter,5419
1/17/2025,12,13,Solar,17.0,Friday,Winter,5260
5/5/2021,18,19,Wind,125.0,Wednesday,Spring,8828
2/18/2020,10,11,Wind,49.0,Tuesday,Winter,8878
7/29/2020,20,21,Wind,211.0,Wednesday,Summer,708
1/28/2020,10,11,Wind,28.0,Tuesday,Winter,12987
3/25/2025,21,22,Wind,84.0,Tuesday,Spring,3839
11/26/2025,17,18,Wind,330.0,Wednesday,Fall,2667
9/16/2020,12,13,Solar,260.0,Wednesday,Fall,3732
9/10/2023,23,0,Wind,253.0,Sunday,Fall,2891
4/28/2025,13,14,Solar,118.0,Monday,Spring,4939
1/19/2022,3,4,Wind,19.0,Wednesday,Winter,1605
12/8/2022,17,18,Wind,342.0,Thursday,Winter,2074
9/15/2021,4,5,Wind,258.0,Wednesday,Fall,1977
12/13/2021,15,16,Solar,347.0,Monday,Winter,1959
1/29/2025,6,7,Wind,29.0,Wednesday,Winter,12896
1/23/2020,7,8,Wind,23.0,Thursday,Winter,5287
10/5/2022,10,11,Wind,278.0,Wednesday,Fall,9771
8/14/2022,16,17,Wind,226.0,Sunday,Summer,7767
1/14/2025,15,xyz,Solar,14.0,xyz,Winter,40000
10/29/2021,14,15,Wind,302.0,Friday,Fall,11979
3/17/2022,18,19,Wind,76.0,Thursday,Spring,5041
10/13/2024,5,6,Wind,287.0,Sunday,Fall,2418
4/20/2023,0,1,Wind,110.0,Thursday,Spring,8926
11/14/2021,17,18,Wind,318.0,Sunday,Fall,3983
2/9/2025,10,11,Solar,40.0,Sunday,Winter,4315
4/7/2020,15,16,Solar,98.0,Tuesday,Spring,5040
3/11/2021,,14,xyz,70.0,Thursday,Spring,16144
5/18/2020,3,4,Wind,139.0,Monday,Spring,2064
11/8/2025,1,2,Wind,312.0,Saturday,Fall,1793
3/22/2024,5,6,Wind,82.0,Friday,Spring,2130
7/29/2022,9,10,Solar,210.0,Friday,Summer,1886
2/25/2023,2,3,Wind,56.0,Saturday,Winter,3671
12/16/2021,20,21,Wind,350.0,Thursday,Winter,5347
3/24/2021,8,9,Solar,83.0,Wednesday,Spring,2756
2/6/2023,15,16,Wind,37.0,Monday,Winter,8670
6/5/2022,8,9,Wind,156.0,Sunday,Summer,2905
02/27/2028,15,16,Solar,272.0,xyz,Fall,-100
9/10/2023,12,13,Solar,253.0,Sunday,Fall,8323
8/20/2022,23,0,Wind,232.0,Saturday,Summer,981
5/30/2024,17,18,Wind,151.0,Thursday,Spring,12091
11/4/2025,23,0,Wind,308.0,Tuesday,Fall,12730
8/21/2025,17,18,Wind,233.0,Thursday,Summer,10878
7/20/2020,14,15,Solar,202.0,Monday,Summer,5919
8/25/2023,10,11,Wind,237.0,Friday,Summer,7231
10/3/2023,14,15,Wind,276.0,Tuesday,Fall,9033
2/14/2020,12,13,Wind,45.0,Friday,Winter,5860
4/28/2021,15,16,Wind,118.0,Wednesday,Spring,4461
8/26/2024,22,23,Wind,239.0,Monday,Summer,1669
12/13/2020,14,15,Wind,348.0,Sunday,Winter,7343
12/8/2022,3,4,Wind,342.0,Thursday,Winter,1242
9/30/2021,7,8,Wind,273.0,Thursday,Fall,1829
3/31/2025,12,13,Solar,90.0,Monday,Spring,40000
12/19/2023,16,17,Wind,353.0,Tuesday,Winter,12111
12/15/2020,21,22,Wind,350.0,Tuesday,Winter,4427
02/27/2028,12,13,Wind,307.0,Monday,Fall,40000
10/18/2021,16,17,Wind,291.0,Monday,Fall,5039
11/11/2025,3,4,Wind,315.0,Tuesday,Fall,7897
11/18/2021,20,21,Wind,322.0,Thursday,Fall,1523
5/14/2021,19,20,Wind,134.0,Friday,Spring,5623
4/30/2024,1,2,Wind,121.0,Tuesday,Spring,3771
9/3/2025,6,7,Wind,246.0,Wednesday,Fall,13678
8/23/2024,7,8,Wind,236.0,Friday,Summer,11855
3/27/2024,23,0,Wind,87.0,Wednesday,Spring,13594
5/12/2025,1,2,Wind,132.0,Monday,Spring,2951
8/21/2025,20,21,Wind,233.0,Thursday,Summer,7365
10/27/2024,5,6,Wind,301.0,Sunday,Fall,1792
8/2/2022,0,1,Wind,214.0,Tuesday,Summer,1397
2/15/2022,0,1,Wind,46.0,Tuesday,Winter,6687
9/3/2022,8,9,Wind,246.0,Saturday,Fall,2057
5/4/2020,14,15,Solar,125.0,Monday,Spring,5337
11/26/2022,12,13,Wind,330.0,Saturday,Fall,5590
11/22/2024,11,12,Wind,327.0,Friday,Fall,15569
10/22/2022,10,11,Wind,295.0,Saturday,Fall,5156
10/26/2025,19,20,Wind,299.0,Sunday,Fall,11977
4/29/2022,19,20,Wind,119.0,Friday,Spring,4185
5/27/2022,10,11,Solar,147.0,Friday,Spring,5628
xyz,14,xyz,Wind,29.0,Wednesday,Winter,13601
3/1/2022,10,11,Solar,60.0,Tuesday,Spring,4347
10/19/2021,10,11,Wind,292.0,Tuesday,Fall,8475
4/16/2023,4,5,Wind,106.0,Sunday,Spring,5339
11/15/2025,14,15,Solar,319.0,Saturday,Fall,5714
10/18/2024,3,4,Wind,292.0,Friday,Fall,5240
8/19/2023,5,6,Wind,231.0,Saturday,Summer,3735
8/15/2022,6,7,Wind,227.0,Monday,Summer,2354
5/28/2024,12,13,Wind,149.0,Tuesday,Spring,12992
02/27/2028,5,6,Wind,311.0,Friday,Fall,-100
7/4/2024,7,8,Wind,186.0,Thursday,Summer,7653
9/29/2021,6,7,Wind,272.0,Wednesday,Fall,6686
3/29/2024,22,23,Wind,89.0,Friday,Spring,5301
4/2/2024,2,3,Wind,93.0,Tuesday,Spring,40000
7/25/2020,1,2,Wind,207.0,Saturday,Summer,1543
10/30/2020,0,1,Wind,304.0,Friday,Fall,8074
10/6/2021,5,6,Wind,279.0,Wednesday,Fall,8206
4/29/2022,12,13,Solar,119.0,Friday,Spring,6673
11/23/2024,3,4,Wind,328.0,Saturday,Fall,9018
4/4/2025,9,10,Wind,94.0,Friday,Spring,8435
1/27/2021,18,19,Wind,27.0,Wednesday,Winter,4009
2/3/2021,20,21,Wind,34.0,Wednesday,Winter,9043
7/25/2023,9,10,Wind,206.0,Tuesday,Summer,7186
9/8/2025,15,16,Solar,251.0,Monday,Fall,6288
4/15/2023,19,20,Wind,105.0,Saturday,Spring,10025
4/14/2025,15,16,Solar,104.0,Monday,Spring,8284
02/27/2028,10,11,Solar,161.0,Friday,Summer,-100
2/22/2022,12,13,Wind,53.0,Tuesday,Winter,14675
7/7/2020,7,8,Wind,189.0,Tuesday,Summer,1906
1/21/2025,0,1,Wind,21.0,Tuesday,Winter,1210
11/19/2021,13,14,Solar,323.0,Friday,Fall,3762
9/8/2023,9,10,Solar,251.0,Friday,Fall,3666
1/31/2021,2,3,Wind,31.0,Sunday,Winter,4875
10/21/2024,8,9,Wind,295.0,Monday,Fall,4204
5/23/2020,7,8,Wind,144.0,Saturday,Spring,3360
12/25/2023,14,15,Wind,359.0,Monday,Winter,14253
10/10/2024,19,20,Wind,284.0,Thursday,Fall,3695
7/31/2020,,16,Solar,213.0,Friday,Summer,5827
9/25/2022,15,16,Solar,268.0,Sunday,Fall,6102
12/13/2020,3,4,Wind,348.0,Sunday,Winter,4008
02/27/2028,19,xyz,Wind,315.0,Thursday,Fall,-100
12/29/2020,12,13,Wind,364.0,Tuesday,Winter,5039
