Date,Start_Hour,End_Hour,Source,Day_of_Year,Day_Name,Month_Name,Season,Production
6/16/2021,18,19,Solar,167,Wednesday,June,Summer,3947.7199999999993
6/8/2020,10,11,Solar,160,Monday,June,Summer,5767.019999999999
4/8/2025,10,11,Solar,98,Tuesday,April,Spring,11418.119999999999
6/30/2023,9,10,Solar,181,Friday,June,Summer,6578.459999999999
6/20/2020,11,12,Solar,172,Saturday,June,Summer,6493.129999999999
8/4/2023,12,13,Solar,216,Friday,August,Summer,13755.839999999997
4/2/2020,15,16,Solar,93,Thursday,April,Spring,6712.089999999999
9/13/2024,14,15,Solar,257,Friday,September,Fall,18357.219999999998
9/13/2020,15,16,Solar,257,Sunday,September,Fall,6058.429999999999
1/19/2025,15,16,Solar,19,Sunday,January,Winter,4503.169999999999
9/10/2022,11,12,Solar,253,Saturday,September,Fall,12767.3
6/20/2022,15,16,Solar,171,Monday,June,Summer,11978.4
2/13/2025,13,14,Solar,44,Thursday,February,Winter,7829.429999999999
1/29/2023,10,11,Solar,29,Sunday,January,Winter,4652.899999999999
3/6/2023,10,11,Solar,65,Monday,March,Spring,6839.28
1/30/2022,13,14,Solar,30,Sunday,January,Winter,6039.109999999999
6/28/2023,16,17,Solar,179,Wednesday,June,Summer,10146.219999999998
7/13/2023,11,12,Solar,194,Thursday,July,Summer,13620.599999999999
12/15/2023,14,15,Solar,349,Friday,December,Winter,5958.609999999999
6/23/2023,9,10,Solar,174,Friday,June,Summer,6942.319999999999
2/20/2023,16,17,Solar,51,Monday,February,Winter,6541.429999999999
4/15/2021,13,14,Solar,105,Thursday,April,Spring,14332.219999999998
7/30/2024,15,16,Solar,212,Tuesday,July,Summer,10637.269999999999
1/25/2024,13,14,Solar,25,Thursday,January,Winter,13174.629999999997
8/8/2024,16,17,Solar,221,Thursday,August,Summer,14285.529999999997
6/23/2021,13,14,Solar,174,Wednesday,June,Summer,7272.369999999998
2/20/2023,11,12,Solar,51,Monday,February,Winter,10946.39
8/1/2024,18,19,Solar,214,Thursday,August,Summer,9474.849999999999
5/15/2024,13,14,Solar,136,Wednesday,May,Spring,10593.799999999997
10/17/2024,12,13,Solar,291,Thursday,October,Fall,5372.57
7/30/2020,13,14,Solar,212,Thursday,July,Summer,7290.079999999999
8/4/2021,14,15,Solar,216,Wednesday,August,Summer,5372.57
8/1/2022,17,18,Solar,213,Monday,August,Summer,8331.749999999998
3/15/2023,16,17,Solar,74,Wednesday,March,Spring,7848.749999999999
9/10/2023,16,17,Solar,253,Sunday,September,Fall,10492.369999999999
4/29/2021,12,13,Solar,119,Thursday,April,Spring,6821.569999999999
3/22/2024,8,9,Solar,82,Friday,March,Spring,6555.919999999998
7/19/2021,10,11,Solar,200,Monday,July,Summer,8854.999999999998
10/18/2021,11,12,Solar,291,Monday,October,Fall,8172.359999999999
4/17/2025,12,13,Solar,107,Thursday,April,Spring,13633.479999999998
12/25/2021,15,16,Solar,359,Saturday,December,Winter,1969.0299999999995
10/15/2021,14,15,Solar,288,Friday,October,Fall,6953.589999999999
9/29/2025,13,14,Solar,272,Monday,September,Fall,14778.189999999997
1/13/2024,13,14,Solar,13,Saturday,January,Winter,6377.209999999999
4/29/2021,12,13,Solar,119,Thursday,April,Spring,6821.569999999999
11/5/2024,16,17,Solar,310,Tuesday,November,Fall,1230.0399999999997
3/24/2021,14,15,Solar,83,Wednesday,March,Spring,9136.749999999998
3/18/2020,15,16,Solar,78,Wednesday,March,Spring,5350.03
9/10/2022,11,12,Solar,253,Saturday,September,Fall,12767.3
7/20/2021,12,13,Solar,201,Tuesday,July,Summer,11092.899999999998
4/22/2025,8,9,Solar,112,Tuesday,April,Spring,3711.0499999999997
5/10/2022,9,10,Solar,130,Tuesday,May,Spring,7283.6399999999985
5/7/2023,16,17,Solar,127,Sunday,May,Spring,9197.929999999998
11/21/2020,12,13,Solar,326,Saturday,November,Fall,8254.47
5/28/2021,8,9,Solar,148,Friday,May,Spring,4688.32
7/23/2025,13,14,Solar,204,Wednesday,July,Summer,10605.069999999998
11/8/2020,13,14,Solar,313,Sunday,November,Fall,5699.399999999999
6/16/2025,16,17,Solar,167,Monday,June,Summer,15803.759999999998
9/3/2022,13,14,Solar,246,Saturday,September,Fall,10904.529999999999
1/17/2022,10,11,Solar,17,Monday,January,Winter,4419.449999999999
1/17/2025,13,14,Solar,17,Friday,January,Winter,8714.929999999998
9/15/2022,16,17,Solar,258,Thursday,September,Fall,8244.81
9/4/2022,11,12,Solar,247,Sunday,September,Fall,10737.089999999998
5/28/2023,10,11,Solar,148,Sunday,May,Spring,7491.329999999999
7/12/2022,9,10,Solar,193,Tuesday,July,Summer,6253.239999999999
11/8/2024,14,15,Solar,313,Friday,November,Fall,7216.019999999999
9/12/2020,18,19,Solar,256,Saturday,September,Fall,2811.0599999999995
3/4/2021,12,13,Solar,63,Thursday,March,Spring,5847.519999999999
9/15/2023,14,15,Solar,258,Friday,September,Fall,13295.379999999997
6/23/2023,10,11,Solar,174,Friday,June,Summer,9561.789999999999
10/12/2021,15,16,Solar,285,Tuesday,October,Fall,11400.409999999998
5/9/2022,18,19,Solar,129,Monday,May,Spring,4562.74
4/30/2022,15,16,Solar,120,Saturday,April,Spring,13855.659999999998
1/18/2025,10,11,Solar,18,Saturday,January,Winter,5037.69
8/15/2022,15,16,Solar,227,Monday,August,Summer,12719.0
2/16/2025,13,14,Solar,47,Sunday,February,Winter,13998.949999999999
12/29/2024,12,13,Solar,364,Sunday,December,Winter,5617.29
9/17/2021,12,13,Solar,260,Friday,September,Fall,7542.849999999999
5/18/2021,10,11,Solar,138,Tuesday,May,Spring,7335.159999999999
8/15/2024,15,16,Solar,228,Thursday,August,Summer,15642.759999999998
6/24/2025,8,9,Solar,175,Tuesday,June,Summer,7546.069999999999
12/19/2021,12,13,Solar,353,Sunday,December,Winter,7180.599999999999
6/20/2025,17,18,Solar,171,Friday,June,Summer,13556.199999999999
8/18/2025,12,13,Solar,230,Monday,August,Summer,14679.979999999998
8/13/2024,15,16,Solar,226,Tuesday,August,Summer,9792.019999999999
3/27/2022,18,19,Solar,86,Sunday,March,Spring,4042.709999999999
4/14/2021,11,12,Solar,104,Wednesday,April,Spring,12461.4
5/8/2022,17,18,Solar,128,Sunday,May,Spring,9217.249999999998
10/15/2025,14,15,Solar,288,Wednesday,October,Fall,17436.299999999996
6/3/2024,14,15,Solar,155,Monday,June,Summer,12648.159999999998
6/7/2023,16,17,Solar,158,Wednesday,June,Summer,13322.75
1/31/2024,10,11,Solar,31,Wednesday,January,Winter,5900.65
1/13/2022,13,14,Solar,13,Thursday,January,Winter,7834.259999999999
7/18/2020,13,14,Solar,200,Saturday,July,Summer,7404.3899999999985
11/10/2020,9,10,Solar,315,Tuesday,November,Fall,2062.41
8/10/2023,15,16,Solar,222,Thursday,August,Summer,11670.889999999998
7/7/2024,12,13,Solar,189,Sunday,July,Summer,10030.299999999997
4/12/2020,12,13,Solar,103,Sunday,April,Spring,6729.799999999999
8/22/2025,16,17,Solar,234,Friday,August,Summer,13846.0
5/5/2022,16,17,Solar,125,Thursday,May,Spring,9880.569999999998
8/11/2021,14,15,Solar,223,Wednesday,August,Summer,8381.66
6/14/2020,11,12,Solar,166,Sunday,June,Summer,8260.91
7/16/2022,10,11,Solar,197,Saturday,July,Summer,10836.909999999998
11/26/2025,13,14,Solar,330,Wednesday,November,Fall,10782.169999999998
9/9/2020,10,11,Solar,253,Wednesday,September,Fall,3777.059999999999
5/14/2025,9,10,Solar,134,Wednesday,May,Spring,8978.969999999998
7/22/2024,13,14,Solar,204,Monday,July,Summer,16491.229999999996
1/24/2020,16,17,Solar,24,Friday,January,Winter,1176.9099999999999
9/20/2024,16,17,Solar,264,Friday,September,Fall,10925.46
5/14/2023,17,18,Solar,134,Sunday,May,Spring,11751.389999999998
7/17/2025,11,12,Solar,198,Thursday,July,Summer,13667.289999999997
4/29/2024,14,15,Solar,120,Monday,April,Spring,11344.06
3/6/2024,15,16,Solar,66,Wednesday,March,Spring,8116.009999999999
10/24/2024,12,13,Solar,298,Thursday,October,Fall,13383.929999999998
8/19/2025,15,16,Solar,231,Tuesday,August,Summer,11094.509999999998
8/23/2023,16,17,Solar,235,Wednesday,August,Summer,8756.789999999999
7/16/2025,14,15,Solar,197,Wednesday,July,Summer,26268.759999999995
12/6/2023,15,16,Solar,340,Wednesday,December,Winter,3403.5399999999995
5/12/2021,14,15,Solar,132,Wednesday,May,Spring,9075.569999999998
7/21/2024,12,13,Solar,203,Sunday,July,Summer,6320.859999999999
8/10/2021,14,15,Solar,222,Tuesday,August,Summer,9317.069999999998
7/3/2021,12,13,Solar,184,Saturday,July,Summer,6675.0599999999995
1/12/2022,15,16,Solar,12,Wednesday,January,Winter,6188.839999999999
7/22/2020,15,16,Solar,204,Wednesday,July,Summer,6544.65
7/15/2020,13,14,Solar,197,Wednesday,July,Summer,6865.039999999999
9/26/2021,15,16,Solar,269,Sunday,September,Fall,8904.909999999998
1/31/2024,15,16,Solar,31,Wednesday,January,Winter,9470.019999999999
8/22/2024,10,11,Solar,235,Thursday,August,Summer,16471.91
7/7/2021,10,11,Solar,188,Wednesday,July,Summer,6768.439999999999
6/30/2025,16,17,Solar,181,Monday,June,Summer,12862.289999999997
9/7/2022,10,11,Solar,250,Wednesday,September,Fall,8698.83
9/19/2022,12,13,Solar,262,Monday,September,Fall,12591.81
4/9/2025,15,16,Solar,99,Wednesday,April,Spring,11788.419999999998
8/3/2021,15,16,Solar,215,Tuesday,August,Summer,7095.269999999999
6/8/2021,15,16,Solar,159,Tuesday,June,Summer,7702.239999999999
1/8/2021,11,12,Solar,8,Friday,January,Winter,4617.48
8/25/2025,13,14,Solar,237,Monday,August,Summer,13654.409999999998
8/25/2021,15,16,Solar,237,Wednesday,August,Summer,14155.119999999999
6/25/2022,15,16,Solar,176,Saturday,June,Summer,9700.249999999998
1/24/2020,13,14,Solar,24,Friday,January,Winter,3287.6199999999994
7/17/2025,13,14,Solar,198,Thursday,July,Summer,15459.219999999998
1/24/2022,13,14,Solar,24,Monday,January,Winter,6989.009999999999
1/23/2022,12,13,Solar,23,Sunday,January,Winter,8988.63
6/23/2020,9,10,Solar,175,Tuesday,June,Summer,4594.94
8/1/2025,8,9,Solar,213,Friday,August,Summer,5663.98
3/9/2021,14,15,Solar,68,Tuesday,March,Spring,8943.549999999997
4/8/2025,15,16,Solar,98,Tuesday,April,Spring,13765.5
2/14/2025,12,13,Solar,45,Friday,February,Winter,15491.419999999998
8/24/2025,18,19,Solar,236,Sunday,August,Summer,8248.029999999999
5/6/2022,13,14,Solar,126,Friday,May,Spring,11189.499999999998
9/8/2020,9,10,Solar,252,Tuesday,September,Fall,3773.8399999999997
10/14/2025,14,15,Solar,287,Tuesday,October,Fall,18001.41
12/27/2024,11,12,Solar,362,Friday,December,Winter,6319.25
9/8/2020,9,10,Solar,252,Tuesday,September,Fall,3773.8399999999997
5/3/2021,13,14,Solar,123,Monday,May,Spring,13849.219999999998
3/4/2025,9,10,Solar,63,Tuesday,March,Spring,9099.719999999998
7/2/2021,9,10,Solar,183,Friday,July,Summer,4150.58
7/9/2024,10,11,Solar,191,Tuesday,July,Summer,11698.259999999998
7/17/2020,11,12,Solar,199,Friday,July,Summer,6507.619999999999
5/28/2021,11,12,Solar,148,Friday,May,Spring,8916.179999999998
12/21/2021,12,13,Solar,355,Tuesday,December,Winter,5876.5
11/4/2020,12,13,Solar,309,Wednesday,November,Fall,5757.359999999999
7/17/2025,16,17,Solar,198,Thursday,July,Summer,14103.599999999999
6/2/2022,12,13,Solar,153,Thursday,June,Summer,10849.789999999999
9/24/2021,10,11,Solar,267,Friday,September,Fall,5969.879999999999
7/30/2020,11,12,Solar,212,Thursday,July,Summer,6256.459999999999
5/17/2020,9,10,Solar,138,Sunday,May,Spring,5752.53
9/8/2023,15,16,Solar,251,Friday,September,Fall,10954.439999999999
6/6/2022,16,17,Solar,157,Monday,June,Summer,10952.83
12/12/2024,14,15,Solar,347,Thursday,December,Winter,7154.839999999999
9/6/2023,10,11,Solar,249,Wednesday,September,Fall,8703.659999999998
9/8/2025,14,15,Solar,251,Monday,September,Fall,11089.679999999998
8/16/2020,14,15,Solar,229,Sunday,August,Summer,7233.73
6/23/2022,13,14,Solar,174,Thursday,June,Summer,9090.06
9/13/2023,11,12,Solar,256,Wednesday,September,Fall,7708.679999999999
7/28/2023,12,13,Solar,209,Friday,July,Summer,14395.009999999998
12/6/2022,11,12,Solar,340,Tuesday,December,Winter,5485.2699999999995
2/1/2025,10,11,Solar,32,Saturday,February,Winter,7971.109999999999
11/16/2025,12,13,Solar,320,Sunday,November,Fall,10444.069999999998
4/16/2025,10,11,Solar,106,Wednesday,April,Spring,10033.519999999999
10/7/2025,9,10,Solar,280,Tuesday,October,Fall,6151.8099999999995
5/12/2025,9,10,Solar,132,Monday,May,Spring,9534.419999999998
8/6/2024,14,15,Solar,219,Tuesday,August,Summer,14485.169999999998
8/28/2023,16,17,Solar,240,Monday,August,Summer,13633.479999999998
11/30/2022,14,15,Solar,334,Wednesday,November,Fall,5942.509999999999
5/13/2025,14,15,Solar,133,Tuesday,May,Spring,6399.75
12/16/2022,14,15,Solar,350,Friday,December,Winter,6945.539999999999
11/8/2024,14,15,Solar,313,Friday,November,Fall,7216.019999999999
8/8/2023,18,19,Solar,220,Tuesday,August,Summer,9143.189999999999
11/6/2021,13,14,Solar,310,Saturday,November,Fall,9811.339999999998
1/1/2021,12,13,Solar,1,Friday,January,Winter,3210.3399999999997
10/8/2025,10,11,Solar,281,Wednesday,October,Fall,7792.4
8/3/2022,11,12,Solar,215,Wednesday,August,Summer,9019.219999999998
6/24/2020,11,12,Solar,176,Wednesday,June,Summer,9571.449999999999
7/13/2023,11,12,Solar,194,Thursday,July,Summer,13620.599999999999
9/30/2020,10,11,Solar,274,Wednesday,September,Fall,5786.339999999999
4/7/2020,15,16,Solar,98,Tuesday,April,Spring,8114.4
10/8/2022,14,15,Solar,281,Saturday,October,Fall,7480.059999999999
3/25/2025,16,17,Solar,84,Tuesday,March,Spring,10067.33
3/4/2025,9,10,Solar,63,Tuesday,March,Spring,9099.719999999998
10/22/2022,14,15,Solar,295,Saturday,October,Fall,10577.699999999999
6/9/2020,13,14,Solar,161,Tuesday,June,Summer,8117.619999999998
2/14/2023,11,12,Solar,45,Tuesday,February,Winter,10331.369999999999
5/9/2022,18,19,Solar,129,Monday,May,Spring,4562.74
5/11/2022,12,13,Solar,131,Wednesday,May,Spring,19476.17
10/13/2024,14,15,Solar,287,Sunday,October,Fall,5651.099999999999
7/18/2020,14,15,Solar,200,Saturday,July,Summer,7436.589999999998
3/16/2024,14,15,Solar,76,Saturday,March,Spring,12432.419999999998
5/18/2025,10,11,Solar,138,Sunday,May,Spring,7211.189999999999
6/11/2022,18,19,Solar,162,Saturday,June,Summer,5577.04
7/21/2024,13,14,Solar,203,Sunday,July,Summer,6667.009999999999
9/22/2020,16,17,Solar,266,Tuesday,September,Fall,3994.4099999999994
6/13/2022,10,11,Solar,164,Monday,June,Summer,8652.14
6/17/2022,9,10,Solar,168,Friday,June,Summer,6557.53
8/13/2024,15,16,Solar,226,Tuesday,August,Summer,9792.019999999999
4/16/2021,11,12,Solar,106,Friday,April,Spring,12569.269999999999
8/29/2023,13,14,Solar,241,Tuesday,August,Summer,10526.179999999998
5/13/2025,15,16,Solar,133,Tuesday,May,Spring,6219.429999999999
4/30/2022,15,16,Solar,120,Saturday,April,Spring,13855.659999999998
9/18/2021,17,18,Solar,261,Saturday,September,Fall,4300.3099999999995
12/6/2023,12,13,Solar,340,Wednesday,December,Winter,6457.709999999999
8/19/2025,15,16,Solar,231,Tuesday,August,Summer,11094.509999999998
3/22/2024,8,9,Solar,82,Friday,March,Spring,6555.919999999998
6/23/2024,19,20,Solar,175,Sunday,June,Summer,5453.07
9/4/2022,16,17,Solar,247,Sunday,September,Fall,10147.83
10/27/2024,15,16,Solar,301,Sunday,October,Fall,3926.7899999999995
9/16/2024,13,14,Solar,260,Monday,September,Fall,16884.07
6/18/2020,13,14,Solar,170,Thursday,June,Summer,7555.73
9/30/2020,10,11,Solar,274,Wednesday,September,Fall,5786.339999999999
12/30/2024,11,12,Solar,365,Monday,December,Winter,4770.429999999999
8/19/2022,12,13,Solar,231,Friday,August,Summer,11680.55
6/20/2025,9,10,Solar,171,Friday,June,Summer,10946.39
1/5/2020,11,12,Solar,5,Sunday,January,Winter,5284.0199999999995
7/2/2025,8,9,Solar,183,Wednesday,July,Summer,6486.689999999999
4/13/2021,13,14,Solar,103,Tuesday,April,Spring,10664.64
7/24/2020,9,10,Solar,206,Friday,July,Summer,4755.94
7/13/2020,13,14,Solar,195,Monday,July,Summer,7575.049999999999
9/11/2023,16,17,Solar,254,Monday,September,Fall,8268.96
7/13/2022,13,14,Solar,194,Wednesday,July,Summer,11036.549999999997
3/2/2022,11,12,Solar,61,Wednesday,March,Spring,4949.139999999999
10/9/2021,12,13,Solar,282,Saturday,October,Fall,8557.149999999998
9/1/2020,16,17,Solar,245,Tuesday,September,Fall,6958.419999999998
9/5/2020,10,11,Solar,249,Saturday,September,Fall,5742.869999999999
9/5/2025,15,16,Solar,248,Friday,September,Fall,15341.689999999997
9/5/2023,16,17,Solar,248,Tuesday,September,Fall,9600.429999999998
5/30/2022,10,11,Solar,150,Monday,May,Spring,7831.039999999999
9/12/2022,16,17,Solar,255,Monday,September,Fall,8275.399999999998
4/10/2025,17,18,Solar,100,Thursday,April,Spring,17296.229999999996
12/26/2024,13,14,Solar,361,Thursday,December,Winter,8314.039999999999
7/6/2023,8,9,Solar,187,Thursday,July,Summer,3744.859999999999
4/19/2022,9,10,Solar,109,Tuesday,April,Spring,4784.919999999999
7/29/2024,12,13,Solar,211,Monday,July,Summer,16307.689999999997
8/11/2024,13,14,Solar,224,Sunday,August,Summer,10767.679999999998
8/1/2025,13,14,Solar,213,Friday,August,Summer,18083.519999999997
9/19/2022,12,13,Solar,262,Monday,September,Fall,12591.81
7/5/2022,18,19,Solar,186,Tuesday,July,Summer,8940.33
9/18/2025,12,13,Solar,261,Thursday,September,Fall,16695.699999999997
2/1/2025,10,11,Solar,32,Saturday,February,Winter,7971.109999999999
6/7/2024,11,12,Solar,159,Friday,June,Summer,9796.849999999999
6/23/2021,10,11,Solar,174,Wednesday,June,Summer,6045.549999999999
6/12/2022,12,13,Solar,163,Sunday,June,Summer,9614.919999999998
2/23/2022,15,16,Solar,54,Wednesday,February,Winter,9044.98
10/6/2025,13,14,Solar,279,Monday,October,Fall,16199.819999999998
10/14/2025,14,15,Solar,287,Tuesday,October,Fall,18001.41
9/13/2020,14,15,Solar,257,Sunday,September,Fall,6536.599999999999
6/23/2023,15,16,Solar,174,Friday,June,Summer,12841.359999999999
9/5/2020,15,16,Solar,249,Saturday,September,Fall,8652.14
11/11/2022,11,12,Solar,315,Friday,November,Fall,9946.58
5/8/2024,10,11,Solar,129,Wednesday,May,Spring,13363.0
4/13/2024,14,15,Solar,104,Saturday,April,Spring,9368.589999999998
8/8/2024,17,18,Solar,221,Thursday,August,Summer,12657.819999999998
5/9/2020,12,13,Solar,130,Saturday,May,Spring,5989.2
6/19/2020,8,9,Solar,171,Friday,June,Summer,3413.2
6/30/2025,11,12,Solar,181,Monday,June,Summer,13779.989999999998
10/11/2022,14,15,Solar,284,Tuesday,October,Fall,6818.349999999999
8/7/2022,9,10,Solar,219,Sunday,August,Summer,10221.89
7/30/2024,12,13,Solar,212,Tuesday,July,Summer,11922.05
10/30/2025,10,11,Solar,303,Thursday,October,Fall,13691.439999999997
9/12/2024,12,13,Solar,256,Thursday,September,Fall,16175.669999999998
7/12/2025,11,12,Solar,193,Saturday,July,Summer,15467.269999999999
1/26/2022,9,10,Solar,26,Wednesday,January,Winter,2471.3499999999995
5/14/2023,17,18,Solar,134,Sunday,May,Spring,11751.389999999998
1/25/2020,11,12,Solar,25,Saturday,January,Winter,4221.419999999999
4/17/2024,12,13,Solar,108,Wednesday,April,Spring,18461.87
8/7/2020,13,14,Solar,220,Friday,August,Summer,7549.289999999999
9/16/2024,13,14,Solar,260,Monday,September,Fall,16884.07
10/24/2021,11,12,Solar,297,Sunday,October,Fall,9835.489999999998
6/12/2025,13,14,Solar,163,Thursday,June,Summer,9346.049999999997
5/7/2020,14,15,Solar,128,Thursday,May,Spring,7088.829999999999
8/18/2025,9,10,Solar,230,Monday,August,Summer,8922.619999999999
2/8/2023,11,12,Solar,39,Wednesday,February,Winter,11361.769999999999
9/14/2021,14,15,Solar,257,Tuesday,September,Fall,7697.409999999999
1/1/2020,12,13,Solar,1,Wednesday,January,Winter,4095.8399999999997
8/4/2024,10,11,Solar,217,Sunday,August,Summer,9925.649999999998
9/21/2025,11,12,Solar,264,Sunday,September,Fall,5556.109999999999
7/7/2021,10,11,Solar,188,Wednesday,July,Summer,6768.439999999999
2/9/2022,14,15,Solar,40,Wednesday,February,Winter,8188.459999999999
1/8/2021,10,11,Solar,8,Friday,January,Winter,3601.5699999999993
4/23/2020,10,11,Solar,114,Thursday,April,Spring,3226.4399999999996
10/9/2023,10,11,Solar,282,Monday,October,Fall,6926.219999999998
1/17/2022,13,14,Solar,17,Monday,January,Winter,5916.75
8/10/2024,8,9,Solar,223,Saturday,August,Summer,4203.709999999999
1/21/2025,11,12,Solar,21,Tuesday,January,Winter,8956.429999999998
4/14/2025,8,9,Solar,104,Monday,April,Spring,3443.7899999999995
9/21/2024,13,14,Solar,265,Saturday,September,Fall,7132.299999999999
4/22/2021,11,12,Solar,112,Thursday,April,Spring,12595.029999999997
2/9/2023,10,11,Solar,40,Thursday,February,Winter,6908.509999999999
2/15/2023,16,17,Solar,46,Wednesday,February,Winter,5948.95
6/8/2024,10,11,Solar,160,Saturday,June,Summer,7497.769999999999
12/21/2021,11,12,Solar,355,Tuesday,December,Winter,5750.919999999998
9/7/2023,12,13,Solar,250,Thursday,September,Fall,12062.119999999999
6/16/2022,9,10,Solar,167,Thursday,June,Summer,5981.15
7/25/2025,11,12,Solar,206,Friday,July,Summer,13696.269999999999
6/20/2025,17,18,Solar,171,Friday,June,Summer,13556.199999999999
1/28/2022,12,13,Solar,28,Friday,January,Winter,5823.369999999999
8/1/2020,14,15,Solar,214,Saturday,August,Summer,7824.599999999999
8/9/2025,13,14,Solar,221,Saturday,August,Summer,8325.31
2/15/2025,15,16,Solar,46,Saturday,February,Winter,11405.239999999998
7/11/2025,16,17,Solar,192,Friday,July,Summer,19880.28
7/29/2024,12,13,Solar,211,Monday,July,Summer,16307.689999999997
12/13/2024,12,13,Solar,348,Friday,December,Winter,5810.489999999999
7/5/2022,12,13,Solar,186,Tuesday,July,Summer,11548.529999999997
7/4/2023,12,13,Solar,185,Tuesday,July,Summer,13002.359999999999
7/12/2022,9,10,Solar,193,Tuesday,July,Summer,6253.239999999999
12/25/2024,11,12,Solar,360,Wednesday,December,Winter,5581.869999999999
7/8/2022,9,10,Solar,189,Friday,July,Summer,8209.39
1/1/2021,12,13,Solar,1,Friday,January,Winter,3210.3399999999997
11/13/2022,10,11,Solar,317,Sunday,November,Fall,6322.469999999998
3/22/2024,14,15,Solar,82,Friday,March,Spring,14821.659999999998
8/19/2023,9,10,Solar,231,Saturday,August,Summer,7760.2
7/26/2022,12,13,Solar,207,Tuesday,July,Summer,10539.06
7/1/2022,16,17,Solar,182,Friday,July,Summer,10492.369999999999
5/5/2022,16,17,Solar,125,Thursday,May,Spring,9880.569999999998
9/24/2021,10,11,Solar,267,Friday,September,Fall,5969.879999999999
7/30/2024,13,14,Solar,212,Tuesday,July,Summer,12264.979999999998
5/9/2020,11,12,Solar,130,Saturday,May,Spring,5201.909999999999
7/5/2021,13,14,Solar,186,Monday,July,Summer,13438.669999999998
12/11/2021,12,13,Solar,345,Saturday,December,Winter,6937.489999999999
2/25/2021,12,13,Solar,56,Thursday,February,Winter,7713.509999999999
5/27/2022,10,11,Solar,147,Friday,May,Spring,9061.08
6/28/2022,15,16,Solar,179,Tuesday,June,Summer,11983.229999999998
8/21/2023,11,12,Solar,233,Monday,August,Summer,10210.619999999999
11/4/2020,12,13,Solar,309,Wednesday,November,Fall,5757.359999999999
11/26/2023,12,13,Solar,330,Sunday,November,Fall,9899.89
7/31/2025,10,11,Solar,212,Thursday,July,Summer,13844.389999999998
6/22/2020,15,16,Solar,174,Monday,June,Summer,7591.15
7/15/2024,14,15,Solar,197,Monday,July,Summer,17043.46
10/6/2022,13,14,Solar,279,Thursday,October,Fall,7924.419999999998
4/24/2025,11,12,Solar,114,Thursday,April,Spring,13237.419999999998
9/22/2020,16,17,Solar,266,Tuesday,September,Fall,3994.4099999999994
8/10/2025,16,17,Solar,222,Sunday,August,Summer,7339.989999999999
6/16/2023,11,12,Solar,167,Friday,June,Summer,10743.529999999999
12/18/2023,14,15,Solar,352,Monday,December,Winter,7837.48
4/9/2022,13,14,Solar,99,Saturday,April,Spring,12195.75
8/28/2022,16,17,Solar,240,Sunday,August,Summer,11841.55
7/14/2022,10,11,Solar,195,Thursday,July,Summer,8305.989999999998
9/14/2020,14,15,Solar,258,Monday,September,Fall,8318.869999999999
12/17/2023,13,14,Solar,351,Sunday,December,Winter,8305.989999999998
9/4/2022,11,12,Solar,247,Sunday,September,Fall,10737.089999999998
8/15/2022,15,16,Solar,227,Monday,August,Summer,12719.0
8/21/2022,8,9,Solar,233,Sunday,August,Summer,2757.9299999999994
7/25/2020,11,12,Solar,207,Saturday,July,Summer,9999.71
8/1/2025,8,9,Solar,213,Friday,August,Summer,5663.98
1/1/2021,12,13,Solar,1,Friday,January,Winter,3210.3399999999997
5/11/2022,11,12,Solar,131,Wednesday,May,Spring,16578.17
9/29/2020,14,15,Solar,273,Tuesday,September,Fall,6272.5599999999995
10/5/2023,16,17,Solar,278,Thursday,October,Fall,7317.45
2/13/2025,12,13,Solar,44,Thursday,February,Winter,7589.539999999999
4/14/2024,11,12,Solar,105,Sunday,April,Spring,6080.969999999998
10/1/2023,11,12,Solar,274,Sunday,October,Fall,10791.83
3/30/2024,12,13,Solar,90,Saturday,March,Spring,12817.21
5/7/2020,10,11,Solar,128,Thursday,May,Spring,5243.7699999999995
12/11/2022,13,14,Solar,345,Sunday,December,Winter,7108.15
5/22/2025,11,12,Solar,142,Thursday,May,Spring,16254.559999999998
12/6/2022,10,11,Solar,340,Tuesday,December,Winter,4720.5199999999995
8/29/2021,11,12,Solar,241,Sunday,August,Summer,10579.31
1/1/2020,12,13,Solar,1,Wednesday,January,Winter,4095.8399999999997
8/29/2024,17,18,Solar,242,Thursday,August,Summer,8001.7
4/25/2022,10,11,Solar,115,Monday,April,Spring,8331.749999999998
1/21/2025,11,12,Solar,21,Tuesday,January,Winter,8956.429999999998
4/23/2020,17,18,Solar,114,Thursday,April,Spring,3435.74
1/24/2022,15,16,Solar,24,Monday,January,Winter,4778.48
8/10/2025,16,17,Solar,222,Sunday,August,Summer,7339.989999999999
8/5/2024,18,19,Solar,218,Monday,August,Summer,6877.919999999998
7/17/2025,9,10,Solar,198,Thursday,July,Summer,8904.909999999998
5/16/2022,14,15,Solar,136,Monday,May,Spring,12070.169999999998
4/13/2021,15,16,Solar,103,Tuesday,April,Spring,10448.899999999998
10/11/2021,16,17,Solar,284,Monday,October,Fall,9131.919999999998
2/7/2022,14,15,Solar,38,Monday,February,Winter,10250.869999999999
8/10/2025,16,17,Solar,222,Sunday,August,Summer,7339.989999999999
10/6/2025,14,15,Solar,279,Monday,October,Fall,16444.539999999997
8/21/2024,16,17,Solar,234,Wednesday,August,Summer,14430.429999999997
6/29/2022,16,17,Solar,180,Wednesday,June,Summer,9014.39
5/29/2022,16,17,Solar,149,Sunday,May,Spring,14161.56
11/10/2022,13,14,Solar,314,Thursday,November,Fall,9804.899999999998
7/7/2020,17,18,Solar,189,Tuesday,July,Summer,7072.73
2/15/2023,10,11,Solar,46,Wednesday,February,Winter,10094.699999999999
6/19/2023,17,18,Solar,170,Monday,June,Summer,6246.799999999999
9/4/2022,16,17,Solar,247,Sunday,September,Fall,10147.83
3/30/2021,17,18,Solar,89,Tuesday,March,Spring,5937.679999999999
2/6/2020,11,12,Solar,37,Thursday,February,Winter,7666.819999999999
10/10/2021,16,17,Solar,283,Sunday,October,Fall,7946.959999999999
11/30/2024,13,14,Solar,335,Saturday,November,Fall,7515.48
4/9/2023,13,14,Solar,99,Sunday,April,Spring,12519.359999999999
4/1/2020,12,13,Solar,92,Wednesday,April,Spring,8779.33
7/24/2020,13,14,Solar,206,Friday,July,Summer,10088.259999999998
3/29/2022,11,12,Solar,88,Tuesday,March,Spring,5989.2
9/1/2020,11,12,Solar,245,Tuesday,September,Fall,6296.709999999999
7/9/2023,11,12,Solar,190,Sunday,July,Summer,11208.819999999998
6/20/2023,12,13,Solar,171,Tuesday,June,Summer,12157.109999999999
8/10/2025,13,14,Solar,222,Sunday,August,Summer,8004.919999999998
12/16/2023,11,12,Solar,350,Saturday,December,Winter,8515.289999999999
8/11/2024,9,10,Solar,224,Sunday,August,Summer,9724.399999999998
9/6/2023,10,11,Solar,249,Wednesday,September,Fall,8703.659999999998
7/15/2022,18,19,Solar,196,Friday,July,Summer,8008.1399999999985
2/26/2022,10,11,Solar,57,Saturday,February,Winter,12348.699999999999
7/2/2021,19,20,Solar,183,Friday,July,Summer,2353.8199999999997
1/15/2025,14,15,Solar,15,Wednesday,January,Winter,9552.13
6/15/2021,16,17,Solar,166,Tuesday,June,Summer,6544.65
8/22/2023,16,17,Solar,234,Tuesday,August,Summer,9899.89
5/29/2025,8,9,Solar,149,Thursday,May,Spring,7831.039999999999
7/27/2025,12,13,Solar,208,Sunday,July,Summer,15137.219999999998
1/30/2022,11,12,Solar,30,Sunday,January,Winter,5441.799999999999
12/6/2023,11,12,Solar,340,Wednesday,December,Winter,6087.409999999999
7/14/2022,10,11,Solar,195,Thursday,July,Summer,8305.989999999998
5/29/2022,16,17,Solar,149,Sunday,May,Spring,14161.56
4/19/2021,17,18,Solar,109,Monday,April,Spring,5229.28
6/24/2023,9,10,Solar,175,Saturday,June,Summer,8608.669999999998
3/13/2025,15,16,Solar,72,Thursday,March,Spring,9196.319999999998
5/2/2023,11,12,Solar,122,Tuesday,May,Spring,13044.219999999998
2/20/2023,13,14,Solar,51,Monday,February,Winter,11893.069999999998
9/25/2023,12,13,Solar,268,Monday,September,Fall,10795.049999999997
5/28/2021,11,12,Solar,148,Friday,May,Spring,8916.179999999998
7/17/2025,11,12,Solar,198,Thursday,July,Summer,13667.289999999997
5/22/2025,11,12,Solar,142,Thursday,May,Spring,16254.559999999998
1/31/2024,10,11,Solar,31,Wednesday,January,Winter,5900.65
8/21/2023,17,18,Solar,233,Monday,August,Summer,7388.289999999999
4/12/2020,14,15,Solar,103,Sunday,April,Spring,7209.579999999999
8/10/2021,17,18,Solar,222,Tuesday,August,Summer,6391.7
12/15/2023,13,14,Solar,349,Friday,December,Winter,6881.1399999999985
9/13/2020,9,10,Solar,257,Sunday,September,Fall,3793.1599999999994
6/16/2020,8,9,Solar,168,Tuesday,June,Summer,2745.0499999999997
7/8/2022,15,16,Solar,189,Friday,July,Summer,14642.949999999999
2/28/2024,13,14,Solar,59,Wednesday,February,Winter,12989.479999999998
6/30/2025,11,12,Solar,181,Monday,June,Summer,13779.989999999998
2/9/2022,14,15,Solar,40,Wednesday,February,Winter,8188.459999999999
8/3/2025,14,15,Solar,215,Sunday,August,Summer,10717.769999999999
3/22/2024,9,10,Solar,82,Friday,March,Spring,9300.969999999998
7/22/2021,14,15,Solar,203,Thursday,July,Summer,10548.719999999998
12/7/2022,14,15,Solar,341,Wednesday,December,Winter,6100.289999999999
12/11/2022,13,14,Solar,345,Sunday,December,Winter,7108.15
4/16/2020,12,13,Solar,107,Thursday,April,Spring,7919.589999999998
1/24/2020,15,16,Solar,24,Friday,January,Winter,2165.4499999999994
4/13/2024,16,17,Solar,104,Saturday,April,Spring,8690.779999999999
4/17/2024,12,13,Solar,108,Wednesday,April,Spring,18461.87
2/28/2022,10,11,Solar,59,Monday,February,Winter,9015.999999999998
6/25/2020,10,11,Solar,177,Thursday,June,Summer,5496.54
4/14/2024,8,9,Solar,105,Sunday,April,Spring,3504.9699999999993
6/17/2020,12,13,Solar,169,Wednesday,June,Summer,5754.1399999999985
5/8/2022,17,18,Solar,128,Sunday,May,Spring,9217.249999999998
8/18/2025,17,18,Solar,230,Monday,August,Summer,9441.039999999999
7/27/2024,10,11,Solar,209,Saturday,July,Summer,6906.9
4/7/2020,15,16,Solar,98,Tuesday,April,Spring,8114.4
7/26/2023,11,12,Solar,207,Wednesday,July,Summer,11422.949999999999
12/6/2023,11,12,Solar,340,Wednesday,December,Winter,6087.409999999999
4/29/2023,14,15,Solar,119,Saturday,April,Spring,7816.549999999999
7/22/2022,9,10,Solar,203,Friday,July,Summer,6050.379999999999
9/27/2023,9,10,Solar,270,Wednesday,September,Fall,7599.2
12/6/2023,11,12,Solar,340,Wednesday,December,Winter,6087.409999999999
1/14/2025,11,12,Solar,14,Tuesday,January,Winter,9801.679999999998
4/7/2020,16,17,Solar,98,Tuesday,April,Spring,7043.75
9/6/2021,12,13,Solar,249,Monday,September,Fall,8710.099999999999
12/13/2024,15,16,Solar,348,Friday,December,Winter,2461.6899999999996
5/6/2022,13,14,Solar,126,Friday,May,Spring,11189.499999999998
9/21/2024,10,11,Solar,265,Saturday,September,Fall,10447.289999999999
10/7/2021,16,17,Solar,280,Thursday,October,Fall,7916.369999999998
9/30/2021,12,13,Solar,273,Thursday,September,Fall,11732.069999999998
9/28/2021,15,16,Solar,271,Tuesday,September,Fall,7703.849999999999
5/12/2022,8,9,Solar,132,Thursday,May,Spring,3094.4199999999996
8/15/2022,16,17,Solar,227,Monday,August,Summer,12171.599999999999
1/14/2025,11,12,Solar,14,Tuesday,January,Winter,9801.679999999998
5/9/2022,15,16,Solar,129,Monday,May,Spring,9365.369999999999
4/14/2022,16,17,Solar,104,Thursday,April,Spring,8386.489999999998
6/19/2023,17,18,Solar,170,Monday,June,Summer,6246.799999999999
4/9/2022,13,14,Solar,99,Saturday,April,Spring,12195.75
7/17/2025,16,17,Solar,198,Thursday,July,Summer,14103.599999999999
1/21/2022,12,13,Solar,21,Friday,January,Winter,10951.219999999998
9/8/2020,11,12,Solar,252,Tuesday,September,Fall,6167.909999999999
3/19/2025,13,14,Solar,78,Wednesday,March,Spring,22195.46
7/11/2022,12,13,Solar,192,Monday,July,Summer,14646.169999999998
8/21/2024,16,17,Solar,234,Wednesday,August,Summer,14430.429999999997
9/13/2021,9,10,Solar,256,Monday,September,Fall,4841.2699999999995
9/8/2025,9,10,Solar,251,Monday,September,Fall,5116.579999999999
9/12/2020,18,19,Solar,256,Saturday,September,Fall,2811.0599999999995
3/25/2025,14,15,Solar,84,Tuesday,March,Spring,11735.289999999997
4/16/2023,15,16,Solar,106,Sunday,April,Spring,16132.199999999999
6/29/2025,11,12,Solar,180,Sunday,June,Summer,6660.569999999999
7/30/2020,17,18,Solar,212,Thursday,July,Summer,5454.679999999999
8/7/2024,15,16,Solar,220,Wednesday,August,Summer,13575.519999999999
8/4/2023,12,13,Solar,216,Friday,August,Summer,13755.839999999997
8/9/2025,13,14,Solar,221,Saturday,August,Summer,8325.31
1/13/2025,13,14,Solar,13,Monday,January,Winter,14791.069999999998
8/27/2021,9,10,Solar,239,Friday,August,Summer,6668.619999999999
8/5/2020,16,17,Solar,218,Wednesday,August,Summer,7737.659999999999
4/4/2021,12,13,Solar,94,Sunday,April,Spring,9775.919999999998
11/18/2025,11,12,Solar,322,Tuesday,November,Fall,12500.039999999997
9/9/2023,9,10,Solar,252,Saturday,September,Fall,7132.299999999999
1/16/2024,15,16,Solar,16,Tuesday,January,Winter,3012.3099999999995
3/31/2025,11,12,Solar,90,Monday,March,Spring,17792.109999999997
7/31/2025,8,9,Solar,212,Thursday,July,Summer,6465.759999999999
5/20/2024,8,9,Solar,141,Monday,May,Spring,4846.099999999999
6/15/2020,14,15,Solar,167,Monday,June,Summer,9115.819999999998
10/12/2021,11,12,Solar,285,Tuesday,October,Fall,8082.2
5/12/2021,13,14,Solar,132,Wednesday,May,Spring,9592.38
1/13/2025,12,13,Solar,13,Monday,January,Winter,15212.889999999998
5/26/2023,14,15,Solar,146,Friday,May,Spring,19877.059999999998
6/15/2020,15,16,Solar,167,Monday,June,Summer,9154.46
7/11/2025,16,17,Solar,192,Friday,July,Summer,19880.28
9/13/2021,11,12,Solar,256,Monday,September,Fall,6984.179999999999
6/13/2021,11,12,Solar,164,Sunday,June,Summer,8748.739999999998
7/13/2025,12,13,Solar,194,Sunday,July,Summer,15542.939999999997
5/13/2025,13,14,Solar,133,Tuesday,May,Spring,6605.829999999999
9/13/2020,9,10,Solar,257,Sunday,September,Fall,3793.1599999999994
7/30/2020,11,12,Solar,212,Thursday,July,Summer,6256.459999999999
5/1/2021,13,14,Solar,121,Saturday,May,Spring,6124.439999999999
7/7/2023,10,11,Solar,188,Friday,July,Summer,11057.48
1/31/2024,14,15,Solar,31,Wednesday,January,Winter,10532.619999999999
3/31/2025,10,11,Solar,90,Monday,March,Spring,15338.469999999998
6/26/2022,9,10,Solar,177,Sunday,June,Summer,3971.8699999999994
2/5/2025,11,12,Solar,36,Wednesday,February,Winter,9249.449999999999
5/1/2025,15,16,Solar,121,Thursday,May,Spring,8206.169999999998
8/9/2024,13,14,Solar,222,Friday,August,Summer,20493.689999999995
1/15/2025,10,11,Solar,15,Wednesday,January,Winter,8898.469999999998
4/8/2020,13,14,Solar,99,Wednesday,April,Spring,6438.3899999999985
7/24/2020,10,11,Solar,206,Friday,July,Summer,6216.209999999999
10/12/2022,16,17,Solar,285,Wednesday,October,Fall,5354.859999999999
7/23/2025,15,16,Solar,204,Wednesday,July,Summer,11319.909999999998
6/28/2021,12,13,Solar,179,Monday,June,Summer,6668.619999999999
4/28/2025,17,18,Solar,118,Monday,April,Spring,12345.479999999998
8/9/2024,13,14,Solar,222,Friday,August,Summer,20493.689999999995
6/20/2025,11,12,Solar,171,Friday,June,Summer,16516.989999999998
7/14/2024,10,11,Solar,196,Sunday,July,Summer,4240.74
10/13/2021,11,12,Solar,286,Wednesday,October,Fall,7814.939999999999
6/13/2021,8,9,Solar,164,Sunday,June,Summer,4437.159999999999
7/2/2022,11,12,Solar,183,Saturday,July,Summer,10935.119999999999
4/19/2022,9,10,Solar,109,Tuesday,April,Spring,4784.919999999999
5/25/2024,14,15,Solar,146,Saturday,May,Spring,12168.379999999997
3/6/2023,9,10,Solar,65,Monday,March,Spring,5235.719999999999
5/17/2020,11,12,Solar,138,Sunday,May,Spring,8325.31
5/25/2024,11,12,Solar,146,Saturday,May,Spring,11107.39
4/29/2024,14,15,Solar,120,Monday,April,Spring,11344.06
4/18/2020,18,19,Solar,109,Saturday,April,Spring,2509.99
10/10/2025,15,16,Solar,283,Friday,October,Fall,13351.729999999998
8/7/2022,12,13,Solar,219,Sunday,August,Summer,17795.329999999998
2/15/2025,12,13,Solar,46,Saturday,February,Winter,16462.25
5/9/2024,18,19,Solar,130,Thursday,May,Spring,9803.289999999999
6/30/2022,15,16,Solar,181,Thursday,June,Summer,9532.81
3/3/2022,12,13,Solar,62,Thursday,March,Spring,6665.4
6/23/2023,8,9,Solar,174,Friday,June,Summer,4541.8099999999995
9/2/2023,16,17,Solar,245,Saturday,September,Fall,9267.159999999998
3/4/2024,13,14,Solar,64,Monday,March,Spring,15190.349999999999
10/31/2024,10,11,Solar,305,Thursday,October,Fall,6861.819999999999
2/9/2025,10,11,Solar,40,Sunday,February,Winter,6947.15
3/3/2021,13,14,Solar,62,Wednesday,March,Spring,4720.5199999999995
6/11/2022,8,9,Solar,162,Saturday,June,Summer,3901.0299999999993
2/23/2022,15,16,Solar,54,Wednesday,February,Winter,9044.98
6/21/2025,14,15,Solar,172,Saturday,June,Summer,16054.919999999998
7/17/2025,11,12,Solar,198,Thursday,July,Summer,13667.289999999997
9/22/2020,16,17,Solar,266,Tuesday,September,Fall,3994.4099999999994
5/8/2023,14,15,Solar,128,Monday,May,Spring,10703.279999999999
8/19/2023,9,10,Solar,231,Saturday,August,Summer,7760.2
6/7/2024,17,18,Solar,159,Friday,June,Summer,8528.169999999998
4/30/2021,18,19,Solar,120,Friday,April,Spring,2382.7999999999997
7/13/2025,15,16,Solar,194,Sunday,July,Summer,17416.979999999996
4/9/2023,13,14,Solar,99,Sunday,April,Spring,12519.359999999999
9/5/2025,15,16,Solar,248,Friday,September,Fall,15341.689999999997
12/6/2023,11,12,Solar,340,Wednesday,December,Winter,6087.409999999999
12/26/2024,13,14,Solar,361,Thursday,December,Winter,8314.039999999999
1/27/2024,16,17,Solar,27,Saturday,January,Winter,4110.33
11/22/2020,13,14,Solar,327,Sunday,November,Fall,5374.179999999999
7/13/2024,18,19,Solar,195,Saturday,July,Summer,6665.4
9/18/2021,17,18,Solar,261,Saturday,September,Fall,4300.3099999999995
4/14/2024,14,15,Solar,105,Sunday,April,Spring,6950.369999999999
8/11/2024,9,10,Solar,224,Sunday,August,Summer,9724.399999999998
6/15/2023,11,12,Solar,166,Thursday,June,Summer,10529.399999999998
3/15/2023,16,17,Solar,74,Wednesday,March,Spring,7848.749999999999
1/13/2024,10,11,Solar,13,Saturday,January,Winter,3939.669999999999
4/1/2020,15,16,Solar,92,Wednesday,April,Spring,7579.879999999999
7/29/2022,16,17,Solar,210,Friday,July,Summer,9044.98
8/3/2020,11,12,Solar,216,Monday,August,Summer,7797.23
2/8/2021,11,12,Solar,39,Monday,February,Winter,3645.0399999999995
11/5/2021,10,11,Solar,309,Friday,November,Fall,6510.839999999999
4/18/2024,13,14,Solar,109,Thursday,April,Spring,13849.219999999998
6/15/2023,12,13,Solar,166,Thursday,June,Summer,11619.369999999999
1/13/2022,13,14,Solar,13,Thursday,January,Winter,7834.259999999999
12/26/2024,12,13,Solar,361,Thursday,December,Winter,8257.689999999999
8/7/2022,9,10,Solar,219,Sunday,August,Summer,10221.89
11/6/2024,9,10,Solar,311,Wednesday,November,Fall,2522.87
5/10/2024,14,15,Solar,131,Friday,May,Spring,17724.489999999998
1/6/2021,11,12,Solar,6,Wednesday,January,Winter,3182.9699999999993
11/8/2024,13,14,Solar,313,Friday,November,Fall,8706.88
1/13/2025,15,16,Solar,13,Monday,January,Winter,10778.949999999999
9/2/2022,12,13,Solar,245,Friday,September,Fall,8357.509999999998
1/20/2024,13,14,Solar,20,Saturday,January,Winter,11197.549999999997
6/13/2022,16,17,Solar,164,Monday,June,Summer,10102.749999999998
9/28/2023,11,12,Solar,271,Thursday,September,Fall,9251.06
1/19/2025,14,15,Solar,19,Sunday,January,Winter,6126.049999999999
11/17/2023,11,12,Solar,321,Friday,November,Fall,11265.169999999998
7/2/2025,8,9,Solar,183,Wednesday,July,Summer,6486.689999999999
5/18/2023,11,12,Solar,138,Thursday,May,Spring,14931.139999999998
6/19/2024,14,15,Solar,171,Wednesday,June,Summer,16573.339999999997
6/30/2022,15,16,Solar,181,Thursday,June,Summer,9532.81
9/16/2021,14,15,Solar,259,Thursday,September,Fall,5058.619999999999
4/10/2025,17,18,Solar,100,Thursday,April,Spring,17296.229999999996
7/21/2024,13,14,Solar,203,Sunday,July,Summer,6667.009999999999
12/19/2021,13,14,Solar,353,Sunday,December,Winter,7216.019999999999
7/15/2020,13,14,Solar,197,Wednesday,July,Summer,6865.039999999999
12/12/2024,13,14,Solar,347,Thursday,December,Winter,8417.08
8/4/2024,10,11,Solar,217,Sunday,August,Summer,9925.649999999998
4/29/2021,12,13,Solar,119,Thursday,April,Spring,6821.569999999999
1/27/2024,11,12,Solar,27,Saturday,January,Winter,9360.539999999999
6/7/2024,11,12,Solar,159,Friday,June,Summer,9796.849999999999
4/14/2021,12,13,Solar,104,Wednesday,April,Spring,14179.269999999999
7/8/2025,10,11,Solar,189,Tuesday,July,Summer,17474.939999999995
9/13/2024,14,15,Solar,257,Friday,September,Fall,18357.219999999998
2/5/2025,10,11,Solar,36,Wednesday,February,Winter,7956.619999999998
10/6/2022,13,14,Solar,279,Thursday,October,Fall,7924.419999999998
9/22/2022,18,19,Solar,265,Thursday,September,Fall,2394.0699999999997
1/17/2022,10,11,Solar,17,Monday,January,Winter,4419.449999999999
5/11/2022,11,12,Solar,131,Wednesday,May,Spring,16578.17
1/19/2024,13,14,Solar,19,Friday,January,Winter,7320.669999999998
8/19/2021,12,13,Solar,231,Thursday,August,Summer,7143.569999999999
9/4/2022,11,12,Solar,247,Sunday,September,Fall,10737.089999999998
11/21/2020,12,13,Solar,326,Saturday,November,Fall,8254.47
5/20/2024,11,12,Solar,141,Monday,May,Spring,9457.14
6/16/2022,19,20,Solar,167,Thursday,June,Summer,3050.95
12/6/2023,11,12,Solar,340,Wednesday,December,Winter,6087.409999999999
1/10/2022,14,15,Solar,10,Monday,January,Winter,4361.49
8/10/2025,13,14,Solar,222,Sunday,August,Summer,8004.919999999998
2/28/2024,13,14,Solar,59,Wednesday,February,Winter,12989.479999999998
8/20/2023,16,17,Solar,232,Sunday,August,Summer,9991.659999999998
12/10/2022,13,14,Solar,344,Saturday,December,Winter,7145.179999999999
10/12/2020,13,14,Solar,286,Monday,October,Fall,7233.73
4/28/2021,13,14,Solar,118,Wednesday,April,Spring,6013.349999999999
3/7/2021,10,11,Solar,66,Sunday,March,Spring,3625.7199999999993
4/29/2021,13,14,Solar,119,Thursday,April,Spring,6995.45
11/6/2024,9,10,Solar,311,Wednesday,November,Fall,2522.87
7/12/2020,11,12,Solar,194,Sunday,July,Summer,8698.83
6/8/2020,10,11,Solar,160,Monday,June,Summer,5767.019999999999
4/11/2020,18,19,Solar,102,Saturday,April,Spring,2939.859999999999
3/14/2024,11,12,Solar,74,Thursday,March,Spring,14932.749999999998
8/20/2020,10,11,Solar,233,Thursday,August,Summer,8022.629999999999
5/9/2022,15,16,Solar,129,Monday,May,Spring,9365.369999999999
6/4/2025,14,15,Solar,155,Wednesday,June,Summer,14147.069999999998
1/25/2020,11,12,Solar,25,Saturday,January,Winter,4221.419999999999
9/12/2024,12,13,Solar,256,Thursday,September,Fall,16175.669999999998
8/7/2022,9,10,Solar,219,Sunday,August,Summer,10221.89
6/24/2023,12,13,Solar,175,Saturday,June,Summer,14264.599999999999
7/17/2022,12,13,Solar,198,Sunday,July,Summer,14122.919999999998
12/25/2024,12,13,Solar,360,Wednesday,December,Winter,6032.669999999998
3/25/2021,12,13,Solar,84,Thursday,March,Spring,7858.409999999999
5/24/2020,16,17,Solar,145,Sunday,May,Spring,8330.14
10/23/2021,13,14,Solar,296,Saturday,October,Fall,8917.789999999999
1/1/2020,12,13,Solar,1,Wednesday,January,Winter,4095.8399999999997
7/7/2021,9,10,Solar,188,Wednesday,July,Summer,5538.399999999999
2/28/2024,15,16,Solar,59,Wednesday,February,Winter,11567.849999999999
9/7/2020,12,13,Solar,251,Monday,September,Fall,8988.63
2/17/2025,14,15,Solar,48,Monday,February,Winter,11078.409999999998
9/24/2023,12,13,Solar,267,Sunday,September,Fall,11696.65
2/6/2020,11,12,Solar,37,Thursday,February,Winter,7666.819999999999
6/24/2021,9,10,Solar,175,Thursday,June,Summer,5068.28
11/6/2021,13,14,Solar,310,Saturday,November,Fall,9811.339999999998
7/1/2022,15,16,Solar,182,Friday,July,Summer,11492.179999999998
6/19/2025,12,13,Solar,170,Thursday,June,Summer,9175.39
7/21/2023,14,15,Solar,202,Friday,July,Summer,14372.469999999998
10/31/2024,10,11,Solar,305,Thursday,October,Fall,6861.819999999999
5/17/2020,9,10,Solar,138,Sunday,May,Spring,5752.53
4/9/2023,16,17,Solar,99,Sunday,April,Spring,10429.58
2/13/2025,13,14,Solar,44,Thursday,February,Winter,7829.429999999999
5/2/2021,12,13,Solar,122,Sunday,May,Spring,7861.629999999999
9/8/2025,14,15,Solar,251,Monday,September,Fall,11089.679999999998
2/15/2025,16,17,Solar,46,Saturday,February,Winter,8009.749999999999
10/9/2021,12,13,Solar,282,Saturday,October,Fall,8557.149999999998
6/30/2025,11,12,Solar,181,Monday,June,Summer,13779.989999999998
7/15/2020,13,14,Solar,197,Wednesday,July,Summer,6865.039999999999
6/3/2023,15,16,Solar,154,Saturday,June,Summer,9476.46
6/18/2025,14,15,Solar,169,Wednesday,June,Summer,15844.009999999998
5/10/2024,15,16,Solar,131,Friday,May,Spring,16929.149999999998
9/3/2024,10,11,Solar,247,Tuesday,September,Fall,5889.379999999999
8/10/2025,16,17,Solar,222,Sunday,August,Summer,7339.989999999999
8/7/2024,15,16,Solar,220,Wednesday,August,Summer,13575.519999999999
12/6/2022,11,12,Solar,340,Tuesday,December,Winter,5485.2699999999995
5/19/2024,13,14,Solar,140,Sunday,May,Spring,5057.009999999999
3/29/2022,12,13,Solar,88,Tuesday,March,Spring,6583.289999999999
10/4/2023,14,15,Solar,277,Wednesday,October,Fall,11947.81
11/22/2020,15,16,Solar,327,Sunday,November,Fall,3221.609999999999
6/15/2021,11,12,Solar,166,Tuesday,June,Summer,7360.919999999998
7/29/2022,16,17,Solar,210,Friday,July,Summer,9044.98
5/11/2022,12,13,Solar,131,Wednesday,May,Spring,19476.17
9/15/2023,14,15,Solar,258,Friday,September,Fall,13295.379999999997
6/13/2023,10,11,Solar,164,Tuesday,June,Summer,7805.279999999999
6/23/2020,11,12,Solar,175,Tuesday,June,Summer,7562.169999999998
5/24/2020,16,17,Solar,145,Sunday,May,Spring,8330.14
8/5/2024,16,17,Solar,218,Monday,August,Summer,11997.719999999998
10/18/2021,11,12,Solar,291,Monday,October,Fall,8172.359999999999
7/2/2025,12,13,Solar,183,Wednesday,July,Summer,16636.129999999997
6/24/2025,13,14,Solar,175,Tuesday,June,Summer,10204.179999999998
1/24/2020,12,13,Solar,24,Friday,January,Winter,3440.5699999999993
3/31/2021,14,15,Solar,90,Wednesday,March,Spring,8524.949999999999
9/19/2024,11,12,Solar,263,Thursday,September,Fall,21256.829999999998
3/25/2025,11,12,Solar,84,Tuesday,March,Spring,11181.449999999999
9/28/2021,15,16,Solar,271,Tuesday,September,Fall,7703.849999999999
12/16/2023,11,12,Solar,350,Saturday,December,Winter,8515.289999999999
3/18/2020,15,16,Solar,78,Wednesday,March,Spring,5350.03
2/14/2023,11,12,Solar,45,Tuesday,February,Winter,10331.369999999999
9/11/2021,9,10,Solar,254,Saturday,September,Fall,4337.339999999999
8/15/2020,14,15,Solar,228,Saturday,August,Summer,6417.459999999999
5/15/2023,10,11,Solar,135,Monday,May,Spring,9819.39
9/30/2021,12,13,Solar,273,Thursday,September,Fall,11732.069999999998
4/4/2023,13,14,Solar,94,Tuesday,April,Spring,18608.379999999997
7/2/2025,13,14,Solar,183,Wednesday,July,Summer,18138.26
9/14/2020,10,11,Solar,258,Monday,September,Fall,6324.079999999999
6/30/2025,11,12,Solar,181,Monday,June,Summer,13779.989999999998
4/29/2021,16,17,Solar,119,Thursday,April,Spring,5507.8099999999995
7/24/2024,8,9,Solar,206,Wednesday,July,Summer,4195.659999999999
5/2/2021,15,16,Solar,122,Sunday,May,Spring,8281.839999999998
10/24/2024,12,13,Solar,298,Thursday,October,Fall,13383.929999999998
8/9/2024,13,14,Solar,222,Friday,August,Summer,20493.689999999995
7/10/2021,17,18,Solar,191,Saturday,July,Summer,8046.779999999999
4/19/2022,12,13,Solar,109,Tuesday,April,Spring,8056.439999999999
2/11/2022,12,13,Solar,42,Friday,February,Winter,7792.4
10/18/2022,12,13,Solar,291,Tuesday,October,Fall,9152.849999999999
1/18/2025,10,11,Solar,18,Saturday,January,Winter,5037.69
8/10/2020,9,10,Solar,223,Monday,August,Summer,3374.5599999999995
9/12/2023,14,15,Solar,255,Tuesday,September,Fall,7803.669999999998
4/10/2022,9,10,Solar,100,Sunday,April,Spring,6881.1399999999985
7/9/2022,8,9,Solar,190,Saturday,July,Summer,4833.219999999999
2/13/2025,13,14,Solar,44,Thursday,February,Winter,7829.429999999999
6/17/2022,10,11,Solar,168,Friday,June,Summer,8133.719999999998
7/15/2024,14,15,Solar,197,Monday,July,Summer,17043.46
3/5/2022,9,10,Solar,64,Saturday,March,Spring,5593.139999999999
9/21/2025,11,12,Solar,264,Sunday,September,Fall,5556.109999999999
7/14/2020,11,12,Solar,196,Tuesday,July,Summer,6382.039999999999
7/6/2023,8,9,Solar,187,Thursday,July,Summer,3744.859999999999
5/23/2024,15,16,Solar,144,Thursday,May,Spring,11337.619999999999
9/6/2025,15,16,Solar,249,Saturday,September,Fall,11965.519999999999
2/28/2024,12,13,Solar,59,Wednesday,February,Winter,12070.169999999998
6/3/2022,18,19,Solar,154,Friday,June,Summer,6084.189999999999
6/18/2024,14,15,Solar,170,Tuesday,June,Summer,12997.529999999997
6/9/2024,11,12,Solar,161,Sunday,June,Summer,6122.829999999999
6/9/2024,15,16,Solar,161,Sunday,June,Summer,7478.45
8/12/2022,15,16,Solar,224,Friday,August,Summer,12678.75
9/18/2021,17,18,Solar,261,Saturday,September,Fall,4300.3099999999995
9/2/2024,15,16,Solar,246,Monday,September,Fall,11506.669999999998
6/30/2025,16,17,Solar,181,Monday,June,Summer,12862.289999999997
10/12/2025,13,14,Solar,285,Sunday,October,Fall,20332.689999999995
6/23/2020,11,12,Solar,175,Tuesday,June,Summer,7562.169999999998
6/19/2025,12,13,Solar,170,Thursday,June,Summer,9175.39
10/11/2021,16,17,Solar,284,Monday,October,Fall,9131.919999999998
5/22/2023,11,12,Solar,142,Monday,May,Spring,9887.009999999998
5/13/2025,12,13,Solar,133,Tuesday,May,Spring,6504.4
9/28/2023,17,18,Solar,271,Thursday,September,Fall,9278.429999999998
4/11/2020,11,12,Solar,102,Saturday,April,Spring,5868.45
7/30/2025,15,16,Solar,211,Wednesday,July,Summer,14784.629999999997
11/18/2025,14,15,Solar,322,Tuesday,November,Fall,12950.839999999997
4/30/2021,18,19,Solar,120,Friday,April,Spring,2382.7999999999997
3/31/2025,16,17,Solar,90,Monday,March,Spring,19477.78
7/5/2021,13,14,Solar,186,Monday,July,Summer,13438.669999999998
7/10/2023,13,14,Solar,191,Monday,July,Summer,14007.0
9/17/2025,10,11,Solar,260,Wednesday,September,Fall,13944.21
7/22/2023,11,12,Solar,203,Saturday,July,Summer,16412.339999999997
9/29/2020,14,15,Solar,273,Tuesday,September,Fall,6272.5599999999995
4/29/2024,14,15,Solar,120,Monday,April,Spring,11344.06
7/21/2021,18,19,Solar,202,Wednesday,July,Summer,6216.209999999999
10/8/2021,14,15,Solar,281,Friday,October,Fall,13316.31
8/7/2022,14,15,Solar,219,Sunday,August,Summer,16950.079999999998
1/14/2024,12,13,Solar,14,Sunday,January,Winter,5749.3099999999995
7/14/2024,10,11,Solar,196,Sunday,July,Summer,4240.74
1/13/2025,13,14,Solar,13,Monday,January,Winter,14791.069999999998
8/1/2024,9,10,Solar,214,Thursday,August,Summer,6580.069999999999
3/2/2025,12,13,Solar,61,Sunday,March,Spring,20496.91
4/18/2022,17,18,Solar,108,Monday,April,Spring,6873.089999999999
7/21/2020,14,15,Solar,203,Tuesday,July,Summer,9484.509999999998
3/30/2024,12,13,Solar,90,Saturday,March,Spring,12817.21
10/4/2023,9,10,Solar,277,Wednesday,October,Fall,6541.429999999999
5/18/2023,11,12,Solar,138,Thursday,May,Spring,14931.139999999998
5/6/2022,14,15,Solar,126,Friday,May,Spring,10967.319999999998
7/17/2022,15,16,Solar,198,Sunday,July,Summer,13213.269999999999
7/4/2022,10,11,Solar,185,Monday,July,Summer,6541.429999999999
9/28/2024,16,17,Solar,272,Saturday,September,Fall,11765.879999999997
4/9/2022,16,17,Solar,99,Saturday,April,Spring,13420.96
8/16/2024,15,16,Solar,229,Friday,August,Summer,14849.029999999997
5/14/2025,9,10,Solar,134,Wednesday,May,Spring,8978.969999999998
7/20/2024,8,9,Solar,202,Saturday,July,Summer,3917.1299999999997
5/3/2020,16,17,Solar,124,Sunday,May,Spring,6948.759999999999
5/12/2024,15,16,Solar,133,Sunday,May,Spring,6520.5
7/28/2024,9,10,Solar,210,Sunday,July,Summer,8452.499999999998
4/26/2020,11,12,Solar,117,Sunday,April,Spring,4318.0199999999995
3/14/2024,11,12,Solar,74,Thursday,March,Spring,14932.749999999998
6/3/2024,14,15,Solar,155,Monday,June,Summer,12648.159999999998
6/24/2023,9,10,Solar,175,Saturday,June,Summer,8608.669999999998
3/4/2025,16,17,Solar,63,Tuesday,March,Spring,7570.219999999998
7/16/2022,10,11,Solar,197,Saturday,July,Summer,10836.909999999998
8/7/2024,13,14,Solar,220,Wednesday,August,Summer,13295.379999999997
3/5/2025,17,18,Solar,64,Wednesday,March,Spring,5728.379999999999
8/9/2023,13,14,Solar,221,Wednesday,August,Summer,12535.46
2/9/2022,10,11,Solar,40,Wednesday,February,Winter,8159.48
1/13/2022,13,14,Solar,13,Thursday,January,Winter,7834.259999999999
7/7/2021,17,18,Solar,188,Wednesday,July,Summer,6169.519999999999
9/21/2024,10,11,Solar,265,Saturday,September,Fall,10447.289999999999
4/18/2025,14,15,Solar,108,Friday,April,Spring,12091.099999999999
7/12/2023,13,14,Solar,193,Wednesday,July,Summer,15299.829999999998
8/13/2025,17,18,Solar,225,Wednesday,August,Summer,8296.33
7/2/2025,12,13,Solar,183,Wednesday,July,Summer,16636.129999999997
11/8/2024,14,15,Solar,313,Friday,November,Fall,7216.019999999999
1/13/2025,15,16,Solar,13,Monday,January,Winter,10778.949999999999
5/18/2024,16,17,Solar,139,Saturday,May,Spring,9001.509999999998
9/1/2020,16,17,Solar,245,Tuesday,September,Fall,6958.419999999998
10/11/2024,14,15,Solar,285,Friday,October,Fall,10653.369999999999
12/7/2022,14,15,Solar,341,Wednesday,December,Winter,6100.289999999999
7/29/2020,11,12,Solar,211,Wednesday,July,Summer,5607.629999999999
7/8/2023,10,11,Solar,189,Saturday,July,Summer,10695.23
7/25/2025,16,17,Solar,206,Friday,July,Summer,14729.889999999998
5/2/2021,12,13,Solar,122,Sunday,May,Spring,7861.629999999999
7/8/2025,16,17,Solar,189,Tuesday,July,Summer,18928.769999999997
8/5/2021,9,10,Solar,217,Thursday,August,Summer,5330.709999999999
7/27/2024,17,18,Solar,209,Saturday,July,Summer,7977.549999999999
4/15/2022,14,15,Solar,105,Friday,April,Spring,10957.659999999998
3/17/2020,15,16,Solar,77,Tuesday,March,Spring,3258.64
10/11/2021,15,16,Solar,284,Monday,October,Fall,10342.64
8/18/2021,11,12,Solar,230,Wednesday,August,Summer,7542.849999999999
7/23/2021,12,13,Solar,204,Friday,July,Summer,11142.81
4/17/2025,15,16,Solar,107,Thursday,April,Spring,12986.259999999998
4/16/2025,10,11,Solar,106,Wednesday,April,Spring,10033.519999999999
9/2/2024,14,15,Solar,246,Monday,September,Fall,12198.969999999998
7/27/2025,10,11,Solar,208,Sunday,July,Summer,11001.13
7/9/2022,8,9,Solar,190,Saturday,July,Summer,4833.219999999999
7/21/2022,10,11,Solar,202,Thursday,July,Summer,7766.6399999999985
3/20/2024,12,13,Solar,80,Wednesday,March,Spring,11904.339999999997
3/2/2022,11,12,Solar,61,Wednesday,March,Spring,4949.139999999999
10/8/2025,10,11,Solar,281,Wednesday,October,Fall,7792.4
8/7/2024,13,14,Solar,220,Wednesday,August,Summer,13295.379999999997
6/1/2025,10,11,Solar,152,Sunday,June,Summer,4348.609999999999
6/23/2023,10,11,Solar,174,Friday,June,Summer,9561.789999999999
10/11/2024,13,14,Solar,285,Friday,October,Fall,10630.83
5/24/2024,13,14,Solar,145,Friday,May,Spring,8853.39
7/10/2021,17,18,Solar,191,Saturday,July,Summer,8046.779999999999
6/3/2022,16,17,Solar,154,Friday,June,Summer,8541.049999999997
7/10/2022,17,18,Solar,191,Sunday,July,Summer,13739.739999999998
9/13/2021,11,12,Solar,256,Monday,September,Fall,6984.179999999999
9/21/2024,11,12,Solar,265,Saturday,September,Fall,11796.469999999998
3/14/2024,12,13,Solar,74,Thursday,March,Spring,16024.329999999998
4/11/2020,10,11,Solar,102,Saturday,April,Spring,4966.849999999999
1/18/2025,15,16,Solar,18,Saturday,January,Winter,4739.839999999999
3/30/2024,12,13,Solar,90,Saturday,March,Spring,12817.21
8/23/2021,12,13,Solar,235,Monday,August,Summer,12258.539999999997
6/23/2023,15,16,Solar,174,Friday,June,Summer,12841.359999999999
6/21/2025,14,15,Solar,172,Saturday,June,Summer,16054.919999999998
7/7/2023,9,10,Solar,188,Friday,July,Summer,8719.759999999998
4/7/2025,10,11,Solar,97,Monday,April,Spring,9355.71
2/6/2020,12,13,Solar,37,Thursday,February,Winter,7927.6399999999985
9/11/2021,13,14,Solar,254,Saturday,September,Fall,8996.679999999998
1/8/2021,11,12,Solar,8,Friday,January,Winter,4617.48
7/27/2021,12,13,Solar,208,Tuesday,July,Summer,8507.239999999998
4/18/2020,18,19,Solar,109,Saturday,April,Spring,2509.99
11/5/2021,13,14,Solar,309,Friday,November,Fall,6937.489999999999
5/13/2025,13,14,Solar,133,Tuesday,May,Spring,6605.829999999999
11/5/2021,13,14,Solar,309,Friday,November,Fall,6937.489999999999
8/5/2024,16,17,Solar,218,Monday,August,Summer,11997.719999999998
6/25/2024,12,13,Solar,177,Tuesday,June,Summer,13214.879999999997
9/18/2025,12,13,Solar,261,Thursday,September,Fall,16695.699999999997
12/12/2024,14,15,Solar,347,Thursday,December,Winter,7154.839999999999
9/12/2024,13,14,Solar,256,Thursday,September,Fall,18067.42
1/6/2021,12,13,Solar,6,Wednesday,January,Winter,3437.35
6/9/2021,10,11,Solar,160,Wednesday,June,Summer,6565.579999999999
8/4/2022,13,14,Solar,216,Thursday,August,Summer,10943.169999999998
9/11/2021,9,10,Solar,254,Saturday,September,Fall,4337.339999999999
9/5/2025,15,16,Solar,248,Friday,September,Fall,15341.689999999997
4/29/2023,17,18,Solar,119,Saturday,April,Spring,6921.3899999999985
9/15/2022,15,16,Solar,258,Thursday,September,Fall,8962.869999999999
7/7/2024,14,15,Solar,189,Sunday,July,Summer,10890.039999999999
1/14/2024,12,13,Solar,14,Sunday,January,Winter,5749.3099999999995
6/23/2023,8,9,Solar,174,Friday,June,Summer,4541.8099999999995
12/6/2023,11,12,Solar,340,Wednesday,December,Winter,6087.409999999999
7/10/2024,11,12,Solar,192,Wednesday,July,Summer,13918.449999999999
7/9/2022,13,14,Solar,190,Saturday,July,Summer,13538.489999999998
7/22/2023,11,12,Solar,203,Saturday,July,Summer,16412.339999999997
3/31/2025,16,17,Solar,90,Monday,March,Spring,19477.78
5/8/2023,14,15,Solar,128,Monday,May,Spring,10703.279999999999
2/9/2022,11,12,Solar,40,Wednesday,February,Winter,8547.489999999998
2/8/2023,16,17,Solar,39,Wednesday,February,Winter,5680.079999999999
1/7/2021,15,16,Solar,7,Thursday,January,Winter,2941.4699999999993
3/9/2022,11,12,Solar,68,Wednesday,March,Spring,13202.0
5/13/2021,13,14,Solar,133,Thursday,May,Spring,10559.989999999998
9/16/2023,15,16,Solar,259,Saturday,September,Fall,11271.609999999999
5/18/2023,14,15,Solar,138,Thursday,May,Spring,16180.499999999998
9/30/2020,10,11,Solar,274,Wednesday,September,Fall,5786.339999999999
9/16/2024,12,13,Solar,260,Monday,September,Fall,15505.909999999998
10/1/2023,13,14,Solar,274,Sunday,October,Fall,7375.409999999999
8/7/2024,15,16,Solar,220,Wednesday,August,Summer,13575.519999999999
7/9/2020,13,14,Solar,191,Thursday,July,Summer,11319.909999999998
6/12/2022,14,15,Solar,163,Sunday,June,Summer,10877.159999999998
12/27/2024,11,12,Solar,362,Friday,December,Winter,6319.25
4/30/2023,13,14,Solar,120,Sunday,April,Spring,12194.139999999998
7/25/2020,10,11,Solar,207,Saturday,July,Summer,7608.859999999999
6/16/2022,9,10,Solar,167,Thursday,June,Summer,5981.15
2/25/2021,12,13,Solar,56,Thursday,February,Winter,7713.509999999999
9/26/2025,18,19,Solar,269,Friday,September,Fall,2131.64
11/6/2024,9,10,Solar,311,Wednesday,November,Fall,2522.87
7/26/2023,11,12,Solar,207,Wednesday,July,Summer,11422.949999999999
6/29/2023,13,14,Solar,180,Thursday,June,Summer,10295.949999999999
7/8/2022,15,16,Solar,189,Friday,July,Summer,14642.949999999999
9/1/2020,9,10,Solar,245,Tuesday,September,Fall,3385.8299999999995
10/13/2024,15,16,Solar,287,Sunday,October,Fall,8454.109999999999
2/28/2024,13,14,Solar,59,Wednesday,February,Winter,12989.479999999998
2/20/2023,11,12,Solar,51,Monday,February,Winter,10946.39
2/20/2023,11,12,Solar,51,Monday,February,Winter,10946.39
6/26/2021,13,14,Solar,177,Saturday,June,Summer,7813.329999999999
3/19/2020,16,17,Solar,79,Thursday,March,Spring,4627.139999999999
8/15/2024,15,16,Solar,228,Thursday,August,Summer,15642.759999999998
7/26/2022,12,13,Solar,207,Tuesday,July,Summer,10539.06
9/8/2025,14,15,Solar,251,Monday,September,Fall,11089.679999999998
12/26/2024,15,16,Solar,361,Thursday,December,Winter,5420.869999999999
8/7/2022,12,13,Solar,219,Sunday,August,Summer,17795.329999999998
7/5/2024,12,13,Solar,187,Friday,July,Summer,20825.349999999995
9/6/2021,14,15,Solar,249,Monday,September,Fall,9197.929999999998
1/18/2025,10,11,Solar,18,Saturday,January,Winter,5037.69
5/30/2025,11,12,Solar,150,Friday,May,Spring,13544.929999999998
8/10/2021,17,18,Solar,222,Tuesday,August,Summer,6391.7
4/13/2021,15,16,Solar,103,Tuesday,April,Spring,10448.899999999998
2/12/2025,16,17,Solar,43,Wednesday,February,Winter,1650.25
7/11/2024,14,15,Solar,193,Thursday,July,Summer,11439.049999999997
8/12/2023,15,16,Solar,224,Saturday,August,Summer,15760.289999999997
2/23/2022,15,16,Solar,54,Wednesday,February,Winter,9044.98
4/26/2020,11,12,Solar,117,Sunday,April,Spring,4318.0199999999995
7/18/2021,12,13,Solar,199,Sunday,July,Summer,14818.439999999997
8/20/2021,13,14,Solar,232,Friday,August,Summer,8389.71
11/17/2023,11,12,Solar,321,Friday,November,Fall,11265.169999999998
7/30/2020,11,12,Solar,212,Thursday,July,Summer,6256.459999999999
8/25/2025,13,14,Solar,237,Monday,August,Summer,13654.409999999998
7/19/2021,12,13,Solar,200,Monday,July,Summer,12693.239999999998
8/19/2021,12,13,Solar,231,Thursday,August,Summer,7143.569999999999
4/18/2022,13,14,Solar,108,Monday,April,Spring,8966.089999999998
1/12/2022,12,13,Solar,12,Wednesday,January,Winter,8162.7
9/16/2021,14,15,Solar,259,Thursday,September,Fall,5058.619999999999
8/12/2025,9,10,Solar,224,Tuesday,August,Summer,10014.199999999999
7/1/2021,14,15,Solar,182,Thursday,July,Summer,8116.009999999999
2/19/2023,14,15,Solar,50,Sunday,February,Winter,11393.969999999998
6/16/2021,14,15,Solar,167,Wednesday,June,Summer,8301.16
9/4/2022,13,14,Solar,247,Sunday,September,Fall,12364.8
9/30/2023,11,12,Solar,273,Saturday,September,Fall,9505.439999999999
2/8/2022,11,12,Solar,39,Tuesday,February,Winter,11294.149999999998
7/29/2025,15,16,Solar,210,Tuesday,July,Summer,17788.889999999996
8/12/2022,11,12,Solar,224,Friday,August,Summer,11799.689999999997
7/19/2021,12,13,Solar,200,Monday,July,Summer,12693.239999999998
1/8/2021,13,14,Solar,8,Friday,January,Winter,4588.499999999999
8/10/2022,15,16,Solar,222,Wednesday,August,Summer,16280.319999999998
7/12/2022,9,10,Solar,193,Tuesday,July,Summer,6253.239999999999
6/7/2023,10,11,Solar,158,Wednesday,June,Summer,11374.649999999998
5/26/2020,14,15,Solar,147,Tuesday,May,Spring,12279.469999999998
8/18/2020,16,17,Solar,231,Tuesday,August,Summer,8046.779999999999
4/16/2025,16,17,Solar,106,Wednesday,April,Spring,10873.939999999999
6/28/2024,12,13,Solar,180,Friday,June,Summer,12118.469999999998
9/13/2020,18,19,Solar,257,Sunday,September,Fall,2268.49
1/30/2022,11,12,Solar,30,Sunday,January,Winter,5441.799999999999
7/26/2022,16,17,Solar,207,Tuesday,July,Summer,11107.39
8/16/2022,8,9,Solar,228,Tuesday,August,Summer,2983.3299999999995
6/17/2022,9,10,Solar,168,Friday,June,Summer,6557.53
5/23/2024,15,16,Solar,144,Thursday,May,Spring,11337.619999999999
12/12/2024,11,12,Solar,347,Thursday,December,Winter,8906.519999999999
7/12/2025,14,15,Solar,193,Saturday,July,Summer,15723.259999999998
7/8/2025,11,12,Solar,189,Tuesday,July,Summer,19191.199999999997
9/15/2020,11,12,Solar,259,Tuesday,September,Fall,5082.7699999999995
4/7/2023,11,12,Solar,97,Friday,April,Spring,10394.159999999998
6/15/2020,14,15,Solar,167,Monday,June,Summer,9115.819999999998
7/23/2021,11,12,Solar,204,Friday,July,Summer,9624.58
12/28/2024,10,11,Solar,363,Saturday,December,Winter,4879.909999999999
5/24/2023,10,11,Solar,144,Wednesday,May,Spring,13678.56
9/2/2023,16,17,Solar,245,Saturday,September,Fall,9267.159999999998
3/10/2024,9,10,Solar,70,Sunday,March,Spring,5594.749999999999
4/24/2021,15,16,Solar,114,Saturday,April,Spring,13928.109999999999
11/12/2021,12,13,Solar,316,Friday,November,Fall,7465.569999999999
1/14/2024,12,13,Solar,14,Sunday,January,Winter,5749.3099999999995
7/19/2021,9,10,Solar,200,Monday,July,Summer,7026.039999999999
7/2/2022,11,12,Solar,183,Saturday,July,Summer,10935.119999999999
2/7/2022,13,14,Solar,38,Monday,February,Winter,10080.21
12/6/2022,11,12,Solar,340,Tuesday,December,Winter,5485.2699999999995
4/19/2021,17,18,Solar,109,Monday,April,Spring,5229.28
12/6/2023,11,12,Solar,340,Wednesday,December,Winter,6087.409999999999
7/28/2023,12,13,Solar,209,Friday,July,Summer,14395.009999999998
6/21/2025,10,11,Solar,172,Saturday,June,Summer,12833.31
3/15/2023,16,17,Solar,74,Wednesday,March,Spring,7848.749999999999
8/17/2021,9,10,Solar,229,Tuesday,August,Summer,5319.44
1/20/2025,11,12,Solar,20,Monday,January,Winter,5457.899999999999
5/8/2023,9,10,Solar,128,Monday,May,Spring,6615.489999999999
4/20/2024,13,14,Solar,111,Saturday,April,Spring,22229.269999999997
9/28/2024,17,18,Solar,272,Saturday,September,Fall,8521.73
4/11/2020,11,12,Solar,102,Saturday,April,Spring,5868.45
2/20/2023,15,16,Solar,51,Monday,February,Winter,9183.439999999999
5/11/2022,12,13,Solar,131,Wednesday,May,Spring,19476.17
6/4/2025,14,15,Solar,155,Wednesday,June,Summer,14147.069999999998
2/9/2023,9,10,Solar,40,Thursday,February,Winter,4327.679999999999
6/29/2021,11,12,Solar,180,Tuesday,June,Summer,6948.759999999999
5/17/2020,10,11,Solar,138,Sunday,May,Spring,7256.269999999999
8/17/2021,9,10,Solar,229,Tuesday,August,Summer,5319.44
9/13/2020,18,19,Solar,257,Sunday,September,Fall,2268.49
11/12/2021,12,13,Solar,316,Friday,November,Fall,7465.569999999999
9/30/2020,10,11,Solar,274,Wednesday,September,Fall,5786.339999999999
8/21/2024,12,13,Solar,234,Wednesday,August,Summer,14573.719999999998
6/28/2024,9,10,Solar,180,Friday,June,Summer,8444.449999999999
5/10/2024,16,17,Solar,131,Friday,May,Spring,15660.469999999998
1/14/2024,15,16,Solar,14,Sunday,January,Winter,3205.5099999999993
5/10/2025,14,15,Solar,130,Saturday,May,Spring,10579.31
6/9/2025,14,15,Solar,160,Monday,June,Summer,7594.369999999998
8/17/2025,11,12,Solar,229,Sunday,August,Summer,16735.949999999997
8/10/2025,13,14,Solar,222,Sunday,August,Summer,8004.919999999998
5/7/2020,16,17,Solar,128,Thursday,May,Spring,5504.589999999999
7/31/2024,15,16,Solar,213,Wednesday,July,Summer,11951.029999999997
2/21/2023,17,18,Solar,52,Tuesday,February,Winter,1399.0899999999997
8/15/2024,10,11,Solar,228,Thursday,August,Summer,9838.71
2/8/2023,10,11,Solar,39,Wednesday,February,Winter,10814.369999999999
7/30/2024,13,14,Solar,212,Tuesday,July,Summer,12264.979999999998
5/30/2025,10,11,Solar,150,Friday,May,Spring,12517.75
12/26/2024,12,13,Solar,361,Thursday,December,Winter,8257.689999999999
7/7/2021,10,11,Solar,188,Wednesday,July,Summer,6768.439999999999
10/13/2025,14,15,Solar,286,Monday,October,Fall,19889.939999999995
4/15/2021,13,14,Solar,105,Thursday,April,Spring,14332.219999999998
7/12/2023,13,14,Solar,193,Wednesday,July,Summer,15299.829999999998
9/12/2020,18,19,Solar,256,Saturday,September,Fall,2811.0599999999995
7/14/2022,10,11,Solar,195,Thursday,July,Summer,8305.989999999998
6/23/2024,14,15,Solar,175,Sunday,June,Summer,6584.9
8/4/2022,13,14,Solar,216,Thursday,August,Summer,10943.169999999998
6/20/2025,15,16,Solar,171,Friday,June,Summer,17870.999999999996
9/3/2024,10,11,Solar,247,Tuesday,September,Fall,5889.379999999999
2/10/2023,11,12,Solar,41,Friday,February,Winter,9178.609999999999
2/15/2023,14,15,Solar,46,Wednesday,February,Winter,9455.529999999999
10/4/2022,9,10,Solar,277,Tuesday,October,Fall,4918.549999999999
2/9/2025,11,12,Solar,40,Sunday,February,Winter,7876.119999999998
11/1/2024,12,13,Solar,306,Friday,November,Fall,9007.949999999999
1/27/2024,16,17,Solar,27,Saturday,January,Winter,4110.33
7/30/2025,14,15,Solar,211,Wednesday,July,Summer,14704.129999999997
10/6/2022,13,14,Solar,279,Thursday,October,Fall,7924.419999999998
10/11/2025,12,13,Solar,284,Saturday,October,Fall,15557.429999999997
6/28/2024,12,13,Solar,180,Friday,June,Summer,12118.469999999998
7/13/2020,17,18,Solar,195,Monday,July,Summer,6629.98
5/20/2024,12,13,Solar,141,Monday,May,Spring,10640.489999999998
7/20/2021,11,12,Solar,201,Tuesday,July,Summer,10266.969999999998
1/6/2022,12,13,Solar,6,Thursday,January,Winter,8792.21
1/14/2024,14,15,Solar,14,Sunday,January,Winter,4818.73
4/12/2024,12,13,Solar,103,Friday,April,Spring,12958.889999999998
5/5/2024,12,13,Solar,126,Sunday,May,Spring,11941.369999999999
2/10/2023,11,12,Solar,41,Friday,February,Winter,9178.609999999999
2/19/2025,13,14,Solar,50,Wednesday,February,Winter,13229.369999999999
8/30/2021,13,14,Solar,242,Monday,August,Summer,12915.419999999998
9/16/2023,13,14,Solar,259,Saturday,September,Fall,13949.039999999997
7/1/2025,9,10,Solar,182,Tuesday,July,Summer,8576.47
9/16/2021,15,16,Solar,259,Thursday,September,Fall,4913.719999999999
9/28/2025,15,16,Solar,271,Sunday,September,Fall,8529.779999999999
9/30/2023,11,12,Solar,273,Saturday,September,Fall,9505.439999999999
10/3/2022,11,12,Solar,276,Monday,October,Fall,6721.75
8/14/2025,9,10,Solar,226,Thursday,August,Summer,6695.989999999999
8/1/2022,17,18,Solar,213,Monday,August,Summer,8331.749999999998
2/13/2023,10,11,Solar,44,Monday,February,Winter,9632.63
7/21/2023,14,15,Solar,202,Friday,July,Summer,14372.469999999998
11/16/2021,12,13,Solar,320,Tuesday,November,Fall,3413.2
5/14/2025,13,14,Solar,134,Wednesday,May,Spring,7338.379999999999
5/8/2023,17,18,Solar,128,Monday,May,Spring,8768.06
9/26/2025,15,16,Solar,269,Friday,September,Fall,7008.329999999999
1/30/2022,11,12,Solar,30,Sunday,January,Winter,5441.799999999999
8/16/2023,9,10,Solar,228,Wednesday,August,Summer,5820.15
8/26/2025,14,15,Solar,238,Tuesday,August,Summer,17503.92
6/3/2025,10,11,Solar,154,Tuesday,June,Summer,14926.309999999998
11/21/2020,11,12,Solar,326,Saturday,November,Fall,8001.7
1/16/2025,14,15,Solar,16,Thursday,January,Winter,9698.64
8/15/2024,15,16,Solar,228,Thursday,August,Summer,15642.759999999998
8/3/2020,11,12,Solar,216,Monday,August,Summer,7797.23
3/30/2024,12,13,Solar,90,Saturday,March,Spring,12817.21
6/15/2022,12,13,Solar,166,Wednesday,June,Summer,9754.989999999998
3/15/2023,16,17,Solar,74,Wednesday,March,Spring,7848.749999999999
1/17/2025,11,12,Solar,17,Friday,January,Winter,7207.969999999998
3/16/2021,10,11,Solar,75,Tuesday,March,Spring,7518.7
5/17/2020,13,14,Solar,138,Sunday,May,Spring,7974.329999999999
5/25/2024,11,12,Solar,146,Saturday,May,Spring,11107.39
6/5/2024,7,8,Solar,157,Wednesday,June,Summer,2740.22
5/7/2022,9,10,Solar,127,Saturday,May,Spring,7016.379999999999
12/27/2024,16,17,Solar,362,Friday,December,Winter,1337.9099999999999
7/1/2022,15,16,Solar,182,Friday,July,Summer,11492.179999999998
4/2/2020,12,13,Solar,93,Thursday,April,Spring,6251.629999999999
9/30/2023,17,18,Solar,273,Saturday,September,Fall,5778.289999999999
6/24/2023,9,10,Solar,175,Saturday,June,Summer,8608.669999999998
1/15/2025,10,11,Solar,15,Wednesday,January,Winter,8898.469999999998
4/14/2021,11,12,Solar,104,Wednesday,April,Spring,12461.4
9/26/2025,15,16,Solar,269,Friday,September,Fall,7008.329999999999
6/25/2023,14,15,Solar,176,Sunday,June,Summer,9907.939999999999
9/12/2020,14,15,Solar,256,Saturday,September,Fall,6976.129999999999
7/29/2020,8,9,Solar,211,Wednesday,July,Summer,2345.77
9/3/2022,13,14,Solar,246,Saturday,September,Fall,10904.529999999999
10/8/2021,12,13,Solar,281,Friday,October,Fall,11893.069999999998
5/30/2025,12,13,Solar,150,Friday,May,Spring,7430.15
5/18/2024,8,9,Solar,139,Saturday,May,Spring,3667.5799999999995
8/22/2025,16,17,Solar,234,Friday,August,Summer,13846.0
5/30/2021,9,10,Solar,150,Sunday,May,Spring,6625.15
8/9/2022,12,13,Solar,221,Tuesday,August,Summer,16343.109999999999
8/22/2025,15,16,Solar,234,Friday,August,Summer,14926.309999999998
6/28/2024,9,10,Solar,180,Friday,June,Summer,8444.449999999999
9/5/2022,11,12,Solar,248,Monday,September,Fall,10464.999999999998
9/10/2020,12,13,Solar,254,Thursday,September,Fall,5121.409999999999
5/16/2022,14,15,Solar,136,Monday,May,Spring,12070.169999999998
12/26/2024,13,14,Solar,361,Thursday,December,Winter,8314.039999999999
4/30/2022,15,16,Solar,120,Saturday,April,Spring,13855.659999999998
9/28/2021,15,16,Solar,271,Tuesday,September,Fall,7703.849999999999
7/31/2020,13,14,Solar,213,Friday,July,Summer,9948.189999999999
2/20/2023,12,13,Solar,51,Monday,February,Winter,11978.4
6/16/2022,9,10,Solar,167,Thursday,June,Summer,5981.15
4/20/2021,10,11,Solar,110,Tuesday,April,Spring,4784.919999999999
2/1/2025,15,16,Solar,32,Saturday,February,Winter,7510.65
1/11/2025,14,15,Solar,11,Saturday,January,Winter,7700.629999999999
4/27/2021,13,14,Solar,117,Tuesday,April,Spring,5828.2
9/28/2021,15,16,Solar,271,Tuesday,September,Fall,7703.849999999999
11/19/2022,10,11,Solar,323,Saturday,November,Fall,7112.98
9/13/2021,9,10,Solar,256,Monday,September,Fall,4841.2699999999995
3/21/2024,9,10,Solar,81,Thursday,March,Spring,6087.409999999999
3/24/2022,13,14,Solar,83,Thursday,March,Spring,11793.25
12/13/2024,15,16,Solar,348,Friday,December,Winter,2461.6899999999996
3/17/2020,10,11,Solar,77,Tuesday,March,Spring,3488.8699999999994
1/17/2022,13,14,Solar,17,Monday,January,Winter,5916.75
9/21/2021,10,11,Solar,264,Tuesday,September,Fall,7003.5
8/23/2021,12,13,Solar,235,Monday,August,Summer,12258.539999999997
8/22/2025,15,16,Solar,234,Friday,August,Summer,14926.309999999998
5/8/2025,11,12,Solar,128,Thursday,May,Spring,18410.349999999995
6/7/2020,16,17,Solar,159,Sunday,June,Summer,6338.569999999999
10/27/2024,15,16,Solar,301,Sunday,October,Fall,3926.7899999999995
9/15/2023,14,15,Solar,258,Friday,September,Fall,13295.379999999997
9/13/2020,9,10,Solar,257,Sunday,September,Fall,3793.1599999999994
9/8/2025,14,15,Solar,251,Monday,September,Fall,11089.679999999998
9/12/2024,13,14,Solar,256,Thursday,September,Fall,18067.42
5/2/2021,11,12,Solar,122,Sunday,May,Spring,7401.169999999998
9/13/2020,9,10,Solar,257,Sunday,September,Fall,3793.1599999999994
8/4/2025,10,11,Solar,216,Monday,August,Summer,13976.409999999998
3/20/2024,14,15,Solar,80,Wednesday,March,Spring,10743.529999999999
9/24/2023,12,13,Solar,267,Sunday,September,Fall,11696.65
10/18/2024,13,14,Solar,292,Friday,October,Fall,7816.549999999999
7/25/2025,16,17,Solar,206,Friday,July,Summer,14729.889999999998
10/13/2025,14,15,Solar,286,Monday,October,Fall,19889.939999999995
3/6/2023,10,11,Solar,65,Monday,March,Spring,6839.28
2/28/2025,15,16,Solar,59,Friday,February,Winter,14464.239999999996
2/19/2023,14,15,Solar,50,Sunday,February,Winter,11393.969999999998
9/26/2025,15,16,Solar,269,Friday,September,Fall,7008.329999999999
2/19/2023,14,15,Solar,50,Sunday,February,Winter,11393.969999999998
8/8/2025,8,9,Solar,220,Friday,August,Summer,5197.079999999999
7/12/2020,9,10,Solar,194,Sunday,July,Summer,5791.169999999998
8/15/2024,15,16,Solar,228,Thursday,August,Summer,15642.759999999998
5/5/2024,13,14,Solar,126,Sunday,May,Spring,6910.119999999999
1/13/2024,15,16,Solar,13,Saturday,January,Winter,4140.919999999999
9/15/2024,10,11,Solar,259,Sunday,September,Fall,13483.75
6/4/2022,13,14,Solar,155,Saturday,June,Summer,9247.839999999998
9/6/2021,18,19,Solar,249,Monday,September,Fall,4306.749999999999
7/30/2024,12,13,Solar,212,Tuesday,July,Summer,11922.05
9/3/2020,14,15,Solar,247,Thursday,September,Fall,10939.949999999999
5/14/2025,9,10,Solar,134,Wednesday,May,Spring,8978.969999999998
9/20/2024,16,17,Solar,264,Friday,September,Fall,10925.46
9/19/2022,12,13,Solar,262,Monday,September,Fall,12591.81
7/11/2021,15,16,Solar,192,Sunday,July,Summer,7851.969999999998
11/22/2020,13,14,Solar,327,Sunday,November,Fall,5374.179999999999
4/24/2025,12,13,Solar,114,Thursday,April,Spring,14470.679999999997
5/10/2022,9,10,Solar,130,Tuesday,May,Spring,7283.6399999999985
1/17/2025,13,14,Solar,17,Friday,January,Winter,8714.929999999998
11/9/2020,14,15,Solar,314,Monday,November,Fall,3950.9399999999996
2/8/2023,11,12,Solar,39,Wednesday,February,Winter,11361.769999999999
11/5/2024,16,17,Solar,310,Tuesday,November,Fall,1230.0399999999997
9/6/2021,18,19,Solar,249,Monday,September,Fall,4306.749999999999
3/27/2022,18,19,Solar,86,Sunday,March,Spring,4042.709999999999
9/16/2021,15,16,Solar,259,Thursday,September,Fall,4913.719999999999
7/30/2025,15,16,Solar,211,Wednesday,July,Summer,14784.629999999997
3/9/2022,10,11,Solar,68,Wednesday,March,Spring,11836.719999999998
1/5/2020,14,15,Solar,5,Sunday,January,Winter,4752.719999999999
1/18/2025,10,11,Solar,18,Saturday,January,Winter,5037.69
2/13/2025,13,14,Solar,44,Thursday,February,Winter,7829.429999999999
7/29/2020,8,9,Solar,211,Wednesday,July,Summer,2345.77
4/13/2022,12,13,Solar,103,Wednesday,April,Spring,6127.659999999999
2/3/2025,10,11,Solar,34,Monday,February,Winter,7911.539999999999
6/20/2020,16,17,Solar,172,Saturday,June,Summer,6646.079999999999
8/19/2022,11,12,Solar,231,Friday,August,Summer,9965.899999999998
5/18/2020,10,11,Solar,139,Monday,May,Spring,6539.819999999999
2/28/2024,13,14,Solar,59,Wednesday,February,Winter,12989.479999999998
3/17/2020,17,18,Solar,77,Tuesday,March,Spring,1202.6699999999998
12/15/2021,12,13,Solar,349,Wednesday,December,Winter,5915.1399999999985
7/23/2021,11,12,Solar,204,Friday,July,Summer,9624.58
8/7/2024,15,16,Solar,220,Wednesday,August,Summer,13575.519999999999
9/15/2023,14,15,Solar,258,Friday,September,Fall,13295.379999999997
9/10/2020,12,13,Solar,254,Thursday,September,Fall,5121.409999999999
4/8/2023,18,19,Solar,98,Saturday,April,Spring,6980.959999999999
4/2/2020,12,13,Solar,93,Thursday,April,Spring,6251.629999999999
9/13/2022,15,16,Solar,256,Tuesday,September,Fall,8589.349999999999
9/11/2023,13,14,Solar,254,Monday,September,Fall,11458.369999999999
6/3/2024,12,13,Solar,155,Monday,June,Summer,11847.989999999998
6/6/2021,13,14,Solar,157,Sunday,June,Summer,8183.629999999999
4/23/2020,18,19,Solar,114,Thursday,April,Spring,2303.91
6/2/2022,16,17,Solar,153,Thursday,June,Summer,9463.58
5/13/2023,12,13,Solar,133,Saturday,May,Spring,14589.819999999998
2/5/2025,12,13,Solar,36,Wednesday,February,Winter,10308.83
4/30/2025,18,19,Solar,120,Wednesday,April,Spring,11406.849999999999
3/31/2021,18,19,Solar,90,Wednesday,March,Spring,3298.89
4/15/2022,14,15,Solar,105,Friday,April,Spring,10957.659999999998
4/12/2024,12,13,Solar,103,Friday,April,Spring,12958.889999999998
7/2/2025,13,14,Solar,183,Wednesday,July,Summer,18138.26
7/12/2021,15,16,Solar,193,Monday,July,Summer,7605.6399999999985
2/8/2023,11,12,Solar,39,Wednesday,February,Winter,11361.769999999999
4/18/2022,13,14,Solar,108,Monday,April,Spring,8966.089999999998
9/6/2023,11,12,Solar,249,Wednesday,September,Fall,10439.239999999998
3/19/2020,13,14,Solar,79,Thursday,March,Spring,6739.459999999999
5/8/2024,15,16,Solar,129,Wednesday,May,Spring,15108.239999999996
2/10/2023,13,14,Solar,41,Friday,February,Winter,10505.249999999998
8/7/2025,17,18,Solar,219,Thursday,August,Summer,12926.689999999997
12/21/2021,12,13,Solar,355,Tuesday,December,Winter,5876.5
2/5/2025,12,13,Solar,36,Wednesday,February,Winter,10308.83
2/20/2023,16,17,Solar,51,Monday,February,Winter,6541.429999999999
5/16/2022,18,19,Solar,136,Monday,May,Spring,5462.73
6/29/2025,11,12,Solar,180,Sunday,June,Summer,6660.569999999999
8/19/2021,11,12,Solar,231,Thursday,August,Summer,6211.379999999999
5/3/2023,9,10,Solar,123,Wednesday,May,Spring,12274.639999999998
6/9/2021,10,11,Solar,160,Wednesday,June,Summer,6565.579999999999
7/1/2021,14,15,Solar,182,Thursday,July,Summer,8116.009999999999
6/22/2025,10,11,Solar,173,Sunday,June,Summer,5322.659999999999
2/12/2023,10,11,Solar,43,Sunday,February,Winter,9180.219999999998
1/13/2022,13,14,Solar,13,Thursday,January,Winter,7834.259999999999
8/29/2024,16,17,Solar,242,Thursday,August,Summer,8790.599999999999
8/25/2022,10,11,Solar,237,Thursday,August,Summer,7840.7
11/19/2022,14,15,Solar,323,Saturday,November,Fall,8386.489999999998
4/28/2025,14,15,Solar,118,Monday,April,Spring,7853.579999999999
8/20/2024,13,14,Solar,233,Tuesday,August,Summer,18706.589999999997
6/16/2022,19,20,Solar,167,Thursday,June,Summer,3050.95
9/16/2024,15,16,Solar,260,Monday,September,Fall,17178.699999999997
7/24/2025,15,16,Solar,205,Thursday,July,Summer,15359.4
3/31/2021,14,15,Solar,90,Wednesday,March,Spring,8524.949999999999
8/8/2024,10,11,Solar,221,Thursday,August,Summer,10429.58
8/24/2023,11,12,Solar,236,Thursday,August,Summer,14861.909999999998
8/1/2022,17,18,Solar,213,Monday,August,Summer,8331.749999999998
6/20/2023,12,13,Solar,171,Tuesday,June,Summer,12157.109999999999
11/6/2024,9,10,Solar,311,Wednesday,November,Fall,2522.87
9/20/2024,14,15,Solar,264,Friday,September,Fall,13490.189999999997
1/24/2022,13,14,Solar,24,Monday,January,Winter,6989.009999999999
4/8/2020,16,17,Solar,99,Wednesday,April,Spring,5255.04
5/1/2022,11,12,Solar,121,Sunday,May,Spring,9603.649999999998
8/28/2024,11,12,Solar,241,Wednesday,August,Summer,13316.31
4/25/2024,9,10,Solar,116,Thursday,April,Spring,6031.0599999999995
12/13/2024,15,16,Solar,348,Friday,December,Winter,2461.6899999999996
6/29/2022,16,17,Solar,180,Wednesday,June,Summer,9014.39
1/6/2021,12,13,Solar,6,Wednesday,January,Winter,3437.35
7/31/2025,8,9,Solar,212,Thursday,July,Summer,6465.759999999999
9/13/2020,18,19,Solar,257,Sunday,September,Fall,2268.49
10/9/2023,14,15,Solar,282,Monday,October,Fall,10315.269999999999
6/24/2023,9,10,Solar,175,Saturday,June,Summer,8608.669999999998
8/16/2024,15,16,Solar,229,Friday,August,Summer,14849.029999999997
10/15/2025,14,15,Solar,288,Wednesday,October,Fall,17436.299999999996
6/3/2020,8,9,Solar,155,Wednesday,June,Summer,2366.6999999999994
7/18/2020,13,14,Solar,200,Saturday,July,Summer,7404.3899999999985
10/8/2021,13,14,Solar,281,Friday,October,Fall,13121.5
9/19/2024,11,12,Solar,263,Thursday,September,Fall,21256.829999999998
9/4/2022,9,10,Solar,247,Sunday,September,Fall,6530.159999999999
5/13/2022,18,19,Solar,133,Friday,May,Spring,6573.629999999999
8/20/2024,9,10,Solar,233,Tuesday,August,Summer,10072.159999999998
1/7/2021,15,16,Solar,7,Thursday,January,Winter,2941.4699999999993
7/24/2020,9,10,Solar,206,Friday,July,Summer,4755.94
5/22/2020,11,12,Solar,143,Friday,May,Spring,8904.909999999998
4/30/2023,13,14,Solar,120,Sunday,April,Spring,12194.139999999998
9/17/2021,12,13,Solar,260,Friday,September,Fall,7542.849999999999
4/12/2024,12,13,Solar,103,Friday,April,Spring,12958.889999999998
10/2/2024,15,16,Solar,276,Wednesday,October,Fall,7597.589999999998
2/14/2023,11,12,Solar,45,Tuesday,February,Winter,10331.369999999999
1/13/2024,16,17,Solar,13,Saturday,January,Winter,2059.1899999999996
1/30/2024,13,14,Solar,30,Tuesday,January,Winter,13374.269999999999
3/25/2021,12,13,Solar,84,Thursday,March,Spring,7858.409999999999
6/6/2021,12,13,Solar,157,Sunday,June,Summer,8021.019999999999
5/13/2022,10,11,Solar,133,Friday,May,Spring,7797.23
6/13/2023,10,11,Solar,164,Tuesday,June,Summer,7805.279999999999
4/19/2021,17,18,Solar,109,Monday,April,Spring,5229.28
8/25/2021,15,16,Solar,237,Wednesday,August,Summer,14155.119999999999
8/7/2022,12,13,Solar,219,Sunday,August,Summer,17795.329999999998
6/26/2020,12,13,Solar,178,Friday,June,Summer,7855.189999999999
7/12/2025,17,18,Solar,193,Saturday,July,Summer,12273.029999999997
8/11/2021,8,9,Solar,223,Wednesday,August,Summer,2250.7799999999997
2/4/2023,11,12,Solar,35,Saturday,February,Winter,8087.029999999999
7/20/2021,13,14,Solar,201,Tuesday,July,Summer,11141.199999999999
9/28/2024,17,18,Solar,272,Saturday,September,Fall,8521.73
8/11/2025,14,15,Solar,223,Monday,August,Summer,18584.229999999996
9/22/2021,15,16,Solar,265,Wednesday,September,Fall,8153.039999999999
5/5/2022,13,14,Solar,125,Thursday,May,Spring,9642.289999999999
9/19/2022,12,13,Solar,262,Monday,September,Fall,12591.81
9/1/2020,13,14,Solar,245,Tuesday,September,Fall,7578.269999999999
9/21/2024,10,11,Solar,265,Saturday,September,Fall,10447.289999999999
4/18/2021,13,14,Solar,108,Sunday,April,Spring,9135.14
6/15/2023,9,10,Solar,166,Thursday,June,Summer,6576.849999999999
10/27/2021,15,16,Solar,300,Wednesday,October,Fall,8322.089999999998
4/8/2023,10,11,Solar,98,Saturday,April,Spring,10561.599999999999
8/25/2024,15,16,Solar,238,Sunday,August,Summer,8700.439999999999
7/7/2020,9,10,Solar,189,Tuesday,July,Summer,5209.959999999999
6/17/2022,9,10,Solar,168,Friday,June,Summer,6557.53
4/14/2022,11,12,Solar,104,Thursday,April,Spring,8619.939999999999
9/15/2020,11,12,Solar,259,Tuesday,September,Fall,5082.7699999999995
7/29/2020,8,9,Solar,211,Wednesday,July,Summer,2345.77
5/18/2023,14,15,Solar,138,Thursday,May,Spring,16180.499999999998
6/23/2023,8,9,Solar,174,Friday,June,Summer,4541.8099999999995
9/13/2020,11,12,Solar,257,Sunday,September,Fall,5657.54
6/29/2022,13,14,Solar,180,Wednesday,June,Summer,11302.199999999999
6/12/2024,14,15,Solar,164,Wednesday,June,Summer,12211.849999999999
9/5/2025,9,10,Solar,248,Friday,September,Fall,8254.47
2/14/2025,12,13,Solar,45,Friday,February,Winter,15491.419999999998
12/13/2021,13,14,Solar,347,Monday,December,Winter,5469.169999999999
7/9/2021,18,19,Solar,190,Friday,July,Summer,4609.429999999999
7/8/2025,11,12,Solar,189,Tuesday,July,Summer,19191.199999999997
1/17/2025,10,11,Solar,17,Friday,January,Winter,5243.7699999999995
1/24/2020,16,17,Solar,24,Friday,January,Winter,1176.9099999999999
2/19/2023,14,15,Solar,50,Sunday,February,Winter,11393.969999999998
8/23/2025,16,17,Solar,235,Saturday,August,Summer,13986.069999999998
5/8/2024,15,16,Solar,129,Wednesday,May,Spring,15108.239999999996
8/16/2024,15,16,Solar,229,Friday,August,Summer,14849.029999999997
7/28/2022,19,20,Solar,209,Thursday,July,Summer,3632.1599999999994
3/14/2025,12,13,Solar,73,Friday,March,Spring,12192.529999999997
5/22/2023,14,15,Solar,142,Monday,May,Spring,11108.999999999998
7/21/2020,14,15,Solar,203,Tuesday,July,Summer,9484.509999999998
4/27/2020,10,11,Solar,118,Monday,April,Spring,3382.609999999999
11/8/2025,14,15,Solar,312,Saturday,November,Fall,8009.749999999999
7/27/2021,12,13,Solar,208,Tuesday,July,Summer,8507.239999999998
5/25/2024,11,12,Solar,146,Saturday,May,Spring,11107.39
3/4/2025,9,10,Solar,63,Tuesday,March,Spring,9099.719999999998
7/29/2020,8,9,Solar,211,Wednesday,July,Summer,2345.77
3/15/2023,15,16,Solar,74,Wednesday,March,Spring,10302.39
3/30/2021,17,18,Solar,89,Tuesday,March,Spring,5937.679999999999
6/17/2022,9,10,Solar,168,Friday,June,Summer,6557.53
6/2/2025,15,16,Solar,153,Monday,June,Summer,9867.689999999999
8/29/2023,13,14,Solar,241,Tuesday,August,Summer,10526.179999999998
4/4/2023,13,14,Solar,94,Tuesday,April,Spring,18608.379999999997
11/10/2024,10,11,Solar,315,Sunday,November,Fall,5258.259999999999
5/2/2025,16,17,Solar,122,Friday,May,Spring,10999.519999999999
7/15/2022,18,19,Solar,196,Friday,July,Summer,8008.1399999999985
9/10/2020,13,14,Solar,254,Thursday,September,Fall,5238.94
3/19/2025,14,15,Solar,78,Wednesday,March,Spring,20047.719999999998
6/18/2024,17,18,Solar,170,Tuesday,June,Summer,10052.839999999998
6/24/2020,16,17,Solar,176,Wednesday,June,Summer,9861.249999999998
7/15/2020,13,14,Solar,197,Wednesday,July,Summer,6865.039999999999
7/18/2025,17,18,Solar,199,Friday,July,Summer,11129.929999999998
5/22/2023,12,13,Solar,142,Monday,May,Spring,10677.519999999999
8/2/2022,17,18,Solar,214,Tuesday,August,Summer,7913.15
5/7/2024,12,13,Solar,128,Tuesday,May,Spring,11614.539999999997
5/8/2022,17,18,Solar,128,Sunday,May,Spring,9217.249999999998
2/18/2025,12,13,Solar,49,Tuesday,February,Winter,16822.889999999996
5/18/2023,11,12,Solar,138,Thursday,May,Spring,14931.139999999998
2/12/2024,15,16,Solar,43,Monday,February,Winter,6002.079999999999
9/29/2022,14,15,Solar,272,Thursday,September,Fall,6971.299999999999
4/27/2020,16,17,Solar,118,Monday,April,Spring,4834.829999999999
4/30/2022,11,12,Solar,120,Saturday,April,Spring,12607.909999999998
5/24/2020,16,17,Solar,145,Sunday,May,Spring,8330.14
7/4/2023,12,13,Solar,185,Tuesday,July,Summer,13002.359999999999
2/15/2023,12,13,Solar,46,Wednesday,February,Winter,10679.13
7/13/2024,12,13,Solar,195,Saturday,July,Summer,10749.969999999998
12/16/2023,11,12,Solar,350,Saturday,December,Winter,8515.289999999999
6/26/2021,15,16,Solar,177,Saturday,June,Summer,7562.169999999998
6/10/2021,9,10,Solar,161,Thursday,June,Summer,5010.32
11/18/2025,12,13,Solar,322,Tuesday,November,Fall,13330.8
6/23/2021,10,11,Solar,174,Wednesday,June,Summer,6045.549999999999
5/8/2024,11,12,Solar,129,Wednesday,May,Spring,14987.489999999996
1/25/2022,13,14,Solar,25,Tuesday,January,Winter,5763.799999999999
3/4/2025,9,10,Solar,63,Tuesday,March,Spring,9099.719999999998
6/16/2020,8,9,Solar,168,Tuesday,June,Summer,2745.0499999999997
4/22/2025,14,15,Solar,112,Tuesday,April,Spring,13100.569999999998
5/24/2020,13,14,Solar,145,Sunday,May,Spring,9416.89
6/30/2021,13,14,Solar,181,Wednesday,June,Summer,9560.179999999998
11/1/2024,12,13,Solar,306,Friday,November,Fall,9007.949999999999
6/8/2023,9,10,Solar,159,Thursday,June,Summer,10038.349999999999
10/27/2024,15,16,Solar,301,Sunday,October,Fall,3926.7899999999995
2/5/2025,12,13,Solar,36,Wednesday,February,Winter,10308.83
4/10/2024,15,16,Solar,101,Wednesday,April,Spring,14919.869999999997
7/11/2021,15,16,Solar,192,Sunday,July,Summer,7851.969999999998
5/14/2022,13,14,Solar,134,Saturday,May,Spring,10506.859999999999
6/4/2025,14,15,Solar,155,Wednesday,June,Summer,14147.069999999998
9/5/2020,10,11,Solar,249,Saturday,September,Fall,5742.869999999999
5/11/2022,11,12,Solar,131,Wednesday,May,Spring,16578.17
6/3/2021,18,19,Solar,154,Thursday,June,Summer,3962.209999999999
9/1/2024,16,17,Solar,245,Sunday,September,Fall,12570.879999999997
9/4/2022,9,10,Solar,247,Sunday,September,Fall,6530.159999999999
5/2/2023,12,13,Solar,122,Tuesday,May,Spring,14101.989999999998
7/14/2022,10,11,Solar,195,Thursday,July,Summer,8305.989999999998
6/24/2025,13,14,Solar,175,Tuesday,June,Summer,10204.179999999998
1/27/2024,11,12,Solar,27,Saturday,January,Winter,9360.539999999999
6/7/2024,12,13,Solar,159,Friday,June,Summer,10551.939999999999
8/6/2024,8,9,Solar,219,Tuesday,August,Summer,4219.8099999999995
11/30/2024,13,14,Solar,335,Saturday,November,Fall,7515.48
7/6/2023,9,10,Solar,187,Thursday,July,Summer,6324.079999999999
5/26/2024,11,12,Solar,147,Sunday,May,Spring,8259.299999999997
7/18/2021,12,13,Solar,199,Sunday,July,Summer,14818.439999999997
6/14/2025,16,17,Solar,165,Saturday,June,Summer,6401.359999999999
6/20/2025,8,9,Solar,171,Friday,June,Summer,8805.089999999998
8/1/2025,9,10,Solar,213,Friday,August,Summer,8753.569999999998
11/30/2022,14,15,Solar,334,Wednesday,November,Fall,5942.509999999999
2/7/2022,12,13,Solar,38,Monday,February,Winter,9845.149999999998
10/6/2025,12,13,Solar,279,Monday,October,Fall,15462.439999999997
10/9/2021,12,13,Solar,282,Saturday,October,Fall,8557.149999999998
8/3/2021,12,13,Solar,215,Tuesday,August,Summer,6351.45
9/3/2021,13,14,Solar,246,Friday,September,Fall,6340.179999999999
8/5/2024,11,12,Solar,218,Monday,August,Summer,12198.969999999998
9/8/2023,12,13,Solar,251,Friday,September,Fall,11260.339999999998
8/9/2025,18,19,Solar,221,Saturday,August,Summer,11638.689999999997
8/15/2023,8,9,Solar,227,Tuesday,August,Summer,3078.3199999999993
9/26/2021,15,16,Solar,269,Sunday,September,Fall,8904.909999999998
12/10/2022,14,15,Solar,344,Saturday,December,Winter,6335.349999999999
5/5/2024,12,13,Solar,126,Sunday,May,Spring,11941.369999999999
8/5/2021,10,11,Solar,217,Thursday,August,Summer,7311.009999999999
4/23/2024,12,13,Solar,114,Tuesday,April,Spring,15869.769999999999
9/18/2021,17,18,Solar,261,Saturday,September,Fall,4300.3099999999995
9/14/2020,14,15,Solar,258,Monday,September,Fall,8318.869999999999
9/22/2020,16,17,Solar,266,Tuesday,September,Fall,3994.4099999999994
7/31/2024,15,16,Solar,213,Wednesday,July,Summer,11951.029999999997
5/12/2024,9,10,Solar,133,Sunday,May,Spring,4688.32
7/13/2022,13,14,Solar,194,Wednesday,July,Summer,11036.549999999997
7/2/2021,19,20,Solar,183,Friday,July,Summer,2353.8199999999997
8/26/2025,14,15,Solar,238,Tuesday,August,Summer,17503.92
5/29/2022,16,17,Solar,149,Sunday,May,Spring,14161.56
7/10/2022,14,15,Solar,191,Sunday,July,Summer,15343.3
4/29/2022,11,12,Solar,119,Friday,April,Spring,9280.039999999999
10/31/2024,10,11,Solar,305,Thursday,October,Fall,6861.819999999999
7/20/2020,11,12,Solar,202,Monday,July,Summer,9210.81
1/3/2025,13,14,Solar,3,Friday,January,Winter,9001.509999999998
5/22/2022,10,11,Solar,142,Sunday,May,Spring,7199.919999999998
8/24/2022,16,17,Solar,236,Wednesday,August,Summer,9148.019999999999
4/11/2020,10,11,Solar,102,Saturday,April,Spring,4966.849999999999
4/25/2024,15,16,Solar,116,Thursday,April,Spring,12442.079999999998
6/7/2020,18,19,Solar,159,Sunday,June,Summer,4781.699999999999
9/16/2021,15,16,Solar,259,Thursday,September,Fall,4913.719999999999
4/7/2020,16,17,Solar,98,Tuesday,April,Spring,7043.75
10/11/2021,13,14,Solar,284,Monday,October,Fall,10600.239999999998
9/22/2021,15,16,Solar,265,Wednesday,September,Fall,8153.039999999999
4/16/2020,12,13,Solar,107,Thursday,April,Spring,7919.589999999998
3/4/2021,13,14,Solar,63,Thursday,March,Spring,6483.469999999998
10/7/2021,9,10,Solar,280,Thursday,October,Fall,4784.919999999999
6/23/2020,17,18,Solar,175,Tuesday,June,Summer,8085.419999999998
3/27/2025,13,14,Solar,86,Thursday,March,Spring,16132.199999999999
3/20/2022,12,13,Solar,79,Sunday,March,Spring,8904.909999999998
8/17/2023,12,13,Solar,229,Thursday,August,Summer,11707.919999999998
10/12/2021,11,12,Solar,285,Tuesday,October,Fall,8082.2
9/5/2022,14,15,Solar,248,Monday,September,Fall,12145.839999999997
4/22/2025,8,9,Solar,112,Tuesday,April,Spring,3711.0499999999997
8/25/2025,13,14,Solar,237,Monday,August,Summer,13654.409999999998
2/7/2022,12,13,Solar,38,Monday,February,Winter,9845.149999999998
4/27/2020,10,11,Solar,118,Monday,April,Spring,3382.609999999999
10/16/2022,13,14,Solar,289,Sunday,October,Fall,10843.349999999999
9/10/2023,16,17,Solar,253,Sunday,September,Fall,10492.369999999999
10/13/2024,14,15,Solar,287,Sunday,October,Fall,5651.099999999999
4/18/2020,13,14,Solar,109,Saturday,April,Spring,5005.49
9/29/2025,16,17,Solar,272,Monday,September,Fall,11725.629999999997
8/29/2021,11,12,Solar,241,Sunday,August,Summer,10579.31
9/9/2020,14,15,Solar,253,Wednesday,September,Fall,6225.869999999999
12/12/2024,11,12,Solar,347,Thursday,December,Winter,8906.519999999999
10/10/2025,15,16,Solar,283,Friday,October,Fall,13351.729999999998
6/30/2023,13,14,Solar,181,Friday,June,Summer,13789.65
8/9/2022,12,13,Solar,221,Tuesday,August,Summer,16343.109999999999
4/23/2020,13,14,Solar,114,Thursday,April,Spring,4810.679999999999
8/9/2025,13,14,Solar,221,Saturday,August,Summer,8325.31
7/2/2021,14,15,Solar,183,Friday,July,Summer,7856.799999999999
2/3/2025,9,10,Solar,34,Monday,February,Winter,5485.2699999999995
7/19/2022,13,14,Solar,200,Tuesday,July,Summer,18075.469999999998
8/30/2021,14,15,Solar,242,Monday,August,Summer,13007.189999999997
8/6/2024,16,17,Solar,219,Tuesday,August,Summer,12880.0
7/17/2024,20,21,Solar,199,Wednesday,July,Summer,1676.0099999999998
6/4/2023,14,15,Solar,155,Sunday,June,Summer,9069.13
7/12/2025,11,12,Solar,193,Saturday,July,Summer,15467.269999999999
10/4/2022,9,10,Solar,277,Tuesday,October,Fall,4918.549999999999
8/27/2021,16,17,Solar,239,Friday,August,Summer,11918.829999999998
5/12/2021,13,14,Solar,132,Wednesday,May,Spring,9592.38
6/25/2021,9,10,Solar,176,Friday,June,Summer,5968.269999999999
3/16/2024,14,15,Solar,76,Saturday,March,Spring,12432.419999999998
2/3/2025,9,10,Solar,34,Monday,February,Winter,5485.2699999999995
6/25/2020,11,12,Solar,177,Thursday,June,Summer,6906.9
6/17/2024,8,9,Solar,169,Monday,June,Summer,5612.459999999999
5/13/2022,14,15,Solar,133,Friday,May,Spring,10675.909999999998
1/24/2022,15,16,Solar,24,Monday,January,Winter,4778.48
11/8/2024,14,15,Solar,313,Friday,November,Fall,7216.019999999999
3/30/2022,15,16,Solar,89,Wednesday,March,Spring,5593.139999999999
8/24/2022,12,13,Solar,236,Wednesday,August,Summer,10307.219999999998
2/3/2025,13,14,Solar,34,Monday,February,Winter,10915.799999999997
7/19/2021,12,13,Solar,200,Monday,July,Summer,12693.239999999998
5/9/2022,17,18,Solar,129,Monday,May,Spring,6737.849999999999
3/6/2024,9,10,Solar,66,Wednesday,March,Spring,6037.5
1/17/2025,11,12,Solar,17,Friday,January,Winter,7207.969999999998
7/31/2020,12,13,Solar,213,Friday,July,Summer,8883.98
9/12/2024,11,12,Solar,256,Thursday,September,Fall,13760.669999999998
8/11/2021,14,15,Solar,223,Wednesday,August,Summer,8381.66
11/5/2021,13,14,Solar,309,Friday,November,Fall,6937.489999999999
5/17/2024,11,12,Solar,138,Friday,May,Spring,10609.899999999998
8/20/2024,15,16,Solar,233,Tuesday,August,Summer,19386.01
7/29/2025,15,16,Solar,210,Tuesday,July,Summer,17788.889999999996
7/3/2021,12,13,Solar,184,Saturday,July,Summer,6675.0599999999995
3/5/2023,14,15,Solar,64,Sunday,March,Spring,9674.489999999998
9/16/2023,14,15,Solar,259,Saturday,September,Fall,13313.089999999997
3/21/2022,12,13,Solar,80,Monday,March,Spring,12926.689999999997
9/16/2023,15,16,Solar,259,Saturday,September,Fall,11271.609999999999
1/17/2025,11,12,Solar,17,Friday,January,Winter,7207.969999999998
7/10/2025,14,15,Solar,191,Thursday,July,Summer,19163.829999999998
5/26/2025,9,10,Solar,146,Monday,May,Spring,14451.359999999999
10/7/2022,16,17,Solar,280,Friday,October,Fall,6762.0
7/22/2024,13,14,Solar,204,Monday,July,Summer,16491.229999999996
8/5/2021,10,11,Solar,217,Thursday,August,Summer,7311.009999999999
9/6/2023,14,15,Solar,249,Wednesday,September,Fall,12247.269999999999
7/4/2023,11,12,Solar,185,Tuesday,July,Summer,11229.749999999998
2/15/2023,14,15,Solar,46,Wednesday,February,Winter,9455.529999999999
12/26/2024,13,14,Solar,361,Thursday,December,Winter,8314.039999999999
4/22/2025,10,11,Solar,112,Tuesday,April,Spring,8407.419999999998
7/9/2024,15,16,Solar,191,Tuesday,July,Summer,17429.859999999997
9/17/2021,9,10,Solar,260,Friday,September,Fall,3519.459999999999
7/5/2021,13,14,Solar,186,Monday,July,Summer,13438.669999999998
8/18/2021,12,13,Solar,230,Wednesday,August,Summer,8017.799999999999
1/30/2024,13,14,Solar,30,Tuesday,January,Winter,13374.269999999999
2/16/2023,11,12,Solar,47,Thursday,February,Winter,12878.389999999998
8/1/2022,17,18,Solar,213,Monday,August,Summer,8331.749999999998
10/6/2025,12,13,Solar,279,Monday,October,Fall,15462.439999999997
6/6/2023,16,17,Solar,157,Tuesday,June,Summer,10964.099999999999
6/30/2025,11,12,Solar,181,Monday,June,Summer,13779.989999999998
7/23/2020,12,13,Solar,205,Thursday,July,Summer,5916.75
1/21/2025,11,12,Solar,21,Tuesday,January,Winter,8956.429999999998
12/26/2024,13,14,Solar,361,Thursday,December,Winter,8314.039999999999
9/16/2024,9,10,Solar,260,Monday,September,Fall,8078.98
8/15/2025,9,10,Solar,227,Friday,August,Summer,9795.239999999998
6/5/2021,14,15,Solar,156,Saturday,June,Summer,9680.929999999998
4/27/2020,13,14,Solar,118,Monday,April,Spring,4973.29
10/17/2021,11,12,Solar,290,Sunday,October,Fall,6929.439999999999
6/10/2023,14,15,Solar,161,Saturday,June,Summer,11975.179999999998
7/12/2022,9,10,Solar,193,Tuesday,July,Summer,6253.239999999999
6/1/2020,15,16,Solar,153,Monday,June,Summer,7449.469999999998
11/28/2024,14,15,Solar,333,Thursday,November,Fall,6947.15
7/9/2025,15,16,Solar,190,Wednesday,July,Summer,16328.619999999997
5/1/2025,16,17,Solar,121,Thursday,May,Spring,7349.65
4/17/2025,9,10,Solar,107,Thursday,April,Spring,8693.999999999998
6/2/2022,12,13,Solar,153,Thursday,June,Summer,10849.789999999999
4/2/2020,16,17,Solar,93,Thursday,April,Spring,6707.259999999999
10/12/2023,11,12,Solar,285,Thursday,October,Fall,12496.819999999998
9/29/2025,13,14,Solar,272,Monday,September,Fall,14778.189999999997
4/23/2020,13,14,Solar,114,Thursday,April,Spring,4810.679999999999
8/22/2025,15,16,Solar,234,Friday,August,Summer,14926.309999999998
8/29/2024,17,18,Solar,242,Thursday,August,Summer,8001.7
8/1/2020,10,11,Solar,214,Saturday,August,Summer,5008.709999999999
8/24/2022,17,18,Solar,236,Wednesday,August,Summer,7172.549999999999
7/29/2022,16,17,Solar,210,Friday,July,Summer,9044.98
1/24/2022,13,14,Solar,24,Monday,January,Winter,6989.009999999999
4/20/2024,12,13,Solar,111,Saturday,April,Spring,21926.589999999997
8/26/2025,13,14,Solar,238,Tuesday,August,Summer,17257.589999999997
12/14/2021,13,14,Solar,348,Tuesday,December,Winter,4644.849999999999
7/9/2022,12,13,Solar,190,Saturday,July,Summer,12989.479999999998
7/12/2025,17,18,Solar,193,Saturday,July,Summer,12273.029999999997
2/28/2022,11,12,Solar,59,Monday,February,Winter,9729.23
4/5/2023,14,15,Solar,95,Wednesday,April,Spring,12957.279999999997
1/22/2022,11,12,Solar,22,Saturday,January,Winter,7492.939999999999
7/31/2020,11,12,Solar,213,Friday,July,Summer,7888.999999999999
12/25/2021,15,16,Solar,359,Saturday,December,Winter,1969.0299999999995
4/1/2020,15,16,Solar,92,Wednesday,April,Spring,7579.879999999999
4/22/2025,8,9,Solar,112,Tuesday,April,Spring,3711.0499999999997
7/7/2021,14,15,Solar,188,Wednesday,July,Summer,8204.56
9/9/2020,14,15,Solar,253,Wednesday,September,Fall,6225.869999999999
10/24/2024,12,13,Solar,298,Thursday,October,Fall,13383.929999999998
3/20/2022,14,15,Solar,79,Sunday,March,Spring,8032.289999999999
12/6/2023,12,13,Solar,340,Wednesday,December,Winter,6457.709999999999
9/10/2020,11,12,Solar,254,Thursday,September,Fall,4913.719999999999
9/26/2023,17,18,Solar,269,Tuesday,September,Fall,6184.009999999999
7/9/2021,18,19,Solar,190,Friday,July,Summer,4609.429999999999
4/29/2021,16,17,Solar,119,Thursday,April,Spring,5507.8099999999995
1/30/2022,13,14,Solar,30,Sunday,January,Winter,6039.109999999999
12/6/2022,11,12,Solar,340,Tuesday,December,Winter,5485.2699999999995
2/9/2023,12,13,Solar,40,Thursday,February,Winter,8856.609999999999
1/15/2025,15,16,Solar,15,Wednesday,January,Winter,7781.129999999999
9/22/2020,12,13,Solar,266,Tuesday,September,Fall,3211.95
4/17/2025,9,10,Solar,107,Thursday,April,Spring,8693.999999999998
9/1/2020,13,14,Solar,245,Tuesday,September,Fall,7578.269999999999
3/14/2024,12,13,Solar,74,Thursday,March,Spring,16024.329999999998
7/18/2025,10,11,Solar,199,Friday,July,Summer,10286.289999999999
4/17/2023,14,15,Solar,107,Monday,April,Spring,16851.87
3/22/2024,8,9,Solar,82,Friday,March,Spring,6555.919999999998
9/3/2024,10,11,Solar,247,Tuesday,September,Fall,5889.379999999999
5/7/2020,10,11,Solar,128,Thursday,May,Spring,5243.7699999999995
8/29/2024,13,14,Solar,242,Thursday,August,Summer,9827.439999999999
9/2/2020,12,13,Solar,246,Wednesday,September,Fall,7080.78
7/29/2024,9,10,Solar,211,Monday,July,Summer,9445.869999999999
6/9/2024,12,13,Solar,161,Sunday,June,Summer,7096.879999999999
6/4/2023,11,12,Solar,155,Sunday,June,Summer,13124.719999999998
6/18/2022,17,18,Solar,169,Saturday,June,Summer,11495.4
5/12/2021,14,15,Solar,132,Wednesday,May,Spring,9075.569999999998
6/15/2022,12,13,Solar,166,Wednesday,June,Summer,9754.989999999998
6/22/2022,16,17,Solar,173,Wednesday,June,Summer,9521.539999999999
9/5/2025,18,19,Solar,248,Friday,September,Fall,6080.969999999998
7/20/2021,13,14,Solar,201,Tuesday,July,Summer,11141.199999999999
8/26/2025,13,14,Solar,238,Tuesday,August,Summer,17257.589999999997
6/30/2025,16,17,Solar,181,Monday,June,Summer,12862.289999999997
6/9/2025,17,18,Solar,160,Monday,June,Summer,10371.619999999999
6/14/2022,10,11,Solar,165,Tuesday,June,Summer,8634.429999999998
3/4/2023,13,14,Solar,63,Saturday,March,Spring,13662.46
1/6/2021,14,15,Solar,6,Wednesday,January,Winter,2976.89
6/15/2023,11,12,Solar,166,Thursday,June,Summer,10529.399999999998
5/22/2023,12,13,Solar,142,Monday,May,Spring,10677.519999999999
11/6/2021,13,14,Solar,310,Saturday,November,Fall,9811.339999999998
11/10/2024,13,14,Solar,315,Sunday,November,Fall,6992.23
1/29/2023,14,15,Solar,29,Sunday,January,Winter,7262.709999999999
9/4/2022,11,12,Solar,247,Sunday,September,Fall,10737.089999999998
7/4/2022,9,10,Solar,185,Monday,July,Summer,5058.619999999999
7/2/2021,12,13,Solar,183,Friday,July,Summer,7362.529999999999
7/1/2021,14,15,Solar,182,Thursday,July,Summer,8116.009999999999
6/27/2025,16,17,Solar,178,Friday,June,Summer,16967.789999999997
9/6/2021,12,13,Solar,249,Monday,September,Fall,8710.099999999999
1/12/2025,11,12,Solar,12,Sunday,January,Winter,11099.339999999998
7/27/2022,10,11,Solar,208,Wednesday,July,Summer,9858.029999999999
2/23/2022,14,15,Solar,54,Wednesday,February,Winter,9932.089999999998
9/16/2021,15,16,Solar,259,Thursday,September,Fall,4913.719999999999
8/3/2022,13,14,Solar,215,Wednesday,August,Summer,10500.419999999998
7/28/2025,11,12,Solar,209,Monday,July,Summer,17611.789999999997
4/22/2022,11,12,Solar,112,Friday,April,Spring,11110.609999999999
9/10/2022,15,16,Solar,253,Saturday,September,Fall,13604.5
8/30/2022,9,10,Solar,242,Tuesday,August,Summer,5554.499999999999
7/22/2021,10,11,Solar,203,Thursday,July,Summer,6807.079999999999
11/27/2020,14,15,Solar,332,Friday,November,Fall,3760.959999999999
8/4/2022,10,11,Solar,216,Thursday,August,Summer,7645.8899999999985
1/22/2022,10,11,Solar,22,Saturday,January,Winter,6493.129999999999
6/28/2021,10,11,Solar,179,Monday,June,Summer,5029.639999999999
12/6/2023,11,12,Solar,340,Wednesday,December,Winter,6087.409999999999
4/28/2025,11,12,Solar,118,Monday,April,Spring,7045.359999999999
10/21/2024,15,16,Solar,295,Monday,October,Fall,13512.729999999998
1/16/2024,15,16,Solar,16,Tuesday,January,Winter,3012.3099999999995
6/15/2023,13,14,Solar,166,Thursday,June,Summer,12126.519999999999
2/25/2021,12,13,Solar,56,Thursday,February,Winter,7713.509999999999
8/3/2022,11,12,Solar,215,Wednesday,August,Summer,9019.219999999998
12/14/2021,9,10,Solar,348,Tuesday,December,Winter,2213.7499999999995
4/13/2021,15,16,Solar,103,Tuesday,April,Spring,10448.899999999998
12/7/2022,14,15,Solar,341,Wednesday,December,Winter,6100.289999999999
7/14/2024,10,11,Solar,196,Sunday,July,Summer,4240.74
5/23/2024,17,18,Solar,144,Thursday,May,Spring,9069.13
7/7/2021,9,10,Solar,188,Wednesday,July,Summer,5538.399999999999
10/2/2025,11,12,Solar,275,Thursday,October,Fall,14007.0
8/18/2025,16,17,Solar,230,Monday,August,Summer,11860.869999999999
2/15/2023,12,13,Solar,46,Wednesday,February,Winter,10679.13
9/9/2023,11,12,Solar,252,Saturday,September,Fall,10764.46
2/28/2025,15,16,Solar,59,Friday,February,Winter,14464.239999999996
12/6/2022,10,11,Solar,340,Tuesday,December,Winter,4720.5199999999995
5/12/2021,13,14,Solar,132,Wednesday,May,Spring,9592.38
4/15/2022,15,16,Solar,105,Friday,April,Spring,10590.58
10/2/2025,16,17,Solar,275,Thursday,October,Fall,11809.349999999999
6/14/2022,17,18,Solar,165,Tuesday,June,Summer,7388.289999999999
6/6/2024,17,18,Solar,158,Thursday,June,Summer,10983.419999999998
8/18/2022,12,13,Solar,230,Thursday,August,Summer,8438.009999999998
6/10/2023,14,15,Solar,161,Saturday,June,Summer,11975.179999999998
1/17/2022,11,12,Solar,17,Monday,January,Winter,5182.589999999999
5/22/2024,15,16,Solar,143,Wednesday,May,Spring,18368.489999999998
3/15/2023,16,17,Solar,74,Wednesday,March,Spring,7848.749999999999
7/9/2021,13,14,Solar,190,Friday,July,Summer,7842.309999999999
7/29/2024,9,10,Solar,211,Monday,July,Summer,9445.869999999999
6/12/2024,16,17,Solar,164,Wednesday,June,Summer,11041.38
7/4/2023,11,12,Solar,185,Tuesday,July,Summer,11229.749999999998
7/2/2025,8,9,Solar,183,Wednesday,July,Summer,6486.689999999999
3/5/2022,9,10,Solar,64,Saturday,March,Spring,5593.139999999999
2/17/2025,16,17,Solar,48,Monday,February,Winter,6460.929999999999
4/14/2021,11,12,Solar,104,Wednesday,April,Spring,12461.4
11/5/2024,16,17,Solar,310,Tuesday,November,Fall,1230.0399999999997
7/7/2021,17,18,Solar,188,Wednesday,July,Summer,6169.519999999999
8/7/2024,9,10,Solar,220,Wednesday,August,Summer,6058.429999999999
12/15/2023,14,15,Solar,349,Friday,December,Winter,5958.609999999999
9/15/2023,15,16,Solar,258,Friday,September,Fall,12008.989999999998
6/20/2025,10,11,Solar,171,Friday,June,Summer,13783.21
10/2/2024,13,14,Solar,276,Wednesday,October,Fall,9236.569999999998
5/22/2023,11,12,Solar,142,Monday,May,Spring,9887.009999999998
6/24/2023,12,13,Solar,175,Saturday,June,Summer,14264.599999999999
4/24/2021,15,16,Solar,114,Saturday,April,Spring,13928.109999999999
6/22/2020,15,16,Solar,174,Monday,June,Summer,7591.15
9/17/2025,10,11,Solar,260,Wednesday,September,Fall,13944.21
1/19/2024,11,12,Solar,19,Friday,January,Winter,6314.419999999998
1/14/2025,11,12,Solar,14,Tuesday,January,Winter,9801.679999999998
8/10/2021,14,15,Solar,222,Tuesday,August,Summer,9317.069999999998
3/5/2022,9,10,Solar,64,Saturday,March,Spring,5593.139999999999
4/18/2022,13,14,Solar,108,Monday,April,Spring,8966.089999999998
11/15/2024,15,16,Solar,320,Friday,November,Fall,5699.399999999999
5/7/2020,10,11,Solar,128,Thursday,May,Spring,5243.7699999999995
1/14/2025,12,13,Solar,14,Tuesday,January,Winter,10516.519999999999
1/15/2025,10,11,Solar,15,Wednesday,January,Winter,8898.469999999998
2/10/2023,15,16,Solar,41,Friday,February,Winter,8821.189999999999
9/5/2023,18,19,Solar,248,Tuesday,September,Fall,4282.599999999999
6/21/2025,14,15,Solar,172,Saturday,June,Summer,16054.919999999998
5/18/2024,13,14,Solar,139,Saturday,May,Spring,4923.379999999999
4/28/2025,14,15,Solar,118,Monday,April,Spring,7853.579999999999
4/7/2023,17,18,Solar,97,Friday,April,Spring,10664.64
9/8/2023,15,16,Solar,251,Friday,September,Fall,10954.439999999999
8/5/2021,13,14,Solar,217,Thursday,August,Summer,12673.919999999998
5/20/2024,11,12,Solar,141,Monday,May,Spring,9457.14
4/9/2022,13,14,Solar,99,Saturday,April,Spring,12195.75
2/8/2023,11,12,Solar,39,Wednesday,February,Winter,11361.769999999999
4/14/2024,11,12,Solar,105,Sunday,April,Spring,6080.969999999998
9/6/2023,11,12,Solar,249,Wednesday,September,Fall,10439.239999999998
7/24/2025,11,12,Solar,205,Thursday,July,Summer,12983.039999999997
5/8/2022,17,18,Solar,128,Sunday,May,Spring,9217.249999999998
9/12/2023,16,17,Solar,255,Tuesday,September,Fall,7051.799999999999
8/1/2024,13,14,Solar,214,Thursday,August,Summer,12454.96
3/20/2022,12,13,Solar,79,Sunday,March,Spring,8904.909999999998
4/10/2024,15,16,Solar,101,Wednesday,April,Spring,14919.869999999997
7/25/2024,12,13,Solar,207,Thursday,July,Summer,15786.05
4/27/2021,13,14,Solar,117,Tuesday,April,Spring,5828.2
10/24/2024,12,13,Solar,298,Thursday,October,Fall,13383.929999999998
1/14/2024,14,15,Solar,14,Sunday,January,Winter,4818.73
7/12/2022,9,10,Solar,193,Tuesday,July,Summer,6253.239999999999
5/23/2024,17,18,Solar,144,Thursday,May,Spring,9069.13
12/18/2023,14,15,Solar,352,Monday,December,Winter,7837.48
6/28/2023,16,17,Solar,179,Wednesday,June,Summer,10146.219999999998
9/5/2020,15,16,Solar,249,Saturday,September,Fall,8652.14
8/13/2021,13,14,Solar,225,Friday,August,Summer,8570.029999999999
6/14/2022,11,12,Solar,165,Tuesday,June,Summer,10585.749999999998
1/12/2022,15,16,Solar,12,Wednesday,January,Winter,6188.839999999999
4/11/2020,11,12,Solar,102,Saturday,April,Spring,5868.45
2/2/2025,14,15,Solar,33,Sunday,February,Winter,8843.73
6/2/2022,16,17,Solar,153,Thursday,June,Summer,9463.58
5/12/2024,9,10,Solar,133,Sunday,May,Spring,4688.32
7/24/2022,9,10,Solar,205,Sunday,July,Summer,6262.9
4/13/2022,9,10,Solar,103,Wednesday,April,Spring,3268.2999999999997
6/9/2024,12,13,Solar,161,Sunday,June,Summer,7096.879999999999
9/13/2020,18,19,Solar,257,Sunday,September,Fall,2268.49
8/7/2024,13,14,Solar,220,Wednesday,August,Summer,13295.379999999997
10/24/2024,12,13,Solar,298,Thursday,October,Fall,13383.929999999998
10/14/2025,15,16,Solar,287,Tuesday,October,Fall,16904.999999999996
6/3/2022,11,12,Solar,154,Friday,June,Summer,6148.589999999999
5/18/2024,13,14,Solar,139,Saturday,May,Spring,4923.379999999999
1/24/2020,15,16,Solar,24,Friday,January,Winter,2165.4499999999994
11/14/2024,14,15,Solar,319,Thursday,November,Fall,9513.489999999998
9/16/2022,11,12,Solar,259,Friday,September,Fall,11112.219999999998
5/31/2021,14,15,Solar,151,Monday,May,Spring,12545.119999999999
5/9/2022,17,18,Solar,129,Monday,May,Spring,6737.849999999999
2/14/2023,11,12,Solar,45,Tuesday,February,Winter,10331.369999999999
7/5/2022,17,18,Solar,186,Tuesday,July,Summer,10474.659999999998
5/28/2022,9,10,Solar,148,Saturday,May,Spring,9352.489999999998
7/26/2022,13,14,Solar,207,Tuesday,July,Summer,11405.239999999998
7/30/2025,15,16,Solar,211,Wednesday,July,Summer,14784.629999999997
9/4/2020,14,15,Solar,248,Friday,September,Fall,8233.539999999999
8/7/2024,13,14,Solar,220,Wednesday,August,Summer,13295.379999999997
12/27/2024,11,12,Solar,362,Friday,December,Winter,6319.25
7/17/2025,16,17,Solar,198,Thursday,July,Summer,14103.599999999999
8/5/2024,18,19,Solar,218,Monday,August,Summer,6877.919999999998
8/28/2021,10,11,Solar,240,Saturday,August,Summer,9539.249999999998
10/5/2023,16,17,Solar,278,Thursday,October,Fall,7317.45
7/23/2021,11,12,Solar,204,Friday,July,Summer,9624.58
7/15/2022,15,16,Solar,196,Friday,July,Summer,12073.389999999998
4/29/2021,15,16,Solar,119,Thursday,April,Spring,6251.629999999999
9/26/2023,16,17,Solar,269,Tuesday,September,Fall,8394.539999999999
11/10/2024,10,11,Solar,315,Sunday,November,Fall,5258.259999999999
7/10/2022,14,15,Solar,191,Sunday,July,Summer,15343.3
8/5/2021,9,10,Solar,217,Thursday,August,Summer,5330.709999999999
6/20/2025,8,9,Solar,171,Friday,June,Summer,8805.089999999998
5/17/2025,12,13,Solar,137,Saturday,May,Spring,8658.58
7/15/2022,17,18,Solar,196,Friday,July,Summer,9777.529999999999
9/8/2020,12,13,Solar,252,Tuesday,September,Fall,6895.629999999999
4/14/2022,16,17,Solar,104,Thursday,April,Spring,8386.489999999998
5/15/2023,10,11,Solar,135,Monday,May,Spring,9819.39
1/23/2022,11,12,Solar,23,Sunday,January,Winter,8558.759999999998
10/7/2023,11,12,Solar,280,Saturday,October,Fall,11353.719999999998
3/15/2023,15,16,Solar,74,Wednesday,March,Spring,10302.39
1/30/2022,15,16,Solar,30,Sunday,January,Winter,4635.19
8/17/2022,9,10,Solar,229,Wednesday,August,Summer,4367.929999999999
9/14/2020,10,11,Solar,258,Monday,September,Fall,6324.079999999999
10/17/2025,16,17,Solar,290,Friday,October,Fall,13937.769999999999
8/14/2023,14,15,Solar,226,Monday,August,Summer,15588.019999999999
2/8/2021,11,12,Solar,39,Monday,February,Winter,3645.0399999999995
2/9/2023,12,13,Solar,40,Thursday,February,Winter,8856.609999999999
9/13/2020,15,16,Solar,257,Sunday,September,Fall,6058.429999999999
11/22/2020,15,16,Solar,327,Sunday,November,Fall,3221.609999999999
5/12/2022,8,9,Solar,132,Thursday,May,Spring,3094.4199999999996
8/24/2025,10,11,Solar,236,Sunday,August,Summer,6620.319999999999
10/9/2021,10,11,Solar,282,Saturday,October,Fall,6232.3099999999995
7/8/2021,14,15,Solar,189,Thursday,July,Summer,8363.949999999999
7/3/2021,12,13,Solar,184,Saturday,July,Summer,6675.0599999999995
2/4/2023,12,13,Solar,35,Saturday,February,Winter,8779.33
6/24/2025,15,16,Solar,175,Tuesday,June,Summer,8768.06
12/11/2022,13,14,Solar,345,Sunday,December,Winter,7108.15
11/10/2020,15,16,Solar,315,Tuesday,November,Fall,2878.6799999999994
7/5/2022,18,19,Solar,186,Tuesday,July,Summer,8940.33
8/3/2020,9,10,Solar,216,Monday,August,Summer,4153.799999999999
12/6/2023,13,14,Solar,340,Wednesday,December,Winter,6109.95
8/17/2025,15,16,Solar,229,Sunday,August,Summer,18861.149999999998
1/20/2025,13,14,Solar,20,Monday,January,Winter,5502.98
4/25/2023,10,11,Solar,115,Tuesday,April,Spring,7847.1399999999985
5/8/2024,10,11,Solar,129,Wednesday,May,Spring,13363.0
11/15/2025,13,14,Solar,319,Saturday,November,Fall,11010.789999999999
10/24/2024,12,13,Solar,298,Thursday,October,Fall,13383.929999999998
1/31/2024,10,11,Solar,31,Wednesday,January,Winter,5900.65
1/30/2024,13,14,Solar,30,Tuesday,January,Winter,13374.269999999999
9/3/2024,10,11,Solar,247,Tuesday,September,Fall,5889.379999999999
5/11/2023,8,9,Solar,131,Thursday,May,Spring,4627.139999999999
4/25/2025,11,12,Solar,115,Friday,April,Spring,14815.219999999998
1/21/2022,12,13,Solar,21,Friday,January,Winter,10951.219999999998
6/2/2021,14,15,Solar,153,Wednesday,June,Summer,9344.439999999999
8/10/2022,15,16,Solar,222,Wednesday,August,Summer,16280.319999999998
1/30/2022,15,16,Solar,30,Sunday,January,Winter,4635.19
8/23/2023,16,17,Solar,235,Wednesday,August,Summer,8756.789999999999
5/14/2025,14,15,Solar,134,Wednesday,May,Spring,7001.8899999999985
10/9/2023,12,13,Solar,282,Monday,October,Fall,10065.719999999998
5/25/2024,14,15,Solar,146,Saturday,May,Spring,12168.379999999997
7/22/2023,11,12,Solar,203,Saturday,July,Summer,16412.339999999997
10/12/2021,15,16,Solar,285,Tuesday,October,Fall,11400.409999999998
6/30/2023,13,14,Solar,181,Friday,June,Summer,13789.65
6/23/2023,15,16,Solar,174,Friday,June,Summer,12841.359999999999
8/30/2022,10,11,Solar,242,Tuesday,August,Summer,6790.98
5/7/2024,12,13,Solar,128,Tuesday,May,Spring,11614.539999999997
5/15/2024,18,19,Solar,136,Wednesday,May,Spring,6667.009999999999
9/8/2020,9,10,Solar,252,Tuesday,September,Fall,3773.8399999999997
8/3/2025,14,15,Solar,215,Sunday,August,Summer,10717.769999999999
11/16/2021,12,13,Solar,320,Tuesday,November,Fall,3413.2
1/14/2024,12,13,Solar,14,Sunday,January,Winter,5749.3099999999995
8/20/2021,13,14,Solar,232,Friday,August,Summer,8389.71
1/1/2021,12,13,Solar,1,Friday,January,Winter,3210.3399999999997
3/17/2020,15,16,Solar,77,Tuesday,March,Spring,3258.64
10/7/2021,10,11,Solar,280,Thursday,October,Fall,6802.25
8/21/2024,16,17,Solar,234,Wednesday,August,Summer,14430.429999999997
10/10/2025,15,16,Solar,283,Friday,October,Fall,13351.729999999998
11/27/2020,14,15,Solar,332,Friday,November,Fall,3760.959999999999
6/5/2024,8,9,Solar,157,Wednesday,June,Summer,4677.049999999999
2/1/2025,10,11,Solar,32,Saturday,February,Winter,7971.109999999999
11/8/2024,14,15,Solar,313,Friday,November,Fall,7216.019999999999
1/13/2025,15,16,Solar,13,Monday,January,Winter,10778.949999999999
4/21/2023,15,16,Solar,111,Friday,April,Spring,12503.259999999998
6/11/2022,11,12,Solar,162,Saturday,June,Summer,9333.169999999998
5/22/2025,12,13,Solar,142,Thursday,May,Spring,18115.719999999998
6/23/2023,8,9,Solar,174,Friday,June,Summer,4541.8099999999995
5/23/2024,18,19,Solar,144,Thursday,May,Spring,6702.429999999999
7/4/2023,11,12,Solar,185,Tuesday,July,Summer,11229.749999999998
9/23/2021,14,15,Solar,266,Thursday,September,Fall,9442.649999999998
3/19/2025,13,14,Solar,78,Wednesday,March,Spring,22195.46
7/12/2022,11,12,Solar,193,Tuesday,July,Summer,10389.33
9/25/2025,11,12,Solar,268,Thursday,September,Fall,10788.609999999999
5/8/2023,9,10,Solar,128,Monday,May,Spring,6615.489999999999
6/24/2025,8,9,Solar,175,Tuesday,June,Summer,7546.069999999999
6/25/2024,12,13,Solar,177,Tuesday,June,Summer,13214.879999999997
4/30/2021,18,19,Solar,120,Friday,April,Spring,2382.7999999999997
2/16/2025,13,14,Solar,47,Sunday,February,Winter,13998.949999999999
3/20/2024,12,13,Solar,80,Wednesday,March,Spring,11904.339999999997
6/18/2025,9,10,Solar,169,Wednesday,June,Summer,9600.429999999998
9/11/2023,16,17,Solar,254,Monday,September,Fall,8268.96
6/22/2020,11,12,Solar,174,Monday,June,Summer,6861.819999999999
7/8/2025,10,11,Solar,189,Tuesday,July,Summer,17474.939999999995
5/17/2025,12,13,Solar,137,Saturday,May,Spring,8658.58
2/12/2022,14,15,Solar,43,Saturday,February,Winter,12108.81
11/6/2024,9,10,Solar,311,Wednesday,November,Fall,2522.87
2/13/2025,14,15,Solar,44,Thursday,February,Winter,7235.339999999998
11/11/2022,15,16,Solar,315,Friday,November,Fall,6733.019999999999
4/20/2024,13,14,Solar,111,Saturday,April,Spring,22229.269999999997
4/30/2025,16,17,Solar,120,Wednesday,April,Spring,16962.96
8/29/2024,16,17,Solar,242,Thursday,August,Summer,8790.599999999999
2/8/2023,11,12,Solar,39,Wednesday,February,Winter,11361.769999999999
4/25/2023,17,18,Solar,115,Tuesday,April,Spring,7190.259999999999
2/1/2025,11,12,Solar,32,Saturday,February,Winter,9297.749999999998
7/18/2022,17,18,Solar,199,Monday,July,Summer,9436.21
4/10/2022,9,10,Solar,100,Sunday,April,Spring,6881.1399999999985
8/11/2025,9,10,Solar,223,Monday,August,Summer,11666.06
10/16/2022,10,11,Solar,289,Sunday,October,Fall,6797.419999999998
8/18/2023,9,10,Solar,230,Friday,August,Summer,6129.269999999999
9/14/2020,10,11,Solar,258,Monday,September,Fall,6324.079999999999
7/27/2024,17,18,Solar,209,Saturday,July,Summer,7977.549999999999
6/29/2023,13,14,Solar,180,Thursday,June,Summer,10295.949999999999
3/31/2021,14,15,Solar,90,Wednesday,March,Spring,8524.949999999999
7/30/2024,12,13,Solar,212,Tuesday,July,Summer,11922.05
10/30/2024,10,11,Solar,304,Wednesday,October,Fall,7752.15
3/2/2023,14,15,Solar,61,Thursday,March,Spring,10558.38
6/20/2025,15,16,Solar,171,Friday,June,Summer,17870.999999999996
2/6/2020,13,14,Solar,37,Thursday,February,Winter,8006.529999999999
7/1/2024,12,13,Solar,183,Monday,July,Summer,12725.439999999997
3/28/2021,16,17,Solar,87,Sunday,March,Spring,9138.359999999999
9/3/2021,9,10,Solar,246,Friday,September,Fall,3569.3699999999994
8/3/2022,8,9,Solar,215,Wednesday,August,Summer,3162.0399999999995
8/11/2025,14,15,Solar,223,Monday,August,Summer,18584.229999999996
9/24/2021,10,11,Solar,267,Friday,September,Fall,5969.879999999999
3/31/2025,11,12,Solar,90,Monday,March,Spring,17792.109999999997
7/8/2025,10,11,Solar,189,Tuesday,July,Summer,17474.939999999995
4/27/2020,11,12,Solar,118,Monday,April,Spring,4076.5199999999995
9/10/2020,12,13,Solar,254,Thursday,September,Fall,5121.409999999999
10/7/2021,10,11,Solar,280,Thursday,October,Fall,6802.25
2/13/2025,12,13,Solar,44,Thursday,February,Winter,7589.539999999999
4/24/2020,16,17,Solar,115,Friday,April,Spring,5573.82
10/10/2023,14,15,Solar,283,Tuesday,October,Fall,11622.589999999997
3/4/2022,11,12,Solar,63,Friday,March,Spring,8252.859999999999
8/20/2021,17,18,Solar,232,Friday,August,Summer,5407.99
8/12/2023,11,12,Solar,224,Saturday,August,Summer,11210.429999999998
1/14/2022,10,11,Solar,14,Friday,January,Winter,4274.549999999999
3/28/2021,15,16,Solar,87,Sunday,March,Spring,10564.819999999998
9/15/2020,15,16,Solar,259,Tuesday,September,Fall,5750.919999999998
1/16/2025,14,15,Solar,16,Thursday,January,Winter,9698.64
6/10/2021,9,10,Solar,161,Thursday,June,Summer,5010.32
11/23/2020,15,16,Solar,328,Monday,November,Fall,2645.2299999999996
8/27/2021,9,10,Solar,239,Friday,August,Summer,6668.619999999999
8/6/2020,15,16,Solar,219,Thursday,August,Summer,6506.009999999999
2/1/2025,10,11,Solar,32,Saturday,February,Winter,7971.109999999999
7/7/2021,9,10,Solar,188,Wednesday,July,Summer,5538.399999999999
9/11/2020,18,19,Solar,255,Friday,September,Fall,2479.3999999999996
3/21/2024,9,10,Solar,81,Thursday,March,Spring,6087.409999999999
10/18/2021,11,12,Solar,291,Monday,October,Fall,8172.359999999999
8/23/2023,16,17,Solar,235,Wednesday,August,Summer,8756.789999999999
8/9/2025,18,19,Solar,221,Saturday,August,Summer,11638.689999999997
2/10/2023,11,12,Solar,41,Friday,February,Winter,9178.609999999999
6/8/2023,9,10,Solar,159,Thursday,June,Summer,10038.349999999999
7/26/2021,13,14,Solar,207,Monday,July,Summer,10563.21
12/6/2022,11,12,Solar,340,Tuesday,December,Winter,5485.2699999999995
7/30/2020,13,14,Solar,212,Thursday,July,Summer,7290.079999999999
5/8/2023,9,10,Solar,128,Monday,May,Spring,6615.489999999999
7/27/2021,12,13,Solar,208,Tuesday,July,Summer,8507.239999999998
7/29/2024,9,10,Solar,211,Monday,July,Summer,9445.869999999999
6/23/2023,8,9,Solar,174,Friday,June,Summer,4541.8099999999995
7/9/2021,8,9,Solar,190,Friday,July,Summer,3089.5899999999997
8/14/2023,14,15,Solar,226,Monday,August,Summer,15588.019999999999
9/8/2020,15,16,Solar,252,Tuesday,September,Fall,6274.169999999998
1/17/2025,11,12,Solar,17,Friday,January,Winter,7207.969999999998
2/7/2022,14,15,Solar,38,Monday,February,Winter,10250.869999999999
4/8/2020,18,19,Solar,99,Wednesday,April,Spring,2567.9499999999994
8/16/2024,12,13,Solar,229,Friday,August,Summer,14382.129999999997
10/7/2021,16,17,Solar,280,Thursday,October,Fall,7916.369999999998
1/19/2024,13,14,Solar,19,Friday,January,Winter,7320.669999999998
5/24/2020,16,17,Solar,145,Sunday,May,Spring,8330.14
1/30/2022,13,14,Solar,30,Sunday,January,Winter,6039.109999999999
2/14/2025,12,13,Solar,45,Friday,February,Winter,15491.419999999998
2/12/2024,12,13,Solar,43,Monday,February,Winter,5882.939999999999
1/14/2025,12,13,Solar,14,Tuesday,January,Winter,10516.519999999999
2/1/2025,11,12,Solar,32,Saturday,February,Winter,9297.749999999998
9/8/2020,15,16,Solar,252,Tuesday,September,Fall,6274.169999999998
9/15/2020,11,12,Solar,259,Tuesday,September,Fall,5082.7699999999995
9/6/2023,14,15,Solar,249,Wednesday,September,Fall,12247.269999999999
11/12/2022,15,16,Solar,316,Saturday,November,Fall,5370.959999999999
9/28/2024,14,15,Solar,272,Saturday,September,Fall,14552.789999999997
7/27/2021,12,13,Solar,208,Tuesday,July,Summer,8507.239999999998
8/9/2020,16,17,Solar,222,Sunday,August,Summer,5416.04
7/7/2021,10,11,Solar,188,Wednesday,July,Summer,6768.439999999999
1/27/2024,11,12,Solar,27,Saturday,January,Winter,9360.539999999999
6/2/2023,10,11,Solar,153,Friday,June,Summer,16367.259999999998
9/19/2024,13,14,Solar,263,Thursday,September,Fall,24473.609999999997
5/13/2025,13,14,Solar,133,Tuesday,May,Spring,6605.829999999999
8/20/2020,10,11,Solar,233,Thursday,August,Summer,8022.629999999999
2/9/2022,11,12,Solar,40,Wednesday,February,Winter,8547.489999999998
1/16/2024,15,16,Solar,16,Tuesday,January,Winter,3012.3099999999995
9/17/2021,12,13,Solar,260,Friday,September,Fall,7542.849999999999
7/15/2024,14,15,Solar,197,Monday,July,Summer,17043.46
5/29/2025,17,18,Solar,149,Thursday,May,Spring,13317.919999999998
6/19/2022,12,13,Solar,170,Sunday,June,Summer,15204.839999999997
8/17/2023,17,18,Solar,229,Thursday,August,Summer,9027.269999999999
9/4/2022,12,13,Solar,247,Sunday,September,Fall,11740.119999999999
2/8/2021,11,12,Solar,39,Monday,February,Winter,3645.0399999999995
3/14/2025,12,13,Solar,73,Friday,March,Spring,12192.529999999997
7/31/2024,13,14,Solar,213,Wednesday,July,Summer,12100.759999999998
5/20/2025,12,13,Solar,140,Tuesday,May,Spring,14229.179999999998
8/30/2022,15,16,Solar,242,Tuesday,August,Summer,9334.779999999999
11/15/2025,10,11,Solar,319,Saturday,November,Fall,8665.019999999999
5/22/2023,9,10,Solar,142,Monday,May,Spring,6224.259999999999
11/18/2025,14,15,Solar,322,Tuesday,November,Fall,12950.839999999997
7/20/2023,18,19,Solar,201,Thursday,July,Summer,7248.219999999998
3/13/2024,15,16,Solar,73,Wednesday,March,Spring,13282.5
5/23/2024,17,18,Solar,144,Thursday,May,Spring,9069.13
1/14/2022,10,11,Solar,14,Friday,January,Winter,4274.549999999999
2/15/2023,10,11,Solar,46,Wednesday,February,Winter,10094.699999999999
11/10/2024,10,11,Solar,315,Sunday,November,Fall,5258.259999999999
9/26/2023,16,17,Solar,269,Tuesday,September,Fall,8394.539999999999
6/4/2022,12,13,Solar,155,Saturday,June,Summer,8666.63
1/28/2022,12,13,Solar,28,Friday,January,Winter,5823.369999999999
10/29/2024,12,13,Solar,303,Tuesday,October,Fall,7882.559999999999
10/14/2025,14,15,Solar,287,Tuesday,October,Fall,18001.41
7/2/2025,10,11,Solar,183,Wednesday,July,Summer,11809.349999999999
6/10/2023,14,15,Solar,161,Saturday,June,Summer,11975.179999999998
4/7/2023,17,18,Solar,97,Friday,April,Spring,10664.64
6/3/2024,13,14,Solar,155,Monday,June,Summer,12414.71
8/3/2025,9,10,Solar,215,Sunday,August,Summer,9953.019999999999
6/14/2025,14,15,Solar,165,Saturday,June,Summer,7319.059999999999
12/13/2024,15,16,Solar,348,Friday,December,Winter,2461.6899999999996
6/12/2025,14,15,Solar,163,Thursday,June,Summer,9204.369999999999
6/14/2022,14,15,Solar,165,Tuesday,June,Summer,10811.149999999998
6/13/2023,10,11,Solar,164,Tuesday,June,Summer,7805.279999999999
7/28/2022,19,20,Solar,209,Thursday,July,Summer,3632.1599999999994
9/7/2020,17,18,Solar,251,Monday,September,Fall,6370.769999999999
7/10/2024,11,12,Solar,192,Wednesday,July,Summer,13918.449999999999
5/20/2024,8,9,Solar,141,Monday,May,Spring,4846.099999999999
8/25/2025,13,14,Solar,237,Monday,August,Summer,13654.409999999998
7/7/2021,16,17,Solar,188,Wednesday,July,Summer,7026.039999999999
6/3/2022,14,15,Solar,154,Friday,June,Summer,9875.739999999998
6/20/2020,16,17,Solar,172,Saturday,June,Summer,6646.079999999999
7/2/2021,8,9,Solar,183,Friday,July,Summer,2621.0799999999995
4/25/2022,10,11,Solar,115,Monday,April,Spring,8331.749999999998
2/14/2025,14,15,Solar,45,Friday,February,Winter,14741.159999999998
2/5/2020,15,16,Solar,36,Wednesday,February,Winter,5345.199999999999
3/13/2025,15,16,Solar,72,Thursday,March,Spring,9196.319999999998
8/12/2021,10,11,Solar,224,Thursday,August,Summer,5016.759999999999
10/11/2022,10,11,Solar,284,Tuesday,October,Fall,6241.969999999998
11/19/2022,13,14,Solar,323,Saturday,November,Fall,8690.779999999999
1/23/2022,11,12,Solar,23,Sunday,January,Winter,8558.759999999998
4/4/2023,13,14,Solar,94,Tuesday,April,Spring,18608.379999999997
10/18/2022,14,15,Solar,291,Tuesday,October,Fall,9350.88
6/20/2025,8,9,Solar,171,Friday,June,Summer,8805.089999999998
3/6/2024,11,12,Solar,66,Wednesday,March,Spring,9527.98
8/29/2023,13,14,Solar,241,Tuesday,August,Summer,10526.179999999998
7/13/2022,14,15,Solar,194,Wednesday,July,Summer,11600.05
8/4/2022,14,15,Solar,216,Thursday,August,Summer,11041.38
11/30/2024,12,13,Solar,335,Saturday,November,Fall,7779.519999999999
5/1/2021,13,14,Solar,121,Saturday,May,Spring,6124.439999999999
11/1/2024,16,17,Solar,306,Friday,November,Fall,2595.3199999999997
7/16/2025,15,16,Solar,197,Wednesday,July,Summer,25871.089999999997
5/8/2022,17,18,Solar,128,Sunday,May,Spring,9217.249999999998
9/13/2020,18,19,Solar,257,Sunday,September,Fall,2268.49
4/9/2023,13,14,Solar,99,Sunday,April,Spring,12519.359999999999
4/29/2024,14,15,Solar,120,Monday,April,Spring,11344.06
7/8/2022,10,11,Solar,189,Friday,July,Summer,10246.039999999999
5/9/2022,18,19,Solar,129,Monday,May,Spring,4562.74
5/9/2022,9,10,Solar,129,Monday,May,Spring,5729.99
6/9/2024,15,16,Solar,161,Sunday,June,Summer,7478.45
4/27/2020,10,11,Solar,118,Monday,April,Spring,3382.609999999999
8/3/2025,14,15,Solar,215,Sunday,August,Summer,10717.769999999999
9/29/2025,13,14,Solar,272,Monday,September,Fall,14778.189999999997
6/14/2023,10,11,Solar,165,Wednesday,June,Summer,8463.769999999999
11/4/2020,12,13,Solar,309,Wednesday,November,Fall,5757.359999999999
6/8/2023,13,14,Solar,159,Thursday,June,Summer,14736.329999999998
10/25/2022,12,13,Solar,298,Tuesday,October,Fall,8817.969999999998
2/28/2025,11,12,Solar,59,Friday,February,Winter,16283.539999999997
9/6/2024,10,11,Solar,250,Friday,September,Fall,7888.999999999999
7/30/2020,14,15,Solar,212,Thursday,July,Summer,7207.969999999998
1/25/2022,17,18,Solar,25,Tuesday,January,Winter,429.8699999999999
9/9/2023,9,10,Solar,252,Saturday,September,Fall,7132.299999999999
7/20/2023,18,19,Solar,201,Thursday,July,Summer,7248.219999999998
8/18/2023,9,10,Solar,230,Friday,August,Summer,6129.269999999999
2/23/2022,13,14,Solar,54,Wednesday,February,Winter,10067.33
5/12/2024,9,10,Solar,133,Sunday,May,Spring,4688.32
7/15/2022,15,16,Solar,196,Friday,July,Summer,12073.389999999998
7/13/2025,15,16,Solar,194,Sunday,July,Summer,17416.979999999996
9/13/2020,18,19,Solar,257,Sunday,September,Fall,2268.49
8/18/2023,18,19,Solar,230,Friday,August,Summer,7209.579999999999
2/19/2023,14,15,Solar,50,Sunday,February,Winter,11393.969999999998
6/16/2020,8,9,Solar,168,Tuesday,June,Summer,2745.0499999999997
8/13/2021,10,11,Solar,225,Friday,August,Summer,4944.3099999999995
1/26/2022,9,10,Solar,26,Wednesday,January,Winter,2471.3499999999995
7/30/2024,13,14,Solar,212,Tuesday,July,Summer,12264.979999999998
12/11/2021,13,14,Solar,345,Saturday,December,Winter,6828.009999999999
6/23/2024,19,20,Solar,175,Sunday,June,Summer,5453.07
8/11/2025,9,10,Solar,223,Monday,August,Summer,11666.06
4/9/2023,13,14,Solar,99,Sunday,April,Spring,12519.359999999999
8/11/2024,13,14,Solar,224,Sunday,August,Summer,10767.679999999998
10/2/2024,12,13,Solar,276,Wednesday,October,Fall,9371.81
12/21/2021,13,14,Solar,355,Tuesday,December,Winter,5628.5599999999995
9/16/2021,15,16,Solar,259,Thursday,September,Fall,4913.719999999999
11/1/2024,16,17,Solar,306,Friday,November,Fall,2595.3199999999997
8/8/2024,17,18,Solar,221,Thursday,August,Summer,12657.819999999998
10/7/2022,9,10,Solar,280,Friday,October,Fall,4385.639999999999
7/20/2024,10,11,Solar,202,Saturday,July,Summer,9323.509999999998
9/11/2020,18,19,Solar,255,Friday,September,Fall,2479.3999999999996
12/14/2022,12,13,Solar,348,Wednesday,December,Winter,5089.209999999999
1/1/2021,11,12,Solar,1,Friday,January,Winter,3060.609999999999
5/17/2020,9,10,Solar,138,Sunday,May,Spring,5752.53
3/3/2021,15,16,Solar,62,Wednesday,March,Spring,3698.169999999999
5/30/2025,11,12,Solar,150,Friday,May,Spring,13544.929999999998
8/12/2022,11,12,Solar,224,Friday,August,Summer,11799.689999999997
3/25/2025,11,12,Solar,84,Tuesday,March,Spring,11181.449999999999
6/10/2025,18,19,Solar,161,Tuesday,June,Summer,11430.999999999998
7/12/2023,11,12,Solar,193,Wednesday,July,Summer,12868.729999999998
9/12/2020,18,19,Solar,256,Saturday,September,Fall,2811.0599999999995
7/22/2024,13,14,Solar,204,Monday,July,Summer,16491.229999999996
6/30/2024,10,11,Solar,182,Sunday,June,Summer,9964.289999999999
1/26/2022,9,10,Solar,26,Wednesday,January,Winter,2471.3499999999995
4/13/2022,14,15,Solar,103,Wednesday,April,Spring,6225.869999999999
4/7/2020,14,15,Solar,98,Tuesday,April,Spring,8516.899999999998
3/5/2023,11,12,Solar,64,Sunday,March,Spring,9915.989999999998
9/28/2021,14,15,Solar,271,Tuesday,September,Fall,8328.529999999999
8/10/2024,16,17,Solar,223,Saturday,August,Summer,6459.319999999999
8/7/2022,12,13,Solar,219,Sunday,August,Summer,17795.329999999998
8/29/2021,11,12,Solar,241,Sunday,August,Summer,10579.31
6/14/2022,11,12,Solar,165,Tuesday,June,Summer,10585.749999999998
3/25/2025,8,9,Solar,84,Tuesday,March,Spring,5932.849999999999
8/4/2025,10,11,Solar,216,Monday,August,Summer,13976.409999999998
7/12/2024,14,15,Solar,194,Friday,July,Summer,13908.789999999997
2/4/2023,11,12,Solar,35,Saturday,February,Winter,8087.029999999999
9/15/2023,14,15,Solar,258,Friday,September,Fall,13295.379999999997
9/17/2021,18,19,Solar,260,Friday,September,Fall,2785.2999999999997
7/8/2025,16,17,Solar,189,Tuesday,July,Summer,18928.769999999997
8/17/2022,15,16,Solar,229,Wednesday,August,Summer,7311.009999999999
5/9/2020,11,12,Solar,130,Saturday,May,Spring,5201.909999999999
3/4/2024,13,14,Solar,64,Monday,March,Spring,15190.349999999999
1/28/2022,12,13,Solar,28,Friday,January,Winter,5823.369999999999
10/13/2024,13,14,Solar,287,Sunday,October,Fall,9342.83
1/10/2022,13,14,Solar,10,Monday,January,Winter,4545.03
3/31/2025,10,11,Solar,90,Monday,March,Spring,15338.469999999998
7/22/2020,15,16,Solar,204,Wednesday,July,Summer,6544.65
11/1/2024,12,13,Solar,306,Friday,November,Fall,9007.949999999999
10/31/2024,11,12,Solar,305,Thursday,October,Fall,7777.909999999999
9/26/2025,18,19,Solar,269,Friday,September,Fall,2131.64
5/11/2023,10,11,Solar,131,Thursday,May,Spring,8317.259999999998
6/24/2025,10,11,Solar,175,Tuesday,June,Summer,16119.319999999998
1/6/2022,10,11,Solar,6,Thursday,January,Winter,6267.73
6/23/2023,8,9,Solar,174,Friday,June,Summer,4541.8099999999995
8/23/2025,17,18,Solar,235,Saturday,August,Summer,11493.789999999997
3/23/2021,15,16,Solar,82,Tuesday,March,Spring,6435.169999999998
6/8/2023,13,14,Solar,159,Thursday,June,Summer,14736.329999999998
9/8/2020,12,13,Solar,252,Tuesday,September,Fall,6895.629999999999
7/12/2023,10,11,Solar,193,Wednesday,July,Summer,10600.239999999998
11/19/2021,12,13,Solar,323,Friday,November,Fall,5966.659999999999
6/7/2021,9,10,Solar,158,Monday,June,Summer,4860.589999999999
5/5/2022,13,14,Solar,125,Thursday,May,Spring,9642.289999999999
1/1/2020,12,13,Solar,1,Wednesday,January,Winter,4095.8399999999997
5/26/2020,14,15,Solar,147,Tuesday,May,Spring,12279.469999999998
6/7/2024,11,12,Solar,159,Friday,June,Summer,9796.849999999999
1/19/2025,14,15,Solar,19,Sunday,January,Winter,6126.049999999999
9/13/2021,14,15,Solar,256,Monday,September,Fall,8289.89
1/13/2025,12,13,Solar,13,Monday,January,Winter,15212.889999999998
5/30/2025,11,12,Solar,150,Friday,May,Spring,13544.929999999998
5/20/2025,14,15,Solar,140,Tuesday,May,Spring,15322.369999999997
12/6/2023,13,14,Solar,340,Wednesday,December,Winter,6109.95
5/2/2021,11,12,Solar,122,Sunday,May,Spring,7401.169999999998
7/28/2025,16,17,Solar,209,Monday,July,Summer,17867.78
5/10/2024,14,15,Solar,131,Friday,May,Spring,17724.489999999998
4/9/2022,16,17,Solar,99,Saturday,April,Spring,13420.96
4/28/2021,13,14,Solar,118,Wednesday,April,Spring,6013.349999999999
4/23/2020,18,19,Solar,114,Thursday,April,Spring,2303.91
10/17/2025,16,17,Solar,290,Friday,October,Fall,13937.769999999999
6/6/2021,14,15,Solar,157,Sunday,June,Summer,8228.71
7/9/2022,8,9,Solar,190,Saturday,July,Summer,4833.219999999999
9/7/2024,13,14,Solar,251,Saturday,September,Fall,11775.539999999997
2/25/2021,12,13,Solar,56,Thursday,February,Winter,7713.509999999999
9/8/2020,11,12,Solar,252,Tuesday,September,Fall,6167.909999999999
9/21/2021,10,11,Solar,264,Tuesday,September,Fall,7003.5
1/17/2025,13,14,Solar,17,Friday,January,Winter,8714.929999999998
6/20/2020,16,17,Solar,172,Saturday,June,Summer,6646.079999999999
11/10/2024,13,14,Solar,315,Sunday,November,Fall,6992.23
9/14/2021,13,14,Solar,257,Tuesday,September,Fall,7003.5
9/13/2020,18,19,Solar,257,Sunday,September,Fall,2268.49
1/25/2022,9,10,Solar,25,Tuesday,January,Winter,1793.5399999999997
4/18/2024,13,14,Solar,109,Thursday,April,Spring,13849.219999999998
8/21/2024,16,17,Solar,234,Wednesday,August,Summer,14430.429999999997
4/17/2025,9,10,Solar,107,Thursday,April,Spring,8693.999999999998
7/12/2024,14,15,Solar,194,Friday,July,Summer,13908.789999999997
9/30/2023,18,19,Solar,273,Saturday,September,Fall,2645.2299999999996
9/10/2020,13,14,Solar,254,Thursday,September,Fall,5238.94
5/13/2022,14,15,Solar,133,Friday,May,Spring,10675.909999999998
8/17/2023,13,14,Solar,229,Thursday,August,Summer,12327.769999999999
6/28/2022,11,12,Solar,179,Tuesday,June,Summer,11361.769999999999
8/18/2024,14,15,Solar,231,Sunday,August,Summer,17239.879999999997
8/20/2023,16,17,Solar,232,Sunday,August,Summer,9991.659999999998
6/20/2025,17,18,Solar,171,Friday,June,Summer,13556.199999999999
10/6/2025,13,14,Solar,279,Monday,October,Fall,16199.819999999998
1/24/2020,13,14,Solar,24,Friday,January,Winter,3287.6199999999994
6/29/2022,16,17,Solar,180,Wednesday,June,Summer,9014.39
1/25/2022,16,17,Solar,25,Tuesday,January,Winter,1978.6899999999998
3/18/2020,10,11,Solar,78,Wednesday,March,Spring,5111.749999999999
6/20/2025,9,10,Solar,171,Friday,June,Summer,10946.39
5/17/2020,10,11,Solar,138,Sunday,May,Spring,7256.269999999999
8/2/2022,12,13,Solar,214,Tuesday,August,Summer,10828.859999999999
7/7/2020,17,18,Solar,189,Tuesday,July,Summer,7072.73
4/27/2020,10,11,Solar,118,Monday,April,Spring,3382.609999999999
9/26/2025,15,16,Solar,269,Friday,September,Fall,7008.329999999999
4/2/2020,11,12,Solar,93,Thursday,April,Spring,5414.429999999999
1/8/2021,11,12,Solar,8,Friday,January,Winter,4617.48
1/17/2022,10,11,Solar,17,Monday,January,Winter,4419.449999999999
9/1/2022,9,10,Solar,244,Thursday,September,Fall,5725.159999999999
2/23/2022,9,10,Solar,54,Wednesday,February,Winter,4561.129999999999
6/24/2024,10,11,Solar,176,Monday,June,Summer,12105.589999999997
4/29/2021,17,18,Solar,119,Thursday,April,Spring,4406.57
7/11/2021,9,10,Solar,192,Sunday,July,Summer,4343.78
12/3/2024,12,13,Solar,338,Tuesday,December,Winter,5974.709999999999
6/25/2024,12,13,Solar,177,Tuesday,June,Summer,13214.879999999997
4/28/2021,13,14,Solar,118,Wednesday,April,Spring,6013.349999999999
3/4/2021,12,13,Solar,63,Thursday,March,Spring,5847.519999999999
4/15/2021,13,14,Solar,105,Thursday,April,Spring,14332.219999999998
7/13/2024,18,19,Solar,195,Saturday,July,Summer,6665.4
7/7/2020,15,16,Solar,189,Tuesday,July,Summer,8362.339999999998
2/25/2021,12,13,Solar,56,Thursday,February,Winter,7713.509999999999
9/1/2020,9,10,Solar,245,Tuesday,September,Fall,3385.8299999999995
9/18/2021,17,18,Solar,261,Saturday,September,Fall,4300.3099999999995
8/7/2022,10,11,Solar,219,Sunday,August,Summer,12775.349999999999
3/19/2024,18,19,Solar,79,Tuesday,March,Spring,890.3299999999998
8/13/2024,15,16,Solar,226,Tuesday,August,Summer,9792.019999999999
6/28/2022,16,17,Solar,179,Tuesday,June,Summer,11572.679999999998
5/13/2025,15,16,Solar,133,Tuesday,May,Spring,6219.429999999999
5/7/2022,17,18,Solar,127,Saturday,May,Spring,9901.499999999998
10/29/2024,12,13,Solar,303,Tuesday,October,Fall,7882.559999999999
5/8/2022,11,12,Solar,128,Sunday,May,Spring,11788.419999999998
10/16/2022,10,11,Solar,289,Sunday,October,Fall,6797.419999999998
8/1/2024,13,14,Solar,214,Thursday,August,Summer,12454.96
9/15/2021,12,13,Solar,258,Wednesday,September,Fall,6398.1399999999985
11/18/2025,14,15,Solar,322,Tuesday,November,Fall,12950.839999999997
5/19/2023,12,13,Solar,139,Friday,May,Spring,17106.249999999996
4/30/2025,9,10,Solar,120,Wednesday,April,Spring,10944.779999999999
1/13/2024,11,12,Solar,13,Saturday,January,Winter,5192.249999999999
6/12/2025,15,16,Solar,163,Thursday,June,Summer,9109.38
10/23/2021,13,14,Solar,296,Saturday,October,Fall,8917.789999999999
5/9/2022,17,18,Solar,129,Monday,May,Spring,6737.849999999999
11/5/2021,12,13,Solar,309,Friday,November,Fall,7483.279999999999
1/26/2022,9,10,Solar,26,Wednesday,January,Winter,2471.3499999999995
8/26/2025,14,15,Solar,238,Tuesday,August,Summer,17503.92
6/5/2024,8,9,Solar,157,Wednesday,June,Summer,4677.049999999999
2/28/2022,11,12,Solar,59,Monday,February,Winter,9729.23
7/21/2021,18,19,Solar,202,Wednesday,July,Summer,6216.209999999999
7/23/2025,13,14,Solar,204,Wednesday,July,Summer,10605.069999999998
6/30/2024,10,11,Solar,182,Sunday,June,Summer,9964.289999999999
6/17/2024,8,9,Solar,169,Monday,June,Summer,5612.459999999999
6/13/2021,11,12,Solar,164,Sunday,June,Summer,8748.739999999998
9/4/2021,10,11,Solar,247,Saturday,September,Fall,4545.03
4/18/2020,18,19,Solar,109,Saturday,April,Spring,2509.99
5/11/2023,10,11,Solar,131,Thursday,May,Spring,8317.259999999998
8/3/2022,8,9,Solar,215,Wednesday,August,Summer,3162.0399999999995
9/13/2020,9,10,Solar,257,Sunday,September,Fall,3793.1599999999994
3/5/2023,16,17,Solar,64,Sunday,March,Spring,5974.709999999999
8/4/2025,10,11,Solar,216,Monday,August,Summer,13976.409999999998
1/16/2025,14,15,Solar,16,Thursday,January,Winter,9698.64
5/18/2024,8,9,Solar,139,Saturday,May,Spring,3667.5799999999995
4/2/2020,12,13,Solar,93,Thursday,April,Spring,6251.629999999999
9/11/2022,11,12,Solar,254,Sunday,September,Fall,8969.31
3/30/2022,15,16,Solar,89,Wednesday,March,Spring,5593.139999999999
1/20/2025,13,14,Solar,20,Monday,January,Winter,5502.98
10/14/2021,16,17,Solar,287,Thursday,October,Fall,6412.629999999999
7/5/2024,12,13,Solar,187,Friday,July,Summer,20825.349999999995
4/11/2020,18,19,Solar,102,Saturday,April,Spring,2939.859999999999
11/5/2024,16,17,Solar,310,Tuesday,November,Fall,1230.0399999999997
5/18/2023,14,15,Solar,138,Thursday,May,Spring,16180.499999999998
6/16/2020,8,9,Solar,168,Tuesday,June,Summer,2745.0499999999997
10/4/2022,9,10,Solar,277,Tuesday,October,Fall,4918.549999999999
9/25/2023,14,15,Solar,268,Monday,September,Fall,10764.46
1/13/2024,16,17,Solar,13,Saturday,January,Winter,2059.1899999999996
7/28/2022,17,18,Solar,209,Thursday,July,Summer,6475.419999999998
4/25/2023,10,11,Solar,115,Tuesday,April,Spring,7847.1399999999985
2/28/2025,14,15,Solar,59,Friday,February,Winter,15892.309999999998
2/13/2025,13,14,Solar,44,Thursday,February,Winter,7829.429999999999
9/11/2023,14,15,Solar,254,Monday,September,Fall,11292.539999999999
3/25/2025,14,15,Solar,84,Tuesday,March,Spring,11735.289999999997
5/19/2023,12,13,Solar,139,Friday,May,Spring,17106.249999999996
2/9/2023,12,13,Solar,40,Thursday,February,Winter,8856.609999999999
1/13/2022,13,14,Solar,13,Thursday,January,Winter,7834.259999999999
7/9/2025,15,16,Solar,190,Wednesday,July,Summer,16328.619999999997
1/17/2022,13,14,Solar,17,Monday,January,Winter,5916.75
8/27/2021,9,10,Solar,239,Friday,August,Summer,6668.619999999999
7/30/2024,11,12,Solar,212,Tuesday,July,Summer,10766.069999999998
4/18/2022,16,17,Solar,108,Monday,April,Spring,8257.689999999999
2/21/2023,16,17,Solar,52,Tuesday,February,Winter,2772.4199999999996
1/6/2022,10,11,Solar,6,Thursday,January,Winter,6267.73
8/4/2022,13,14,Solar,216,Thursday,August,Summer,10943.169999999998
1/18/2025,10,11,Solar,18,Saturday,January,Winter,5037.69
5/22/2023,11,12,Solar,142,Monday,May,Spring,9887.009999999998
8/27/2021,16,17,Solar,239,Friday,August,Summer,11918.829999999998
4/25/2025,10,11,Solar,115,Friday,April,Spring,12712.56
7/24/2021,15,16,Solar,205,Saturday,July,Summer,10930.289999999999
10/25/2021,11,12,Solar,298,Monday,October,Fall,6589.73
5/22/2022,13,14,Solar,142,Sunday,May,Spring,9632.63
4/10/2024,15,16,Solar,101,Wednesday,April,Spring,14919.869999999997
11/30/2022,12,13,Solar,334,Wednesday,November,Fall,5952.169999999998
5/20/2024,15,16,Solar,141,Monday,May,Spring,10915.799999999997
7/9/2020,13,14,Solar,191,Thursday,July,Summer,11319.909999999998
4/28/2025,14,15,Solar,118,Monday,April,Spring,7853.579999999999
4/13/2024,14,15,Solar,104,Saturday,April,Spring,9368.589999999998
8/25/2025,11,12,Solar,237,Monday,August,Summer,11527.599999999999
8/1/2022,15,16,Solar,213,Monday,August,Summer,10500.419999999998
5/22/2020,11,12,Solar,143,Friday,May,Spring,8904.909999999998
4/12/2020,14,15,Solar,103,Sunday,April,Spring,7209.579999999999
3/9/2022,11,12,Solar,68,Wednesday,March,Spring,13202.0
5/10/2024,15,16,Solar,131,Friday,May,Spring,16929.149999999998
4/29/2021,15,16,Solar,119,Thursday,April,Spring,6251.629999999999
8/1/2025,13,14,Solar,213,Friday,August,Summer,18083.519999999997
7/12/2025,11,12,Solar,193,Saturday,July,Summer,15467.269999999999
3/28/2021,16,17,Solar,87,Sunday,March,Spring,9138.359999999999
8/3/2024,17,18,Solar,216,Saturday,August,Summer,14485.169999999998
4/8/2023,13,14,Solar,98,Saturday,April,Spring,13997.339999999997
1/30/2022,13,14,Solar,30,Sunday,January,Winter,6039.109999999999
7/2/2022,11,12,Solar,183,Saturday,July,Summer,10935.119999999999
6/14/2022,11,12,Solar,165,Tuesday,June,Summer,10585.749999999998
5/9/2022,9,10,Solar,129,Monday,May,Spring,5729.99
6/18/2025,14,15,Solar,169,Wednesday,June,Summer,15844.009999999998
4/27/2025,11,12,Solar,117,Sunday,April,Spring,5789.5599999999995
7/2/2022,11,12,Solar,183,Saturday,July,Summer,10935.119999999999
1/31/2024,15,16,Solar,31,Wednesday,January,Winter,9470.019999999999
6/21/2022,13,14,Solar,172,Tuesday,June,Summer,7607.249999999999
5/12/2024,15,16,Solar,133,Sunday,May,Spring,6520.5
10/22/2022,14,15,Solar,295,Saturday,October,Fall,10577.699999999999
5/25/2024,11,12,Solar,146,Saturday,May,Spring,11107.39
9/22/2020,16,17,Solar,266,Tuesday,September,Fall,3994.4099999999994
4/22/2025,8,9,Solar,112,Tuesday,April,Spring,3711.0499999999997
1/13/2025,13,14,Solar,13,Monday,January,Winter,14791.069999999998
11/5/2024,16,17,Solar,310,Tuesday,November,Fall,1230.0399999999997
9/6/2023,10,11,Solar,249,Wednesday,September,Fall,8703.659999999998
5/27/2021,8,9,Solar,147,Thursday,May,Spring,3271.5199999999995
1/25/2020,11,12,Solar,25,Saturday,January,Winter,4221.419999999999
2/28/2024,15,16,Solar,59,Wednesday,February,Winter,11567.849999999999
4/3/2020,14,15,Solar,94,Friday,April,Spring,7948.569999999999
2/6/2020,12,13,Solar,37,Thursday,February,Winter,7927.6399999999985
5/18/2024,16,17,Solar,139,Saturday,May,Spring,9001.509999999998
9/12/2022,16,17,Solar,255,Monday,September,Fall,8275.399999999998
1/11/2022,13,14,Solar,11,Tuesday,January,Winter,8280.23
10/11/2024,17,18,Solar,285,Friday,October,Fall,5725.159999999999
2/13/2025,13,14,Solar,44,Thursday,February,Winter,7829.429999999999
7/12/2023,11,12,Solar,193,Wednesday,July,Summer,12868.729999999998
6/3/2020,8,9,Solar,155,Wednesday,June,Summer,2366.6999999999994
6/8/2023,9,10,Solar,159,Thursday,June,Summer,10038.349999999999
3/4/2024,13,14,Solar,64,Monday,March,Spring,15190.349999999999
7/11/2025,16,17,Solar,192,Friday,July,Summer,19880.28
4/14/2022,16,17,Solar,104,Thursday,April,Spring,8386.489999999998
5/11/2024,14,15,Solar,132,Saturday,May,Spring,10075.38
3/12/2025,11,12,Solar,71,Wednesday,March,Spring,7291.689999999999
3/14/2024,12,13,Solar,74,Thursday,March,Spring,16024.329999999998
3/28/2025,9,10,Solar,87,Friday,March,Spring,12144.229999999998
7/11/2025,16,17,Solar,192,Friday,July,Summer,19880.28
3/2/2025,12,13,Solar,61,Sunday,March,Spring,20496.91
7/14/2020,15,16,Solar,196,Tuesday,July,Summer,9205.98
1/31/2024,14,15,Solar,31,Wednesday,January,Winter,10532.619999999999
10/18/2024,13,14,Solar,292,Friday,October,Fall,7816.549999999999
2/28/2025,11,12,Solar,59,Friday,February,Winter,16283.539999999997
6/6/2021,12,13,Solar,157,Sunday,June,Summer,8021.019999999999
10/7/2021,10,11,Solar,280,Thursday,October,Fall,6802.25
6/17/2025,18,19,Solar,168,Tuesday,June,Summer,9785.58
7/20/2022,16,17,Solar,201,Wednesday,July,Summer,11714.359999999999
2/28/2022,11,12,Solar,59,Monday,February,Winter,9729.23
10/14/2021,16,17,Solar,287,Thursday,October,Fall,6412.629999999999
9/15/2023,9,10,Solar,258,Friday,September,Fall,8413.859999999999
1/19/2024,11,12,Solar,19,Friday,January,Winter,6314.419999999998
4/29/2021,15,16,Solar,119,Thursday,April,Spring,6251.629999999999
8/5/2024,8,9,Solar,218,Monday,August,Summer,4102.28
2/8/2023,14,15,Solar,39,Wednesday,February,Winter,10109.189999999999
6/29/2025,17,18,Solar,180,Sunday,June,Summer,11896.289999999997
4/20/2024,13,14,Solar,111,Saturday,April,Spring,22229.269999999997
2/28/2024,13,14,Solar,59,Wednesday,February,Winter,12989.479999999998
10/8/2023,11,12,Solar,281,Sunday,October,Fall,9465.189999999999
7/12/2024,14,15,Solar,194,Friday,July,Summer,13908.789999999997
11/11/2022,11,12,Solar,315,Friday,November,Fall,9946.58
7/22/2020,15,16,Solar,204,Wednesday,July,Summer,6544.65
12/26/2024,13,14,Solar,361,Thursday,December,Winter,8314.039999999999
1/8/2021,13,14,Solar,8,Friday,January,Winter,4588.499999999999
7/25/2025,16,17,Solar,206,Friday,July,Summer,14729.889999999998
10/18/2024,13,14,Solar,292,Friday,October,Fall,7816.549999999999
4/6/2025,14,15,Solar,96,Sunday,April,Spring,12751.199999999999
12/13/2024,15,16,Solar,348,Friday,December,Winter,2461.6899999999996
9/8/2020,15,16,Solar,252,Tuesday,September,Fall,6274.169999999998
3/30/2022,15,16,Solar,89,Wednesday,March,Spring,5593.139999999999
2/28/2022,11,12,Solar,59,Monday,February,Winter,9729.23
6/30/2025,16,17,Solar,181,Monday,June,Summer,12862.289999999997
1/5/2020,14,15,Solar,5,Sunday,January,Winter,4752.719999999999
3/19/2020,10,11,Solar,79,Thursday,March,Spring,5710.669999999999
9/10/2020,13,14,Solar,254,Thursday,September,Fall,5238.94
9/5/2020,10,11,Solar,249,Saturday,September,Fall,5742.869999999999
3/7/2021,10,11,Solar,66,Sunday,March,Spring,3625.7199999999993
5/6/2022,13,14,Solar,126,Friday,May,Spring,11189.499999999998
7/12/2025,17,18,Solar,193,Saturday,July,Summer,12273.029999999997
2/15/2023,11,12,Solar,46,Wednesday,February,Winter,10397.38
6/6/2024,17,18,Solar,158,Thursday,June,Summer,10983.419999999998
5/9/2022,17,18,Solar,129,Monday,May,Spring,6737.849999999999
1/13/2025,15,16,Solar,13,Monday,January,Winter,10778.949999999999
4/10/2025,17,18,Solar,100,Thursday,April,Spring,17296.229999999996
5/18/2024,16,17,Solar,139,Saturday,May,Spring,9001.509999999998
2/15/2025,12,13,Solar,46,Saturday,February,Winter,16462.25
7/11/2024,15,16,Solar,193,Thursday,July,Summer,10576.089999999998
5/18/2020,10,11,Solar,139,Monday,May,Spring,6539.819999999999
3/19/2025,13,14,Solar,78,Wednesday,March,Spring,22195.46
6/16/2025,16,17,Solar,167,Monday,June,Summer,15803.759999999998
3/30/2022,15,16,Solar,89,Wednesday,March,Spring,5593.139999999999
8/14/2021,16,17,Solar,226,Saturday,August,Summer,6818.349999999999
10/7/2021,16,17,Solar,280,Thursday,October,Fall,7916.369999999998
6/28/2022,8,9,Solar,179,Tuesday,June,Summer,4627.139999999999
8/18/2020,14,15,Solar,231,Tuesday,August,Summer,8204.56
7/20/2021,12,13,Solar,201,Tuesday,July,Summer,11092.899999999998
3/10/2024,13,14,Solar,70,Sunday,March,Spring,7610.469999999998
2/26/2022,11,12,Solar,57,Saturday,February,Winter,14934.359999999999
8/27/2024,15,16,Solar,240,Tuesday,August,Summer,14164.779999999997
4/26/2024,10,11,Solar,117,Friday,April,Spring,7009.939999999999
5/12/2021,10,11,Solar,132,Wednesday,May,Spring,6071.3099999999995
4/10/2020,16,17,Solar,101,Friday,April,Spring,7166.109999999999
6/16/2021,18,19,Solar,167,Wednesday,June,Summer,3947.7199999999993
6/13/2023,11,12,Solar,164,Tuesday,June,Summer,10542.279999999999
7/4/2022,10,11,Solar,185,Monday,July,Summer,6541.429999999999
7/12/2020,10,11,Solar,194,Sunday,July,Summer,7241.779999999999
6/22/2022,13,14,Solar,173,Wednesday,June,Summer,9051.419999999998
6/3/2022,11,12,Solar,154,Friday,June,Summer,6148.589999999999
8/20/2022,17,18,Solar,232,Saturday,August,Summer,8212.609999999999
2/26/2022,11,12,Solar,57,Saturday,February,Winter,14934.359999999999
3/28/2021,15,16,Solar,87,Sunday,March,Spring,10564.819999999998
6/7/2023,16,17,Solar,158,Wednesday,June,Summer,13322.75
5/7/2024,12,13,Solar,128,Tuesday,May,Spring,11614.539999999997
10/21/2024,15,16,Solar,295,Monday,October,Fall,13512.729999999998
9/2/2020,14,15,Solar,246,Wednesday,September,Fall,7204.749999999999
8/7/2024,15,16,Solar,220,Wednesday,August,Summer,13575.519999999999
6/8/2021,15,16,Solar,159,Tuesday,June,Summer,7702.239999999999
1/7/2021,15,16,Solar,7,Thursday,January,Winter,2941.4699999999993
3/4/2023,13,14,Solar,63,Saturday,March,Spring,13662.46
9/11/2023,13,14,Solar,254,Monday,September,Fall,11458.369999999999
8/20/2021,13,14,Solar,232,Friday,August,Summer,8389.71
1/28/2022,10,11,Solar,28,Friday,January,Winter,3799.6
3/5/2023,11,12,Solar,64,Sunday,March,Spring,9915.989999999998
1/19/2024,11,12,Solar,19,Friday,January,Winter,6314.419999999998
6/3/2022,11,12,Solar,154,Friday,June,Summer,6148.589999999999
6/9/2024,11,12,Solar,161,Sunday,June,Summer,6122.829999999999
1/31/2024,11,12,Solar,31,Wednesday,January,Winter,7608.859999999999
7/9/2021,12,13,Solar,190,Friday,July,Summer,7528.359999999999
10/21/2024,11,12,Solar,295,Monday,October,Fall,11397.189999999999
9/15/2020,11,12,Solar,259,Tuesday,September,Fall,5082.7699999999995
9/14/2020,14,15,Solar,258,Monday,September,Fall,8318.869999999999
7/17/2022,15,16,Solar,198,Sunday,July,Summer,13213.269999999999
8/9/2022,12,13,Solar,221,Tuesday,August,Summer,16343.109999999999
2/2/2025,13,14,Solar,33,Sunday,February,Winter,9495.779999999999
2/2/2025,13,14,Solar,33,Sunday,February,Winter,9495.779999999999
3/19/2020,16,17,Solar,79,Thursday,March,Spring,4627.139999999999
4/9/2022,13,14,Solar,99,Saturday,April,Spring,12195.75
12/6/2023,15,16,Solar,340,Wednesday,December,Winter,3403.5399999999995
9/28/2023,13,14,Solar,271,Thursday,September,Fall,12086.269999999999
10/30/2025,10,11,Solar,303,Thursday,October,Fall,13691.439999999997
4/24/2025,11,12,Solar,114,Thursday,April,Spring,13237.419999999998
7/26/2023,11,12,Solar,207,Wednesday,July,Summer,11422.949999999999
9/12/2020,13,14,Solar,256,Saturday,September,Fall,7093.659999999999
9/30/2025,14,15,Solar,273,Tuesday,September,Fall,14626.849999999999
9/10/2022,14,15,Solar,253,Saturday,September,Fall,14113.259999999998
4/11/2020,11,12,Solar,102,Saturday,April,Spring,5868.45
3/13/2025,10,11,Solar,72,Thursday,March,Spring,8383.269999999999
4/8/2025,15,16,Solar,98,Tuesday,April,Spring,13765.5
6/8/2020,14,15,Solar,160,Monday,June,Summer,9048.199999999999
8/16/2024,17,18,Solar,229,Friday,August,Summer,11154.08
6/2/2022,16,17,Solar,153,Thursday,June,Summer,9463.58
5/27/2022,10,11,Solar,147,Friday,May,Spring,9061.08
8/6/2020,15,16,Solar,219,Thursday,August,Summer,6506.009999999999
8/10/2021,14,15,Solar,222,Tuesday,August,Summer,9317.069999999998
1/25/2024,12,13,Solar,25,Thursday,January,Winter,12604.689999999997
1/28/2022,10,11,Solar,28,Friday,January,Winter,3799.6
5/11/2022,11,12,Solar,131,Wednesday,May,Spring,16578.17
1/26/2022,9,10,Solar,26,Wednesday,January,Winter,2471.3499999999995
10/8/2023,10,11,Solar,281,Sunday,October,Fall,7848.749999999999
9/2/2022,10,11,Solar,245,Friday,September,Fall,5998.859999999999
9/30/2021,12,13,Solar,273,Thursday,September,Fall,11732.069999999998
7/29/2024,9,10,Solar,211,Monday,July,Summer,9445.869999999999
4/11/2025,13,14,Solar,101,Friday,April,Spring,9494.169999999998
9/9/2023,9,10,Solar,252,Saturday,September,Fall,7132.299999999999
6/27/2025,8,9,Solar,178,Friday,June,Summer,6623.539999999999
9/1/2024,16,17,Solar,245,Sunday,September,Fall,12570.879999999997
5/30/2020,12,13,Solar,151,Saturday,May,Spring,11849.599999999999
2/5/2025,12,13,Solar,36,Wednesday,February,Winter,10308.83
3/22/2024,14,15,Solar,82,Friday,March,Spring,14821.659999999998
9/6/2025,15,16,Solar,249,Saturday,September,Fall,11965.519999999999
6/9/2021,10,11,Solar,160,Wednesday,June,Summer,6565.579999999999
8/23/2023,16,17,Solar,235,Wednesday,August,Summer,8756.789999999999
9/4/2022,9,10,Solar,247,Sunday,September,Fall,6530.159999999999
6/2/2022,16,17,Solar,153,Thursday,June,Summer,9463.58
9/16/2023,15,16,Solar,259,Saturday,September,Fall,11271.609999999999
10/7/2023,11,12,Solar,280,Saturday,October,Fall,11353.719999999998
7/3/2021,12,13,Solar,184,Saturday,July,Summer,6675.0599999999995
1/24/2020,15,16,Solar,24,Friday,January,Winter,2165.4499999999994
8/16/2022,8,9,Solar,228,Tuesday,August,Summer,2983.3299999999995
2/3/2025,14,15,Solar,34,Monday,February,Winter,9951.409999999998
10/13/2025,14,15,Solar,286,Monday,October,Fall,19889.939999999995
5/26/2023,14,15,Solar,146,Friday,May,Spring,19877.059999999998
6/20/2020,16,17,Solar,172,Saturday,June,Summer,6646.079999999999
5/19/2023,12,13,Solar,139,Friday,May,Spring,17106.249999999996
10/7/2022,9,10,Solar,280,Friday,October,Fall,4385.639999999999
7/26/2025,8,9,Solar,207,Saturday,July,Summer,6522.109999999999
7/12/2023,10,11,Solar,193,Wednesday,July,Summer,10600.239999999998
6/17/2025,15,16,Solar,168,Tuesday,June,Summer,15431.849999999999
8/11/2024,13,14,Solar,224,Sunday,August,Summer,10767.679999999998
10/18/2024,13,14,Solar,292,Friday,October,Fall,7816.549999999999
5/13/2024,14,15,Solar,134,Monday,May,Spring,10997.909999999998
7/10/2022,17,18,Solar,191,Sunday,July,Summer,13739.739999999998
4/25/2020,17,18,Solar,116,Saturday,April,Spring,5048.959999999999
5/17/2020,16,17,Solar,138,Sunday,May,Spring,7161.28
8/21/2024,16,17,Solar,234,Wednesday,August,Summer,14430.429999999997
5/27/2020,12,13,Solar,148,Wednesday,May,Spring,10803.099999999999
8/24/2020,9,10,Solar,237,Monday,August,Summer,4825.169999999999
5/28/2021,11,12,Solar,148,Friday,May,Spring,8916.179999999998
5/5/2022,13,14,Solar,125,Thursday,May,Spring,9642.289999999999
8/7/2024,18,19,Solar,220,Wednesday,August,Summer,9677.71
4/16/2023,15,16,Solar,106,Sunday,April,Spring,16132.199999999999
1/20/2024,15,16,Solar,20,Saturday,January,Winter,8389.71
5/7/2022,9,10,Solar,127,Saturday,May,Spring,7016.379999999999
9/13/2020,18,19,Solar,257,Sunday,September,Fall,2268.49
5/20/2025,12,13,Solar,140,Tuesday,May,Spring,14229.179999999998
2/15/2023,14,15,Solar,46,Wednesday,February,Winter,9455.529999999999
12/19/2021,13,14,Solar,353,Sunday,December,Winter,7216.019999999999
12/6/2023,12,13,Solar,340,Wednesday,December,Winter,6457.709999999999
12/29/2024,11,12,Solar,364,Sunday,December,Winter,5148.78
6/3/2021,18,19,Solar,154,Thursday,June,Summer,3962.209999999999
7/22/2021,10,11,Solar,203,Thursday,July,Summer,6807.079999999999
3/20/2022,14,15,Solar,79,Sunday,March,Spring,8032.289999999999
3/30/2024,12,13,Solar,90,Saturday,March,Spring,12817.21
1/18/2025,12,13,Solar,18,Saturday,January,Winter,6551.089999999999
5/4/2023,10,11,Solar,124,Thursday,May,Spring,15523.619999999997
10/21/2024,11,12,Solar,295,Monday,October,Fall,11397.189999999999
7/3/2024,12,13,Solar,185,Wednesday,July,Summer,15728.089999999997
1/31/2024,14,15,Solar,31,Wednesday,January,Winter,10532.619999999999
6/3/2020,8,9,Solar,155,Wednesday,June,Summer,2366.6999999999994
4/20/2021,10,11,Solar,110,Tuesday,April,Spring,4784.919999999999
4/23/2020,18,19,Solar,114,Thursday,April,Spring,2303.91
9/8/2021,15,16,Solar,251,Wednesday,September,Fall,10468.219999999998
10/15/2021,14,15,Solar,288,Friday,October,Fall,6953.589999999999
2/12/2024,15,16,Solar,43,Monday,February,Winter,6002.079999999999
5/8/2024,15,16,Solar,129,Wednesday,May,Spring,15108.239999999996
5/22/2022,10,11,Solar,142,Sunday,May,Spring,7199.919999999998
4/9/2023,13,14,Solar,99,Sunday,April,Spring,12519.359999999999
5/2/2023,10,11,Solar,122,Tuesday,May,Spring,11192.719999999998
8/29/2022,15,16,Solar,241,Monday,August,Summer,10167.149999999998
1/25/2022,10,11,Solar,25,Tuesday,January,Winter,3641.8199999999993
10/10/2022,15,16,Solar,283,Monday,October,Fall,7750.539999999999
12/2/2023,14,15,Solar,336,Saturday,December,Winter,6797.419999999998
8/4/2021,16,17,Solar,216,Wednesday,August,Summer,5684.909999999999
5/5/2022,13,14,Solar,125,Thursday,May,Spring,9642.289999999999
4/18/2020,13,14,Solar,109,Saturday,April,Spring,5005.49
5/30/2022,10,11,Solar,150,Monday,May,Spring,7831.039999999999
5/5/2022,16,17,Solar,125,Thursday,May,Spring,9880.569999999998
3/16/2024,14,15,Solar,76,Saturday,March,Spring,12432.419999999998
1/1/2021,12,13,Solar,1,Friday,January,Winter,3210.3399999999997
5/14/2022,11,12,Solar,134,Saturday,May,Spring,9500.609999999999
7/28/2024,9,10,Solar,210,Sunday,July,Summer,8452.499999999998
1/13/2024,15,16,Solar,13,Saturday,January,Winter,4140.919999999999
8/1/2020,11,12,Solar,214,Saturday,August,Summer,5681.69
5/9/2022,17,18,Solar,129,Monday,May,Spring,6737.849999999999
7/9/2025,15,16,Solar,190,Wednesday,July,Summer,16328.619999999997
7/20/2021,12,13,Solar,201,Tuesday,July,Summer,11092.899999999998
4/26/2022,10,11,Solar,116,Tuesday,April,Spring,9903.109999999999
10/2/2024,15,16,Solar,276,Wednesday,October,Fall,7597.589999999998
3/13/2024,16,17,Solar,73,Wednesday,March,Spring,10574.48
8/4/2022,13,14,Solar,216,Thursday,August,Summer,10943.169999999998
10/18/2022,14,15,Solar,291,Tuesday,October,Fall,9350.88
8/3/2025,13,14,Solar,215,Sunday,August,Summer,10543.89
9/13/2024,14,15,Solar,257,Friday,September,Fall,18357.219999999998
8/16/2020,14,15,Solar,229,Sunday,August,Summer,7233.73
5/16/2022,18,19,Solar,136,Monday,May,Spring,5462.73
6/12/2023,8,9,Solar,163,Monday,June,Summer,4214.98
5/9/2022,17,18,Solar,129,Monday,May,Spring,6737.849999999999
4/18/2022,13,14,Solar,108,Monday,April,Spring,8966.089999999998
4/1/2020,15,16,Solar,92,Wednesday,April,Spring,7579.879999999999
5/5/2024,12,13,Solar,126,Sunday,May,Spring,11941.369999999999
9/2/2020,12,13,Solar,246,Wednesday,September,Fall,7080.78
12/6/2023,15,16,Solar,340,Wednesday,December,Winter,3403.5399999999995
1/11/2022,13,14,Solar,11,Tuesday,January,Winter,8280.23
1/13/2022,15,16,Solar,13,Thursday,January,Winter,5802.439999999999
1/24/2020,11,12,Solar,24,Friday,January,Winter,3268.2999999999997
9/17/2021,9,10,Solar,260,Friday,September,Fall,3519.459999999999
9/12/2024,12,13,Solar,256,Thursday,September,Fall,16175.669999999998
12/7/2022,14,15,Solar,341,Wednesday,December,Winter,6100.289999999999
10/9/2023,12,13,Solar,282,Monday,October,Fall,10065.719999999998
6/3/2022,11,12,Solar,154,Friday,June,Summer,6148.589999999999
2/3/2025,9,10,Solar,34,Monday,February,Winter,5485.2699999999995
2/9/2022,10,11,Solar,40,Wednesday,February,Winter,8159.48
6/24/2020,16,17,Solar,176,Wednesday,June,Summer,9861.249999999998
5/30/2021,10,11,Solar,150,Sunday,May,Spring,8536.22
7/1/2022,16,17,Solar,182,Friday,July,Summer,10492.369999999999
2/13/2023,13,14,Solar,44,Monday,February,Winter,10822.419999999998
8/1/2022,17,18,Solar,213,Monday,August,Summer,8331.749999999998
12/12/2024,14,15,Solar,347,Thursday,December,Winter,7154.839999999999
5/1/2023,14,15,Solar,121,Monday,May,Spring,15319.15
5/7/2021,18,19,Solar,127,Friday,May,Spring,4801.0199999999995
6/10/2025,18,19,Solar,161,Tuesday,June,Summer,11430.999999999998
7/17/2022,12,13,Solar,198,Sunday,July,Summer,14122.919999999998
5/16/2022,11,12,Solar,136,Monday,May,Spring,12395.389999999998
9/30/2023,13,14,Solar,273,Saturday,September,Fall,10920.63
6/12/2023,9,10,Solar,163,Monday,June,Summer,5643.049999999999
12/21/2021,13,14,Solar,355,Tuesday,December,Winter,5628.5599999999995
7/26/2025,8,9,Solar,207,Saturday,July,Summer,6522.109999999999
8/29/2024,16,17,Solar,242,Thursday,August,Summer,8790.599999999999
5/31/2021,14,15,Solar,151,Monday,May,Spring,12545.119999999999
1/20/2024,13,14,Solar,20,Saturday,January,Winter,11197.549999999997
7/23/2025,13,14,Solar,204,Wednesday,July,Summer,10605.069999999998
8/28/2023,16,17,Solar,240,Monday,August,Summer,13633.479999999998
3/31/2025,16,17,Solar,90,Monday,March,Spring,19477.78
7/26/2023,17,18,Solar,207,Wednesday,July,Summer,12662.65
4/14/2024,11,12,Solar,105,Sunday,April,Spring,6080.969999999998
1/24/2020,15,16,Solar,24,Friday,January,Winter,2165.4499999999994
8/10/2021,8,9,Solar,222,Tuesday,August,Summer,2749.8799999999997
8/24/2022,12,13,Solar,236,Wednesday,August,Summer,10307.219999999998
8/24/2022,12,13,Solar,236,Wednesday,August,Summer,10307.219999999998
8/28/2024,14,15,Solar,241,Wednesday,August,Summer,17632.719999999998
7/22/2022,16,17,Solar,203,Friday,July,Summer,7827.819999999999
7/7/2021,16,17,Solar,188,Wednesday,July,Summer,7026.039999999999
7/7/2023,9,10,Solar,188,Friday,July,Summer,8719.759999999998
5/29/2022,17,18,Solar,149,Sunday,May,Spring,12941.179999999998
2/23/2022,15,16,Solar,54,Wednesday,February,Winter,9044.98
6/22/2025,9,10,Solar,173,Sunday,June,Summer,4780.089999999999
2/1/2025,10,11,Solar,32,Saturday,February,Winter,7971.109999999999
8/26/2021,12,13,Solar,238,Thursday,August,Summer,12474.279999999997
2/2/2025,14,15,Solar,33,Sunday,February,Winter,8843.73
5/9/2020,11,12,Solar,130,Saturday,May,Spring,5201.909999999999
3/21/2024,9,10,Solar,81,Thursday,March,Spring,6087.409999999999
10/6/2023,14,15,Solar,279,Friday,October,Fall,12075.0
12/25/2021,12,13,Solar,359,Saturday,December,Winter,3569.3699999999994
1/15/2025,14,15,Solar,15,Wednesday,January,Winter,9552.13
8/7/2025,17,18,Solar,219,Thursday,August,Summer,12926.689999999997
6/30/2025,11,12,Solar,181,Monday,June,Summer,13779.989999999998
7/30/2024,12,13,Solar,212,Tuesday,July,Summer,11922.05
4/15/2021,11,12,Solar,105,Thursday,April,Spring,13490.189999999997
1/6/2021,14,15,Solar,6,Wednesday,January,Winter,2976.89
4/24/2025,11,12,Solar,114,Thursday,April,Spring,13237.419999999998
5/27/2021,8,9,Solar,147,Thursday,May,Spring,3271.5199999999995
8/12/2020,11,12,Solar,225,Wednesday,August,Summer,6045.549999999999
5/23/2024,17,18,Solar,144,Thursday,May,Spring,9069.13
5/20/2024,8,9,Solar,141,Monday,May,Spring,4846.099999999999
3/10/2024,9,10,Solar,70,Sunday,March,Spring,5594.749999999999
4/14/2025,8,9,Solar,104,Monday,April,Spring,3443.7899999999995
8/21/2024,16,17,Solar,234,Wednesday,August,Summer,14430.429999999997
3/4/2023,13,14,Solar,63,Saturday,March,Spring,13662.46
6/11/2021,18,19,Solar,162,Friday,June,Summer,5618.899999999999
6/15/2021,16,17,Solar,166,Tuesday,June,Summer,6544.65
2/16/2025,13,14,Solar,47,Sunday,February,Winter,13998.949999999999
6/3/2022,11,12,Solar,154,Friday,June,Summer,6148.589999999999
8/2/2025,13,14,Solar,214,Saturday,August,Summer,19532.519999999997
4/18/2024,10,11,Solar,109,Thursday,April,Spring,12904.15
10/25/2022,13,14,Solar,298,Tuesday,October,Fall,9143.189999999999
5/4/2023,10,11,Solar,124,Thursday,May,Spring,15523.619999999997
12/25/2021,15,16,Solar,359,Saturday,December,Winter,1969.0299999999995
4/30/2023,13,14,Solar,120,Sunday,April,Spring,12194.139999999998
8/15/2020,8,9,Solar,228,Saturday,August,Summer,1674.3999999999999
6/26/2021,15,16,Solar,177,Saturday,June,Summer,7562.169999999998
7/12/2023,11,12,Solar,193,Wednesday,July,Summer,12868.729999999998
9/22/2022,18,19,Solar,265,Thursday,September,Fall,2394.0699999999997
12/15/2021,12,13,Solar,349,Wednesday,December,Winter,5915.1399999999985
6/3/2022,13,14,Solar,154,Friday,June,Summer,9529.589999999998
6/28/2024,9,10,Solar,180,Friday,June,Summer,8444.449999999999
3/27/2022,12,13,Solar,86,Sunday,March,Spring,10070.549999999997
1/5/2020,14,15,Solar,5,Sunday,January,Winter,4752.719999999999
6/24/2020,13,14,Solar,176,Wednesday,June,Summer,11221.699999999999
3/27/2022,17,18,Solar,86,Sunday,March,Spring,6208.159999999999
12/26/2024,12,13,Solar,361,Thursday,December,Winter,8257.689999999999
9/20/2024,16,17,Solar,264,Friday,September,Fall,10925.46
9/8/2020,9,10,Solar,252,Tuesday,September,Fall,3773.8399999999997
9/9/2020,10,11,Solar,253,Wednesday,September,Fall,3777.059999999999
1/7/2021,13,14,Solar,7,Thursday,January,Winter,4097.45
2/1/2025,10,11,Solar,32,Saturday,February,Winter,7971.109999999999
2/15/2025,16,17,Solar,46,Saturday,February,Winter,8009.749999999999
8/18/2025,16,17,Solar,230,Monday,August,Summer,11860.869999999999
9/2/2022,12,13,Solar,245,Friday,September,Fall,8357.509999999998
7/15/2022,17,18,Solar,196,Friday,July,Summer,9777.529999999999
4/25/2023,17,18,Solar,115,Tuesday,April,Spring,7190.259999999999
5/8/2022,17,18,Solar,128,Sunday,May,Spring,9217.249999999998
12/19/2021,12,13,Solar,353,Sunday,December,Winter,7180.599999999999
9/20/2024,14,15,Solar,264,Friday,September,Fall,13490.189999999997
11/9/2020,14,15,Solar,314,Monday,November,Fall,3950.9399999999996
5/28/2021,11,12,Solar,148,Friday,May,Spring,8916.179999999998
11/12/2022,15,16,Solar,316,Saturday,November,Fall,5370.959999999999
7/11/2021,9,10,Solar,192,Sunday,July,Summer,4343.78
11/27/2020,11,12,Solar,332,Friday,November,Fall,4654.509999999999
6/7/2024,17,18,Solar,159,Friday,June,Summer,8528.169999999998
2/16/2025,11,12,Solar,47,Sunday,February,Winter,13374.269999999999
7/20/2022,16,17,Solar,201,Wednesday,July,Summer,11714.359999999999
3/8/2021,10,11,Solar,67,Monday,March,Spring,6386.869999999999
8/22/2025,15,16,Solar,234,Friday,August,Summer,14926.309999999998
7/2/2025,10,11,Solar,183,Wednesday,July,Summer,11809.349999999999
1/15/2022,11,12,Solar,15,Saturday,January,Winter,5779.9
10/7/2023,11,12,Solar,280,Saturday,October,Fall,11353.719999999998
7/13/2025,11,12,Solar,194,Sunday,July,Summer,13913.619999999999
6/26/2020,12,13,Solar,178,Friday,June,Summer,7855.189999999999
2/9/2023,9,10,Solar,40,Thursday,February,Winter,4327.679999999999
8/7/2024,15,16,Solar,220,Wednesday,August,Summer,13575.519999999999
8/8/2023,18,19,Solar,220,Tuesday,August,Summer,9143.189999999999
7/18/2022,17,18,Solar,199,Monday,July,Summer,9436.21
8/1/2025,8,9,Solar,213,Friday,August,Summer,5663.98
7/12/2022,9,10,Solar,193,Tuesday,July,Summer,6253.239999999999
1/13/2025,13,14,Solar,13,Monday,January,Winter,14791.069999999998
5/26/2024,11,12,Solar,147,Sunday,May,Spring,8259.299999999997
7/2/2022,12,13,Solar,183,Saturday,July,Summer,11662.839999999997
6/23/2020,16,17,Solar,175,Tuesday,June,Summer,8552.319999999998
7/7/2021,17,18,Solar,188,Wednesday,July,Summer,6169.519999999999
7/10/2021,17,18,Solar,191,Saturday,July,Summer,8046.779999999999
4/30/2022,11,12,Solar,120,Saturday,April,Spring,12607.909999999998
5/13/2025,13,14,Solar,133,Tuesday,May,Spring,6605.829999999999
8/25/2022,12,13,Solar,237,Thursday,August,Summer,10373.23
2/18/2025,12,13,Solar,49,Tuesday,February,Winter,16822.889999999996
9/22/2020,15,16,Solar,266,Tuesday,September,Fall,4247.179999999999
1/31/2024,14,15,Solar,31,Wednesday,January,Winter,10532.619999999999
5/19/2020,9,10,Solar,140,Tuesday,May,Spring,5926.409999999999
8/7/2024,18,19,Solar,220,Wednesday,August,Summer,9677.71
10/18/2022,14,15,Solar,291,Tuesday,October,Fall,9350.88
2/23/2022,13,14,Solar,54,Wednesday,February,Winter,10067.33
2/3/2025,9,10,Solar,34,Monday,February,Winter,5485.2699999999995
6/3/2021,14,15,Solar,154,Thursday,June,Summer,6436.78
7/10/2021,10,11,Solar,191,Saturday,July,Summer,5274.359999999999
4/25/2025,11,12,Solar,115,Friday,April,Spring,14815.219999999998
12/28/2024,14,15,Solar,363,Saturday,December,Winter,5800.829999999999
8/4/2025,10,11,Solar,216,Monday,August,Summer,13976.409999999998
6/22/2020,15,16,Solar,174,Monday,June,Summer,7591.15
1/13/2025,15,16,Solar,13,Monday,January,Winter,10778.949999999999
9/9/2020,10,11,Solar,253,Wednesday,September,Fall,3777.059999999999
6/20/2023,12,13,Solar,171,Tuesday,June,Summer,12157.109999999999
2/9/2022,10,11,Solar,40,Wednesday,February,Winter,8159.48
7/18/2025,17,18,Solar,199,Friday,July,Summer,11129.929999999998
7/12/2022,9,10,Solar,193,Tuesday,July,Summer,6253.239999999999
5/10/2022,9,10,Solar,130,Tuesday,May,Spring,7283.6399999999985
5/27/2021,8,9,Solar,147,Thursday,May,Spring,3271.5199999999995
9/21/2024,14,15,Solar,265,Saturday,September,Fall,7063.069999999999
6/23/2022,13,14,Solar,174,Thursday,June,Summer,9090.06
8/7/2024,18,19,Solar,220,Wednesday,August,Summer,9677.71
9/11/2021,16,17,Solar,254,Saturday,September,Fall,7430.15
5/14/2025,9,10,Solar,134,Wednesday,May,Spring,8978.969999999998
8/24/2025,18,19,Solar,236,Sunday,August,Summer,8248.029999999999
1/7/2021,13,14,Solar,7,Thursday,January,Winter,4097.45
5/9/2022,15,16,Solar,129,Monday,May,Spring,9365.369999999999
6/30/2025,11,12,Solar,181,Monday,June,Summer,13779.989999999998
5/1/2021,11,12,Solar,121,Saturday,May,Spring,5350.03
8/14/2023,14,15,Solar,226,Monday,August,Summer,15588.019999999999
8/4/2020,13,14,Solar,217,Tuesday,August,Summer,8903.299999999997
7/30/2020,14,15,Solar,212,Thursday,July,Summer,7207.969999999998
1/31/2024,10,11,Solar,31,Wednesday,January,Winter,5900.65
9/3/2021,13,14,Solar,246,Friday,September,Fall,6340.179999999999
10/5/2024,10,11,Solar,279,Saturday,October,Fall,11411.679999999998
8/8/2020,15,16,Solar,221,Saturday,August,Summer,6212.989999999999
8/20/2023,16,17,Solar,232,Sunday,August,Summer,9991.659999999998
3/25/2025,12,13,Solar,84,Tuesday,March,Spring,11988.06
1/1/2021,12,13,Solar,1,Friday,January,Winter,3210.3399999999997
4/18/2021,9,10,Solar,108,Sunday,April,Spring,6048.769999999999
6/7/2023,17,18,Solar,158,Wednesday,June,Summer,11801.3
12/26/2024,12,13,Solar,361,Thursday,December,Winter,8257.689999999999
9/10/2022,11,12,Solar,253,Saturday,September,Fall,12767.3
3/30/2022,11,12,Solar,89,Wednesday,March,Spring,3519.459999999999
7/29/2020,8,9,Solar,211,Wednesday,July,Summer,2345.77
1/30/2022,11,12,Solar,30,Sunday,January,Winter,5441.799999999999
2/4/2023,11,12,Solar,35,Saturday,February,Winter,8087.029999999999
2/13/2023,10,11,Solar,44,Monday,February,Winter,9632.63
6/17/2024,13,14,Solar,169,Monday,June,Summer,13754.229999999998
8/5/2021,13,14,Solar,217,Thursday,August,Summer,12673.919999999998
3/31/2021,14,15,Solar,90,Wednesday,March,Spring,8524.949999999999
7/7/2023,9,10,Solar,188,Friday,July,Summer,8719.759999999998
7/25/2020,10,11,Solar,207,Saturday,July,Summer,7608.859999999999
2/9/2025,10,11,Solar,40,Sunday,February,Winter,6947.15
11/10/2020,10,11,Solar,315,Tuesday,November,Fall,3036.459999999999
10/17/2024,12,13,Solar,291,Thursday,October,Fall,5372.57
7/15/2024,14,15,Solar,197,Monday,July,Summer,17043.46
6/15/2022,12,13,Solar,166,Wednesday,June,Summer,9754.989999999998
6/18/2022,17,18,Solar,169,Saturday,June,Summer,11495.4
1/13/2024,15,16,Solar,13,Saturday,January,Winter,4140.919999999999
3/9/2022,10,11,Solar,68,Wednesday,March,Spring,11836.719999999998
7/14/2020,10,11,Solar,196,Tuesday,July,Summer,5089.209999999999
6/13/2023,11,12,Solar,164,Tuesday,June,Summer,10542.279999999999
8/6/2020,15,16,Solar,219,Thursday,August,Summer,6506.009999999999
1/30/2024,14,15,Solar,30,Tuesday,January,Winter,11725.629999999997
2/16/2025,13,14,Solar,47,Sunday,February,Winter,13998.949999999999
6/11/2022,8,9,Solar,162,Saturday,June,Summer,3901.0299999999993
6/21/2024,9,10,Solar,173,Friday,June,Summer,6776.489999999999
4/24/2021,15,16,Solar,114,Saturday,April,Spring,13928.109999999999
8/3/2022,11,12,Solar,215,Wednesday,August,Summer,9019.219999999998
6/11/2025,17,18,Solar,162,Wednesday,June,Summer,13303.429999999998
2/20/2023,12,13,Solar,51,Monday,February,Winter,11978.4
9/29/2025,13,14,Solar,272,Monday,September,Fall,14778.189999999997
5/7/2020,14,15,Solar,128,Thursday,May,Spring,7088.829999999999
5/8/2022,9,10,Solar,128,Sunday,May,Spring,8112.789999999999
5/31/2021,14,15,Solar,151,Monday,May,Spring,12545.119999999999
11/19/2021,14,15,Solar,323,Friday,November,Fall,5341.98
8/4/2022,14,15,Solar,216,Thursday,August,Summer,11041.38
3/25/2025,14,15,Solar,84,Tuesday,March,Spring,11735.289999999997
1/17/2025,12,13,Solar,17,Friday,January,Winter,8468.599999999999
8/28/2023,16,17,Solar,240,Monday,August,Summer,13633.479999999998
5/17/2024,11,12,Solar,138,Friday,May,Spring,10609.899999999998
8/10/2024,16,17,Solar,223,Saturday,August,Summer,6459.319999999999
9/15/2023,14,15,Solar,258,Friday,September,Fall,13295.379999999997
10/16/2022,13,14,Solar,289,Sunday,October,Fall,10843.349999999999
2/13/2025,14,15,Solar,44,Thursday,February,Winter,7235.339999999998
1/16/2024,15,16,Solar,16,Tuesday,January,Winter,3012.3099999999995
9/28/2021,14,15,Solar,271,Tuesday,September,Fall,8328.529999999999
6/28/2022,10,11,Solar,179,Tuesday,June,Summer,9384.689999999999
11/23/2020,15,16,Solar,328,Monday,November,Fall,2645.2299999999996
1/13/2025,14,15,Solar,13,Monday,January,Winter,13546.539999999997
7/7/2021,9,10,Solar,188,Wednesday,July,Summer,5538.399999999999
5/20/2025,12,13,Solar,140,Tuesday,May,Spring,14229.179999999998
7/17/2025,13,14,Solar,198,Thursday,July,Summer,15459.219999999998
7/13/2020,13,14,Solar,195,Monday,July,Summer,7575.049999999999
12/28/2024,10,11,Solar,363,Saturday,December,Winter,4879.909999999999
3/5/2022,13,14,Solar,64,Saturday,March,Spring,9186.659999999998
6/14/2020,11,12,Solar,166,Sunday,June,Summer,8260.91
5/14/2023,17,18,Solar,134,Sunday,May,Spring,11751.389999999998
7/6/2023,8,9,Solar,187,Thursday,July,Summer,3744.859999999999
1/13/2025,13,14,Solar,13,Monday,January,Winter,14791.069999999998
2/4/2023,11,12,Solar,35,Saturday,February,Winter,8087.029999999999
8/7/2024,15,16,Solar,220,Wednesday,August,Summer,13575.519999999999
9/11/2023,14,15,Solar,254,Monday,September,Fall,11292.539999999999
6/20/2020,11,12,Solar,172,Saturday,June,Summer,6493.129999999999
6/4/2021,11,12,Solar,155,Friday,June,Summer,5955.3899999999985
8/13/2025,17,18,Solar,225,Wednesday,August,Summer,8296.33
4/4/2021,12,13,Solar,94,Sunday,April,Spring,9775.919999999998
6/19/2020,15,16,Solar,171,Friday,June,Summer,8808.31
4/10/2024,15,16,Solar,101,Wednesday,April,Spring,14919.869999999997
6/15/2021,16,17,Solar,166,Tuesday,June,Summer,6544.65
8/4/2021,10,11,Solar,216,Wednesday,August,Summer,3448.6199999999994
4/10/2025,17,18,Solar,100,Thursday,April,Spring,17296.229999999996
7/12/2022,9,10,Solar,193,Tuesday,July,Summer,6253.239999999999
7/23/2020,17,18,Solar,205,Thursday,July,Summer,3891.3699999999994
7/19/2021,10,11,Solar,200,Monday,July,Summer,8854.999999999998
7/25/2020,10,11,Solar,207,Saturday,July,Summer,7608.859999999999
3/5/2023,14,15,Solar,64,Sunday,March,Spring,9674.489999999998
12/6/2023,15,16,Solar,340,Wednesday,December,Winter,3403.5399999999995
3/3/2025,12,13,Solar,62,Monday,March,Spring,14377.3
3/19/2020,13,14,Solar,79,Thursday,March,Spring,6739.459999999999
9/3/2021,15,16,Solar,246,Friday,September,Fall,5507.8099999999995
2/28/2022,11,12,Solar,59,Monday,February,Winter,9729.23
10/18/2020,11,12,Solar,292,Sunday,October,Fall,5246.99
7/11/2025,14,15,Solar,192,Friday,July,Summer,21105.489999999998
3/4/2025,9,10,Solar,63,Tuesday,March,Spring,9099.719999999998
9/15/2023,12,13,Solar,258,Friday,September,Fall,12846.189999999997
4/21/2021,11,12,Solar,111,Wednesday,April,Spring,6457.709999999999
10/9/2023,10,11,Solar,282,Monday,October,Fall,6926.219999999998
7/12/2020,10,11,Solar,194,Sunday,July,Summer,7241.779999999999
6/29/2025,17,18,Solar,180,Sunday,June,Summer,11896.289999999997
2/4/2025,15,16,Solar,35,Tuesday,February,Winter,12305.229999999998
1/17/2025,13,14,Solar,17,Friday,January,Winter,8714.929999999998
9/14/2020,10,11,Solar,258,Monday,September,Fall,6324.079999999999
6/28/2021,12,13,Solar,179,Monday,June,Summer,6668.619999999999
1/23/2022,12,13,Solar,23,Sunday,January,Winter,8988.63
11/10/2024,10,11,Solar,315,Sunday,November,Fall,5258.259999999999
8/5/2022,14,15,Solar,217,Friday,August,Summer,15591.239999999996
8/31/2022,16,17,Solar,243,Wednesday,August,Summer,9833.88
7/17/2025,13,14,Solar,198,Thursday,July,Summer,15459.219999999998
9/11/2021,13,14,Solar,254,Saturday,September,Fall,8996.679999999998
5/17/2020,11,12,Solar,138,Sunday,May,Spring,8325.31
1/26/2022,9,10,Solar,26,Wednesday,January,Winter,2471.3499999999995
6/18/2024,14,15,Solar,170,Tuesday,June,Summer,12997.529999999997
9/2/2023,16,17,Solar,245,Saturday,September,Fall,9267.159999999998
8/28/2024,10,11,Solar,241,Wednesday,August,Summer,10547.109999999999
2/9/2023,9,10,Solar,40,Thursday,February,Winter,4327.679999999999
5/18/2023,11,12,Solar,138,Thursday,May,Spring,14931.139999999998
5/19/2020,12,13,Solar,140,Tuesday,May,Spring,9040.149999999998
8/4/2025,13,14,Solar,216,Monday,August,Summer,20946.099999999995
12/7/2022,13,14,Solar,341,Wednesday,December,Winter,6995.45
6/23/2023,9,10,Solar,174,Friday,June,Summer,6942.319999999999
9/13/2022,15,16,Solar,256,Tuesday,September,Fall,8589.349999999999
1/30/2022,11,12,Solar,30,Sunday,January,Winter,5441.799999999999
3/9/2022,10,11,Solar,68,Wednesday,March,Spring,11836.719999999998
6/9/2025,8,9,Solar,160,Monday,June,Summer,6549.48
4/29/2021,15,16,Solar,119,Thursday,April,Spring,6251.629999999999
3/21/2022,12,13,Solar,80,Monday,March,Spring,12926.689999999997
3/13/2024,16,17,Solar,73,Wednesday,March,Spring,10574.48
9/22/2022,17,18,Solar,265,Thursday,September,Fall,5097.259999999999
8/3/2025,14,15,Solar,215,Sunday,August,Summer,10717.769999999999
8/3/2022,8,9,Solar,215,Wednesday,August,Summer,3162.0399999999995
5/18/2023,11,12,Solar,138,Thursday,May,Spring,14931.139999999998
5/4/2023,10,11,Solar,124,Thursday,May,Spring,15523.619999999997
8/6/2024,11,12,Solar,219,Tuesday,August,Summer,11788.419999999998
4/25/2024,9,10,Solar,116,Thursday,April,Spring,6031.0599999999995
6/2/2020,18,19,Solar,154,Tuesday,June,Summer,3981.5299999999993
11/19/2021,12,13,Solar,323,Friday,November,Fall,5966.659999999999
2/28/2025,14,15,Solar,59,Friday,February,Winter,15892.309999999998
2/12/2022,14,15,Solar,43,Saturday,February,Winter,12108.81
9/1/2020,9,10,Solar,245,Tuesday,September,Fall,3385.8299999999995
3/21/2022,12,13,Solar,80,Monday,March,Spring,12926.689999999997
7/14/2020,13,14,Solar,196,Tuesday,July,Summer,8268.96
9/12/2023,16,17,Solar,255,Tuesday,September,Fall,7051.799999999999
1/16/2024,15,16,Solar,16,Tuesday,January,Winter,3012.3099999999995
7/29/2024,12,13,Solar,211,Monday,July,Summer,16307.689999999997
6/23/2020,11,12,Solar,175,Tuesday,June,Summer,7562.169999999998
6/7/2020,15,16,Solar,159,Sunday,June,Summer,6763.609999999999
11/8/2025,14,15,Solar,312,Saturday,November,Fall,8009.749999999999
1/21/2022,13,14,Solar,21,Friday,January,Winter,11108.999999999998
10/5/2023,16,17,Solar,278,Thursday,October,Fall,7317.45
6/23/2024,18,19,Solar,175,Sunday,June,Summer,7673.259999999999
7/12/2020,11,12,Solar,194,Sunday,July,Summer,8698.83
6/19/2025,12,13,Solar,170,Thursday,June,Summer,9175.39
7/1/2021,14,15,Solar,182,Thursday,July,Summer,8116.009999999999
4/29/2022,11,12,Solar,119,Friday,April,Spring,9280.039999999999
2/8/2022,13,14,Solar,39,Tuesday,February,Winter,12058.9
5/22/2023,9,10,Solar,142,Monday,May,Spring,6224.259999999999
1/13/2024,10,11,Solar,13,Saturday,January,Winter,3939.669999999999
1/15/2025,10,11,Solar,15,Wednesday,January,Winter,8898.469999999998
10/16/2022,10,11,Solar,289,Sunday,October,Fall,6797.419999999998
3/17/2020,10,11,Solar,77,Tuesday,March,Spring,3488.8699999999994
5/24/2024,13,14,Solar,145,Friday,May,Spring,8853.39
12/17/2023,13,14,Solar,351,Sunday,December,Winter,8305.989999999998
6/18/2024,14,15,Solar,170,Tuesday,June,Summer,12997.529999999997
7/10/2024,11,12,Solar,192,Wednesday,July,Summer,13918.449999999999
3/21/2024,9,10,Solar,81,Thursday,March,Spring,6087.409999999999
5/22/2024,15,16,Solar,143,Wednesday,May,Spring,18368.489999999998
12/9/2022,13,14,Solar,343,Friday,December,Winter,5660.759999999999
2/21/2023,12,13,Solar,52,Tuesday,February,Winter,6845.719999999998
7/30/2025,9,10,Solar,211,Wednesday,July,Summer,7111.369999999999
10/7/2025,9,10,Solar,280,Tuesday,October,Fall,6151.8099999999995
1/13/2024,16,17,Solar,13,Saturday,January,Winter,2059.1899999999996
10/2/2024,12,13,Solar,276,Wednesday,October,Fall,9371.81
10/26/2024,15,16,Solar,300,Saturday,October,Fall,4198.879999999999
5/12/2021,14,15,Solar,132,Wednesday,May,Spring,9075.569999999998
12/15/2023,13,14,Solar,349,Friday,December,Winter,6881.1399999999985
8/3/2022,11,12,Solar,215,Wednesday,August,Summer,9019.219999999998
5/9/2022,17,18,Solar,129,Monday,May,Spring,6737.849999999999
10/10/2025,15,16,Solar,283,Friday,October,Fall,13351.729999999998
6/29/2023,9,10,Solar,180,Thursday,June,Summer,5507.8099999999995
5/7/2022,9,10,Solar,127,Saturday,May,Spring,7016.379999999999
8/11/2021,14,15,Solar,223,Wednesday,August,Summer,8381.66
7/26/2021,13,14,Solar,207,Monday,July,Summer,10563.21
8/29/2023,13,14,Solar,241,Tuesday,August,Summer,10526.179999999998
2/8/2022,13,14,Solar,39,Tuesday,February,Winter,12058.9
8/3/2021,11,12,Solar,215,Tuesday,August,Summer,6037.5
9/5/2025,10,11,Solar,248,Friday,September,Fall,11622.589999999997
5/15/2022,11,12,Solar,135,Sunday,May,Spring,11971.96
8/29/2021,11,12,Solar,241,Sunday,August,Summer,10579.31
1/14/2025,12,13,Solar,14,Tuesday,January,Winter,10516.519999999999
9/13/2021,11,12,Solar,256,Monday,September,Fall,6984.179999999999
10/11/2022,10,11,Solar,284,Tuesday,October,Fall,6241.969999999998
6/5/2024,11,12,Solar,157,Wednesday,June,Summer,12091.099999999999
6/5/2021,14,15,Solar,156,Saturday,June,Summer,9680.929999999998
6/9/2021,10,11,Solar,160,Wednesday,June,Summer,6565.579999999999
12/15/2023,14,15,Solar,349,Friday,December,Winter,5958.609999999999
7/12/2025,11,12,Solar,193,Saturday,July,Summer,15467.269999999999
1/18/2025,15,16,Solar,18,Saturday,January,Winter,4739.839999999999
4/22/2025,14,15,Solar,112,Tuesday,April,Spring,13100.569999999998
8/10/2025,16,17,Solar,222,Sunday,August,Summer,7339.989999999999
1/8/2021,13,14,Solar,8,Friday,January,Winter,4588.499999999999
7/8/2021,13,14,Solar,189,Thursday,July,Summer,8014.579999999999
7/29/2025,15,16,Solar,210,Tuesday,July,Summer,17788.889999999996
7/27/2024,10,11,Solar,209,Saturday,July,Summer,6906.9
4/20/2024,13,14,Solar,111,Saturday,April,Spring,22229.269999999997
6/19/2020,15,16,Solar,171,Friday,June,Summer,8808.31
8/25/2022,10,11,Solar,237,Thursday,August,Summer,7840.7
1/14/2025,12,13,Solar,14,Tuesday,January,Winter,10516.519999999999
9/28/2025,13,14,Solar,271,Sunday,September,Fall,10531.009999999998
5/5/2022,13,14,Solar,125,Thursday,May,Spring,9642.289999999999
7/25/2020,9,10,Solar,207,Saturday,July,Summer,5350.03
6/3/2024,13,14,Solar,155,Monday,June,Summer,12414.71
5/15/2022,11,12,Solar,135,Sunday,May,Spring,11971.96
2/15/2025,16,17,Solar,46,Saturday,February,Winter,8009.749999999999
3/6/2023,10,11,Solar,65,Monday,March,Spring,6839.28
3/16/2024,14,15,Solar,76,Saturday,March,Spring,12432.419999999998
7/29/2020,11,12,Solar,211,Wednesday,July,Summer,5607.629999999999
6/8/2023,9,10,Solar,159,Thursday,June,Summer,10038.349999999999
6/28/2024,9,10,Solar,180,Friday,June,Summer,8444.449999999999
5/4/2022,10,11,Solar,124,Wednesday,May,Spring,6188.839999999999
8/8/2025,8,9,Solar,220,Friday,August,Summer,5197.079999999999
10/16/2021,17,18,Solar,289,Saturday,October,Fall,3083.1499999999996
6/16/2022,9,10,Solar,167,Thursday,June,Summer,5981.15
7/28/2024,9,10,Solar,210,Sunday,July,Summer,8452.499999999998
2/9/2025,10,11,Solar,40,Sunday,February,Winter,6947.15
5/16/2020,14,15,Solar,137,Saturday,May,Spring,6264.509999999999
1/6/2021,13,14,Solar,6,Wednesday,January,Winter,3324.6499999999996
9/7/2024,13,14,Solar,251,Saturday,September,Fall,11775.539999999997
9/1/2020,13,14,Solar,245,Tuesday,September,Fall,7578.269999999999
7/10/2023,13,14,Solar,191,Monday,July,Summer,14007.0
6/3/2023,15,16,Solar,154,Saturday,June,Summer,9476.46
4/27/2020,13,14,Solar,118,Monday,April,Spring,4973.29
8/9/2023,13,14,Solar,221,Wednesday,August,Summer,12535.46
5/12/2021,11,12,Solar,132,Wednesday,May,Spring,8331.749999999998
9/17/2022,14,15,Solar,260,Saturday,September,Fall,18231.639999999996
2/2/2025,14,15,Solar,33,Sunday,February,Winter,8843.73
2/20/2024,11,12,Solar,51,Tuesday,February,Winter,12353.529999999997
7/25/2025,11,12,Solar,206,Friday,July,Summer,13696.269999999999
12/19/2021,13,14,Solar,353,Sunday,December,Winter,7216.019999999999
6/8/2024,10,11,Solar,160,Saturday,June,Summer,7497.769999999999
1/25/2024,13,14,Solar,25,Thursday,January,Winter,13174.629999999997
9/10/2020,12,13,Solar,254,Thursday,September,Fall,5121.409999999999
7/2/2021,14,15,Solar,183,Friday,July,Summer,7856.799999999999
10/7/2025,9,10,Solar,280,Tuesday,October,Fall,6151.8099999999995
9/10/2022,14,15,Solar,253,Saturday,September,Fall,14113.259999999998
6/5/2021,15,16,Solar,156,Saturday,June,Summer,9226.909999999998
4/14/2024,11,12,Solar,105,Sunday,April,Spring,6080.969999999998
7/15/2020,13,14,Solar,197,Wednesday,July,Summer,6865.039999999999
2/8/2022,11,12,Solar,39,Tuesday,February,Winter,11294.149999999998
7/3/2022,11,12,Solar,184,Sunday,July,Summer,9867.689999999999
2/13/2023,13,14,Solar,44,Monday,February,Winter,10822.419999999998
5/18/2021,10,11,Solar,138,Tuesday,May,Spring,7335.159999999999
4/24/2025,11,12,Solar,114,Thursday,April,Spring,13237.419999999998
5/26/2025,9,10,Solar,146,Monday,May,Spring,14451.359999999999
2/20/2023,11,12,Solar,51,Monday,February,Winter,10946.39
4/29/2024,14,15,Solar,120,Monday,April,Spring,11344.06
4/11/2020,16,17,Solar,102,Saturday,April,Spring,5628.5599999999995
5/13/2025,12,13,Solar,133,Tuesday,May,Spring,6504.4
1/18/2025,10,11,Solar,18,Saturday,January,Winter,5037.69
9/17/2021,13,14,Solar,260,Friday,September,Fall,7890.609999999999
3/13/2025,13,14,Solar,72,Thursday,March,Spring,9655.169999999998
7/20/2021,12,13,Solar,201,Tuesday,July,Summer,11092.899999999998
4/22/2025,18,19,Solar,112,Tuesday,April,Spring,8054.829999999999
7/11/2020,15,16,Solar,193,Saturday,July,Summer,9452.31
2/28/2025,11,12,Solar,59,Friday,February,Winter,16283.539999999997
7/15/2022,9,10,Solar,196,Friday,July,Summer,8367.169999999998
6/17/2025,18,19,Solar,168,Tuesday,June,Summer,9785.58
3/2/2025,12,13,Solar,61,Sunday,March,Spring,20496.91
7/18/2025,17,18,Solar,199,Friday,July,Summer,11129.929999999998
5/1/2021,13,14,Solar,121,Saturday,May,Spring,6124.439999999999
10/13/2021,13,14,Solar,286,Wednesday,October,Fall,9123.869999999999
3/14/2025,12,13,Solar,73,Friday,March,Spring,12192.529999999997
2/5/2025,10,11,Solar,36,Wednesday,February,Winter,7956.619999999998
4/21/2022,10,11,Solar,111,Thursday,April,Spring,6169.519999999999
4/16/2023,15,16,Solar,106,Sunday,April,Spring,16132.199999999999
6/25/2022,15,16,Solar,176,Saturday,June,Summer,9700.249999999998
11/10/2024,10,11,Solar,315,Sunday,November,Fall,5258.259999999999
9/13/2021,9,10,Solar,256,Monday,September,Fall,4841.2699999999995
1/21/2022,11,12,Solar,21,Friday,January,Winter,10434.409999999998
8/17/2021,9,10,Solar,229,Tuesday,August,Summer,5319.44
8/1/2020,10,11,Solar,214,Saturday,August,Summer,5008.709999999999
1/5/2020,14,15,Solar,5,Sunday,January,Winter,4752.719999999999
6/3/2021,15,16,Solar,154,Thursday,June,Summer,6126.049999999999
8/8/2020,15,16,Solar,221,Saturday,August,Summer,6212.989999999999
2/8/2021,11,12,Solar,39,Monday,February,Winter,3645.0399999999995
5/12/2021,13,14,Solar,132,Wednesday,May,Spring,9592.38
9/1/2024,12,13,Solar,245,Sunday,September,Fall,11899.509999999998
7/12/2020,10,11,Solar,194,Sunday,July,Summer,7241.779999999999
8/8/2020,10,11,Solar,221,Saturday,August,Summer,4778.48
3/25/2025,8,9,Solar,84,Tuesday,March,Spring,5932.849999999999
6/23/2023,15,16,Solar,174,Friday,June,Summer,12841.359999999999
7/18/2025,10,11,Solar,199,Friday,July,Summer,10286.289999999999
8/9/2024,12,13,Solar,222,Friday,August,Summer,21602.979999999996
11/8/2020,13,14,Solar,313,Sunday,November,Fall,5699.399999999999
1/20/2024,14,15,Solar,20,Saturday,January,Winter,10276.63
4/13/2024,16,17,Solar,104,Saturday,April,Spring,8690.779999999999
7/3/2025,13,14,Solar,184,Thursday,July,Summer,15834.349999999999
6/12/2024,16,17,Solar,164,Wednesday,June,Summer,11041.38
5/11/2022,12,13,Solar,131,Wednesday,May,Spring,19476.17
8/9/2022,12,13,Solar,221,Tuesday,August,Summer,16343.109999999999
5/11/2023,8,9,Solar,131,Thursday,May,Spring,4627.139999999999
9/2/2020,12,13,Solar,246,Wednesday,September,Fall,7080.78
2/28/2025,15,16,Solar,59,Friday,February,Winter,14464.239999999996
7/3/2025,15,16,Solar,184,Thursday,July,Summer,15398.039999999997
12/3/2024,14,15,Solar,338,Tuesday,December,Winter,4313.19
9/18/2025,15,16,Solar,261,Thursday,September,Fall,15520.4
10/10/2025,13,14,Solar,283,Friday,October,Fall,15042.229999999998
2/26/2022,11,12,Solar,57,Saturday,February,Winter,14934.359999999999
6/24/2020,11,12,Solar,176,Wednesday,June,Summer,9571.449999999999
3/27/2022,12,13,Solar,86,Sunday,March,Spring,10070.549999999997
9/9/2023,9,10,Solar,252,Saturday,September,Fall,7132.299999999999
2/23/2022,15,16,Solar,54,Wednesday,February,Winter,9044.98
3/18/2020,10,11,Solar,78,Wednesday,March,Spring,5111.749999999999
2/23/2022,15,16,Solar,54,Wednesday,February,Winter,9044.98
12/26/2024,15,16,Solar,361,Thursday,December,Winter,5420.869999999999
6/9/2024,11,12,Solar,161,Sunday,June,Summer,6122.829999999999
1/21/2022,11,12,Solar,21,Friday,January,Winter,10434.409999999998
1/19/2024,13,14,Solar,19,Friday,January,Winter,7320.669999999998
6/2/2022,16,17,Solar,153,Thursday,June,Summer,9463.58
8/16/2023,13,14,Solar,228,Wednesday,August,Summer,10746.749999999998
8/16/2024,17,18,Solar,229,Friday,August,Summer,11154.08
1/16/2024,15,16,Solar,16,Tuesday,January,Winter,3012.3099999999995
5/28/2021,8,9,Solar,148,Friday,May,Spring,4688.32
1/13/2022,13,14,Solar,13,Thursday,January,Winter,7834.259999999999
8/11/2022,17,18,Solar,223,Thursday,August,Summer,11017.23
8/22/2025,16,17,Solar,234,Friday,August,Summer,13846.0
2/9/2023,15,16,Solar,40,Thursday,February,Winter,5800.829999999999
2/2/2025,13,14,Solar,33,Sunday,February,Winter,9495.779999999999
8/17/2023,17,18,Solar,229,Thursday,August,Summer,9027.269999999999
2/12/2024,15,16,Solar,43,Monday,February,Winter,6002.079999999999
4/17/2025,9,10,Solar,107,Thursday,April,Spring,8693.999999999998
1/25/2022,9,10,Solar,25,Tuesday,January,Winter,1793.5399999999997
5/3/2024,16,17,Solar,124,Friday,May,Spring,13606.109999999999
8/27/2025,10,11,Solar,239,Wednesday,August,Summer,9249.449999999999
5/18/2020,15,16,Solar,139,Monday,May,Spring,8484.699999999999
11/30/2022,12,13,Solar,334,Wednesday,November,Fall,5952.169999999998
3/20/2024,14,15,Solar,80,Wednesday,March,Spring,10743.529999999999
7/28/2025,11,12,Solar,209,Monday,July,Summer,17611.789999999997
7/2/2024,10,11,Solar,184,Tuesday,July,Summer,9635.849999999999
10/6/2025,13,14,Solar,279,Monday,October,Fall,16199.819999999998
8/10/2021,8,9,Solar,222,Tuesday,August,Summer,2749.8799999999997
5/30/2025,12,13,Solar,150,Friday,May,Spring,7430.15
6/10/2023,14,15,Solar,161,Saturday,June,Summer,11975.179999999998
2/8/2021,11,12,Solar,39,Monday,February,Winter,3645.0399999999995
3/4/2023,13,14,Solar,63,Saturday,March,Spring,13662.46
4/20/2024,13,14,Solar,111,Saturday,April,Spring,22229.269999999997
7/25/2020,11,12,Solar,207,Saturday,July,Summer,9999.71
8/28/2022,16,17,Solar,240,Sunday,August,Summer,11841.55
9/5/2020,10,11,Solar,249,Saturday,September,Fall,5742.869999999999
6/27/2025,17,18,Solar,178,Friday,June,Summer,14691.249999999998
9/19/2025,10,11,Solar,262,Friday,September,Fall,15757.069999999998
4/29/2025,11,12,Solar,119,Tuesday,April,Spring,16164.4
1/6/2021,13,14,Solar,6,Wednesday,January,Winter,3324.6499999999996
4/18/2020,18,19,Solar,109,Saturday,April,Spring,2509.99
2/8/2023,11,12,Solar,39,Wednesday,February,Winter,11361.769999999999
4/22/2021,11,12,Solar,112,Thursday,April,Spring,12595.029999999997
7/10/2025,14,15,Solar,191,Thursday,July,Summer,19163.829999999998
9/1/2022,9,10,Solar,244,Thursday,September,Fall,5725.159999999999
5/13/2024,9,10,Solar,134,Monday,May,Spring,10184.859999999999
12/25/2021,15,16,Solar,359,Saturday,December,Winter,1969.0299999999995
4/28/2025,14,15,Solar,118,Monday,April,Spring,7853.579999999999
3/10/2024,13,14,Solar,70,Sunday,March,Spring,7610.469999999998
9/20/2024,16,17,Solar,264,Friday,September,Fall,10925.46
8/1/2024,9,10,Solar,214,Thursday,August,Summer,6580.069999999999
5/20/2020,13,14,Solar,141,Wednesday,May,Spring,8747.13
10/17/2024,12,13,Solar,291,Thursday,October,Fall,5372.57
7/11/2024,12,13,Solar,193,Thursday,July,Summer,10996.299999999997
1/5/2020,11,12,Solar,5,Sunday,January,Winter,5284.0199999999995
8/11/2024,15,16,Solar,224,Sunday,August,Summer,10017.419999999998
1/8/2021,13,14,Solar,8,Friday,January,Winter,4588.499999999999
10/4/2023,9,10,Solar,277,Wednesday,October,Fall,6541.429999999999
1/1/2020,13,14,Solar,1,Wednesday,January,Winter,3508.1899999999996
1/24/2020,13,14,Solar,24,Friday,January,Winter,3287.6199999999994
4/13/2022,12,13,Solar,103,Wednesday,April,Spring,6127.659999999999
3/21/2024,9,10,Solar,81,Thursday,March,Spring,6087.409999999999
2/28/2025,11,12,Solar,59,Friday,February,Winter,16283.539999999997
8/26/2023,14,15,Solar,238,Saturday,August,Summer,12696.46
9/30/2025,14,15,Solar,273,Tuesday,September,Fall,14626.849999999999
10/21/2024,15,16,Solar,295,Monday,October,Fall,13512.729999999998
3/4/2022,11,12,Solar,63,Friday,March,Spring,8252.859999999999
5/3/2024,16,17,Solar,124,Friday,May,Spring,13606.109999999999
1/13/2024,10,11,Solar,13,Saturday,January,Winter,3939.669999999999
6/5/2024,11,12,Solar,157,Wednesday,June,Summer,12091.099999999999
8/13/2021,10,11,Solar,225,Friday,August,Summer,4944.3099999999995
9/2/2024,14,15,Solar,246,Monday,September,Fall,12198.969999999998
5/8/2024,15,16,Solar,129,Wednesday,May,Spring,15108.239999999996
1/12/2022,15,16,Solar,12,Wednesday,January,Winter,6188.839999999999
6/3/2024,13,14,Solar,155,Monday,June,Summer,12414.71
8/4/2023,12,13,Solar,216,Friday,August,Summer,13755.839999999997
8/18/2025,16,17,Solar,230,Monday,August,Summer,11860.869999999999
6/6/2024,15,16,Solar,158,Thursday,June,Summer,13694.659999999998
6/17/2024,13,14,Solar,169,Monday,June,Summer,13754.229999999998
5/31/2025,13,14,Solar,151,Saturday,May,Spring,6782.929999999999
3/17/2020,10,11,Solar,77,Tuesday,March,Spring,3488.8699999999994
11/18/2025,14,15,Solar,322,Tuesday,November,Fall,12950.839999999997
7/30/2025,14,15,Solar,211,Wednesday,July,Summer,14704.129999999997
5/2/2025,16,17,Solar,122,Friday,May,Spring,10999.519999999999
2/15/2023,12,13,Solar,46,Wednesday,February,Winter,10679.13
1/31/2024,10,11,Solar,31,Wednesday,January,Winter,5900.65
5/22/2025,11,12,Solar,142,Thursday,May,Spring,16254.559999999998
5/8/2022,17,18,Solar,128,Sunday,May,Spring,9217.249999999998
1/15/2025,14,15,Solar,15,Wednesday,January,Winter,9552.13
2/8/2023,10,11,Solar,39,Wednesday,February,Winter,10814.369999999999
10/12/2022,16,17,Solar,285,Wednesday,October,Fall,5354.859999999999
3/3/2021,13,14,Solar,62,Wednesday,March,Spring,4720.5199999999995
7/19/2021,12,13,Solar,200,Monday,July,Summer,12693.239999999998
7/9/2024,15,16,Solar,191,Tuesday,July,Summer,17429.859999999997
7/31/2025,8,9,Solar,212,Thursday,July,Summer,6465.759999999999
9/10/2022,11,12,Solar,253,Saturday,September,Fall,12767.3
8/9/2024,12,13,Solar,222,Friday,August,Summer,21602.979999999996
9/28/2021,14,15,Solar,271,Tuesday,September,Fall,8328.529999999999
9/28/2023,13,14,Solar,271,Thursday,September,Fall,12086.269999999999
7/17/2020,11,12,Solar,199,Friday,July,Summer,6507.619999999999
10/18/2024,13,14,Solar,292,Friday,October,Fall,7816.549999999999
1/24/2020,13,14,Solar,24,Friday,January,Winter,3287.6199999999994
10/6/2025,13,14,Solar,279,Monday,October,Fall,16199.819999999998
7/6/2023,8,9,Solar,187,Thursday,July,Summer,3744.859999999999
6/24/2024,10,11,Solar,176,Monday,June,Summer,12105.589999999997
9/30/2025,14,15,Solar,273,Tuesday,September,Fall,14626.849999999999
8/25/2022,10,11,Solar,237,Thursday,August,Summer,7840.7
9/14/2020,10,11,Solar,258,Monday,September,Fall,6324.079999999999
7/26/2023,17,18,Solar,207,Wednesday,July,Summer,12662.65
12/4/2024,12,13,Solar,339,Wednesday,December,Winter,10244.429999999998
9/6/2023,14,15,Solar,249,Wednesday,September,Fall,12247.269999999999
8/10/2023,14,15,Solar,222,Thursday,August,Summer,11852.819999999998
5/5/2022,16,17,Solar,125,Thursday,May,Spring,9880.569999999998
4/7/2020,15,16,Solar,98,Tuesday,April,Spring,8114.4
7/26/2021,13,14,Solar,207,Monday,July,Summer,10563.21
4/10/2020,16,17,Solar,101,Friday,April,Spring,7166.109999999999
2/28/2025,11,12,Solar,59,Friday,February,Winter,16283.539999999997
5/9/2020,11,12,Solar,130,Saturday,May,Spring,5201.909999999999
5/5/2022,16,17,Solar,125,Thursday,May,Spring,9880.569999999998
7/10/2022,17,18,Solar,191,Sunday,July,Summer,13739.739999999998
7/1/2022,15,16,Solar,182,Friday,July,Summer,11492.179999999998
11/19/2022,14,15,Solar,323,Saturday,November,Fall,8386.489999999998
4/18/2021,13,14,Solar,108,Sunday,April,Spring,9135.14
10/2/2025,11,12,Solar,275,Thursday,October,Fall,14007.0
4/28/2021,14,15,Solar,118,Wednesday,April,Spring,6567.189999999999
3/14/2022,10,11,Solar,73,Monday,March,Spring,7660.379999999999
6/29/2021,11,12,Solar,180,Tuesday,June,Summer,6948.759999999999
6/3/2022,13,14,Solar,154,Friday,June,Summer,9529.589999999998
9/12/2023,14,15,Solar,255,Tuesday,September,Fall,7803.669999999998
11/6/2021,13,14,Solar,310,Saturday,November,Fall,9811.339999999998
1/6/2021,12,13,Solar,6,Wednesday,January,Winter,3437.35
2/8/2023,14,15,Solar,39,Wednesday,February,Winter,10109.189999999999
9/29/2022,14,15,Solar,272,Thursday,September,Fall,6971.299999999999
7/28/2022,8,9,Solar,209,Thursday,July,Summer,4024.9999999999995
5/6/2023,9,10,Solar,126,Saturday,May,Spring,6813.519999999999
8/1/2025,11,12,Solar,213,Friday,August,Summer,14541.519999999999
5/19/2025,11,12,Solar,139,Monday,May,Spring,14166.389999999998
10/12/2022,16,17,Solar,285,Wednesday,October,Fall,5354.859999999999
4/11/2020,18,19,Solar,102,Saturday,April,Spring,2939.859999999999
6/28/2021,10,11,Solar,179,Monday,June,Summer,5029.639999999999
6/18/2025,9,10,Solar,169,Wednesday,June,Summer,9600.429999999998
7/13/2023,12,13,Solar,194,Thursday,July,Summer,14918.259999999998
1/6/2021,14,15,Solar,6,Wednesday,January,Winter,2976.89
6/22/2020,13,14,Solar,174,Monday,June,Summer,7806.8899999999985
6/15/2023,13,14,Solar,166,Thursday,June,Summer,12126.519999999999
3/24/2021,14,15,Solar,83,Wednesday,March,Spring,9136.749999999998
10/7/2023,17,18,Solar,280,Saturday,October,Fall,7104.929999999999
9/2/2020,12,13,Solar,246,Wednesday,September,Fall,7080.78
9/3/2021,15,16,Solar,246,Friday,September,Fall,5507.8099999999995
8/20/2021,13,14,Solar,232,Friday,August,Summer,8389.71
9/12/2024,13,14,Solar,256,Thursday,September,Fall,18067.42
1/29/2023,10,11,Solar,29,Sunday,January,Winter,4652.899999999999
12/6/2023,15,16,Solar,340,Wednesday,December,Winter,3403.5399999999995
3/25/2021,16,17,Solar,84,Thursday,March,Spring,6620.319999999999
6/24/2021,9,10,Solar,175,Thursday,June,Summer,5068.28
5/9/2020,13,14,Solar,130,Saturday,May,Spring,6704.039999999999
1/20/2024,14,15,Solar,20,Saturday,January,Winter,10276.63
7/20/2022,16,17,Solar,201,Wednesday,July,Summer,11714.359999999999
8/17/2021,9,10,Solar,229,Tuesday,August,Summer,5319.44
8/16/2024,17,18,Solar,229,Friday,August,Summer,11154.08
6/16/2025,15,16,Solar,167,Monday,June,Summer,16948.469999999998
6/14/2022,11,12,Solar,165,Tuesday,June,Summer,10585.749999999998
9/17/2021,12,13,Solar,260,Friday,September,Fall,7542.849999999999
9/29/2025,13,14,Solar,272,Monday,September,Fall,14778.189999999997
6/14/2025,16,17,Solar,165,Saturday,June,Summer,6401.359999999999
11/28/2024,13,14,Solar,333,Thursday,November,Fall,8014.579999999999
5/19/2024,8,9,Solar,140,Sunday,May,Spring,3398.709999999999
9/13/2020,11,12,Solar,257,Sunday,September,Fall,5657.54
8/18/2025,17,18,Solar,230,Monday,August,Summer,9441.039999999999
4/16/2023,15,16,Solar,106,Sunday,April,Spring,16132.199999999999
1/18/2025,10,11,Solar,18,Saturday,January,Winter,5037.69
4/18/2024,10,11,Solar,109,Thursday,April,Spring,12904.15
6/29/2021,11,12,Solar,180,Tuesday,June,Summer,6948.759999999999
12/10/2022,13,14,Solar,344,Saturday,December,Winter,7145.179999999999
7/17/2025,9,10,Solar,198,Thursday,July,Summer,8904.909999999998
7/10/2024,11,12,Solar,192,Wednesday,July,Summer,13918.449999999999
11/27/2020,11,12,Solar,332,Friday,November,Fall,4654.509999999999
5/14/2022,11,12,Solar,134,Saturday,May,Spring,9500.609999999999
6/11/2025,17,18,Solar,162,Wednesday,June,Summer,13303.429999999998
11/19/2021,12,13,Solar,323,Friday,November,Fall,5966.659999999999
7/31/2020,13,14,Solar,213,Friday,July,Summer,9948.189999999999
7/13/2020,16,17,Solar,195,Monday,July,Summer,7338.379999999999
2/8/2023,14,15,Solar,39,Wednesday,February,Winter,10109.189999999999
7/23/2025,16,17,Solar,204,Wednesday,July,Summer,10308.83
8/9/2024,12,13,Solar,222,Friday,August,Summer,21602.979999999996
7/20/2024,17,18,Solar,202,Saturday,July,Summer,10270.189999999999
2/21/2023,13,14,Solar,52,Tuesday,February,Winter,6493.129999999999
10/11/2024,13,14,Solar,285,Friday,October,Fall,10630.83
1/25/2022,16,17,Solar,25,Tuesday,January,Winter,1978.6899999999998
4/25/2025,11,12,Solar,115,Friday,April,Spring,14815.219999999998
8/8/2022,16,17,Solar,220,Monday,August,Summer,16170.839999999997
5/30/2020,12,13,Solar,151,Saturday,May,Spring,11849.599999999999
9/13/2021,14,15,Solar,256,Monday,September,Fall,8289.89
8/23/2022,10,11,Solar,235,Tuesday,August,Summer,6935.879999999999
7/20/2024,12,13,Solar,202,Saturday,July,Summer,13255.129999999997
6/11/2021,9,10,Solar,162,Friday,June,Summer,4717.299999999999
6/30/2023,13,14,Solar,181,Friday,June,Summer,13789.65
2/28/2022,10,11,Solar,59,Monday,February,Winter,9015.999999999998
9/8/2020,15,16,Solar,252,Tuesday,September,Fall,6274.169999999998
7/3/2022,11,12,Solar,184,Sunday,July,Summer,9867.689999999999
7/11/2025,16,17,Solar,192,Friday,July,Summer,19880.28
6/28/2022,15,16,Solar,179,Tuesday,June,Summer,11983.229999999998
7/24/2020,9,10,Solar,206,Friday,July,Summer,4755.94
5/24/2020,11,12,Solar,145,Sunday,May,Spring,8924.23
5/3/2021,13,14,Solar,123,Monday,May,Spring,13849.219999999998
6/22/2022,13,14,Solar,173,Wednesday,June,Summer,9051.419999999998
10/8/2025,10,11,Solar,281,Wednesday,October,Fall,7792.4
2/9/2022,11,12,Solar,40,Wednesday,February,Winter,8547.489999999998
3/3/2025,12,13,Solar,62,Monday,March,Spring,14377.3
10/9/2023,18,19,Solar,282,Monday,October,Fall,1706.6
1/30/2022,13,14,Solar,30,Sunday,January,Winter,6039.109999999999
6/29/2024,14,15,Solar,181,Saturday,June,Summer,5585.089999999999
1/24/2020,15,16,Solar,24,Friday,January,Winter,2165.4499999999994
6/24/2020,11,12,Solar,176,Wednesday,June,Summer,9571.449999999999
6/8/2023,13,14,Solar,159,Thursday,June,Summer,14736.329999999998
8/23/2025,16,17,Solar,235,Saturday,August,Summer,13986.069999999998
4/21/2021,11,12,Solar,111,Wednesday,April,Spring,6457.709999999999
5/9/2022,18,19,Solar,129,Monday,May,Spring,4562.74
10/2/2024,15,16,Solar,276,Wednesday,October,Fall,7597.589999999998
4/27/2021,17,18,Solar,117,Tuesday,April,Spring,3133.0599999999995
5/9/2020,12,13,Solar,130,Saturday,May,Spring,5989.2
7/2/2022,11,12,Solar,183,Saturday,July,Summer,10935.119999999999
4/3/2020,14,15,Solar,94,Friday,April,Spring,7948.569999999999
6/17/2024,14,15,Solar,169,Monday,June,Summer,13435.449999999999
8/11/2020,15,16,Solar,224,Tuesday,August,Summer,5865.23
1/15/2025,14,15,Solar,15,Wednesday,January,Winter,9552.13
9/11/2020,18,19,Solar,255,Friday,September,Fall,2479.3999999999996
5/20/2025,14,15,Solar,140,Tuesday,May,Spring,15322.369999999997
10/9/2023,18,19,Solar,282,Monday,October,Fall,1706.6
7/4/2023,12,13,Solar,185,Tuesday,July,Summer,13002.359999999999
9/8/2021,15,16,Solar,251,Wednesday,September,Fall,10468.219999999998
9/19/2022,12,13,Solar,262,Monday,September,Fall,12591.81
9/28/2023,13,14,Solar,271,Thursday,September,Fall,12086.269999999999
11/12/2021,12,13,Solar,316,Friday,November,Fall,7465.569999999999
2/23/2022,15,16,Solar,54,Wednesday,February,Winter,9044.98
8/4/2021,16,17,Solar,216,Wednesday,August,Summer,5684.909999999999
4/10/2020,16,17,Solar,101,Friday,April,Spring,7166.109999999999
7/10/2023,13,14,Solar,191,Monday,July,Summer,14007.0
10/6/2025,11,12,Solar,279,Monday,October,Fall,13876.589999999997
4/4/2020,13,14,Solar,95,Saturday,April,Spring,10654.98
4/8/2023,15,16,Solar,98,Saturday,April,Spring,13074.81
1/29/2023,14,15,Solar,29,Sunday,January,Winter,7262.709999999999
5/23/2024,12,13,Solar,144,Thursday,May,Spring,11218.48
7/10/2021,8,9,Solar,191,Saturday,July,Summer,2857.7499999999995
9/26/2025,18,19,Solar,269,Friday,September,Fall,2131.64
4/30/2022,14,15,Solar,120,Saturday,April,Spring,13874.979999999998
1/11/2025,14,15,Solar,11,Saturday,January,Winter,7700.629999999999
7/14/2024,12,13,Solar,196,Sunday,July,Summer,5581.869999999999
9/6/2024,10,11,Solar,250,Friday,September,Fall,7888.999999999999
5/25/2020,15,16,Solar,146,Monday,May,Spring,9289.699999999999
8/11/2021,8,9,Solar,223,Wednesday,August,Summer,2250.7799999999997
9/14/2021,13,14,Solar,257,Tuesday,September,Fall,7003.5
4/28/2025,14,15,Solar,118,Monday,April,Spring,7853.579999999999
3/25/2025,8,9,Solar,84,Tuesday,March,Spring,5932.849999999999
5/19/2023,12,13,Solar,139,Friday,May,Spring,17106.249999999996
10/9/2021,10,11,Solar,282,Saturday,October,Fall,6232.3099999999995
11/30/2024,12,13,Solar,335,Saturday,November,Fall,7779.519999999999
12/6/2022,11,12,Solar,340,Tuesday,December,Winter,5485.2699999999995
7/1/2022,16,17,Solar,182,Friday,July,Summer,10492.369999999999
10/18/2021,11,12,Solar,291,Monday,October,Fall,8172.359999999999
12/30/2024,11,12,Solar,365,Monday,December,Winter,4770.429999999999
3/2/2025,12,13,Solar,61,Sunday,March,Spring,20496.91
9/8/2020,16,17,Solar,252,Tuesday,September,Fall,5396.719999999999
6/15/2023,11,12,Solar,166,Thursday,June,Summer,10529.399999999998
5/8/2024,11,12,Solar,129,Wednesday,May,Spring,14987.489999999996
5/30/2022,10,11,Solar,150,Monday,May,Spring,7831.039999999999
4/8/2020,13,14,Solar,99,Wednesday,April,Spring,6438.3899999999985
8/21/2022,8,9,Solar,233,Sunday,August,Summer,2757.9299999999994
8/14/2025,9,10,Solar,226,Thursday,August,Summer,6695.989999999999
5/9/2022,17,18,Solar,129,Monday,May,Spring,6737.849999999999
2/7/2022,13,14,Solar,38,Monday,February,Winter,10080.21
8/7/2023,12,13,Solar,219,Monday,August,Summer,15629.879999999997
3/14/2024,12,13,Solar,74,Thursday,March,Spring,16024.329999999998
6/4/2024,14,15,Solar,156,Tuesday,June,Summer,14019.879999999997
7/27/2024,17,18,Solar,209,Saturday,July,Summer,7977.549999999999
4/22/2025,8,9,Solar,112,Tuesday,April,Spring,3711.0499999999997
8/16/2024,17,18,Solar,229,Friday,August,Summer,11154.08
6/15/2022,9,10,Solar,166,Wednesday,June,Summer,5614.07
4/25/2022,10,11,Solar,115,Monday,April,Spring,8331.749999999998
10/15/2025,14,15,Solar,288,Wednesday,October,Fall,17436.299999999996
9/1/2020,9,10,Solar,245,Tuesday,September,Fall,3385.8299999999995
4/8/2023,13,14,Solar,98,Saturday,April,Spring,13997.339999999997
1/26/2022,9,10,Solar,26,Wednesday,January,Winter,2471.3499999999995
12/13/2024,12,13,Solar,348,Friday,December,Winter,5810.489999999999
9/7/2020,14,15,Solar,251,Monday,September,Fall,8341.41
5/19/2024,13,14,Solar,140,Sunday,May,Spring,5057.009999999999
1/22/2022,11,12,Solar,22,Saturday,January,Winter,7492.939999999999
2/6/2023,13,14,Solar,37,Monday,February,Winter,14584.989999999996
9/2/2020,12,13,Solar,246,Wednesday,September,Fall,7080.78
9/8/2025,14,15,Solar,251,Monday,September,Fall,11089.679999999998
5/3/2024,17,18,Solar,124,Friday,May,Spring,10556.769999999999
11/1/2024,12,13,Solar,306,Friday,November,Fall,9007.949999999999
6/28/2024,9,10,Solar,180,Friday,June,Summer,8444.449999999999
8/4/2025,11,12,Solar,216,Monday,August,Summer,17558.66
10/5/2023,17,18,Solar,278,Thursday,October,Fall,4609.429999999999
3/9/2021,14,15,Solar,68,Tuesday,March,Spring,8943.549999999997
9/13/2023,11,12,Solar,256,Wednesday,September,Fall,7708.679999999999
1/13/2024,14,15,Solar,13,Saturday,January,Winter,5850.739999999999
8/20/2024,13,14,Solar,233,Tuesday,August,Summer,18706.589999999997
10/4/2023,9,10,Solar,277,Wednesday,October,Fall,6541.429999999999
8/5/2021,9,10,Solar,217,Thursday,August,Summer,5330.709999999999
7/19/2020,8,9,Solar,201,Sunday,July,Summer,2489.0599999999995
7/22/2021,14,15,Solar,203,Thursday,July,Summer,10548.719999999998
9/16/2023,15,16,Solar,259,Saturday,September,Fall,11271.609999999999
6/12/2025,14,15,Solar,163,Thursday,June,Summer,9204.369999999999
6/25/2020,12,13,Solar,177,Thursday,June,Summer,8140.159999999999
5/8/2023,9,10,Solar,128,Monday,May,Spring,6615.489999999999
8/5/2022,14,15,Solar,217,Friday,August,Summer,15591.239999999996
4/14/2021,11,12,Solar,104,Wednesday,April,Spring,12461.4
7/12/2023,13,14,Solar,193,Wednesday,July,Summer,15299.829999999998
5/23/2024,17,18,Solar,144,Thursday,May,Spring,9069.13
8/15/2020,14,15,Solar,228,Saturday,August,Summer,6417.459999999999
12/19/2021,13,14,Solar,353,Sunday,December,Winter,7216.019999999999
9/12/2024,13,14,Solar,256,Thursday,September,Fall,18067.42
4/7/2025,15,16,Solar,97,Monday,April,Spring,15877.819999999998
5/8/2023,9,10,Solar,128,Monday,May,Spring,6615.489999999999
3/15/2023,16,17,Solar,74,Wednesday,March,Spring,7848.749999999999
10/6/2025,14,15,Solar,279,Monday,October,Fall,16444.539999999997
4/30/2025,18,19,Solar,120,Wednesday,April,Spring,11406.849999999999
4/18/2022,16,17,Solar,108,Monday,April,Spring,8257.689999999999
6/28/2024,14,15,Solar,180,Friday,June,Summer,7422.099999999999
7/2/2022,11,12,Solar,183,Saturday,July,Summer,10935.119999999999
8/29/2022,16,17,Solar,241,Monday,August,Summer,9315.46
6/15/2020,9,10,Solar,167,Monday,June,Summer,5195.469999999999
7/2/2021,7,8,Solar,183,Friday,July,Summer,1305.7099999999998
9/30/2020,10,11,Solar,274,Wednesday,September,Fall,5786.339999999999
7/2/2021,12,13,Solar,183,Friday,July,Summer,7362.529999999999
6/24/2020,16,17,Solar,176,Wednesday,June,Summer,9861.249999999998
7/20/2023,15,16,Solar,201,Thursday,July,Summer,11054.259999999998
5/13/2022,17,18,Solar,133,Friday,May,Spring,8558.759999999998
1/1/2020,13,14,Solar,1,Wednesday,January,Winter,3508.1899999999996
9/22/2022,18,19,Solar,265,Thursday,September,Fall,2394.0699999999997
6/8/2020,10,11,Solar,160,Monday,June,Summer,5767.019999999999
6/15/2020,14,15,Solar,167,Monday,June,Summer,9115.819999999998
7/5/2024,16,17,Solar,187,Friday,July,Summer,16974.229999999996
4/10/2025,17,18,Solar,100,Thursday,April,Spring,17296.229999999996
8/3/2022,10,11,Solar,215,Wednesday,August,Summer,7362.529999999999
9/16/2024,12,13,Solar,260,Monday,September,Fall,15505.909999999998
4/17/2024,12,13,Solar,108,Wednesday,April,Spring,18461.87
6/15/2020,14,15,Solar,167,Monday,June,Summer,9115.819999999998
1/24/2020,13,14,Solar,24,Friday,January,Winter,3287.6199999999994
7/2/2022,11,12,Solar,183,Saturday,July,Summer,10935.119999999999
9/16/2020,10,11,Solar,260,Wednesday,September,Fall,4002.459999999999
8/8/2023,18,19,Solar,220,Tuesday,August,Summer,9143.189999999999
7/14/2024,16,17,Solar,196,Sunday,July,Summer,5430.53
9/13/2020,18,19,Solar,257,Sunday,September,Fall,2268.49
6/22/2020,13,14,Solar,174,Monday,June,Summer,7806.8899999999985
9/5/2024,13,14,Solar,249,Thursday,September,Fall,12717.389999999998
7/4/2022,10,11,Solar,185,Monday,July,Summer,6541.429999999999
1/8/2021,13,14,Solar,8,Friday,January,Winter,4588.499999999999
9/13/2020,15,16,Solar,257,Sunday,September,Fall,6058.429999999999
3/23/2022,11,12,Solar,82,Wednesday,March,Spring,11707.919999999998
6/7/2021,10,11,Solar,158,Monday,June,Summer,6264.509999999999
4/15/2022,15,16,Solar,105,Friday,April,Spring,10590.58
6/5/2021,14,15,Solar,156,Saturday,June,Summer,9680.929999999998
8/27/2024,13,14,Solar,240,Tuesday,August,Summer,15642.759999999998
6/12/2025,15,16,Solar,163,Thursday,June,Summer,9109.38
5/26/2023,16,17,Solar,146,Friday,May,Spring,18748.449999999997
1/14/2022,12,13,Solar,14,Friday,January,Winter,6159.859999999999
5/1/2025,15,16,Solar,121,Thursday,May,Spring,8206.169999999998
10/8/2023,10,11,Solar,281,Sunday,October,Fall,7848.749999999999
8/11/2024,9,10,Solar,224,Sunday,August,Summer,9724.399999999998
10/21/2024,15,16,Solar,295,Monday,October,Fall,13512.729999999998
11/11/2021,15,16,Solar,315,Thursday,November,Fall,2720.8999999999996
3/31/2025,11,12,Solar,90,Monday,March,Spring,17792.109999999997
5/3/2023,9,10,Solar,123,Wednesday,May,Spring,12274.639999999998
6/22/2022,9,10,Solar,173,Wednesday,June,Summer,6084.189999999999
8/17/2022,9,10,Solar,229,Wednesday,August,Summer,4367.929999999999
5/30/2025,11,12,Solar,150,Friday,May,Spring,13544.929999999998
8/6/2024,14,15,Solar,219,Tuesday,August,Summer,14485.169999999998
9/22/2022,17,18,Solar,265,Thursday,September,Fall,5097.259999999999
6/16/2022,8,9,Solar,167,Thursday,June,Summer,4522.49
1/15/2025,10,11,Solar,15,Wednesday,January,Winter,8898.469999999998
6/25/2023,14,15,Solar,176,Sunday,June,Summer,9907.939999999999
4/30/2023,13,14,Solar,120,Sunday,April,Spring,12194.139999999998
2/28/2022,11,12,Solar,59,Monday,February,Winter,9729.23
8/4/2021,14,15,Solar,216,Wednesday,August,Summer,5372.57
6/23/2024,18,19,Solar,175,Sunday,June,Summer,7673.259999999999
6/7/2024,11,12,Solar,159,Friday,June,Summer,9796.849999999999
9/1/2020,9,10,Solar,245,Tuesday,September,Fall,3385.8299999999995
10/24/2024,12,13,Solar,298,Thursday,October,Fall,13383.929999999998
4/18/2022,15,16,Solar,108,Monday,April,Spring,9015.999999999998
4/19/2022,9,10,Solar,109,Tuesday,April,Spring,4784.919999999999
5/18/2020,17,18,Solar,139,Monday,May,Spring,7539.629999999999
8/15/2024,15,16,Solar,228,Thursday,August,Summer,15642.759999999998
6/2/2020,18,19,Solar,154,Tuesday,June,Summer,3981.5299999999993
8/27/2024,15,16,Solar,240,Tuesday,August,Summer,14164.779999999997
7/2/2025,8,9,Solar,183,Wednesday,July,Summer,6486.689999999999
3/9/2022,10,11,Solar,68,Wednesday,March,Spring,11836.719999999998
9/13/2021,11,12,Solar,256,Monday,September,Fall,6984.179999999999
8/15/2024,10,11,Solar,228,Thursday,August,Summer,9838.71
8/6/2024,14,15,Solar,219,Tuesday,August,Summer,14485.169999999998
9/22/2020,16,17,Solar,266,Tuesday,September,Fall,3994.4099999999994
3/2/2022,11,12,Solar,61,Wednesday,March,Spring,4949.139999999999
5/25/2024,14,15,Solar,146,Saturday,May,Spring,12168.379999999997
4/8/2025,11,12,Solar,98,Tuesday,April,Spring,14506.099999999999
7/18/2022,17,18,Solar,199,Monday,July,Summer,9436.21
8/20/2022,17,18,Solar,232,Saturday,August,Summer,8212.609999999999
3/18/2020,13,14,Solar,78,Wednesday,March,Spring,6573.629999999999
8/7/2022,12,13,Solar,219,Sunday,August,Summer,17795.329999999998
4/17/2023,14,15,Solar,107,Monday,April,Spring,16851.87
3/30/2021,12,13,Solar,89,Tuesday,March,Spring,8407.419999999998
7/2/2022,11,12,Solar,183,Saturday,July,Summer,10935.119999999999
5/7/2022,9,10,Solar,127,Saturday,May,Spring,7016.379999999999
6/22/2025,9,10,Solar,173,Sunday,June,Summer,4780.089999999999
7/10/2024,11,12,Solar,192,Wednesday,July,Summer,13918.449999999999
1/27/2024,16,17,Solar,27,Saturday,January,Winter,4110.33
8/5/2024,16,17,Solar,218,Monday,August,Summer,11997.719999999998
6/29/2023,11,12,Solar,180,Thursday,June,Summer,9085.23
10/5/2023,16,17,Solar,278,Thursday,October,Fall,7317.45
6/9/2020,13,14,Solar,161,Tuesday,June,Summer,8117.619999999998
8/7/2024,13,14,Solar,220,Wednesday,August,Summer,13295.379999999997
10/26/2024,15,16,Solar,300,Saturday,October,Fall,4198.879999999999
7/12/2020,10,11,Solar,194,Sunday,July,Summer,7241.779999999999
10/18/2021,11,12,Solar,291,Monday,October,Fall,8172.359999999999
4/29/2023,14,15,Solar,119,Saturday,April,Spring,7816.549999999999
6/8/2023,13,14,Solar,159,Thursday,June,Summer,14736.329999999998
12/12/2024,13,14,Solar,347,Thursday,December,Winter,8417.08
9/19/2024,11,12,Solar,263,Thursday,September,Fall,21256.829999999998
12/16/2022,13,14,Solar,350,Friday,December,Winter,7665.209999999999
8/28/2023,12,13,Solar,240,Monday,August,Summer,11951.029999999997
8/9/2022,12,13,Solar,221,Tuesday,August,Summer,16343.109999999999
1/24/2020,13,14,Solar,24,Friday,January,Winter,3287.6199999999994
12/15/2021,12,13,Solar,349,Wednesday,December,Winter,5915.1399999999985
6/23/2021,10,11,Solar,174,Wednesday,June,Summer,6045.549999999999
9/10/2022,12,13,Solar,253,Saturday,September,Fall,13259.96
6/17/2023,9,10,Solar,168,Saturday,June,Summer,6720.1399999999985
5/24/2020,11,12,Solar,145,Sunday,May,Spring,8924.23
3/21/2024,9,10,Solar,81,Thursday,March,Spring,6087.409999999999
4/25/2024,16,17,Solar,116,Thursday,April,Spring,11336.009999999998
7/28/2025,16,17,Solar,209,Monday,July,Summer,17867.78
3/22/2022,12,13,Solar,81,Tuesday,March,Spring,14320.949999999999
7/20/2022,16,17,Solar,201,Wednesday,July,Summer,11714.359999999999
4/27/2020,13,14,Solar,118,Monday,April,Spring,4973.29
6/25/2023,14,15,Solar,176,Sunday,June,Summer,9907.939999999999
5/7/2023,16,17,Solar,127,Sunday,May,Spring,9197.929999999998
3/31/2021,14,15,Solar,90,Wednesday,March,Spring,8524.949999999999
4/28/2021,9,10,Solar,118,Wednesday,April,Spring,2303.91
8/7/2022,12,13,Solar,219,Sunday,August,Summer,17795.329999999998
5/30/2022,15,16,Solar,150,Monday,May,Spring,8729.419999999998
2/13/2025,14,15,Solar,44,Thursday,February,Winter,7235.339999999998
7/12/2023,13,14,Solar,193,Wednesday,July,Summer,15299.829999999998
4/9/2023,18,19,Solar,99,Sunday,April,Spring,4889.57
3/15/2023,16,17,Solar,74,Wednesday,March,Spring,7848.749999999999
7/22/2024,13,14,Solar,204,Monday,July,Summer,16491.229999999996
9/8/2023,12,13,Solar,251,Friday,September,Fall,11260.339999999998
7/13/2020,17,18,Solar,195,Monday,July,Summer,6629.98
10/4/2022,9,10,Solar,277,Tuesday,October,Fall,4918.549999999999
7/5/2022,17,18,Solar,186,Tuesday,July,Summer,10474.659999999998
8/28/2024,10,11,Solar,241,Wednesday,August,Summer,10547.109999999999
7/24/2020,10,11,Solar,206,Friday,July,Summer,6216.209999999999
10/12/2021,11,12,Solar,285,Tuesday,October,Fall,8082.2
1/14/2024,12,13,Solar,14,Sunday,January,Winter,5749.3099999999995
5/24/2023,10,11,Solar,144,Wednesday,May,Spring,13678.56
4/24/2020,15,16,Solar,115,Friday,April,Spring,6116.3899999999985
8/10/2021,14,15,Solar,222,Tuesday,August,Summer,9317.069999999998
6/23/2023,15,16,Solar,174,Friday,June,Summer,12841.359999999999
3/23/2021,15,16,Solar,82,Tuesday,March,Spring,6435.169999999998
9/8/2020,9,10,Solar,252,Tuesday,September,Fall,3773.8399999999997
7/28/2023,12,13,Solar,209,Friday,July,Summer,14395.009999999998
2/16/2025,13,14,Solar,47,Sunday,February,Winter,13998.949999999999
7/24/2022,14,15,Solar,205,Sunday,July,Summer,12129.739999999998
6/25/2024,12,13,Solar,177,Tuesday,June,Summer,13214.879999999997
6/3/2023,15,16,Solar,154,Saturday,June,Summer,9476.46
6/30/2025,11,12,Solar,181,Monday,June,Summer,13779.989999999998
10/25/2022,12,13,Solar,298,Tuesday,October,Fall,8817.969999999998
4/19/2022,12,13,Solar,109,Tuesday,April,Spring,8056.439999999999
9/1/2024,16,17,Solar,245,Sunday,September,Fall,12570.879999999997
5/12/2025,9,10,Solar,132,Monday,May,Spring,9534.419999999998
9/1/2020,11,12,Solar,245,Tuesday,September,Fall,6296.709999999999
6/15/2023,12,13,Solar,166,Thursday,June,Summer,11619.369999999999
7/5/2021,13,14,Solar,186,Monday,July,Summer,13438.669999999998
5/9/2022,18,19,Solar,129,Monday,May,Spring,4562.74
1/17/2022,13,14,Solar,17,Monday,January,Winter,5916.75
10/15/2025,14,15,Solar,288,Wednesday,October,Fall,17436.299999999996
3/25/2025,8,9,Solar,84,Tuesday,March,Spring,5932.849999999999
4/8/2021,8,9,Solar,98,Thursday,April,Spring,2270.0999999999995
11/14/2024,14,15,Solar,319,Thursday,November,Fall,9513.489999999998
6/9/2021,10,11,Solar,160,Wednesday,June,Summer,6565.579999999999
9/3/2020,14,15,Solar,247,Thursday,September,Fall,10939.949999999999
12/26/2024,15,16,Solar,361,Thursday,December,Winter,5420.869999999999
2/4/2023,12,13,Solar,35,Saturday,February,Winter,8779.33
2/9/2023,9,10,Solar,40,Thursday,February,Winter,4327.679999999999
4/11/2020,10,11,Solar,102,Saturday,April,Spring,4966.849999999999
7/24/2025,15,16,Solar,205,Thursday,July,Summer,15359.4
4/30/2022,15,16,Solar,120,Saturday,April,Spring,13855.659999999998
7/11/2024,12,13,Solar,193,Thursday,July,Summer,10996.299999999997
6/15/2023,12,13,Solar,166,Thursday,June,Summer,11619.369999999999
9/21/2022,14,15,Solar,264,Wednesday,September,Fall,12398.609999999999
3/2/2022,11,12,Solar,61,Wednesday,March,Spring,4949.139999999999
2/8/2022,11,12,Solar,39,Tuesday,February,Winter,11294.149999999998
1/7/2021,13,14,Solar,7,Thursday,January,Winter,4097.45
9/7/2020,14,15,Solar,251,Monday,September,Fall,8341.41
1/12/2022,12,13,Solar,12,Wednesday,January,Winter,8162.7
10/15/2021,14,15,Solar,288,Friday,October,Fall,6953.589999999999
4/27/2020,11,12,Solar,118,Monday,April,Spring,4076.5199999999995
1/20/2024,14,15,Solar,20,Saturday,January,Winter,10276.63
8/6/2024,8,9,Solar,219,Tuesday,August,Summer,4219.8099999999995
6/11/2021,10,11,Solar,162,Friday,June,Summer,6406.189999999999
9/2/2023,13,14,Solar,245,Saturday,September,Fall,10883.599999999999
7/24/2022,14,15,Solar,205,Sunday,July,Summer,12129.739999999998
8/4/2020,10,11,Solar,217,Tuesday,August,Summer,6623.539999999999
8/1/2022,17,18,Solar,213,Monday,August,Summer,8331.749999999998
7/9/2021,14,15,Solar,190,Friday,July,Summer,8143.379999999999
3/2/2025,12,13,Solar,61,Sunday,March,Spring,20496.91
10/18/2022,12,13,Solar,291,Tuesday,October,Fall,9152.849999999999
6/13/2023,10,11,Solar,164,Tuesday,June,Summer,7805.279999999999
10/13/2024,13,14,Solar,287,Sunday,October,Fall,9342.83
6/29/2023,13,14,Solar,180,Thursday,June,Summer,10295.949999999999
9/15/2020,11,12,Solar,259,Tuesday,September,Fall,5082.7699999999995
1/31/2024,15,16,Solar,31,Wednesday,January,Winter,9470.019999999999
6/26/2022,9,10,Solar,177,Sunday,June,Summer,3971.8699999999994
7/28/2024,10,11,Solar,210,Sunday,July,Summer,10387.719999999998
9/8/2025,14,15,Solar,251,Monday,September,Fall,11089.679999999998
7/16/2022,10,11,Solar,197,Saturday,July,Summer,10836.909999999998
7/8/2021,14,15,Solar,189,Thursday,July,Summer,8363.949999999999
4/9/2020,16,17,Solar,100,Thursday,April,Spring,6749.119999999999
6/7/2020,18,19,Solar,159,Sunday,June,Summer,4781.699999999999
4/13/2021,15,16,Solar,103,Tuesday,April,Spring,10448.899999999998
1/13/2022,13,14,Solar,13,Thursday,January,Winter,7834.259999999999
7/20/2022,13,14,Solar,201,Wednesday,July,Summer,12400.219999999998
3/9/2021,14,15,Solar,68,Tuesday,March,Spring,8943.549999999997
5/17/2020,13,14,Solar,138,Sunday,May,Spring,7974.329999999999
4/29/2022,11,12,Solar,119,Friday,April,Spring,9280.039999999999
6/7/2021,14,15,Solar,158,Monday,June,Summer,7109.759999999999
6/15/2020,9,10,Solar,167,Monday,June,Summer,5195.469999999999
3/10/2025,13,14,Solar,69,Monday,March,Spring,10933.509999999998
7/21/2024,13,14,Solar,203,Sunday,July,Summer,6667.009999999999
7/24/2025,11,12,Solar,205,Thursday,July,Summer,12983.039999999997
7/24/2020,13,14,Solar,206,Friday,July,Summer,10088.259999999998
2/15/2025,16,17,Solar,46,Saturday,February,Winter,8009.749999999999
1/19/2024,13,14,Solar,19,Friday,January,Winter,7320.669999999998
6/20/2025,10,11,Solar,171,Friday,June,Summer,13783.21
12/25/2024,12,13,Solar,360,Wednesday,December,Winter,6032.669999999998
5/7/2023,8,9,Solar,127,Sunday,May,Spring,2991.3799999999997
4/19/2021,18,19,Solar,109,Monday,April,Spring,3409.9799999999996
12/6/2023,12,13,Solar,340,Wednesday,December,Winter,6457.709999999999
7/10/2022,14,15,Solar,191,Sunday,July,Summer,15343.3
8/30/2022,9,10,Solar,242,Tuesday,August,Summer,5554.499999999999
1/13/2024,10,11,Solar,13,Saturday,January,Winter,3939.669999999999
2/8/2021,11,12,Solar,39,Monday,February,Winter,3645.0399999999995
4/22/2025,9,10,Solar,112,Tuesday,April,Spring,5953.78
10/25/2021,11,12,Solar,298,Monday,October,Fall,6589.73
12/30/2024,11,12,Solar,365,Monday,December,Winter,4770.429999999999
1/28/2022,12,13,Solar,28,Friday,January,Winter,5823.369999999999
3/6/2024,11,12,Solar,66,Wednesday,March,Spring,9527.98
12/6/2023,13,14,Solar,340,Wednesday,December,Winter,6109.95
1/15/2025,14,15,Solar,15,Wednesday,January,Winter,9552.13
1/26/2022,9,10,Solar,26,Wednesday,January,Winter,2471.3499999999995
5/12/2022,8,9,Solar,132,Thursday,May,Spring,3094.4199999999996
8/4/2022,13,14,Solar,216,Thursday,August,Summer,10943.169999999998
5/8/2023,9,10,Solar,128,Monday,May,Spring,6615.489999999999
1/1/2020,12,13,Solar,1,Wednesday,January,Winter,4095.8399999999997
7/20/2021,12,13,Solar,201,Tuesday,July,Summer,11092.899999999998
7/6/2023,19,20,Solar,187,Thursday,July,Summer,2981.7199999999993
7/3/2025,14,15,Solar,184,Thursday,July,Summer,15866.55
10/14/2024,12,13,Solar,288,Monday,October,Fall,10104.359999999999
9/16/2020,10,11,Solar,260,Wednesday,September,Fall,4002.459999999999
3/31/2021,14,15,Solar,90,Wednesday,March,Spring,8524.949999999999
5/13/2025,13,14,Solar,133,Tuesday,May,Spring,6605.829999999999
8/10/2021,14,15,Solar,222,Tuesday,August,Summer,9317.069999999998
11/30/2024,13,14,Solar,335,Saturday,November,Fall,7515.48
9/13/2021,11,12,Solar,256,Monday,September,Fall,6984.179999999999
9/22/2022,17,18,Solar,265,Thursday,September,Fall,5097.259999999999
6/8/2023,13,14,Solar,159,Thursday,June,Summer,14736.329999999998
9/18/2025,15,16,Solar,261,Thursday,September,Fall,15520.4
11/26/2025,13,14,Solar,330,Wednesday,November,Fall,10782.169999999998
7/13/2024,12,13,Solar,195,Saturday,July,Summer,10749.969999999998
8/18/2023,18,19,Solar,230,Friday,August,Summer,7209.579999999999
2/13/2025,14,15,Solar,44,Thursday,February,Winter,7235.339999999998
7/7/2020,17,18,Solar,189,Tuesday,July,Summer,7072.73
3/16/2021,11,12,Solar,75,Tuesday,March,Spring,8555.539999999999
7/29/2020,11,12,Solar,211,Wednesday,July,Summer,5607.629999999999
11/8/2025,14,15,Solar,312,Saturday,November,Fall,8009.749999999999
9/12/2022,16,17,Solar,255,Monday,September,Fall,8275.399999999998
6/11/2022,8,9,Solar,162,Saturday,June,Summer,3901.0299999999993
8/18/2025,12,13,Solar,230,Monday,August,Summer,14679.979999999998
10/7/2025,12,13,Solar,280,Tuesday,October,Fall,13385.539999999997
7/1/2021,14,15,Solar,182,Thursday,July,Summer,8116.009999999999
7/24/2022,14,15,Solar,205,Sunday,July,Summer,12129.739999999998
11/8/2025,14,15,Solar,312,Saturday,November,Fall,8009.749999999999
8/9/2025,18,19,Solar,221,Saturday,August,Summer,11638.689999999997
8/11/2024,9,10,Solar,224,Sunday,August,Summer,9724.399999999998
9/4/2022,11,12,Solar,247,Sunday,September,Fall,10737.089999999998
8/9/2024,13,14,Solar,222,Friday,August,Summer,20493.689999999995
8/1/2024,9,10,Solar,214,Thursday,August,Summer,6580.069999999999
4/29/2023,14,15,Solar,119,Saturday,April,Spring,7816.549999999999
7/15/2022,15,16,Solar,196,Friday,July,Summer,12073.389999999998
6/13/2022,18,19,Solar,164,Monday,June,Summer,6720.1399999999985
2/2/2025,13,14,Solar,33,Sunday,February,Winter,9495.779999999999
5/16/2020,10,11,Solar,137,Saturday,May,Spring,5018.369999999999
4/18/2020,16,17,Solar,109,Saturday,April,Spring,4305.139999999999
1/11/2025,14,15,Solar,11,Saturday,January,Winter,7700.629999999999
5/18/2020,11,12,Solar,139,Monday,May,Spring,7644.279999999999
1/16/2024,15,16,Solar,16,Tuesday,January,Winter,3012.3099999999995
5/6/2022,14,15,Solar,126,Friday,May,Spring,10967.319999999998
10/8/2021,11,12,Solar,281,Friday,October,Fall,9990.049999999997
7/7/2024,15,16,Solar,189,Sunday,July,Summer,10394.159999999998
11/27/2020,11,12,Solar,332,Friday,November,Fall,4654.509999999999
8/15/2022,16,17,Solar,227,Monday,August,Summer,12171.599999999999
7/29/2020,11,12,Solar,211,Wednesday,July,Summer,5607.629999999999
3/20/2022,14,15,Solar,79,Sunday,March,Spring,8032.289999999999
6/26/2022,9,10,Solar,177,Sunday,June,Summer,3971.8699999999994
2/26/2022,10,11,Solar,57,Saturday,February,Winter,12348.699999999999
2/16/2025,13,14,Solar,47,Sunday,February,Winter,13998.949999999999
10/24/2021,11,12,Solar,297,Sunday,October,Fall,9835.489999999998
6/24/2023,9,10,Solar,175,Saturday,June,Summer,8608.669999999998
8/4/2025,11,12,Solar,216,Monday,August,Summer,17558.66
10/8/2021,14,15,Solar,281,Friday,October,Fall,13316.31
5/2/2025,16,17,Solar,122,Friday,May,Spring,10999.519999999999
1/30/2022,13,14,Solar,30,Sunday,January,Winter,6039.109999999999
11/19/2022,10,11,Solar,323,Saturday,November,Fall,7112.98
3/10/2024,9,10,Solar,70,Sunday,March,Spring,5594.749999999999
6/10/2023,17,18,Solar,161,Saturday,June,Summer,9457.14
4/4/2020,14,15,Solar,95,Saturday,April,Spring,10477.88
5/1/2021,11,12,Solar,121,Saturday,May,Spring,5350.03
6/16/2025,13,14,Solar,167,Monday,June,Summer,17165.82
3/6/2024,11,12,Solar,66,Wednesday,March,Spring,9527.98
9/29/2024,11,12,Solar,273,Sunday,September,Fall,13776.769999999999
4/12/2021,9,10,Solar,102,Monday,April,Spring,5580.259999999999
11/4/2024,14,15,Solar,309,Monday,November,Fall,7663.599999999999
3/19/2020,13,14,Solar,79,Thursday,March,Spring,6739.459999999999
5/13/2023,12,13,Solar,133,Saturday,May,Spring,14589.819999999998
8/7/2025,17,18,Solar,219,Thursday,August,Summer,12926.689999999997
4/7/2025,10,11,Solar,97,Monday,April,Spring,9355.71
9/15/2022,11,12,Solar,258,Thursday,September,Fall,8452.499999999998
8/10/2023,15,16,Solar,222,Thursday,August,Summer,11670.889999999998
7/22/2023,11,12,Solar,203,Saturday,July,Summer,16412.339999999997
4/13/2024,11,12,Solar,104,Saturday,April,Spring,6892.409999999999
12/12/2024,13,14,Solar,347,Thursday,December,Winter,8417.08
12/10/2022,13,14,Solar,344,Saturday,December,Winter,7145.179999999999
4/18/2021,9,10,Solar,108,Sunday,April,Spring,6048.769999999999
6/2/2022,9,10,Solar,153,Thursday,June,Summer,7048.579999999999
8/30/2022,10,11,Solar,242,Tuesday,August,Summer,6790.98
5/15/2022,11,12,Solar,135,Sunday,May,Spring,11971.96
8/4/2025,10,11,Solar,216,Monday,August,Summer,13976.409999999998
7/21/2020,13,14,Solar,203,Tuesday,July,Summer,9371.81
7/5/2022,17,18,Solar,186,Tuesday,July,Summer,10474.659999999998
10/6/2025,13,14,Solar,279,Monday,October,Fall,16199.819999999998
4/29/2024,9,10,Solar,120,Monday,April,Spring,5475.609999999999
2/15/2023,16,17,Solar,46,Wednesday,February,Winter,5948.95
5/2/2023,12,13,Solar,122,Tuesday,May,Spring,14101.989999999998
7/28/2024,9,10,Solar,210,Sunday,July,Summer,8452.499999999998
6/29/2021,11,12,Solar,180,Tuesday,June,Summer,6948.759999999999
9/9/2023,9,10,Solar,252,Saturday,September,Fall,7132.299999999999
10/18/2021,11,12,Solar,291,Monday,October,Fall,8172.359999999999
10/8/2023,10,11,Solar,281,Sunday,October,Fall,7848.749999999999
6/3/2022,16,17,Solar,154,Friday,June,Summer,8541.049999999997
7/27/2024,10,11,Solar,209,Saturday,July,Summer,6906.9
11/10/2024,13,14,Solar,315,Sunday,November,Fall,6992.23
5/13/2025,14,15,Solar,133,Tuesday,May,Spring,6399.75
1/14/2025,11,12,Solar,14,Tuesday,January,Winter,9801.679999999998
7/2/2021,7,8,Solar,183,Friday,July,Summer,1305.7099999999998
7/24/2022,18,19,Solar,205,Sunday,July,Summer,6943.929999999999
4/7/2023,11,12,Solar,97,Friday,April,Spring,10394.159999999998
6/16/2022,9,10,Solar,167,Thursday,June,Summer,5981.15
6/19/2025,16,17,Solar,170,Thursday,June,Summer,16661.889999999996
6/5/2021,11,12,Solar,156,Saturday,June,Summer,9618.14
9/30/2025,12,13,Solar,273,Tuesday,September,Fall,14700.909999999998
6/5/2021,14,15,Solar,156,Saturday,June,Summer,9680.929999999998
6/22/2025,9,10,Solar,173,Sunday,June,Summer,4780.089999999999
7/2/2021,7,8,Solar,183,Friday,July,Summer,1305.7099999999998
6/1/2020,9,10,Solar,153,Monday,June,Summer,5354.859999999999
10/4/2022,9,10,Solar,277,Tuesday,October,Fall,4918.549999999999
8/15/2024,13,14,Solar,228,Thursday,August,Summer,14979.439999999997
8/13/2023,9,10,Solar,225,Sunday,August,Summer,5123.0199999999995
4/30/2025,16,17,Solar,120,Wednesday,April,Spring,16962.96
3/27/2022,17,18,Solar,86,Sunday,March,Spring,6208.159999999999
8/15/2020,8,9,Solar,228,Saturday,August,Summer,1674.3999999999999
9/19/2025,10,11,Solar,262,Friday,September,Fall,15757.069999999998
5/12/2021,14,15,Solar,132,Wednesday,May,Spring,9075.569999999998
1/31/2024,15,16,Solar,31,Wednesday,January,Winter,9470.019999999999
7/23/2025,13,14,Solar,204,Wednesday,July,Summer,10605.069999999998
10/9/2023,10,11,Solar,282,Monday,October,Fall,6926.219999999998
3/13/2024,16,17,Solar,73,Wednesday,March,Spring,10574.48
5/26/2025,9,10,Solar,146,Monday,May,Spring,14451.359999999999
6/8/2020,10,11,Solar,160,Monday,June,Summer,5767.019999999999
1/19/2024,11,12,Solar,19,Friday,January,Winter,6314.419999999998
5/11/2023,10,11,Solar,131,Thursday,May,Spring,8317.259999999998
5/14/2025,13,14,Solar,134,Wednesday,May,Spring,7338.379999999999
6/8/2023,13,14,Solar,159,Thursday,June,Summer,14736.329999999998
1/16/2024,10,11,Solar,16,Tuesday,January,Winter,4565.959999999999
9/16/2023,15,16,Solar,259,Saturday,September,Fall,11271.609999999999
11/12/2021,12,13,Solar,316,Friday,November,Fall,7465.569999999999
5/24/2023,10,11,Solar,144,Wednesday,May,Spring,13678.56
8/31/2021,14,15,Solar,243,Tuesday,August,Summer,13815.409999999998
5/20/2025,12,13,Solar,140,Tuesday,May,Spring,14229.179999999998
3/25/2025,8,9,Solar,84,Tuesday,March,Spring,5932.849999999999
8/10/2024,15,16,Solar,223,Saturday,August,Summer,7222.459999999999
9/18/2021,14,15,Solar,261,Saturday,September,Fall,6480.25
8/8/2025,16,17,Solar,220,Friday,August,Summer,13485.359999999999
1/23/2022,11,12,Solar,23,Sunday,January,Winter,8558.759999999998
5/3/2020,13,14,Solar,124,Sunday,May,Spring,8267.349999999999
6/14/2023,10,11,Solar,165,Wednesday,June,Summer,8463.769999999999
6/8/2023,13,14,Solar,159,Thursday,June,Summer,14736.329999999998
5/29/2025,8,9,Solar,149,Thursday,May,Spring,7831.039999999999
5/12/2025,13,14,Solar,132,Monday,May,Spring,7236.95
6/29/2023,9,10,Solar,180,Thursday,June,Summer,5507.8099999999995
9/21/2024,14,15,Solar,265,Saturday,September,Fall,7063.069999999999
5/18/2024,8,9,Solar,139,Saturday,May,Spring,3667.5799999999995
8/7/2022,14,15,Solar,219,Sunday,August,Summer,16950.079999999998
1/25/2022,14,15,Solar,25,Tuesday,January,Winter,5243.7699999999995
3/2/2025,12,13,Solar,61,Sunday,March,Spring,20496.91
9/12/2023,11,12,Solar,255,Tuesday,September,Fall,6362.719999999998
7/12/2023,13,14,Solar,193,Wednesday,July,Summer,15299.829999999998
1/8/2021,11,12,Solar,8,Friday,January,Winter,4617.48
5/15/2023,11,12,Solar,135,Monday,May,Spring,12609.519999999999
4/30/2023,13,14,Solar,120,Sunday,April,Spring,12194.139999999998
8/2/2022,12,13,Solar,214,Tuesday,August,Summer,10828.859999999999
8/3/2020,11,12,Solar,216,Monday,August,Summer,7797.23
1/24/2022,13,14,Solar,24,Monday,January,Winter,6989.009999999999
3/5/2025,17,18,Solar,64,Wednesday,March,Spring,5728.379999999999
8/1/2025,11,12,Solar,213,Friday,August,Summer,14541.519999999999
6/3/2021,10,11,Solar,154,Thursday,June,Summer,5763.799999999999
5/26/2023,16,17,Solar,146,Friday,May,Spring,18748.449999999997
12/12/2024,11,12,Solar,347,Thursday,December,Winter,8906.519999999999
8/14/2024,13,14,Solar,227,Wednesday,August,Summer,9465.189999999999
3/17/2025,13,14,Solar,76,Monday,March,Spring,24893.819999999996
6/24/2021,12,13,Solar,175,Thursday,June,Summer,6916.5599999999995
9/17/2025,10,11,Solar,260,Wednesday,September,Fall,13944.21
6/1/2021,10,11,Solar,152,Tuesday,June,Summer,8378.439999999999
6/15/2021,16,17,Solar,166,Tuesday,June,Summer,6544.65
11/28/2024,13,14,Solar,333,Thursday,November,Fall,8014.579999999999
8/3/2022,10,11,Solar,215,Wednesday,August,Summer,7362.529999999999
2/3/2025,9,10,Solar,34,Monday,February,Winter,5485.2699999999995
5/3/2020,15,16,Solar,124,Sunday,May,Spring,7868.069999999999
8/7/2024,13,14,Solar,220,Wednesday,August,Summer,13295.379999999997
9/12/2020,18,19,Solar,256,Saturday,September,Fall,2811.0599999999995
5/8/2023,11,12,Solar,128,Monday,May,Spring,9003.119999999999
6/21/2021,8,9,Solar,172,Monday,June,Summer,3709.4399999999996
7/9/2022,13,14,Solar,190,Saturday,July,Summer,13538.489999999998
8/8/2020,15,16,Solar,221,Saturday,August,Summer,6212.989999999999
7/29/2025,15,16,Solar,210,Tuesday,July,Summer,17788.889999999996
9/13/2020,18,19,Solar,257,Sunday,September,Fall,2268.49
2/9/2025,10,11,Solar,40,Sunday,February,Winter,6947.15
6/29/2023,9,10,Solar,180,Thursday,June,Summer,5507.8099999999995
6/9/2024,15,16,Solar,161,Sunday,June,Summer,7478.45
7/27/2024,10,11,Solar,209,Saturday,July,Summer,6906.9
5/12/2024,9,10,Solar,133,Sunday,May,Spring,4688.32
8/18/2020,14,15,Solar,231,Tuesday,August,Summer,8204.56
2/20/2023,11,12,Solar,51,Monday,February,Winter,10946.39
2/3/2025,9,10,Solar,34,Monday,February,Winter,5485.2699999999995
1/29/2023,10,11,Solar,29,Sunday,January,Winter,4652.899999999999
6/7/2023,17,18,Solar,158,Wednesday,June,Summer,11801.3
8/4/2023,12,13,Solar,216,Friday,August,Summer,13755.839999999997
7/12/2022,9,10,Solar,193,Tuesday,July,Summer,6253.239999999999
4/14/2024,11,12,Solar,105,Sunday,April,Spring,6080.969999999998
4/19/2021,12,13,Solar,109,Monday,April,Spring,7765.029999999999
8/3/2022,8,9,Solar,215,Wednesday,August,Summer,3162.0399999999995
9/22/2022,17,18,Solar,265,Thursday,September,Fall,5097.259999999999
7/22/2024,13,14,Solar,204,Monday,July,Summer,16491.229999999996
8/26/2021,12,13,Solar,238,Thursday,August,Summer,12474.279999999997
5/18/2023,11,12,Solar,138,Thursday,May,Spring,14931.139999999998
6/23/2021,13,14,Solar,174,Wednesday,June,Summer,7272.369999999998
4/22/2022,17,18,Solar,112,Friday,April,Spring,8970.919999999998
1/27/2024,11,12,Solar,27,Saturday,January,Winter,9360.539999999999
7/30/2024,14,15,Solar,212,Tuesday,July,Summer,11743.339999999997
5/8/2023,9,10,Solar,128,Monday,May,Spring,6615.489999999999
6/15/2023,11,12,Solar,166,Thursday,June,Summer,10529.399999999998
7/21/2021,17,18,Solar,202,Wednesday,July,Summer,7794.009999999999
8/19/2024,18,19,Solar,232,Monday,August,Summer,7570.219999999998
12/28/2024,14,15,Solar,363,Saturday,December,Winter,5800.829999999999
10/10/2022,15,16,Solar,283,Monday,October,Fall,7750.539999999999
8/22/2025,15,16,Solar,234,Friday,August,Summer,14926.309999999998
5/14/2025,14,15,Solar,134,Wednesday,May,Spring,7001.8899999999985
5/2/2021,11,12,Solar,122,Sunday,May,Spring,7401.169999999998
1/15/2025,10,11,Solar,15,Wednesday,January,Winter,8898.469999999998
9/17/2025,10,11,Solar,260,Wednesday,September,Fall,13944.21
8/7/2024,13,14,Solar,220,Wednesday,August,Summer,13295.379999999997
7/8/2024,19,20,Solar,190,Monday,July,Summer,5699.399999999999
8/10/2025,13,14,Solar,222,Sunday,August,Summer,8004.919999999998
6/26/2021,13,14,Solar,177,Saturday,June,Summer,7813.329999999999
8/3/2022,13,14,Solar,215,Wednesday,August,Summer,10500.419999999998
6/23/2021,13,14,Solar,174,Wednesday,June,Summer,7272.369999999998
6/23/2023,15,16,Solar,174,Friday,June,Summer,12841.359999999999
11/12/2021,12,13,Solar,316,Friday,November,Fall,7465.569999999999
6/15/2020,15,16,Solar,167,Monday,June,Summer,9154.46
1/3/2025,13,14,Solar,3,Friday,January,Winter,9001.509999999998
2/10/2023,11,12,Solar,41,Friday,February,Winter,9178.609999999999
2/28/2024,10,11,Solar,59,Wednesday,February,Winter,8214.22
10/8/2023,10,11,Solar,281,Sunday,October,Fall,7848.749999999999
9/6/2023,14,15,Solar,249,Wednesday,September,Fall,12247.269999999999
7/22/2021,14,15,Solar,203,Thursday,July,Summer,10548.719999999998
9/12/2020,18,19,Solar,256,Saturday,September,Fall,2811.0599999999995
1/23/2022,11,12,Solar,23,Sunday,January,Winter,8558.759999999998
7/6/2023,8,9,Solar,187,Thursday,July,Summer,3744.859999999999
7/23/2020,14,15,Solar,205,Thursday,July,Summer,5995.6399999999985
12/15/2023,13,14,Solar,349,Friday,December,Winter,6881.1399999999985
1/17/2022,11,12,Solar,17,Monday,January,Winter,5182.589999999999
4/10/2025,17,18,Solar,100,Thursday,April,Spring,17296.229999999996
4/22/2025,8,9,Solar,112,Tuesday,April,Spring,3711.0499999999997
7/12/2023,10,11,Solar,193,Wednesday,July,Summer,10600.239999999998
12/26/2024,15,16,Solar,361,Thursday,December,Winter,5420.869999999999
8/1/2022,17,18,Solar,213,Monday,August,Summer,8331.749999999998
10/13/2021,15,16,Solar,286,Wednesday,October,Fall,8776.109999999999
3/31/2021,14,15,Solar,90,Wednesday,March,Spring,8524.949999999999
5/24/2023,10,11,Solar,144,Wednesday,May,Spring,13678.56
4/20/2023,14,15,Solar,110,Thursday,April,Spring,18259.01
4/18/2024,13,14,Solar,109,Thursday,April,Spring,13849.219999999998
4/13/2024,14,15,Solar,104,Saturday,April,Spring,9368.589999999998
2/3/2025,13,14,Solar,34,Monday,February,Winter,10915.799999999997
5/3/2024,16,17,Solar,124,Friday,May,Spring,13606.109999999999
11/10/2020,15,16,Solar,315,Tuesday,November,Fall,2878.6799999999994
12/16/2023,11,12,Solar,350,Saturday,December,Winter,8515.289999999999
6/17/2025,9,10,Solar,168,Tuesday,June,Summer,10168.759999999998
8/25/2024,15,16,Solar,238,Sunday,August,Summer,8700.439999999999
6/15/2020,9,10,Solar,167,Monday,June,Summer,5195.469999999999
12/10/2022,13,14,Solar,344,Saturday,December,Winter,7145.179999999999
2/14/2023,11,12,Solar,45,Tuesday,February,Winter,10331.369999999999
2/8/2022,13,14,Solar,39,Tuesday,February,Winter,12058.9
7/20/2023,15,16,Solar,201,Thursday,July,Summer,11054.259999999998
9/7/2023,12,13,Solar,250,Thursday,September,Fall,12062.119999999999
10/10/2021,16,17,Solar,283,Sunday,October,Fall,7946.959999999999
5/17/2020,16,17,Solar,138,Sunday,May,Spring,7161.28
1/31/2024,15,16,Solar,31,Wednesday,January,Winter,9470.019999999999
11/7/2024,10,11,Solar,312,Thursday,November,Fall,7296.519999999999
2/10/2023,13,14,Solar,41,Friday,February,Winter,10505.249999999998
4/8/2021,11,12,Solar,98,Thursday,April,Spring,7203.1399999999985
4/24/2020,15,16,Solar,115,Friday,April,Spring,6116.3899999999985
7/8/2025,18,19,Solar,189,Tuesday,July,Summer,14485.169999999998
4/3/2020,10,11,Solar,94,Friday,April,Spring,5734.819999999999
9/15/2021,12,13,Solar,258,Wednesday,September,Fall,6398.1399999999985
11/27/2020,12,13,Solar,332,Friday,November,Fall,4615.869999999999
4/22/2025,14,15,Solar,112,Tuesday,April,Spring,13100.569999999998
7/8/2022,9,10,Solar,189,Friday,July,Summer,8209.39
4/14/2022,16,17,Solar,104,Thursday,April,Spring,8386.489999999998
6/12/2023,14,15,Solar,163,Monday,June,Summer,8742.299999999997
6/15/2023,11,12,Solar,166,Thursday,June,Summer,10529.399999999998
8/10/2021,14,15,Solar,222,Tuesday,August,Summer,9317.069999999998
7/12/2025,17,18,Solar,193,Saturday,July,Summer,12273.029999999997
7/12/2023,11,12,Solar,193,Wednesday,July,Summer,12868.729999999998
9/8/2020,12,13,Solar,252,Tuesday,September,Fall,6895.629999999999
3/27/2022,17,18,Solar,86,Sunday,March,Spring,6208.159999999999
6/26/2022,17,18,Solar,177,Sunday,June,Summer,5243.7699999999995
6/9/2025,14,15,Solar,160,Monday,June,Summer,7594.369999999998
5/20/2024,12,13,Solar,141,Monday,May,Spring,10640.489999999998
7/2/2022,12,13,Solar,183,Saturday,July,Summer,11662.839999999997
5/15/2022,11,12,Solar,135,Sunday,May,Spring,11971.96
5/9/2020,11,12,Solar,130,Saturday,May,Spring,5201.909999999999
9/19/2024,11,12,Solar,263,Thursday,September,Fall,21256.829999999998
8/13/2021,13,14,Solar,225,Friday,August,Summer,8570.029999999999
4/28/2021,11,12,Solar,118,Wednesday,April,Spring,4055.5899999999997
1/30/2022,15,16,Solar,30,Sunday,January,Winter,4635.19
6/4/2024,14,15,Solar,156,Tuesday,June,Summer,14019.879999999997
1/18/2025,15,16,Solar,18,Saturday,January,Winter,4739.839999999999
4/25/2024,15,16,Solar,116,Thursday,April,Spring,12442.079999999998
7/2/2025,13,14,Solar,183,Wednesday,July,Summer,18138.26
8/28/2022,16,17,Solar,240,Sunday,August,Summer,11841.55
6/15/2023,9,10,Solar,166,Thursday,June,Summer,6576.849999999999
8/24/2022,12,13,Solar,236,Wednesday,August,Summer,10307.219999999998
7/8/2025,11,12,Solar,189,Tuesday,July,Summer,19191.199999999997
2/15/2025,16,17,Solar,46,Saturday,February,Winter,8009.749999999999
6/20/2021,12,13,Solar,171,Sunday,June,Summer,5565.7699999999995
3/14/2024,12,13,Solar,74,Thursday,March,Spring,16024.329999999998
9/25/2023,14,15,Solar,268,Monday,September,Fall,10764.46
8/3/2022,11,12,Solar,215,Wednesday,August,Summer,9019.219999999998
6/17/2024,8,9,Solar,169,Monday,June,Summer,5612.459999999999
9/5/2023,18,19,Solar,248,Tuesday,September,Fall,4282.599999999999
7/5/2024,12,13,Solar,187,Friday,July,Summer,20825.349999999995
4/12/2021,9,10,Solar,102,Monday,April,Spring,5580.259999999999
3/31/2025,16,17,Solar,90,Monday,March,Spring,19477.78
7/12/2022,18,19,Solar,193,Tuesday,July,Summer,6309.589999999999
9/25/2023,12,13,Solar,268,Monday,September,Fall,10795.049999999997
9/16/2023,13,14,Solar,259,Saturday,September,Fall,13949.039999999997
10/18/2021,11,12,Solar,291,Monday,October,Fall,8172.359999999999
5/18/2024,16,17,Solar,139,Saturday,May,Spring,9001.509999999998
6/15/2021,16,17,Solar,166,Tuesday,June,Summer,6544.65
10/13/2024,13,14,Solar,287,Sunday,October,Fall,9342.83
6/20/2023,12,13,Solar,171,Tuesday,June,Summer,12157.109999999999
9/26/2023,16,17,Solar,269,Tuesday,September,Fall,8394.539999999999
7/2/2021,12,13,Solar,183,Friday,July,Summer,7362.529999999999
3/28/2022,9,10,Solar,87,Monday,March,Spring,5660.759999999999
7/17/2020,9,10,Solar,199,Friday,July,Summer,4165.07
4/15/2021,13,14,Solar,105,Thursday,April,Spring,14332.219999999998
9/2/2024,11,12,Solar,246,Monday,September,Fall,11158.909999999998
8/18/2023,18,19,Solar,230,Friday,August,Summer,7209.579999999999
9/15/2021,12,13,Solar,258,Wednesday,September,Fall,6398.1399999999985
8/18/2025,9,10,Solar,230,Monday,August,Summer,8922.619999999999
8/21/2024,12,13,Solar,234,Wednesday,August,Summer,14573.719999999998
12/26/2024,13,14,Solar,361,Thursday,December,Winter,8314.039999999999
10/30/2025,10,11,Solar,303,Thursday,October,Fall,13691.439999999997
9/5/2025,9,10,Solar,248,Friday,September,Fall,8254.47
1/13/2022,13,14,Solar,13,Thursday,January,Winter,7834.259999999999
4/19/2022,9,10,Solar,109,Tuesday,April,Spring,4784.919999999999
1/14/2025,12,13,Solar,14,Tuesday,January,Winter,10516.519999999999
8/17/2025,15,16,Solar,229,Sunday,August,Summer,18861.149999999998
2/15/2025,15,16,Solar,46,Saturday,February,Winter,11405.239999999998
6/19/2020,8,9,Solar,171,Friday,June,Summer,3413.2
10/8/2021,14,15,Solar,281,Friday,October,Fall,13316.31
6/17/2025,18,19,Solar,168,Tuesday,June,Summer,9785.58
9/1/2024,14,15,Solar,245,Sunday,September,Fall,13807.359999999999
5/22/2023,9,10,Solar,142,Monday,May,Spring,6224.259999999999
2/2/2025,14,15,Solar,33,Sunday,February,Winter,8843.73
7/14/2024,10,11,Solar,196,Sunday,July,Summer,4240.74
1/16/2024,15,16,Solar,16,Tuesday,January,Winter,3012.3099999999995
8/28/2024,11,12,Solar,241,Wednesday,August,Summer,13316.31
9/15/2022,16,17,Solar,258,Thursday,September,Fall,8244.81
5/17/2020,16,17,Solar,138,Sunday,May,Spring,7161.28
5/25/2024,14,15,Solar,146,Saturday,May,Spring,12168.379999999997
10/10/2023,17,18,Solar,283,Tuesday,October,Fall,6010.129999999999
8/5/2020,16,17,Solar,218,Wednesday,August,Summer,7737.659999999999
2/5/2025,11,12,Solar,36,Wednesday,February,Winter,9249.449999999999
12/7/2022,14,15,Solar,341,Wednesday,December,Winter,6100.289999999999
7/9/2022,13,14,Solar,190,Saturday,July,Summer,13538.489999999998
8/26/2022,16,17,Solar,238,Friday,August,Summer,9812.949999999999
1/16/2024,15,16,Solar,16,Tuesday,January,Winter,3012.3099999999995
1/17/2022,13,14,Solar,17,Monday,January,Winter,5916.75
9/29/2020,13,14,Solar,273,Tuesday,September,Fall,6222.65
5/16/2022,17,18,Solar,136,Monday,May,Spring,8220.66
5/27/2023,15,16,Solar,147,Saturday,May,Spring,8760.009999999998
8/21/2024,13,14,Solar,234,Wednesday,August,Summer,9556.96
1/13/2025,13,14,Solar,13,Monday,January,Winter,14791.069999999998
8/30/2021,14,15,Solar,242,Monday,August,Summer,13007.189999999997
11/16/2021,12,13,Solar,320,Tuesday,November,Fall,3413.2
6/14/2022,11,12,Solar,165,Tuesday,June,Summer,10585.749999999998
4/26/2024,10,11,Solar,117,Friday,April,Spring,7009.939999999999
6/6/2024,17,18,Solar,158,Thursday,June,Summer,10983.419999999998
10/14/2025,14,15,Solar,287,Tuesday,October,Fall,18001.41
7/17/2020,11,12,Solar,199,Friday,July,Summer,6507.619999999999
8/7/2025,17,18,Solar,219,Thursday,August,Summer,12926.689999999997
9/5/2025,15,16,Solar,248,Friday,September,Fall,15341.689999999997
2/10/2023,11,12,Solar,41,Friday,February,Winter,9178.609999999999
5/4/2022,10,11,Solar,124,Wednesday,May,Spring,6188.839999999999
6/3/2021,18,19,Solar,154,Thursday,June,Summer,3962.209999999999
1/13/2022,15,16,Solar,13,Thursday,January,Winter,5802.439999999999
6/14/2022,11,12,Solar,165,Tuesday,June,Summer,10585.749999999998
4/14/2021,12,13,Solar,104,Wednesday,April,Spring,14179.269999999999
9/16/2021,14,15,Solar,259,Thursday,September,Fall,5058.619999999999
4/30/2025,16,17,Solar,120,Wednesday,April,Spring,16962.96
7/7/2024,14,15,Solar,189,Sunday,July,Summer,10890.039999999999
3/19/2024,18,19,Solar,79,Tuesday,March,Spring,890.3299999999998
6/20/2021,11,12,Solar,171,Sunday,June,Summer,5834.6399999999985
7/2/2021,8,9,Solar,183,Friday,July,Summer,2621.0799999999995
1/8/2021,11,12,Solar,8,Friday,January,Winter,4617.48
9/13/2023,11,12,Solar,256,Wednesday,September,Fall,7708.679999999999
8/30/2021,14,15,Solar,242,Monday,August,Summer,13007.189999999997
9/28/2024,16,17,Solar,272,Saturday,September,Fall,11765.879999999997
6/8/2023,13,14,Solar,159,Thursday,June,Summer,14736.329999999998
3/8/2021,16,17,Solar,67,Monday,March,Spring,4646.459999999999
8/9/2024,13,14,Solar,222,Friday,August,Summer,20493.689999999995
7/13/2025,13,14,Solar,194,Sunday,July,Summer,16381.749999999998
6/22/2022,9,10,Solar,173,Wednesday,June,Summer,6084.189999999999
4/27/2020,11,12,Solar,118,Monday,April,Spring,4076.5199999999995
4/24/2020,16,17,Solar,115,Friday,April,Spring,5573.82
6/24/2023,9,10,Solar,175,Saturday,June,Summer,8608.669999999998
4/18/2022,17,18,Solar,108,Monday,April,Spring,6873.089999999999
7/9/2021,14,15,Solar,190,Friday,July,Summer,8143.379999999999
5/8/2022,12,13,Solar,128,Sunday,May,Spring,12942.789999999997
1/8/2021,11,12,Solar,8,Friday,January,Winter,4617.48
4/3/2020,10,11,Solar,94,Friday,April,Spring,5734.819999999999
1/24/2020,13,14,Solar,24,Friday,January,Winter,3287.6199999999994
1/17/2022,11,12,Solar,17,Monday,January,Winter,5182.589999999999
1/14/2025,11,12,Solar,14,Tuesday,January,Winter,9801.679999999998
10/18/2020,17,18,Solar,292,Sunday,October,Fall,2418.22
2/8/2023,11,12,Solar,39,Wednesday,February,Winter,11361.769999999999
6/16/2020,15,16,Solar,168,Tuesday,June,Summer,5593.139999999999
4/9/2022,13,14,Solar,99,Saturday,April,Spring,12195.75
5/19/2023,12,13,Solar,139,Friday,May,Spring,17106.249999999996
8/2/2022,12,13,Solar,214,Tuesday,August,Summer,10828.859999999999
6/4/2023,10,11,Solar,155,Sunday,June,Summer,11271.609999999999
10/28/2024,12,13,Solar,302,Monday,October,Fall,8972.529999999999
7/17/2020,11,12,Solar,199,Friday,July,Summer,6507.619999999999
1/13/2024,10,11,Solar,13,Saturday,January,Winter,3939.669999999999
2/8/2021,11,12,Solar,39,Monday,February,Winter,3645.0399999999995
5/4/2023,14,15,Solar,124,Thursday,May,Spring,18386.199999999997
5/19/2025,11,12,Solar,139,Monday,May,Spring,14166.389999999998
8/10/2021,8,9,Solar,222,Tuesday,August,Summer,2749.8799999999997
1/5/2020,14,15,Solar,5,Sunday,January,Winter,4752.719999999999
12/10/2022,14,15,Solar,344,Saturday,December,Winter,6335.349999999999
6/25/2020,12,13,Solar,177,Thursday,June,Summer,8140.159999999999
9/8/2020,15,16,Solar,252,Tuesday,September,Fall,6274.169999999998
8/4/2023,12,13,Solar,216,Friday,August,Summer,13755.839999999997
3/4/2025,16,17,Solar,63,Tuesday,March,Spring,7570.219999999998
9/28/2023,11,12,Solar,271,Thursday,September,Fall,9251.06
12/6/2023,11,12,Solar,340,Wednesday,December,Winter,6087.409999999999
3/22/2022,12,13,Solar,81,Tuesday,March,Spring,14320.949999999999
9/15/2023,14,15,Solar,258,Friday,September,Fall,13295.379999999997
5/26/2020,14,15,Solar,147,Tuesday,May,Spring,12279.469999999998
7/31/2025,8,9,Solar,212,Thursday,July,Summer,6465.759999999999
8/10/2023,15,16,Solar,222,Thursday,August,Summer,11670.889999999998
6/15/2023,13,14,Solar,166,Thursday,June,Summer,12126.519999999999
2/5/2025,10,11,Solar,36,Wednesday,February,Winter,7956.619999999998
8/14/2025,9,10,Solar,226,Thursday,August,Summer,6695.989999999999
3/4/2024,13,14,Solar,64,Monday,March,Spring,15190.349999999999
1/5/2020,11,12,Solar,5,Sunday,January,Winter,5284.0199999999995
1/25/2022,17,18,Solar,25,Tuesday,January,Winter,429.8699999999999
7/7/2020,17,18,Solar,189,Tuesday,July,Summer,7072.73
2/4/2023,11,12,Solar,35,Saturday,February,Winter,8087.029999999999
1/20/2025,11,12,Solar,20,Monday,January,Winter,5457.899999999999
2/8/2021,12,13,Solar,39,Monday,February,Winter,3872.0499999999997
8/16/2022,9,10,Solar,228,Tuesday,August,Summer,4675.44
8/28/2021,10,11,Solar,240,Saturday,August,Summer,9539.249999999998
2/1/2025,10,11,Solar,32,Saturday,February,Winter,7971.109999999999
5/2/2021,15,16,Solar,122,Sunday,May,Spring,8281.839999999998
2/11/2022,12,13,Solar,42,Friday,February,Winter,7792.4
1/19/2025,15,16,Solar,19,Sunday,January,Winter,4503.169999999999
10/27/2024,11,12,Solar,301,Sunday,October,Fall,6723.359999999999
3/5/2022,9,10,Solar,64,Saturday,March,Spring,5593.139999999999
7/23/2025,13,14,Solar,204,Wednesday,July,Summer,10605.069999999998
11/4/2020,12,13,Solar,309,Wednesday,November,Fall,5757.359999999999
3/28/2020,10,11,Solar,88,Saturday,March,Spring,7922.809999999999
5/30/2023,13,14,Solar,150,Tuesday,May,Spring,22660.749999999996
4/25/2023,10,11,Solar,115,Tuesday,April,Spring,7847.1399999999985
6/8/2023,13,14,Solar,159,Thursday,June,Summer,14736.329999999998
8/29/2024,16,17,Solar,242,Thursday,August,Summer,8790.599999999999
9/16/2020,15,16,Solar,260,Wednesday,September,Fall,7288.469999999998
1/24/2020,13,14,Solar,24,Friday,January,Winter,3287.6199999999994
6/14/2025,12,13,Solar,165,Saturday,June,Summer,7410.829999999999
3/30/2021,12,13,Solar,89,Tuesday,March,Spring,8407.419999999998
8/9/2025,10,11,Solar,221,Saturday,August,Summer,5551.28
7/10/2022,17,18,Solar,191,Sunday,July,Summer,13739.739999999998
5/8/2023,14,15,Solar,128,Monday,May,Spring,10703.279999999999
7/27/2021,12,13,Solar,208,Tuesday,July,Summer,8507.239999999998
3/4/2021,12,13,Solar,63,Thursday,March,Spring,5847.519999999999
5/9/2020,13,14,Solar,130,Saturday,May,Spring,6704.039999999999
5/24/2020,13,14,Solar,145,Sunday,May,Spring,9416.89
7/3/2025,14,15,Solar,184,Thursday,July,Summer,15866.55
11/10/2024,10,11,Solar,315,Sunday,November,Fall,5258.259999999999
7/15/2022,9,10,Solar,196,Friday,July,Summer,8367.169999999998
9/30/2023,11,12,Solar,273,Saturday,September,Fall,9505.439999999999
12/13/2023,5,6,Wind,347,Wednesday,December,Winter,7897.279999999999
11/14/2025,18,19,Wind,318,Friday,November,Fall,9479.679999999998
12/21/2020,23,0,Wind,356,Monday,December,Winter,11734.599999999999
6/8/2024,4,5,Wind,160,Saturday,June,Summer,2082.88
2/24/2022,1,2,Wind,55,Thursday,February,Winter,3542.92
3/7/2022,12,13,Wind,66,Monday,March,Spring,10022.48
1/4/2023,17,18,Wind,4,Wednesday,January,Winter,13246.159999999998
3/11/2020,8,9,Wind,71,Wednesday,March,Spring,9482.44
1/30/2022,4,5,Wind,30,Sunday,January,Winter,3208.96
4/1/2020,17,18,Wind,92,Wednesday,April,Spring,3529.12
12/24/2022,10,11,Wind,358,Saturday,December,Winter,5553.12
11/19/2024,16,17,Wind,324,Tuesday,November,Fall,14501.96
9/22/2020,17,18,Wind,266,Tuesday,September,Fall,2104.04
2/4/2025,3,4,Wind,35,Tuesday,February,Winter,1598.04
6/24/2025,6,7,Wind,175,Tuesday,June,Summer,2190.52
1/23/2024,13,14,Wind,23,Tuesday,January,Winter,13389.68
12/8/2021,16,17,Wind,342,Wednesday,December,Winter,3991.8799999999997
10/20/2023,8,9,Wind,293,Friday,October,Fall,4115.16
2/24/2022,9,10,Wind,55,Thursday,February,Winter,8344.4
11/25/2020,8,9,Wind,330,Wednesday,November,Fall,5733.44
7/14/2022,21,22,Wind,195,Thursday,July,Summer,4819.88
11/19/2021,4,5,Wind,323,Friday,November,Fall,1110.44
2/16/2023,18,19,Wind,47,Thursday,February,Winter,6339.72
2/26/2020,11,12,Wind,57,Wednesday,February,Winter,11833.96
2/20/2024,18,19,Wind,51,Tuesday,February,Winter,4322.16
4/15/2020,11,12,Wind,106,Wednesday,April,Spring,6747.279999999999
1/22/2020,17,18,Wind,22,Wednesday,January,Winter,4141.839999999999
12/10/2024,9,10,Wind,345,Tuesday,December,Winter,9711.52
10/23/2023,16,17,Wind,296,Monday,October,Fall,6585.36
1/9/2020,13,14,Wind,9,Thursday,January,Winter,11046.44
10/25/2020,23,0,Wind,299,Sunday,October,Fall,5500.68
10/6/2024,20,21,Wind,280,Sunday,October,Fall,7566.079999999999
7/27/2024,1,2,Wind,209,Saturday,July,Summer,384.56
4/19/2022,17,18,Wind,109,Tuesday,April,Spring,3999.24
1/7/2022,23,0,Wind,7,Friday,January,Winter,9162.279999999999
1/26/2023,15,16,Wind,26,Thursday,January,Winter,6466.68
7/10/2020,23,0,Wind,192,Friday,July,Summer,2914.56
7/28/2025,18,19,Wind,209,Monday,July,Summer,7634.16
9/24/2025,15,16,Wind,267,Wednesday,September,Fall,9179.76
7/5/2023,13,14,Wind,186,Wednesday,July,Summer,11658.24
1/2/2025,17,18,Wind,2,Thursday,January,Winter,2704.7999999999997
2/4/2022,13,14,Wind,35,Friday,February,Winter,12001.4
4/4/2025,15,16,Wind,94,Friday,April,Spring,5720.56
8/12/2021,22,23,Wind,224,Thursday,August,Summer,1069.9599999999998
2/12/2022,8,9,Wind,43,Saturday,February,Winter,5013.08
7/25/2020,13,14,Wind,207,Saturday,July,Summer,7117.12
2/27/2024,5,6,Wind,58,Tuesday,February,Winter,10938.8
8/27/2021,18,19,Wind,239,Friday,August,Summer,5504.360000000001
7/16/2022,6,7,Wind,197,Saturday,July,Summer,2915.48
1/2/2022,8,9,Wind,2,Sunday,January,Winter,9168.72
1/12/2025,21,22,Wind,12,Sunday,January,Winter,4132.639999999999
11/21/2021,17,18,Wind,325,Sunday,November,Fall,3111.44
2/21/2021,15,16,Wind,52,Sunday,February,Winter,6923.0
7/14/2025,3,4,Wind,195,Monday,July,Summer,4358.04
4/12/2022,8,9,Wind,102,Tuesday,April,Spring,7419.8
4/15/2021,19,20,Wind,105,Thursday,April,Spring,5120.72
10/19/2024,15,16,Wind,293,Saturday,October,Fall,8271.72
1/28/2020,15,16,Wind,28,Tuesday,January,Winter,11726.32
12/11/2024,23,0,Wind,346,Wednesday,December,Winter,4259.6
7/2/2023,15,16,Wind,183,Sunday,July,Summer,7452.92
11/5/2021,6,7,Wind,309,Friday,November,Fall,2738.84
1/27/2021,1,2,Wind,27,Wednesday,January,Winter,5903.639999999999
2/4/2022,8,9,Wind,35,Friday,February,Winter,7165.879999999999
2/2/2025,18,19,Wind,33,Sunday,February,Winter,935.64
11/5/2020,9,10,Wind,310,Thursday,November,Fall,5116.12
12/16/2020,11,12,Wind,351,Wednesday,December,Winter,7555.959999999999
7/31/2025,6,7,Wind,212,Thursday,July,Summer,2116.9199999999996
11/21/2022,0,1,Wind,325,Monday,November,Fall,7353.5599999999995
12/21/2024,8,9,Wind,356,Saturday,December,Winter,7485.12
11/9/2020,9,10,Wind,314,Monday,November,Fall,3043.36
2/26/2023,9,10,Wind,57,Sunday,February,Winter,15723.72
3/21/2023,21,22,Wind,80,Tuesday,March,Spring,6304.76
3/24/2023,23,0,Wind,83,Friday,March,Spring,14131.2
12/13/2020,16,17,Wind,348,Sunday,December,Winter,7498.92
7/6/2024,21,22,Wind,188,Saturday,July,Summer,6211.84
1/22/2020,12,13,Wind,22,Wednesday,January,Winter,3705.76
5/11/2020,18,19,Wind,132,Monday,May,Spring,10534.0
1/25/2025,13,14,Wind,25,Saturday,January,Winter,5820.84
5/9/2025,18,19,Wind,129,Friday,May,Spring,7098.72
12/17/2021,10,11,Wind,351,Friday,December,Winter,7304.8
2/14/2020,10,11,Wind,45,Friday,February,Winter,4306.5199999999995
2/19/2022,20,21,Wind,50,Saturday,February,Winter,13251.68
12/10/2024,8,9,Wind,345,Tuesday,December,Winter,9650.8
12/10/2023,13,14,Wind,344,Sunday,December,Winter,16134.96
1/12/2024,23,0,Wind,12,Friday,January,Winter,2590.72
10/25/2020,8,9,Wind,299,Sunday,October,Fall,7371.04
1/11/2023,14,15,Wind,11,Wednesday,January,Winter,13431.08
7/6/2022,22,23,Wind,187,Wednesday,July,Summer,2732.3999999999996
12/26/2020,5,6,Wind,361,Saturday,December,Winter,2559.44
2/10/2020,23,0,Wind,41,Monday,February,Winter,12009.68
1/3/2024,16,17,Wind,3,Wednesday,January,Winter,16811.16
5/23/2020,15,16,Wind,144,Saturday,May,Spring,7916.6
8/11/2024,23,0,Wind,224,Sunday,August,Summer,7102.400000000001
6/10/2025,0,1,Wind,161,Tuesday,June,Summer,679.88
6/9/2023,18,19,Wind,160,Friday,June,Summer,4386.56
8/26/2025,17,18,Wind,238,Tuesday,August,Summer,8285.52
5/29/2023,10,11,Wind,149,Monday,May,Spring,6369.16
1/31/2020,13,14,Wind,31,Friday,January,Winter,7555.04
6/18/2021,15,16,Wind,169,Friday,June,Summer,9648.039999999999
12/11/2022,17,18,Wind,345,Sunday,December,Winter,1128.84
1/24/2020,19,20,Wind,24,Friday,January,Winter,425.03999999999996
12/31/2021,10,11,Wind,365,Friday,December,Winter,6180.56
3/22/2021,16,17,Wind,81,Monday,March,Spring,4898.999999999999
12/22/2021,7,8,Wind,356,Wednesday,December,Winter,2849.24
3/12/2021,19,20,Wind,71,Friday,March,Spring,11439.279999999999
1/2/2020,17,18,Wind,2,Thursday,January,Winter,4365.400000000001
12/17/2024,15,16,Wind,352,Tuesday,December,Winter,5329.56
2/15/2022,18,19,Wind,46,Tuesday,February,Winter,11993.12
10/26/2020,8,9,Wind,300,Monday,October,Fall,7003.04
12/12/2023,8,9,Wind,346,Tuesday,December,Winter,6681.04
11/28/2023,10,11,Wind,332,Tuesday,November,Fall,6145.599999999999
11/14/2023,20,21,Wind,318,Tuesday,November,Fall,13258.119999999999
2/6/2020,8,9,Wind,37,Thursday,February,Winter,3374.56
4/28/2023,5,6,Wind,118,Friday,April,Spring,4476.72
11/4/2020,16,17,Wind,309,Wednesday,November,Fall,2815.2
1/4/2020,7,8,Wind,4,Saturday,January,Winter,2984.48
7/30/2025,21,22,Wind,211,Wednesday,July,Summer,2235.6
8/6/2021,10,11,Wind,218,Friday,August,Summer,10092.4
8/25/2020,3,4,Wind,238,Tuesday,August,Summer,1792.1599999999999
11/6/2021,9,10,Wind,310,Saturday,November,Fall,3747.16
2/19/2022,14,15,Wind,50,Saturday,February,Winter,14463.32
3/5/2024,17,18,Wind,65,Tuesday,March,Spring,4292.72
1/6/2022,23,0,Wind,6,Thursday,January,Winter,8000.32
11/7/2025,5,6,Wind,311,Friday,November,Fall,3599.0399999999995
1/8/2025,19,20,Wind,8,Wednesday,January,Winter,12706.12
2/6/2023,15,16,Wind,37,Monday,February,Winter,7976.400000000001
9/27/2021,19,20,Wind,270,Monday,September,Fall,3587.08
4/8/2022,20,21,Wind,98,Friday,April,Spring,8646.16
8/8/2021,20,21,Wind,220,Sunday,August,Summer,3219.08
4/3/2021,13,14,Wind,93,Saturday,April,Spring,13699.72
2/12/2022,20,21,Wind,43,Saturday,February,Winter,5885.24
4/11/2022,14,15,Wind,101,Monday,April,Spring,11565.32
2/20/2020,6,7,Wind,51,Thursday,February,Winter,6214.599999999999
12/11/2020,8,9,Wind,346,Friday,December,Winter,7670.04
5/25/2021,10,11,Wind,145,Tuesday,May,Spring,11215.720000000001
10/16/2023,4,5,Wind,289,Monday,October,Fall,5774.84
1/1/2020,8,9,Wind,1,Wednesday,January,Winter,1684.5199999999998
12/28/2024,0,1,Wind,363,Saturday,December,Winter,504.15999999999997
4/20/2023,9,10,Wind,110,Thursday,April,Spring,7242.24
12/19/2021,4,5,Wind,353,Sunday,December,Winter,3309.24
4/23/2025,9,10,Wind,113,Wednesday,April,Spring,10660.96
12/26/2020,3,4,Wind,361,Saturday,December,Winter,2725.04
1/18/2022,16,17,Wind,18,Tuesday,January,Winter,3077.3999999999996
5/24/2021,22,23,Wind,144,Monday,May,Spring,8724.359999999999
1/21/2020,15,16,Wind,21,Tuesday,January,Winter,2537.36
5/14/2025,19,20,Wind,134,Wednesday,May,Spring,5726.08
10/12/2024,12,13,Wind,286,Saturday,October,Fall,6099.599999999999
12/8/2021,22,23,Wind,342,Wednesday,December,Winter,5473.08
10/1/2021,18,19,Wind,274,Friday,October,Fall,4953.28
1/10/2022,20,21,Wind,10,Monday,January,Winter,2233.7599999999998
12/6/2023,4,5,Wind,340,Wednesday,December,Winter,2123.36
4/27/2022,18,19,Wind,117,Wednesday,April,Spring,6830.079999999999
12/17/2021,20,21,Wind,351,Friday,December,Winter,7665.44
11/5/2023,12,13,Wind,309,Sunday,November,Fall,18267.52
4/15/2021,0,1,Wind,105,Thursday,April,Spring,5093.12
4/28/2020,20,21,Wind,119,Tuesday,April,Spring,4437.16
10/16/2021,22,23,Wind,289,Saturday,October,Fall,1322.96
2/4/2021,11,12,Wind,35,Thursday,February,Winter,3078.3199999999997
2/9/2021,3,4,Wind,40,Tuesday,February,Winter,1945.8000000000002
1/4/2021,13,14,Wind,4,Monday,January,Winter,2419.6
2/19/2022,14,15,Wind,50,Saturday,February,Winter,14463.32
1/23/2024,12,13,Wind,23,Tuesday,January,Winter,12098.0
9/30/2022,7,8,Wind,273,Friday,September,Fall,1180.36
2/19/2023,4,5,Wind,50,Sunday,February,Winter,6212.76
7/4/2021,4,5,Wind,185,Sunday,July,Summer,793.04
1/7/2024,13,14,Wind,7,Sunday,January,Winter,9516.48
5/6/2025,2,3,Wind,126,Tuesday,May,Spring,10095.16
1/26/2020,16,17,Wind,26,Sunday,January,Winter,4613.8
3/13/2023,8,9,Wind,72,Monday,March,Spring,14202.04
1/15/2025,0,1,Wind,15,Wednesday,January,Winter,2461.0
1/25/2022,8,9,Wind,25,Tuesday,January,Winter,345.92
12/9/2022,9,10,Wind,343,Friday,December,Winter,2632.12
12/24/2023,10,11,Wind,358,Sunday,December,Winter,16372.32
2/18/2022,10,11,Wind,49,Friday,February,Winter,15600.44
1/24/2025,3,4,Wind,24,Friday,January,Winter,14637.2
1/31/2024,8,9,Wind,31,Wednesday,January,Winter,1023.9599999999999
12/27/2024,17,18,Wind,362,Friday,December,Winter,400.2
2/5/2021,10,11,Wind,36,Friday,February,Winter,2015.7199999999998
1/21/2022,18,19,Wind,21,Friday,January,Winter,3436.2000000000003
2/23/2022,23,0,Wind,54,Wednesday,February,Winter,2955.04
10/6/2021,17,18,Wind,279,Wednesday,October,Fall,8055.52
5/29/2023,20,21,Wind,149,Monday,May,Spring,10484.32
2/28/2022,1,2,Wind,59,Monday,February,Winter,5752.76
2/3/2021,15,16,Wind,34,Wednesday,February,Winter,12305.92
6/7/2025,18,19,Wind,158,Saturday,June,Summer,12335.36
12/11/2020,0,1,Wind,346,Friday,December,Winter,6425.28
11/8/2023,20,21,Wind,312,Wednesday,November,Fall,13505.6
9/20/2021,2,3,Wind,263,Monday,September,Fall,1640.36
11/22/2024,13,14,Wind,327,Friday,November,Fall,15075.119999999999
3/15/2025,11,12,Wind,74,Saturday,March,Spring,16332.759999999998
12/18/2024,18,19,Wind,353,Wednesday,December,Winter,13618.759999999998
3/21/2022,17,18,Wind,80,Monday,March,Spring,4250.400000000001
2/3/2023,23,0,Wind,34,Friday,February,Winter,3353.4
8/21/2025,23,0,Wind,233,Thursday,August,Summer,6658.959999999999
2/24/2022,9,10,Wind,55,Thursday,February,Winter,8344.4
1/25/2021,22,23,Wind,25,Monday,January,Winter,3868.6000000000004
12/2/2024,2,3,Wind,337,Monday,December,Winter,6748.200000000001
9/8/2021,16,17,Wind,251,Wednesday,September,Fall,5378.32
2/11/2021,17,18,Wind,42,Thursday,February,Winter,7063.759999999999
1/24/2023,10,11,Wind,24,Tuesday,January,Winter,6463.92
10/29/2023,5,6,Wind,302,Sunday,October,Fall,12995.0
1/5/2023,15,16,Wind,5,Thursday,January,Winter,5933.08
1/12/2021,2,3,Wind,12,Tuesday,January,Winter,10379.44
2/17/2025,3,4,Wind,48,Monday,February,Winter,3693.8
4/20/2023,18,19,Wind,110,Thursday,April,Spring,5766.56
8/4/2025,18,19,Wind,216,Monday,August,Summer,9227.6
2/10/2022,15,16,Wind,41,Thursday,February,Winter,4527.32
4/9/2021,16,17,Wind,99,Friday,April,Spring,6601.92
12/11/2020,12,13,Wind,346,Friday,December,Winter,7420.72
2/6/2025,11,12,Wind,37,Thursday,February,Winter,10304.92
12/6/2021,10,11,Wind,340,Monday,December,Winter,3616.52
11/19/2024,19,20,Wind,324,Tuesday,November,Fall,11136.599999999999
4/24/2022,22,23,Wind,114,Sunday,April,Spring,3770.16
4/19/2023,8,9,Wind,109,Wednesday,April,Spring,6253.24
1/18/2022,17,18,Wind,18,Tuesday,January,Winter,2621.08
11/15/2021,8,9,Wind,319,Monday,November,Fall,3391.12
12/27/2021,15,16,Wind,361,Monday,December,Winter,8974.6
12/9/2023,15,16,Wind,343,Saturday,December,Winter,16449.600000000002
5/18/2021,8,9,Wind,138,Tuesday,May,Spring,3299.12
12/11/2020,11,12,Wind,346,Friday,December,Winter,7696.72
2/18/2023,19,20,Wind,49,Saturday,February,Winter,6689.32
12/10/2020,8,9,Wind,345,Thursday,December,Winter,4170.36
1/16/2023,11,12,Wind,16,Monday,January,Winter,13020.76
12/11/2023,0,1,Wind,345,Monday,December,Winter,12477.04
4/5/2021,11,12,Wind,95,Monday,April,Spring,10134.720000000001
11/6/2025,9,10,Wind,310,Thursday,November,Fall,6169.52
2/23/2022,20,21,Wind,54,Wednesday,February,Winter,1902.56
7/11/2020,2,3,Wind,193,Saturday,July,Summer,2673.52
4/10/2024,19,20,Wind,101,Wednesday,April,Spring,4070.08
8/28/2022,3,4,Wind,240,Sunday,August,Summer,3453.68
1/28/2020,0,1,Wind,28,Tuesday,January,Winter,11026.199999999999
2/17/2023,7,8,Wind,48,Friday,February,Winter,7452.0
1/22/2024,11,12,Wind,22,Monday,January,Winter,16827.719999999998
2/27/2023,8,9,Wind,58,Monday,February,Winter,11938.84
2/28/2022,6,7,Wind,59,Monday,February,Winter,3691.96
2/25/2023,11,12,Wind,56,Saturday,February,Winter,7614.84
2/28/2023,10,11,Wind,59,Tuesday,February,Winter,9449.32
12/10/2021,12,13,Wind,344,Friday,December,Winter,14561.759999999998
1/27/2021,14,15,Wind,27,Wednesday,January,Winter,4718.679999999999
5/17/2022,8,9,Wind,137,Tuesday,May,Spring,3299.12
12/29/2020,8,9,Wind,364,Tuesday,December,Winter,3927.4799999999996
12/9/2021,13,14,Wind,343,Thursday,December,Winter,6003.92
6/20/2023,6,7,Wind,171,Tuesday,June,Summer,3433.4399999999996
5/13/2022,23,0,Wind,133,Friday,May,Spring,1795.84
1/20/2024,8,9,Wind,20,Saturday,January,Winter,2761.84
7/7/2022,1,2,Wind,188,Thursday,July,Summer,3208.96
10/21/2025,10,11,Wind,294,Tuesday,October,Fall,9186.2
1/11/2024,12,13,Wind,11,Thursday,January,Winter,6619.400000000001
11/1/2025,18,19,Wind,305,Saturday,November,Fall,8644.32
2/16/2022,9,10,Wind,47,Wednesday,February,Winter,13687.759999999998
1/27/2020,12,13,Wind,27,Monday,January,Winter,8540.359999999999
2/15/2020,12,13,Wind,46,Saturday,February,Winter,10532.16
2/23/2025,13,14,Wind,54,Sunday,February,Winter,12394.24
12/3/2023,8,9,Wind,337,Sunday,December,Winter,8296.56
12/1/2022,9,10,Wind,335,Thursday,December,Winter,4453.72
1/7/2022,18,19,Wind,7,Friday,January,Winter,9391.359999999999
9/3/2023,18,19,Wind,246,Sunday,September,Fall,6380.2
10/12/2024,14,15,Wind,286,Saturday,October,Fall,6513.599999999999
11/21/2022,15,16,Wind,325,Monday,November,Fall,11295.76
4/16/2021,14,15,Wind,106,Friday,April,Spring,8786.0
10/19/2022,15,16,Wind,292,Wednesday,October,Fall,8337.96
12/16/2022,5,6,Wind,350,Friday,December,Winter,5037.92
9/25/2020,7,8,Wind,269,Friday,September,Fall,9354.56
2/24/2022,12,13,Wind,55,Thursday,February,Winter,13890.159999999998
4/29/2022,22,23,Wind,119,Friday,April,Spring,4503.400000000001
10/17/2025,21,22,Wind,290,Friday,October,Fall,5217.32
12/25/2022,5,6,Wind,359,Sunday,December,Winter,3921.96
2/9/2022,8,9,Wind,40,Wednesday,February,Winter,3173.08
12/29/2022,12,13,Wind,363,Thursday,December,Winter,12826.64
10/20/2023,11,12,Wind,293,Friday,October,Fall,6968.079999999999
5/11/2022,5,6,Wind,131,Wednesday,May,Spring,2852.92
11/28/2020,16,17,Wind,333,Saturday,November,Fall,3075.56
12/25/2023,21,22,Wind,359,Monday,December,Winter,12381.36
8/15/2022,5,6,Wind,227,Monday,August,Summer,2100.36
7/6/2020,11,12,Wind,188,Monday,July,Summer,7154.84
2/14/2020,10,11,Wind,45,Friday,February,Winter,4306.5199999999995
10/10/2021,4,5,Wind,283,Sunday,October,Fall,1333.08
6/2/2024,8,9,Wind,154,Sunday,June,Summer,6202.639999999999
3/9/2025,2,3,Wind,68,Sunday,March,Spring,9143.88
9/14/2022,8,9,Wind,257,Wednesday,September,Fall,2736.08
12/8/2020,17,18,Wind,343,Tuesday,December,Winter,1785.7199999999998
12/25/2023,3,4,Wind,359,Monday,December,Winter,8281.84
9/16/2020,1,2,Wind,260,Wednesday,September,Fall,762.68
1/28/2023,1,2,Wind,28,Saturday,January,Winter,5076.56
12/2/2022,13,14,Wind,336,Friday,December,Winter,3301.8799999999997
12/19/2022,15,16,Wind,353,Monday,December,Winter,12811.0
1/4/2021,16,17,Wind,4,Monday,January,Winter,2545.64
12/26/2023,9,10,Wind,360,Tuesday,December,Winter,7114.36
12/22/2021,18,19,Wind,356,Wednesday,December,Winter,4559.5199999999995
12/15/2020,0,1,Wind,350,Tuesday,December,Winter,5484.12
1/21/2021,19,20,Wind,21,Thursday,January,Winter,12309.599999999999
1/18/2023,9,10,Wind,18,Wednesday,January,Winter,3146.3999999999996
12/16/2020,20,21,Wind,351,Wednesday,December,Winter,7225.679999999999
1/25/2023,8,9,Wind,25,Wednesday,January,Winter,1942.12
7/3/2025,8,9,Wind,184,Thursday,July,Summer,5002.04
1/8/2020,8,9,Wind,8,Wednesday,January,Winter,4288.12
2/6/2021,12,13,Wind,37,Saturday,February,Winter,2994.6
8/20/2020,16,17,Wind,233,Thursday,August,Summer,6714.16
3/23/2022,7,8,Wind,82,Wednesday,March,Spring,3243.92
2/24/2025,16,17,Wind,55,Monday,February,Winter,8780.48
4/5/2022,10,11,Wind,95,Tuesday,April,Spring,7294.679999999999
12/24/2020,16,17,Wind,359,Thursday,December,Winter,9215.64
11/30/2020,18,19,Wind,335,Monday,November,Fall,3491.4
1/31/2021,11,12,Wind,31,Sunday,January,Winter,3603.6399999999994
5/6/2025,10,11,Wind,126,Tuesday,May,Spring,12993.16
5/24/2025,14,15,Wind,144,Saturday,May,Spring,8051.84
2/1/2025,8,9,Wind,32,Saturday,February,Winter,2882.36
5/1/2021,9,10,Wind,121,Saturday,May,Spring,1982.6000000000001
12/20/2023,16,17,Wind,354,Wednesday,December,Winter,9527.52
1/26/2023,15,16,Wind,26,Thursday,January,Winter,6466.68
1/2/2025,15,16,Wind,2,Thursday,January,Winter,3160.2
12/6/2023,8,9,Wind,340,Wednesday,December,Winter,1364.36
5/14/2025,23,0,Wind,134,Wednesday,May,Spring,5641.44
9/13/2024,17,18,Wind,257,Friday,September,Fall,8434.56
12/1/2023,6,7,Wind,335,Friday,December,Winter,2101.28
1/10/2024,12,13,Wind,10,Wednesday,January,Winter,2490.44
12/30/2023,8,9,Wind,364,Saturday,December,Winter,6895.400000000001
2/23/2022,3,4,Wind,54,Wednesday,February,Winter,1887.84
2/1/2024,4,5,Wind,32,Thursday,February,Winter,6729.8
2/5/2021,3,4,Wind,36,Friday,February,Winter,2206.16
10/26/2021,9,10,Wind,299,Tuesday,October,Fall,2813.36
10/24/2024,16,17,Wind,298,Thursday,October,Fall,6226.56
2/23/2022,8,9,Wind,54,Wednesday,February,Winter,1403.92
10/2/2024,23,0,Wind,276,Wednesday,October,Fall,4341.48
4/20/2022,13,14,Wind,110,Wednesday,April,Spring,5657.08
5/30/2024,16,17,Wind,151,Thursday,May,Spring,12219.44
8/8/2024,22,23,Wind,221,Thursday,August,Summer,2193.28
7/13/2023,1,2,Wind,194,Thursday,July,Summer,3067.28
3/12/2020,16,17,Wind,72,Thursday,March,Spring,8745.52
2/15/2020,14,15,Wind,46,Saturday,February,Winter,10816.44
3/30/2023,11,12,Wind,89,Thursday,March,Spring,15264.64
10/2/2021,14,15,Wind,275,Saturday,October,Fall,14029.08
2/14/2020,10,11,Wind,45,Friday,February,Winter,4306.5199999999995
6/25/2025,1,2,Wind,176,Wednesday,June,Summer,821.56
1/4/2024,12,13,Wind,4,Thursday,January,Winter,10681.199999999999
12/21/2023,11,12,Wind,355,Thursday,December,Winter,17370.52
3/3/2023,15,16,Wind,62,Friday,March,Spring,6772.12
2/22/2020,12,13,Wind,53,Saturday,February,Winter,11743.8
5/9/2023,20,21,Wind,129,Tuesday,May,Spring,6079.360000000001
10/21/2020,14,15,Wind,295,Wednesday,October,Fall,14266.44
11/27/2025,14,15,Wind,331,Thursday,November,Fall,10483.4
12/18/2022,20,21,Wind,352,Sunday,December,Winter,10260.76
4/14/2023,14,15,Wind,104,Friday,April,Spring,11967.36
3/28/2025,8,9,Wind,87,Friday,March,Spring,5049.88
12/18/2022,13,14,Wind,352,Sunday,December,Winter,9149.4
2/11/2021,17,18,Wind,42,Thursday,February,Winter,7063.759999999999
1/25/2020,7,8,Wind,25,Saturday,January,Winter,1357.0
4/2/2020,2,3,Wind,93,Thursday,April,Spring,2706.64
9/26/2024,19,20,Wind,270,Thursday,September,Fall,15039.24
3/14/2025,18,19,Wind,73,Friday,March,Spring,6481.4
3/28/2021,11,12,Wind,87,Sunday,March,Spring,7573.44
1/18/2021,14,15,Wind,18,Monday,January,Winter,5352.56
7/18/2023,2,3,Wind,199,Tuesday,July,Summer,1921.88
12/26/2022,23,0,Wind,360,Monday,December,Winter,4783.999999999999
11/2/2024,3,4,Wind,307,Saturday,November,Fall,1826.2
1/4/2025,11,12,Wind,4,Saturday,January,Winter,4864.96
4/5/2021,21,22,Wind,95,Monday,April,Spring,5178.68
4/3/2025,20,21,Wind,93,Thursday,April,Spring,4661.639999999999
1/21/2022,6,7,Wind,21,Friday,January,Winter,4568.72
9/19/2023,22,23,Wind,262,Tuesday,September,Fall,6106.96
2/24/2022,19,20,Wind,55,Thursday,February,Winter,8449.279999999999
1/3/2020,7,8,Wind,3,Friday,January,Winter,8422.6
6/10/2021,4,5,Wind,161,Thursday,June,Summer,1031.32
5/20/2023,15,16,Wind,140,Saturday,May,Spring,9073.039999999999
12/7/2024,8,9,Wind,342,Saturday,December,Winter,16811.16
3/25/2020,14,15,Wind,85,Wednesday,March,Spring,6506.24
6/29/2020,10,11,Wind,181,Monday,June,Summer,5806.12
8/14/2022,18,19,Wind,226,Sunday,August,Summer,5281.72
10/4/2020,16,17,Wind,278,Sunday,October,Fall,10730.88
9/19/2022,0,1,Wind,262,Monday,September,Fall,3806.96
2/16/2022,12,13,Wind,47,Wednesday,February,Winter,15039.24
11/24/2024,8,9,Wind,329,Sunday,November,Fall,17526.92
1/23/2025,18,19,Wind,23,Thursday,January,Winter,13490.88
2/20/2025,14,15,Wind,51,Thursday,February,Winter,10713.4
12/29/2021,17,18,Wind,363,Wednesday,December,Winter,12854.24
8/29/2020,18,19,Wind,242,Saturday,August,Summer,4560.44
3/27/2022,6,7,Wind,86,Sunday,March,Spring,4844.72
1/9/2024,5,6,Wind,9,Tuesday,January,Winter,4671.76
1/26/2025,6,7,Wind,26,Sunday,January,Winter,8852.24
12/10/2023,1,2,Wind,344,Sunday,December,Winter,14526.800000000001
5/8/2021,4,5,Wind,128,Saturday,May,Spring,4358.96
7/28/2022,2,3,Wind,209,Thursday,July,Summer,3687.36
2/26/2025,18,19,Wind,57,Wednesday,February,Winter,11621.44
1/27/2025,16,17,Wind,27,Monday,January,Winter,16247.2
3/4/2023,9,10,Wind,63,Saturday,March,Spring,5393.96
3/30/2023,9,10,Wind,89,Thursday,March,Spring,12197.36
2/17/2024,18,19,Wind,48,Saturday,February,Winter,2131.64
2/20/2021,16,17,Wind,51,Saturday,February,Winter,12161.48
10/21/2024,23,0,Wind,295,Monday,October,Fall,5875.12
12/13/2023,16,17,Wind,347,Wednesday,December,Winter,7103.32
11/29/2022,9,10,Wind,333,Tuesday,November,Fall,1613.68
1/12/2024,0,1,Wind,12,Friday,January,Winter,5925.72
3/28/2020,1,2,Wind,88,Saturday,March,Spring,2192.36
12/26/2022,15,16,Wind,360,Monday,December,Winter,7633.24
1/27/2023,23,0,Wind,27,Friday,January,Winter,5606.48
9/22/2025,6,7,Wind,265,Monday,September,Fall,8371.08
2/19/2024,8,9,Wind,50,Monday,February,Winter,3773.8399999999997
9/1/2022,21,22,Wind,244,Thursday,September,Fall,2773.7999999999997
1/27/2025,11,12,Wind,27,Monday,January,Winter,17695.28
12/11/2020,9,10,Wind,346,Friday,December,Winter,7574.36
7/2/2020,18,19,Wind,184,Thursday,July,Summer,5935.84
1/16/2020,17,18,Wind,16,Thursday,January,Winter,8759.32
2/22/2023,16,17,Wind,53,Wednesday,February,Winter,2489.52
12/23/2022,13,14,Wind,357,Friday,December,Winter,15720.96
1/13/2020,16,17,Wind,13,Monday,January,Winter,8429.96
7/2/2020,19,20,Wind,184,Thursday,July,Summer,5198.92
9/1/2021,16,17,Wind,244,Wednesday,September,Fall,8772.2
3/13/2021,12,13,Wind,72,Saturday,March,Spring,16013.519999999999
4/3/2025,0,1,Wind,93,Thursday,April,Spring,10578.16
1/21/2021,18,19,Wind,21,Thursday,January,Winter,12472.44
6/1/2024,9,10,Wind,153,Saturday,June,Summer,8273.56
10/4/2020,22,23,Wind,278,Sunday,October,Fall,9629.64
11/13/2024,0,1,Wind,318,Wednesday,November,Fall,6943.24
3/16/2022,13,14,Wind,75,Wednesday,March,Spring,4461.08
12/20/2023,22,23,Wind,354,Wednesday,December,Winter,12287.52
1/28/2023,17,18,Wind,28,Saturday,January,Winter,3451.8399999999997
11/3/2022,6,7,Wind,307,Thursday,November,Fall,8797.039999999999
3/28/2024,17,18,Wind,88,Thursday,March,Spring,16892.12
5/19/2022,8,9,Wind,139,Thursday,May,Spring,3956.0
12/14/2023,13,14,Wind,348,Thursday,December,Winter,6167.68
2/3/2020,15,16,Wind,34,Monday,February,Winter,7854.959999999999
7/1/2020,2,3,Wind,183,Wednesday,July,Summer,2991.84
10/5/2020,11,12,Wind,279,Monday,October,Fall,9942.44
9/12/2020,7,8,Wind,256,Saturday,September,Fall,1290.76
6/17/2023,22,23,Wind,168,Saturday,June,Summer,1468.32
12/4/2022,8,9,Wind,338,Sunday,December,Winter,2911.7999999999997
2/3/2020,16,17,Wind,34,Monday,February,Winter,7002.12
12/15/2021,10,11,Wind,349,Wednesday,December,Winter,2908.12
12/16/2022,7,8,Wind,350,Friday,December,Winter,4753.639999999999
11/10/2020,20,21,Wind,315,Tuesday,November,Fall,713.9200000000001
7/4/2024,16,17,Wind,186,Thursday,July,Summer,8171.44
5/21/2021,11,12,Wind,141,Friday,May,Spring,13080.56
12/16/2020,9,10,Wind,351,Wednesday,December,Winter,6879.759999999999
3/31/2020,11,12,Wind,91,Tuesday,March,Spring,9292.0
4/2/2025,10,11,Wind,92,Wednesday,April,Spring,16591.28
11/22/2022,9,10,Wind,326,Tuesday,November,Fall,12454.96
1/31/2025,18,19,Wind,31,Friday,January,Winter,4972.599999999999
12/3/2023,15,16,Wind,337,Sunday,December,Winter,8579.0
12/12/2024,22,23,Wind,347,Thursday,December,Winter,3052.56
10/20/2025,15,16,Wind,293,Monday,October,Fall,17087.16
1/24/2023,8,9,Wind,24,Tuesday,January,Winter,6286.360000000001
4/24/2020,6,7,Wind,115,Friday,April,Spring,495.87999999999994
2/21/2020,16,17,Wind,52,Friday,February,Winter,6576.16
8/1/2020,3,4,Wind,214,Saturday,August,Summer,1758.12
1/29/2024,18,19,Wind,29,Monday,January,Winter,6531.08
10/30/2024,0,1,Wind,304,Wednesday,October,Fall,871.24
6/18/2024,8,9,Wind,170,Tuesday,June,Summer,3913.68
2/27/2023,8,9,Wind,58,Monday,February,Winter,11938.84
2/6/2024,11,12,Wind,37,Tuesday,February,Winter,13333.559999999998
10/15/2025,19,20,Wind,288,Wednesday,October,Fall,4673.6
12/9/2024,11,12,Wind,344,Monday,December,Winter,14088.88
4/15/2024,11,12,Wind,106,Monday,April,Spring,15619.759999999998
2/19/2020,8,9,Wind,50,Wednesday,February,Winter,6824.5599999999995
1/12/2021,16,17,Wind,12,Tuesday,January,Winter,7876.12
3/10/2021,17,18,Wind,69,Wednesday,March,Spring,9924.04
1/24/2024,12,13,Wind,24,Wednesday,January,Winter,15069.6
7/16/2025,0,1,Wind,197,Wednesday,July,Summer,5994.72
8/27/2023,17,18,Wind,239,Sunday,August,Summer,8324.16
3/7/2025,4,5,Wind,66,Friday,March,Spring,9415.279999999999
12/18/2024,9,10,Wind,353,Wednesday,December,Winter,14719.08
1/6/2025,11,12,Wind,6,Monday,January,Winter,17531.52
2/6/2025,11,12,Wind,37,Thursday,February,Winter,10304.92
1/10/2024,5,6,Wind,10,Wednesday,January,Winter,2317.48
4/15/2023,0,1,Wind,105,Saturday,April,Spring,5451.0
2/10/2021,15,16,Wind,41,Wednesday,February,Winter,7244.079999999999
2/9/2022,8,9,Wind,40,Wednesday,February,Winter,3173.08
2/25/2022,19,20,Wind,56,Friday,February,Winter,2902.6
11/10/2023,8,9,Wind,314,Friday,November,Fall,12888.279999999999
9/13/2025,10,11,Wind,256,Saturday,September,Fall,10183.48
9/7/2025,14,15,Wind,250,Sunday,September,Fall,6652.52
10/21/2021,23,0,Wind,294,Thursday,October,Fall,2255.8399999999997
9/26/2023,1,2,Wind,269,Tuesday,September,Fall,1569.52
1/29/2025,13,14,Wind,29,Wednesday,January,Winter,13052.96
3/12/2025,17,18,Wind,71,Wednesday,March,Spring,2951.36
11/19/2025,14,15,Wind,323,Wednesday,November,Fall,14039.2
5/17/2023,13,14,Wind,137,Wednesday,May,Spring,12936.12
11/8/2021,5,6,Wind,312,Monday,November,Fall,1819.76
12/25/2022,11,12,Wind,359,Sunday,December,Winter,7364.6
1/12/2023,8,9,Wind,12,Thursday,January,Winter,15037.400000000001
2/25/2021,10,11,Wind,56,Thursday,February,Winter,3994.6399999999994
2/15/2023,3,4,Wind,46,Wednesday,February,Winter,4336.88
12/13/2020,14,15,Wind,348,Sunday,December,Winter,6755.5599999999995
10/23/2020,14,15,Wind,297,Friday,October,Fall,4576.08
12/30/2023,8,9,Wind,364,Saturday,December,Winter,6895.400000000001
2/8/2020,15,16,Wind,39,Saturday,February,Winter,3005.64
9/17/2021,19,20,Wind,260,Friday,September,Fall,745.1999999999999
3/2/2025,4,5,Wind,61,Sunday,March,Spring,8452.96
1/4/2020,18,19,Wind,4,Saturday,January,Winter,2744.36
11/11/2025,2,3,Wind,315,Tuesday,November,Fall,7362.759999999999
1/17/2021,6,7,Wind,17,Sunday,January,Winter,4967.08
8/24/2024,11,12,Wind,237,Saturday,August,Summer,8440.08
9/19/2024,18,19,Wind,263,Thursday,September,Fall,8820.96
12/17/2021,0,1,Wind,351,Friday,December,Winter,6204.48
2/10/2024,13,14,Wind,41,Saturday,February,Winter,7454.759999999999
1/16/2025,12,13,Wind,16,Thursday,January,Winter,7205.44
2/22/2024,12,13,Wind,53,Thursday,February,Winter,17837.88
2/5/2024,16,17,Wind,36,Monday,February,Winter,7285.48
1/21/2024,16,17,Wind,21,Sunday,January,Winter,13270.08
12/2/2020,1,2,Wind,337,Wednesday,December,Winter,5107.84
9/26/2023,3,4,Wind,269,Tuesday,September,Fall,1766.4
6/8/2022,10,11,Wind,159,Wednesday,June,Summer,5794.16
11/14/2025,4,5,Wind,318,Friday,November,Fall,10867.04
5/24/2025,17,18,Wind,144,Saturday,May,Spring,11960.92
4/25/2024,3,4,Wind,116,Thursday,April,Spring,966.92
12/5/2023,5,6,Wind,339,Tuesday,December,Winter,11309.56
6/25/2022,0,1,Wind,176,Saturday,June,Summer,4931.2
9/24/2024,12,13,Wind,268,Tuesday,September,Fall,11267.24
11/6/2024,3,4,Wind,311,Wednesday,November,Fall,136.16
6/14/2024,13,14,Wind,166,Friday,June,Summer,12638.04
10/8/2024,14,15,Wind,282,Tuesday,October,Fall,15061.32
3/7/2022,11,12,Wind,66,Monday,March,Spring,9797.999999999998
7/2/2025,19,20,Wind,183,Wednesday,July,Summer,8077.6
5/15/2020,14,15,Wind,136,Friday,May,Spring,6426.2
12/19/2022,5,6,Wind,353,Monday,December,Winter,11617.76
6/4/2020,14,15,Wind,156,Thursday,June,Summer,5290.92
1/15/2021,11,12,Wind,15,Friday,January,Winter,6366.4
5/20/2021,1,2,Wind,140,Thursday,May,Spring,2592.56
11/17/2024,21,22,Wind,322,Sunday,November,Fall,6870.5599999999995
10/11/2023,17,18,Wind,284,Wednesday,October,Fall,6407.799999999999
5/25/2021,23,0,Wind,145,Tuesday,May,Spring,4834.599999999999
12/5/2024,8,9,Wind,340,Thursday,December,Winter,13013.4
12/4/2024,18,19,Wind,339,Wednesday,December,Winter,3622.96
2/15/2021,9,10,Wind,46,Monday,February,Winter,10385.88
2/20/2024,17,18,Wind,51,Tuesday,February,Winter,4592.639999999999
10/11/2023,7,8,Wind,284,Wednesday,October,Fall,2728.72
2/26/2020,3,4,Wind,57,Wednesday,February,Winter,10977.44
4/28/2021,8,9,Wind,118,Wednesday,April,Spring,1139.8799999999999
11/4/2020,20,21,Wind,309,Wednesday,November,Fall,4938.56
1/29/2024,7,8,Wind,29,Monday,January,Winter,6302.92
10/7/2022,2,3,Wind,280,Friday,October,Fall,1061.68
10/20/2022,0,1,Wind,293,Thursday,October,Fall,5587.16
1/26/2020,8,9,Wind,26,Sunday,January,Winter,2330.36
1/1/2022,12,13,Wind,1,Saturday,January,Winter,6326.84
5/24/2025,18,19,Wind,144,Saturday,May,Spring,10111.720000000001
6/13/2023,3,4,Wind,164,Tuesday,June,Summer,2889.72
3/13/2025,4,5,Wind,72,Thursday,March,Spring,3581.56
4/2/2023,8,9,Wind,92,Sunday,April,Spring,9311.32
12/5/2023,18,19,Wind,339,Tuesday,December,Winter,6176.88
1/22/2020,12,13,Wind,22,Wednesday,January,Winter,3705.76
2/20/2025,12,13,Wind,51,Thursday,February,Winter,11422.720000000001
2/26/2022,4,5,Wind,57,Saturday,February,Winter,2858.44
10/3/2025,17,18,Wind,276,Friday,October,Fall,9514.64
1/15/2021,15,16,Wind,15,Friday,January,Winter,4986.4
4/11/2023,17,18,Wind,101,Tuesday,April,Spring,9255.2
1/6/2023,18,19,Wind,6,Friday,January,Winter,6150.2
11/15/2021,3,4,Wind,319,Monday,November,Fall,2936.64
12/4/2023,22,23,Wind,338,Monday,December,Winter,11657.32
12/14/2021,8,9,Wind,348,Tuesday,December,Winter,853.7599999999999
5/14/2020,12,13,Wind,135,Thursday,May,Spring,9998.56
12/14/2023,15,16,Wind,348,Thursday,December,Winter,4288.12
12/15/2024,18,19,Wind,350,Sunday,December,Winter,8199.039999999999
12/30/2023,4,5,Wind,364,Saturday,December,Winter,6157.56
6/24/2021,3,4,Wind,175,Thursday,June,Summer,2010.2
10/5/2022,10,11,Wind,278,Wednesday,October,Fall,8989.32
3/18/2020,18,19,Wind,78,Wednesday,March,Spring,349.59999999999997
1/31/2025,22,23,Wind,31,Friday,January,Winter,3587.08
1/25/2023,5,6,Wind,25,Wednesday,January,Winter,1740.6399999999999
10/2/2021,15,16,Wind,275,Saturday,October,Fall,13986.759999999998
5/20/2020,6,7,Wind,141,Wednesday,May,Spring,2627.52
1/12/2023,7,8,Wind,12,Thursday,January,Winter,15151.48
8/19/2021,23,0,Wind,231,Thursday,August,Summer,864.8000000000001
5/11/2020,18,19,Wind,132,Monday,May,Spring,10534.0
1/4/2022,21,22,Wind,4,Tuesday,January,Winter,8659.039999999999
4/5/2022,12,13,Wind,95,Tuesday,April,Spring,8598.32
1/17/2025,0,1,Wind,17,Friday,January,Winter,2246.64
11/24/2024,11,12,Wind,329,Sunday,November,Fall,20865.6
1/16/2025,9,10,Wind,16,Thursday,January,Winter,5828.2
5/1/2021,0,1,Wind,121,Saturday,May,Spring,1490.3999999999999
2/22/2023,4,5,Wind,53,Wednesday,February,Winter,2820.72
2/27/2023,17,18,Wind,58,Monday,February,Winter,13658.32
12/29/2021,10,11,Wind,363,Wednesday,December,Winter,8717.0
6/23/2025,1,2,Wind,174,Monday,June,Summer,4458.32
5/22/2025,9,10,Wind,142,Thursday,May,Spring,7493.400000000001
9/7/2024,7,8,Wind,251,Saturday,September,Fall,3583.4
1/16/2022,17,18,Wind,16,Sunday,January,Winter,2356.12
4/2/2020,1,2,Wind,93,Thursday,April,Spring,2968.84
10/29/2024,7,8,Wind,303,Tuesday,October,Fall,1694.6399999999999
2/18/2020,15,16,Wind,49,Tuesday,February,Winter,10281.0
2/5/2022,16,17,Wind,36,Saturday,February,Winter,7799.759999999999
6/19/2022,6,7,Wind,170,Sunday,June,Summer,6402.28
1/2/2025,9,10,Wind,2,Thursday,January,Winter,5545.76
12/2/2020,16,17,Wind,337,Wednesday,December,Winter,1702.9199999999998
2/11/2025,5,6,Wind,42,Tuesday,February,Winter,3532.8
2/13/2025,18,19,Wind,44,Thursday,February,Winter,3196.08
1/9/2025,21,22,Wind,9,Thursday,January,Winter,5775.76
5/4/2025,21,22,Wind,124,Sunday,May,Spring,10261.68
2/6/2024,18,19,Wind,37,Tuesday,February,Winter,13710.759999999998
12/24/2023,10,11,Wind,358,Sunday,December,Winter,16372.32
2/3/2023,15,16,Wind,34,Friday,February,Winter,8644.32
8/10/2023,2,3,Wind,222,Thursday,August,Summer,2544.72
12/9/2022,12,13,Wind,343,Friday,December,Winter,3373.6399999999994
9/27/2024,18,19,Wind,271,Friday,September,Fall,12016.12
3/3/2021,8,9,Wind,62,Wednesday,March,Spring,1439.8
2/18/2023,9,10,Wind,49,Saturday,February,Winter,9471.4
11/7/2022,9,10,Wind,311,Monday,November,Fall,11978.4
1/12/2025,6,7,Wind,12,Sunday,January,Winter,2834.52
8/27/2020,16,17,Wind,240,Thursday,August,Summer,7216.48
2/7/2021,19,20,Wind,38,Sunday,February,Winter,3055.3199999999997
10/11/2024,23,0,Wind,285,Friday,October,Fall,4820.799999999999
12/4/2022,18,19,Wind,338,Sunday,December,Winter,1165.64
12/11/2022,2,3,Wind,345,Sunday,December,Winter,2109.56
3/26/2022,2,3,Wind,85,Saturday,March,Spring,7045.36
6/14/2025,2,3,Wind,165,Saturday,June,Summer,4730.639999999999
5/20/2022,6,7,Wind,140,Friday,May,Spring,2830.84
1/21/2020,14,15,Wind,21,Tuesday,January,Winter,2779.3199999999997
1/6/2023,10,11,Wind,6,Friday,January,Winter,7176.92
7/3/2023,1,2,Wind,184,Monday,July,Summer,4241.2
1/22/2022,7,8,Wind,22,Saturday,January,Winter,2502.3999999999996
4/22/2020,20,21,Wind,113,Wednesday,April,Spring,2380.04
8/26/2024,8,9,Wind,239,Monday,August,Summer,3940.36
1/23/2025,18,19,Wind,23,Thursday,January,Winter,13490.88
2/15/2023,22,23,Wind,46,Wednesday,February,Winter,4025.92
1/16/2020,14,15,Wind,16,Thursday,January,Winter,8737.24
12/6/2022,3,4,Wind,340,Tuesday,December,Winter,1713.04
3/15/2022,21,22,Wind,74,Tuesday,March,Spring,3465.6399999999994
11/17/2022,11,12,Wind,321,Thursday,November,Fall,14318.88
1/3/2020,10,11,Wind,3,Friday,January,Winter,8453.88
10/1/2020,18,19,Wind,275,Thursday,October,Fall,3530.0399999999995
2/24/2020,14,15,Wind,55,Monday,February,Winter,12686.8
10/5/2022,23,0,Wind,278,Wednesday,October,Fall,5435.360000000001
12/2/2020,13,14,Wind,337,Wednesday,December,Winter,2604.52
6/24/2022,19,20,Wind,175,Friday,June,Summer,7171.400000000001
2/21/2025,23,0,Wind,52,Friday,February,Winter,11054.720000000001
6/16/2025,4,5,Wind,167,Monday,June,Summer,2271.48
1/27/2022,22,23,Wind,27,Thursday,January,Winter,3016.6800000000003
6/7/2023,0,1,Wind,158,Wednesday,June,Summer,5003.88
5/12/2021,18,19,Wind,132,Wednesday,May,Spring,3850.2000000000003
3/3/2023,19,20,Wind,62,Friday,March,Spring,5038.84
6/18/2020,23,0,Wind,170,Thursday,June,Summer,1625.64
1/3/2023,11,12,Wind,3,Tuesday,January,Winter,6977.279999999999
3/26/2025,17,18,Wind,85,Wednesday,March,Spring,4462.92
1/29/2020,10,11,Wind,29,Wednesday,January,Winter,7480.52
12/28/2020,8,9,Wind,363,Monday,December,Winter,6300.16
3/15/2025,19,20,Wind,74,Saturday,March,Spring,10849.56
6/29/2020,1,2,Wind,181,Monday,June,Summer,2858.44
11/9/2021,2,3,Wind,313,Tuesday,November,Fall,1667.04
12/5/2020,19,20,Wind,340,Saturday,December,Winter,6001.16
1/22/2025,8,9,Wind,22,Wednesday,January,Winter,5278.96
11/15/2022,5,6,Wind,319,Tuesday,November,Fall,7439.12
2/4/2021,21,22,Wind,35,Thursday,February,Winter,3294.52
7/20/2020,6,7,Wind,202,Monday,July,Summer,2885.12
12/22/2024,20,21,Wind,357,Sunday,December,Winter,14383.279999999999
10/3/2022,21,22,Wind,276,Monday,October,Fall,1570.44
2/18/2024,11,12,Wind,49,Sunday,February,Winter,12846.88
10/14/2022,19,20,Wind,287,Friday,October,Fall,5852.12
10/12/2024,10,11,Wind,286,Saturday,October,Fall,6121.68
10/6/2020,14,15,Wind,280,Tuesday,October,Fall,11455.84
2/20/2020,8,9,Wind,51,Thursday,February,Winter,7220.16
2/15/2020,11,12,Wind,46,Saturday,February,Winter,9502.679999999998
1/28/2024,12,13,Wind,28,Sunday,January,Winter,9489.8
10/5/2024,17,18,Wind,279,Saturday,October,Fall,6878.84
1/18/2023,11,12,Wind,18,Wednesday,January,Winter,4989.16
12/4/2022,18,19,Wind,338,Sunday,December,Winter,1165.64
5/30/2022,6,7,Wind,150,Monday,May,Spring,2793.12
1/1/2020,6,7,Wind,1,Wednesday,January,Winter,2109.56
5/7/2022,8,9,Wind,127,Saturday,May,Spring,2990.0
12/27/2021,17,18,Wind,361,Monday,December,Winter,8924.92
10/2/2023,17,18,Wind,275,Monday,October,Fall,5676.4
1/4/2024,12,13,Wind,4,Thursday,January,Winter,10681.199999999999
11/19/2023,21,22,Wind,323,Sunday,November,Fall,11538.64
1/10/2020,20,21,Wind,10,Friday,January,Winter,1433.36
1/6/2023,5,6,Wind,6,Friday,January,Winter,7124.48
2/9/2025,6,7,Wind,40,Sunday,February,Winter,2691.0
6/17/2021,22,23,Wind,168,Thursday,June,Summer,2181.3199999999997
11/13/2023,9,10,Wind,317,Monday,November,Fall,15573.759999999998
1/23/2025,10,11,Wind,23,Thursday,January,Winter,8752.88
2/28/2022,20,21,Wind,59,Monday,February,Winter,3196.08
1/22/2020,5,6,Wind,22,Wednesday,January,Winter,3296.36
1/2/2021,8,9,Wind,2,Saturday,January,Winter,1572.28
7/2/2022,5,6,Wind,183,Saturday,July,Summer,854.68
11/19/2025,14,15,Wind,323,Wednesday,November,Fall,14039.2
2/8/2025,9,10,Wind,39,Saturday,February,Winter,7600.12
12/26/2021,17,18,Wind,360,Sunday,December,Winter,2565.88
3/12/2023,23,0,Wind,71,Sunday,March,Spring,12410.8
1/24/2025,9,10,Wind,24,Friday,January,Winter,17451.48
12/17/2024,22,23,Wind,352,Tuesday,December,Winter,8981.039999999999
2/24/2022,8,9,Wind,55,Thursday,February,Winter,6926.679999999999
11/25/2023,17,18,Wind,329,Saturday,November,Fall,4716.839999999999
2/8/2025,4,5,Wind,39,Saturday,February,Winter,8249.64
2/16/2023,22,23,Wind,47,Thursday,February,Winter,7583.5599999999995
1/30/2024,16,17,Wind,30,Tuesday,January,Winter,3455.52
1/21/2021,11,12,Wind,21,Thursday,January,Winter,10990.32
1/9/2023,9,10,Wind,9,Monday,January,Winter,13691.44
3/18/2023,16,17,Wind,77,Saturday,March,Spring,7103.32
12/5/2021,10,11,Wind,339,Sunday,December,Winter,7402.32
1/15/2023,4,5,Wind,15,Sunday,January,Winter,10275.48
2/15/2022,11,12,Wind,46,Tuesday,February,Winter,9090.52
1/21/2022,16,17,Wind,21,Friday,January,Winter,4535.6
3/27/2020,17,18,Wind,87,Friday,March,Spring,3427.92
10/25/2024,15,16,Wind,299,Friday,October,Fall,4566.88
5/7/2023,19,20,Wind,127,Sunday,May,Spring,2893.3999999999996
2/13/2020,11,12,Wind,44,Thursday,February,Winter,12102.599999999999
3/23/2025,8,9,Wind,82,Sunday,March,Spring,5516.32
12/10/2024,17,18,Wind,345,Tuesday,December,Winter,7253.279999999999
1/9/2023,20,21,Wind,9,Monday,January,Winter,10676.599999999999
12/22/2020,21,22,Wind,357,Tuesday,December,Winter,6910.12
2/5/2021,18,19,Wind,36,Friday,February,Winter,1629.32
1/2/2020,22,23,Wind,2,Thursday,January,Winter,6233.92
12/21/2024,21,22,Wind,356,Saturday,December,Winter,17408.24
1/22/2022,0,1,Wind,22,Saturday,January,Winter,2934.7999999999997
2/15/2020,8,9,Wind,46,Saturday,February,Winter,6759.24
2/6/2025,0,1,Wind,37,Thursday,February,Winter,3063.6
9/29/2023,17,18,Wind,272,Friday,September,Fall,5653.4
2/1/2021,14,15,Wind,32,Monday,February,Winter,7025.12
10/22/2022,17,18,Wind,295,Saturday,October,Fall,2872.24
1/5/2024,8,9,Wind,5,Friday,January,Winter,7266.16
1/7/2020,16,17,Wind,7,Tuesday,January,Winter,3873.2000000000003
1/15/2024,10,11,Wind,15,Monday,January,Winter,4804.24
6/11/2022,2,3,Wind,162,Saturday,June,Summer,961.4000000000001
7/8/2022,7,8,Wind,189,Friday,July,Summer,3059.92
2/6/2025,22,23,Wind,37,Thursday,February,Winter,10974.68
2/14/2022,22,23,Wind,45,Monday,February,Winter,5631.32
1/16/2020,10,11,Wind,16,Thursday,January,Winter,7631.400000000001
1/24/2020,9,10,Wind,24,Friday,January,Winter,1713.96
6/23/2025,22,23,Wind,174,Monday,June,Summer,3476.68
4/5/2022,13,14,Wind,95,Tuesday,April,Spring,8953.44
1/7/2024,9,10,Wind,7,Sunday,January,Winter,7195.32
12/29/2021,0,1,Wind,363,Wednesday,December,Winter,9329.72
2/11/2023,2,3,Wind,42,Saturday,February,Winter,2076.44
3/9/2024,17,18,Wind,69,Saturday,March,Spring,7448.32
4/24/2024,16,17,Wind,115,Wednesday,April,Spring,10040.88
2/24/2020,14,15,Wind,55,Monday,February,Winter,12686.8
8/24/2020,19,20,Wind,237,Monday,August,Summer,1760.88
9/25/2021,6,7,Wind,268,Saturday,September,Fall,1393.8
2/1/2023,14,15,Wind,32,Wednesday,February,Winter,10796.199999999999
2/5/2024,9,10,Wind,36,Monday,February,Winter,6387.56
2/1/2021,9,10,Wind,32,Monday,February,Winter,5054.48
12/27/2023,8,9,Wind,361,Wednesday,December,Winter,8312.2
1/19/2024,9,10,Wind,19,Friday,January,Winter,2079.2000000000003
2/24/2022,11,12,Wind,55,Thursday,February,Winter,12362.96
1/7/2024,16,17,Wind,7,Sunday,January,Winter,8681.12
7/29/2025,19,20,Wind,210,Tuesday,July,Summer,5328.639999999999
12/19/2020,0,1,Wind,354,Saturday,December,Winter,9362.84
1/15/2022,8,9,Wind,15,Saturday,January,Winter,1164.72
1/3/2025,16,17,Wind,3,Friday,January,Winter,2848.3199999999997
8/30/2024,19,20,Wind,243,Friday,August,Summer,5273.44
3/5/2024,2,3,Wind,65,Tuesday,March,Spring,5646.04
6/13/2024,7,8,Wind,165,Thursday,June,Summer,2455.48
1/23/2025,0,1,Wind,23,Thursday,January,Winter,7821.84
12/14/2020,21,22,Wind,349,Monday,December,Winter,6226.56
8/18/2025,20,21,Wind,230,Monday,August,Summer,2591.64
2/10/2021,18,19,Wind,41,Wednesday,February,Winter,4530.08
2/29/2024,2,3,Wind,60,Thursday,February,Winter,7077.5599999999995
11/8/2022,8,9,Wind,312,Tuesday,November,Fall,12724.52
11/11/2025,11,12,Wind,315,Tuesday,November,Fall,12672.08
1/24/2022,1,2,Wind,24,Monday,January,Winter,3045.2
2/4/2023,1,2,Wind,35,Saturday,February,Winter,3030.48
1/21/2025,18,19,Wind,21,Tuesday,January,Winter,4494.2
5/29/2020,11,12,Wind,150,Friday,May,Spring,6508.08
11/25/2024,11,12,Wind,330,Monday,November,Fall,11823.84
2/10/2025,15,16,Wind,41,Monday,February,Winter,5733.44
11/9/2022,20,21,Wind,313,Wednesday,November,Fall,4914.639999999999
4/20/2022,8,9,Wind,110,Wednesday,April,Spring,4017.6399999999994
12/18/2022,12,13,Wind,352,Sunday,December,Winter,9349.039999999999
2/29/2020,22,23,Wind,60,Saturday,February,Winter,10781.48
2/25/2023,4,5,Wind,56,Saturday,February,Winter,3415.96
2/1/2025,9,10,Wind,32,Saturday,February,Winter,3565.92
3/29/2022,9,10,Wind,88,Tuesday,March,Spring,2890.64
9/8/2024,6,7,Wind,252,Sunday,September,Fall,5442.72
9/2/2024,3,4,Wind,246,Monday,September,Fall,1278.8
12/26/2022,9,10,Wind,360,Monday,December,Winter,8791.52
3/1/2024,8,9,Wind,61,Friday,March,Spring,14250.800000000001
5/5/2021,13,14,Wind,125,Wednesday,May,Spring,11116.36
3/8/2024,10,11,Wind,68,Friday,March,Spring,9032.56
2/17/2021,16,17,Wind,48,Wednesday,February,Winter,6505.32
5/24/2022,10,11,Wind,144,Tuesday,May,Spring,7724.32
3/12/2024,17,18,Wind,72,Tuesday,March,Spring,9622.279999999999
2/14/2020,13,14,Wind,45,Friday,February,Winter,5702.16
3/18/2025,9,10,Wind,77,Tuesday,March,Spring,13871.759999999998
1/9/2024,7,8,Wind,9,Tuesday,January,Winter,4405.88
7/31/2023,11,12,Wind,212,Monday,July,Summer,15044.759999999998
10/18/2020,20,21,Wind,292,Sunday,October,Fall,465.52
4/9/2021,21,22,Wind,99,Friday,April,Spring,4856.679999999999
2/25/2024,17,18,Wind,56,Sunday,February,Winter,11649.96
1/21/2025,2,3,Wind,21,Tuesday,January,Winter,1217.1599999999999
8/21/2020,12,13,Wind,234,Friday,August,Summer,8741.84
2/27/2022,18,19,Wind,58,Sunday,February,Winter,3917.36
5/7/2025,7,8,Wind,127,Wednesday,May,Spring,6152.96
2/1/2024,4,5,Wind,32,Thursday,February,Winter,6729.8
1/17/2025,18,19,Wind,17,Friday,January,Winter,1006.48
7/16/2024,12,13,Wind,198,Tuesday,July,Summer,14650.08
2/5/2021,17,18,Wind,36,Friday,February,Winter,1551.12
1/14/2024,19,20,Wind,14,Sunday,January,Winter,1391.04
1/5/2025,0,1,Wind,5,Sunday,January,Winter,9646.199999999999
2/23/2025,17,18,Wind,54,Sunday,February,Winter,8656.279999999999
12/13/2022,14,15,Wind,347,Tuesday,December,Winter,3025.88
1/9/2022,11,12,Wind,9,Sunday,January,Winter,6698.52
12/2/2021,10,11,Wind,336,Thursday,December,Winter,8366.48
7/1/2024,4,5,Wind,183,Monday,July,Summer,1697.4
5/10/2023,4,5,Wind,130,Wednesday,May,Spring,6915.639999999999
1/15/2023,17,18,Wind,15,Sunday,January,Winter,13586.559999999998
1/3/2023,18,19,Wind,3,Tuesday,January,Winter,9375.72
1/9/2021,16,17,Wind,9,Saturday,January,Winter,5336.92
1/14/2020,19,20,Wind,14,Tuesday,January,Winter,11728.16
9/27/2025,19,20,Wind,270,Saturday,September,Fall,908.9599999999999
12/11/2020,9,10,Wind,346,Friday,December,Winter,7574.36
12/28/2021,17,18,Wind,362,Tuesday,December,Winter,13033.64
2/6/2021,22,23,Wind,37,Saturday,February,Winter,4783.08
8/17/2020,18,19,Wind,230,Monday,August,Summer,3342.36
2/22/2025,19,20,Wind,53,Saturday,February,Winter,2747.12
2/18/2025,8,9,Wind,49,Tuesday,February,Winter,6664.48
12/24/2020,5,6,Wind,359,Thursday,December,Winter,9275.44
5/28/2023,7,8,Wind,148,Sunday,May,Spring,4002.0
8/28/2024,19,20,Wind,241,Wednesday,August,Summer,2934.7999999999997
12/4/2020,14,15,Wind,339,Friday,December,Winter,5531.96
5/26/2023,8,9,Wind,146,Friday,May,Spring,5792.32
11/19/2025,14,15,Wind,323,Wednesday,November,Fall,14039.2
12/28/2023,18,19,Wind,362,Thursday,December,Winter,12091.56
12/10/2020,8,9,Wind,345,Thursday,December,Winter,4170.36
2/19/2023,23,0,Wind,50,Sunday,February,Winter,2737.92
4/14/2021,4,5,Wind,104,Wednesday,April,Spring,3199.76
5/5/2023,6,7,Wind,125,Friday,May,Spring,2012.96
3/15/2025,1,2,Wind,74,Saturday,March,Spring,9002.2
12/28/2021,1,2,Wind,362,Tuesday,December,Winter,11248.84
2/26/2021,17,18,Wind,57,Friday,February,Winter,3692.8799999999997
12/9/2021,12,13,Wind,343,Thursday,December,Winter,6276.24
11/25/2025,17,18,Wind,329,Tuesday,November,Fall,9894.599999999999
1/6/2023,21,22,Wind,6,Friday,January,Winter,7377.48
1/22/2024,11,12,Wind,22,Monday,January,Winter,16827.719999999998
1/12/2023,12,13,Wind,12,Thursday,January,Winter,16841.52
6/1/2024,11,12,Wind,153,Saturday,June,Summer,6202.639999999999
1/19/2020,10,11,Wind,19,Sunday,January,Winter,6108.799999999999
1/8/2024,14,15,Wind,8,Monday,January,Winter,9795.24
1/29/2020,1,2,Wind,29,Wednesday,January,Winter,9040.84
1/31/2022,11,12,Wind,31,Monday,January,Winter,14527.72
2/14/2022,8,9,Wind,45,Monday,February,Winter,10303.08
1/1/2022,9,10,Wind,1,Saturday,January,Winter,5421.56
12/20/2022,21,22,Wind,354,Tuesday,December,Winter,6842.959999999999
8/6/2021,2,3,Wind,218,Friday,August,Summer,7014.079999999999
12/14/2021,18,19,Wind,348,Tuesday,December,Winter,876.7599999999999
7/8/2020,16,17,Wind,190,Wednesday,July,Summer,6192.52
6/20/2022,6,7,Wind,171,Monday,June,Summer,3486.8
3/22/2020,1,2,Wind,82,Sunday,March,Spring,7153.0
2/19/2024,22,23,Wind,50,Monday,February,Winter,4423.36
12/14/2023,15,16,Wind,348,Thursday,December,Winter,4288.12
9/9/2024,18,19,Wind,253,Monday,September,Fall,9122.72
4/17/2024,17,18,Wind,108,Wednesday,April,Spring,11070.36
1/27/2021,12,13,Wind,27,Wednesday,January,Winter,4949.599999999999
9/12/2024,22,23,Wind,256,Thursday,September,Fall,3434.36
11/1/2023,18,19,Wind,305,Wednesday,November,Fall,11764.96
2/9/2020,23,0,Wind,40,Sunday,February,Winter,10071.24
3/19/2020,1,2,Wind,79,Thursday,March,Spring,981.64
7/15/2023,8,9,Wind,196,Saturday,July,Summer,6957.04
5/31/2024,13,14,Wind,152,Friday,May,Spring,10518.36
9/5/2025,1,2,Wind,248,Friday,September,Fall,3776.6000000000004
12/31/2022,10,11,Wind,365,Saturday,December,Winter,15406.32
11/29/2020,7,8,Wind,334,Sunday,November,Fall,4082.96
2/21/2023,21,22,Wind,52,Tuesday,February,Winter,2139.9199999999996
5/9/2021,8,9,Wind,129,Sunday,May,Spring,8752.88
1/16/2022,17,18,Wind,16,Sunday,January,Winter,2356.12
10/14/2025,5,6,Wind,287,Tuesday,October,Fall,5445.48
9/1/2024,18,19,Wind,245,Sunday,September,Fall,4540.2
1/9/2023,18,19,Wind,9,Monday,January,Winter,12215.76
1/14/2020,18,19,Wind,14,Tuesday,January,Winter,11714.36
1/12/2020,9,10,Wind,12,Sunday,January,Winter,7555.959999999999
1/28/2023,16,17,Wind,28,Saturday,January,Winter,4485.0
5/21/2022,22,23,Wind,141,Saturday,May,Spring,2071.8399999999997
2/24/2022,15,16,Wind,55,Thursday,February,Winter,13765.96
4/4/2021,20,21,Wind,94,Sunday,April,Spring,1676.2399999999998
2/28/2021,5,6,Wind,59,Sunday,February,Winter,6639.639999999999
3/5/2024,20,21,Wind,65,Tuesday,March,Spring,3001.96
2/17/2025,3,4,Wind,48,Monday,February,Winter,3693.8
4/23/2023,11,12,Wind,113,Sunday,April,Spring,10070.32
7/26/2022,21,22,Wind,207,Tuesday,July,Summer,2283.44
12/2/2021,18,19,Wind,336,Thursday,December,Winter,5173.16
5/13/2021,18,19,Wind,133,Thursday,May,Spring,3150.08
12/15/2020,18,19,Wind,350,Tuesday,December,Winter,2890.64
1/2/2023,5,6,Wind,2,Monday,January,Winter,7045.36
2/13/2022,9,10,Wind,44,Sunday,February,Winter,10904.76
11/26/2021,1,2,Wind,330,Friday,November,Fall,2389.24
1/27/2023,9,10,Wind,27,Friday,January,Winter,8544.039999999999
8/25/2025,7,8,Wind,237,Monday,August,Summer,2709.3999999999996
3/20/2021,15,16,Wind,79,Saturday,March,Spring,7836.5599999999995
6/29/2022,21,22,Wind,180,Wednesday,June,Summer,1584.24
1/8/2020,8,9,Wind,8,Wednesday,January,Winter,4288.12
1/27/2022,17,18,Wind,27,Thursday,January,Winter,3966.12
1/3/2022,3,4,Wind,3,Monday,January,Winter,9149.4
11/17/2022,16,17,Wind,321,Thursday,November,Fall,8840.279999999999
11/22/2021,12,13,Wind,326,Monday,November,Fall,11545.08
12/13/2024,17,18,Wind,348,Friday,December,Winter,607.1999999999999
9/4/2021,4,5,Wind,247,Saturday,September,Fall,882.28
11/12/2020,9,10,Wind,317,Thursday,November,Fall,4696.6
2/1/2020,19,20,Wind,32,Saturday,February,Winter,9676.56
11/16/2025,23,0,Wind,320,Sunday,November,Fall,4682.8
1/6/2022,23,0,Wind,6,Thursday,January,Winter,8000.32
1/21/2021,12,13,Wind,21,Thursday,January,Winter,11268.16
12/4/2022,18,19,Wind,338,Sunday,December,Winter,1165.64
8/25/2024,5,6,Wind,238,Sunday,August,Summer,3909.08
1/13/2023,17,18,Wind,13,Friday,January,Winter,11144.88
10/29/2025,11,12,Wind,302,Wednesday,October,Fall,7170.48
5/15/2020,10,11,Wind,136,Friday,May,Spring,6031.52
1/22/2024,12,13,Wind,22,Monday,January,Winter,16975.84
12/25/2020,22,23,Wind,360,Friday,December,Winter,3529.12
2/20/2020,10,11,Wind,51,Thursday,February,Winter,9455.76
2/4/2021,16,17,Wind,35,Thursday,February,Winter,2649.6
11/2/2020,10,11,Wind,307,Monday,November,Fall,11691.36
12/20/2023,7,8,Wind,354,Wednesday,December,Winter,7713.279999999999
8/14/2021,3,4,Wind,226,Saturday,August,Summer,1229.12
2/3/2021,11,12,Wind,34,Wednesday,February,Winter,12584.68
12/6/2022,20,21,Wind,340,Tuesday,December,Winter,1816.08
8/22/2024,6,7,Wind,235,Thursday,August,Summer,3864.92
1/15/2021,10,11,Wind,15,Friday,January,Winter,6018.639999999999
12/14/2023,15,16,Wind,348,Thursday,December,Winter,4288.12
3/7/2024,21,22,Wind,67,Thursday,March,Spring,11674.8
1/20/2021,11,12,Wind,20,Wednesday,January,Winter,12437.48
1/22/2023,15,16,Wind,22,Sunday,January,Winter,5185.12
2/1/2023,5,6,Wind,32,Wednesday,February,Winter,6722.44
1/21/2025,4,5,Wind,21,Tuesday,January,Winter,1356.08
5/5/2023,7,8,Wind,125,Friday,May,Spring,2416.8399999999997
10/14/2022,3,4,Wind,287,Friday,October,Fall,2914.56
12/21/2022,13,14,Wind,355,Wednesday,December,Winter,9774.08
2/4/2020,14,15,Wind,35,Tuesday,February,Winter,12587.44
12/6/2024,19,20,Wind,341,Friday,December,Winter,8878.92
2/15/2020,8,9,Wind,46,Saturday,February,Winter,6759.24
10/1/2020,10,11,Wind,275,Thursday,October,Fall,5988.28
10/4/2022,3,4,Wind,277,Tuesday,October,Fall,973.3599999999999
12/10/2020,8,9,Wind,345,Thursday,December,Winter,4170.36
1/7/2022,18,19,Wind,7,Friday,January,Winter,9391.359999999999
7/9/2022,18,19,Wind,190,Saturday,July,Summer,7843.0
5/22/2024,14,15,Wind,143,Wednesday,May,Spring,11227.68
6/15/2024,11,12,Wind,167,Saturday,June,Summer,9694.96
7/21/2025,15,16,Wind,202,Monday,July,Summer,16542.52
2/16/2023,22,23,Wind,47,Thursday,February,Winter,7583.5599999999995
1/14/2023,3,4,Wind,14,Saturday,January,Winter,8725.279999999999
12/19/2024,22,23,Wind,354,Thursday,December,Winter,9899.199999999999
2/9/2022,18,19,Wind,40,Wednesday,February,Winter,1582.3999999999999
8/12/2020,1,2,Wind,225,Wednesday,August,Summer,1865.76
9/15/2025,2,3,Wind,258,Monday,September,Fall,9044.52
10/25/2025,20,21,Wind,298,Saturday,October,Fall,8619.48
11/10/2020,19,20,Wind,315,Tuesday,November,Fall,682.64
9/17/2022,4,5,Wind,260,Saturday,September,Fall,4755.48
11/3/2022,15,16,Wind,307,Thursday,November,Fall,8993.0
11/25/2023,12,13,Wind,329,Saturday,November,Fall,9671.039999999999
12/10/2020,14,15,Wind,345,Thursday,December,Winter,3073.72
12/29/2023,16,17,Wind,363,Friday,December,Winter,11686.76
6/26/2022,1,2,Wind,177,Sunday,June,Summer,2288.04
8/10/2023,8,9,Wind,222,Thursday,August,Summer,3486.8
12/12/2020,1,2,Wind,347,Saturday,December,Winter,5410.52
4/12/2025,11,12,Wind,102,Saturday,April,Spring,9913.0
2/12/2024,23,0,Wind,43,Monday,February,Winter,3609.16
11/23/2025,6,7,Wind,327,Sunday,November,Fall,8599.24
1/18/2024,12,13,Wind,18,Thursday,January,Winter,6852.16
10/16/2023,3,4,Wind,289,Monday,October,Fall,5738.96
11/12/2023,17,18,Wind,316,Sunday,November,Fall,7706.84
1/15/2021,4,5,Wind,15,Friday,January,Winter,6912.879999999999
10/26/2024,2,3,Wind,300,Saturday,October,Fall,1650.48
1/14/2020,15,16,Wind,14,Tuesday,January,Winter,12708.88
12/4/2020,16,17,Wind,339,Friday,December,Winter,4656.12
12/26/2023,14,15,Wind,360,Tuesday,December,Winter,5576.12
11/22/2021,12,13,Wind,326,Monday,November,Fall,11545.08
1/14/2023,11,12,Wind,14,Saturday,January,Winter,17045.76
12/27/2022,13,14,Wind,361,Tuesday,December,Winter,5466.639999999999
6/21/2024,8,9,Wind,173,Friday,June,Summer,2647.76
12/27/2023,14,15,Wind,361,Wednesday,December,Winter,11881.8
1/6/2021,1,2,Wind,6,Wednesday,January,Winter,1349.64
1/24/2021,4,5,Wind,24,Sunday,January,Winter,3370.8799999999997
2/9/2024,12,13,Wind,40,Friday,February,Winter,12558.92
1/25/2025,13,14,Wind,25,Saturday,January,Winter,5820.84
1/21/2020,15,16,Wind,21,Tuesday,January,Winter,2537.36
5/28/2022,23,0,Wind,148,Saturday,May,Spring,6197.12
1/16/2025,9,10,Wind,16,Thursday,January,Winter,5828.2
3/3/2021,18,19,Wind,62,Wednesday,March,Spring,711.16
3/18/2021,22,23,Wind,77,Thursday,March,Spring,2952.28
9/29/2023,17,18,Wind,272,Friday,September,Fall,5653.4
11/13/2020,16,17,Wind,318,Friday,November,Fall,3519.0
4/30/2023,1,2,Wind,120,Sunday,April,Spring,3032.3199999999997
1/31/2024,18,19,Wind,31,Wednesday,January,Winter,3352.4799999999996
2/15/2020,12,13,Wind,46,Saturday,February,Winter,10532.16
2/22/2023,2,3,Wind,53,Wednesday,February,Winter,2943.08
2/23/2020,13,14,Wind,54,Sunday,February,Winter,13682.24
11/12/2021,9,10,Wind,316,Friday,November,Fall,3311.08
1/16/2022,17,18,Wind,16,Sunday,January,Winter,2356.12
11/26/2024,18,19,Wind,331,Tuesday,November,Fall,3924.72
2/26/2024,16,17,Wind,57,Monday,February,Winter,12612.279999999999
3/13/2022,17,18,Wind,72,Sunday,March,Spring,6328.68
2/18/2020,15,16,Wind,49,Tuesday,February,Winter,10281.0
7/27/2022,0,1,Wind,208,Wednesday,July,Summer,2837.28
4/27/2024,13,14,Wind,118,Saturday,April,Spring,10355.52
8/21/2024,2,3,Wind,234,Wednesday,August,Summer,5874.2
1/15/2023,13,14,Wind,15,Sunday,January,Winter,17745.88
2/10/2020,17,18,Wind,41,Monday,February,Winter,12608.599999999999
12/8/2020,1,2,Wind,343,Tuesday,December,Winter,3126.16
2/15/2024,1,2,Wind,46,Thursday,February,Winter,7700.400000000001
1/26/2021,22,23,Wind,26,Tuesday,January,Winter,6326.84
2/27/2020,9,10,Wind,58,Thursday,February,Winter,11014.24
1/28/2020,8,9,Wind,28,Tuesday,January,Winter,11819.24
1/26/2023,13,14,Wind,26,Thursday,January,Winter,6240.360000000001
11/30/2025,6,7,Wind,334,Sunday,November,Fall,4036.0399999999995
11/4/2023,16,17,Wind,308,Saturday,November,Fall,14952.759999999998
6/17/2023,3,4,Wind,168,Saturday,June,Summer,856.52
4/4/2020,22,23,Wind,95,Saturday,April,Spring,5780.360000000001
9/6/2024,3,4,Wind,250,Friday,September,Fall,1281.56
12/7/2022,9,10,Wind,341,Wednesday,December,Winter,2614.64
3/15/2021,19,20,Wind,74,Monday,March,Spring,5944.12
6/11/2022,7,8,Wind,162,Saturday,June,Summer,1261.32
7/7/2025,22,23,Wind,188,Monday,July,Summer,4749.96
12/15/2024,14,15,Wind,350,Sunday,December,Winter,9257.039999999999
8/9/2024,1,2,Wind,222,Friday,August,Summer,3768.3199999999997
1/11/2020,16,17,Wind,11,Saturday,January,Winter,3542.0
4/14/2020,6,7,Wind,105,Tuesday,April,Spring,5992.88
11/15/2022,10,11,Wind,319,Tuesday,November,Fall,10046.4
2/9/2021,13,14,Wind,40,Tuesday,February,Winter,3665.2799999999997
12/4/2023,20,21,Wind,338,Monday,December,Winter,11925.96
2/4/2020,11,12,Wind,35,Tuesday,February,Winter,12237.84
1/29/2022,13,14,Wind,29,Saturday,January,Winter,10518.36
12/21/2023,16,17,Wind,355,Thursday,December,Winter,16704.44
12/30/2024,16,17,Wind,365,Monday,December,Winter,1005.56
11/18/2020,4,5,Wind,323,Wednesday,November,Fall,4746.28
2/23/2023,6,7,Wind,54,Thursday,February,Winter,1287.08
11/2/2025,22,23,Wind,306,Sunday,November,Fall,7951.5599999999995
1/13/2022,9,10,Wind,13,Thursday,January,Winter,2919.16
1/9/2022,13,14,Wind,9,Sunday,January,Winter,5940.44
10/26/2023,14,15,Wind,299,Thursday,October,Fall,7060.079999999999
9/23/2024,17,18,Wind,267,Monday,September,Fall,7233.04
2/19/2022,13,14,Wind,50,Saturday,February,Winter,13664.759999999998
2/20/2024,17,18,Wind,51,Tuesday,February,Winter,4592.639999999999
1/22/2023,2,3,Wind,22,Sunday,January,Winter,5466.639999999999
11/28/2021,6,7,Wind,332,Sunday,November,Fall,8483.32
11/12/2020,17,18,Wind,317,Thursday,November,Fall,1195.9999999999998
11/22/2020,16,17,Wind,327,Sunday,November,Fall,982.56
2/28/2025,2,3,Wind,59,Friday,February,Winter,4233.839999999999
7/18/2021,23,0,Wind,199,Sunday,July,Summer,6338.799999999999
1/18/2022,18,19,Wind,18,Tuesday,January,Winter,2800.48
11/13/2025,14,15,Wind,317,Thursday,November,Fall,8127.279999999999
7/10/2021,3,4,Wind,191,Saturday,July,Summer,338.56
9/9/2025,8,9,Wind,252,Tuesday,September,Fall,2199.72
3/12/2023,17,18,Wind,71,Sunday,March,Spring,9529.359999999999
6/19/2024,18,19,Wind,171,Wednesday,June,Summer,7969.959999999999
1/4/2021,16,17,Wind,4,Monday,January,Winter,2545.64
2/5/2021,16,17,Wind,36,Friday,February,Winter,1838.1599999999999
2/20/2024,5,6,Wind,51,Tuesday,February,Winter,2112.3199999999997
3/11/2020,9,10,Wind,71,Wednesday,March,Spring,9915.76
4/14/2023,15,16,Wind,104,Friday,April,Spring,11785.199999999999
2/20/2023,1,2,Wind,51,Monday,February,Winter,2927.44
3/31/2021,23,0,Wind,90,Wednesday,March,Spring,1320.1999999999998
9/26/2024,10,11,Wind,270,Thursday,September,Fall,13998.72
10/3/2025,21,22,Wind,276,Friday,October,Fall,12300.4
10/19/2024,8,9,Wind,293,Saturday,October,Fall,5830.96
11/6/2024,23,0,Wind,311,Wednesday,November,Fall,1915.4399999999998
11/21/2023,14,15,Wind,325,Tuesday,November,Fall,6841.12
11/6/2023,17,18,Wind,310,Monday,November,Fall,8263.44
5/16/2025,18,19,Wind,136,Friday,May,Spring,10053.76
1/4/2022,4,5,Wind,4,Tuesday,January,Winter,6789.6
10/6/2020,20,21,Wind,280,Tuesday,October,Fall,10374.84
1/28/2023,2,3,Wind,28,Saturday,January,Winter,5245.84
5/3/2020,5,6,Wind,124,Sunday,May,Spring,1887.84
9/27/2021,18,19,Wind,270,Monday,September,Fall,5555.88
12/6/2021,16,17,Wind,340,Monday,December,Winter,8542.2
1/10/2023,3,4,Wind,10,Tuesday,January,Winter,7230.279999999999
11/9/2024,3,4,Wind,314,Saturday,November,Fall,1195.9999999999998
9/24/2022,5,6,Wind,267,Saturday,September,Fall,994.52
12/1/2021,16,17,Wind,335,Wednesday,December,Winter,8333.359999999999
1/29/2025,13,14,Wind,29,Wednesday,January,Winter,13052.96
2/7/2020,13,14,Wind,38,Friday,February,Winter,5189.72
12/16/2024,14,15,Wind,351,Monday,December,Winter,6489.68
4/8/2023,21,22,Wind,98,Saturday,April,Spring,2942.16
2/15/2023,8,9,Wind,46,Wednesday,February,Winter,4644.16
12/5/2020,8,9,Wind,340,Saturday,December,Winter,5567.84
11/7/2023,16,17,Wind,311,Tuesday,November,Fall,7367.36
1/24/2023,12,13,Wind,24,Tuesday,January,Winter,6160.32
1/21/2020,8,9,Wind,21,Tuesday,January,Winter,3155.6
2/9/2024,12,13,Wind,40,Friday,February,Winter,12558.92
12/7/2021,8,9,Wind,341,Tuesday,December,Winter,5049.88
12/5/2023,9,10,Wind,339,Tuesday,December,Winter,11211.12
12/18/2022,23,0,Wind,352,Sunday,December,Winter,10879.92
3/7/2024,9,10,Wind,67,Thursday,March,Spring,8308.52
3/27/2021,15,16,Wind,86,Saturday,March,Spring,9577.199999999999
11/17/2024,12,13,Wind,322,Sunday,November,Fall,5866.84
3/15/2021,3,4,Wind,74,Monday,March,Spring,10049.16
4/3/2021,4,5,Wind,93,Saturday,April,Spring,7004.879999999999
3/26/2021,11,12,Wind,85,Friday,March,Spring,9116.279999999999
4/15/2022,5,6,Wind,105,Friday,April,Spring,1167.48
2/22/2023,17,18,Wind,53,Wednesday,February,Winter,1874.04
2/18/2022,6,7,Wind,49,Friday,February,Winter,11897.44
1/27/2025,6,7,Wind,27,Monday,January,Winter,16016.279999999999
3/9/2021,5,6,Wind,68,Tuesday,March,Spring,1738.8000000000002
12/21/2022,12,13,Wind,355,Wednesday,December,Winter,9416.2
3/12/2021,18,19,Wind,71,Friday,March,Spring,12249.8
1/12/2025,15,16,Wind,12,Sunday,January,Winter,6118.92
9/4/2022,19,20,Wind,247,Sunday,September,Fall,2277.0
1/25/2021,8,9,Wind,25,Monday,January,Winter,4612.88
11/9/2023,2,3,Wind,313,Thursday,November,Fall,8678.359999999999
2/17/2025,1,2,Wind,48,Monday,February,Winter,3764.6399999999994
1/31/2021,6,7,Wind,31,Sunday,January,Winter,2768.28
1/21/2025,3,4,Wind,21,Tuesday,January,Winter,1279.72
1/30/2025,11,12,Wind,30,Thursday,January,Winter,8364.64
10/16/2025,19,20,Wind,289,Thursday,October,Fall,3902.6399999999994
10/16/2022,2,3,Wind,289,Sunday,October,Fall,3277.0399999999995
2/6/2025,12,13,Wind,37,Thursday,February,Winter,11524.84
7/5/2023,13,14,Wind,186,Wednesday,July,Summer,11658.24
12/3/2021,23,0,Wind,337,Friday,December,Winter,8970.0
1/22/2023,19,20,Wind,22,Sunday,January,Winter,3461.96
4/8/2021,2,3,Wind,98,Thursday,April,Spring,653.1999999999999
2/19/2022,15,16,Wind,50,Saturday,February,Winter,14573.72
2/18/2021,6,7,Wind,49,Thursday,February,Winter,10155.88
6/23/2024,5,6,Wind,175,Sunday,June,Summer,2139.9199999999996
3/14/2021,5,6,Wind,73,Sunday,March,Spring,9285.56
3/10/2025,8,9,Wind,69,Monday,March,Spring,3193.3199999999997
10/16/2020,9,10,Wind,290,Friday,October,Fall,3070.96
11/16/2021,3,4,Wind,320,Tuesday,November,Fall,649.52
3/7/2024,0,1,Wind,67,Thursday,March,Spring,2829.92
3/9/2022,18,19,Wind,68,Wednesday,March,Spring,4198.88
3/14/2022,14,15,Wind,73,Monday,March,Spring,4557.679999999999
10/30/2023,18,19,Wind,303,Monday,October,Fall,7035.24
12/12/2023,6,7,Wind,346,Tuesday,December,Winter,5674.56
2/26/2024,14,15,Wind,57,Monday,February,Winter,13230.519999999999
1/20/2020,17,18,Wind,20,Monday,January,Winter,4916.48
12/10/2024,20,21,Wind,345,Tuesday,December,Winter,7203.6
10/29/2025,2,3,Wind,302,Wednesday,October,Fall,5415.12
1/23/2023,1,2,Wind,23,Monday,January,Winter,3308.3199999999997
8/10/2022,21,22,Wind,222,Wednesday,August,Summer,5110.599999999999
4/28/2025,0,1,Wind,118,Monday,April,Spring,3194.24
10/22/2020,14,15,Wind,296,Thursday,October,Fall,4189.679999999999
11/7/2020,10,11,Wind,312,Saturday,November,Fall,5172.24
4/7/2022,13,14,Wind,97,Thursday,April,Spring,16280.32
1/9/2022,15,16,Wind,9,Sunday,January,Winter,3804.2000000000003
2/24/2021,10,11,Wind,55,Wednesday,February,Winter,6553.16
12/3/2023,5,6,Wind,337,Sunday,December,Winter,6312.12
9/5/2024,8,9,Wind,249,Thursday,September,Fall,5822.68
1/14/2025,17,18,Wind,14,Tuesday,January,Winter,1568.6
1/27/2025,13,14,Wind,27,Monday,January,Winter,18448.76
12/8/2023,21,22,Wind,342,Friday,December,Winter,7032.48
6/3/2021,20,21,Wind,154,Thursday,June,Summer,1205.1999999999998
7/27/2023,14,15,Wind,208,Thursday,July,Summer,14832.24
11/14/2022,8,9,Wind,318,Monday,November,Fall,3560.4
5/31/2024,16,17,Wind,152,Friday,May,Spring,6521.88
12/9/2024,10,11,Wind,344,Monday,December,Winter,14018.04
1/22/2025,8,9,Wind,22,Wednesday,January,Winter,5278.96
10/19/2025,19,20,Wind,292,Sunday,October,Fall,12185.4
1/22/2023,10,11,Wind,22,Sunday,January,Winter,6487.84
4/13/2025,13,14,Wind,103,Sunday,April,Spring,4400.36
1/3/2023,10,11,Wind,3,Tuesday,January,Winter,6221.96
1/14/2023,13,14,Wind,14,Saturday,January,Winter,17458.84
2/18/2021,14,15,Wind,49,Thursday,February,Winter,10274.56
1/18/2024,23,0,Wind,18,Thursday,January,Winter,3363.52
12/18/2021,15,16,Wind,352,Saturday,December,Winter,5270.68
3/27/2024,16,17,Wind,87,Wednesday,March,Spring,12677.599999999999
11/19/2025,16,17,Wind,323,Wednesday,November,Fall,12222.199999999999
12/9/2024,8,9,Wind,344,Monday,December,Winter,14108.2
10/31/2020,9,10,Wind,305,Saturday,October,Fall,7538.48
9/28/2022,14,15,Wind,271,Wednesday,September,Fall,5593.599999999999
11/7/2020,10,11,Wind,312,Saturday,November,Fall,5172.24
10/1/2024,15,16,Wind,275,Tuesday,October,Fall,7521.92
11/7/2025,8,9,Wind,311,Friday,November,Fall,4163.92
12/28/2023,10,11,Wind,362,Thursday,December,Winter,13372.2
9/3/2025,19,20,Wind,246,Wednesday,September,Fall,14086.119999999999
12/15/2021,10,11,Wind,349,Wednesday,December,Winter,2908.12
11/23/2021,16,17,Wind,327,Tuesday,November,Fall,7000.279999999999
3/5/2025,6,7,Wind,64,Wednesday,March,Spring,2019.4
1/5/2020,19,20,Wind,5,Sunday,January,Winter,1625.64
4/5/2024,3,4,Wind,96,Friday,April,Spring,8244.12
7/15/2024,4,5,Wind,197,Monday,July,Summer,1305.48
6/25/2025,4,5,Wind,176,Wednesday,June,Summer,1608.1599999999999
10/26/2025,15,16,Wind,299,Sunday,October,Fall,13300.44
1/24/2025,17,18,Wind,24,Friday,January,Winter,11616.84
1/10/2025,18,19,Wind,10,Friday,January,Winter,2322.08
2/24/2020,7,8,Wind,55,Monday,February,Winter,6206.32
2/11/2021,1,2,Wind,42,Thursday,February,Winter,3750.8399999999997
11/7/2020,16,17,Wind,312,Saturday,November,Fall,3439.8799999999997
11/6/2023,8,9,Wind,310,Monday,November,Fall,10535.84
4/1/2022,18,19,Wind,91,Friday,April,Spring,12650.92
1/17/2024,20,21,Wind,17,Wednesday,January,Winter,6743.6
2/27/2023,15,16,Wind,58,Monday,February,Winter,15813.88
7/27/2020,22,23,Wind,209,Monday,July,Summer,5028.72
1/5/2022,12,13,Wind,5,Wednesday,January,Winter,7391.279999999999
5/20/2021,13,14,Wind,140,Thursday,May,Spring,9493.48
3/15/2022,18,19,Wind,74,Tuesday,March,Spring,2373.6
10/19/2023,11,12,Wind,292,Thursday,October,Fall,9476.92
1/8/2022,8,9,Wind,8,Saturday,January,Winter,6780.400000000001
4/17/2023,23,0,Wind,107,Monday,April,Spring,6722.44
1/27/2022,17,18,Wind,27,Thursday,January,Winter,3966.12
1/21/2023,0,1,Wind,21,Saturday,January,Winter,5444.56
6/23/2023,22,23,Wind,174,Friday,June,Summer,1881.4
12/11/2024,9,10,Wind,346,Wednesday,December,Winter,5363.599999999999
3/23/2020,17,18,Wind,83,Monday,March,Spring,6208.16
8/19/2023,6,7,Wind,231,Saturday,August,Summer,3233.7999999999997
4/12/2024,21,22,Wind,103,Friday,April,Spring,863.88
8/25/2025,8,9,Wind,237,Monday,August,Summer,3593.52
12/14/2023,12,13,Wind,348,Thursday,December,Winter,6460.24
8/14/2022,5,6,Wind,226,Sunday,August,Summer,3166.64
10/28/2021,6,7,Wind,301,Thursday,October,Fall,5369.12
12/12/2024,16,17,Wind,347,Thursday,December,Winter,2374.52
11/13/2024,18,19,Wind,318,Wednesday,November,Fall,4784.92
1/31/2023,11,12,Wind,31,Tuesday,January,Winter,7111.6
10/16/2020,18,19,Wind,290,Friday,October,Fall,1505.12
1/20/2024,8,9,Wind,20,Saturday,January,Winter,2761.84
1/31/2024,23,0,Wind,31,Wednesday,January,Winter,7307.5599999999995
2/22/2023,17,18,Wind,53,Wednesday,February,Winter,1874.04
11/10/2023,14,15,Wind,314,Friday,November,Fall,16870.04
1/24/2022,8,9,Wind,24,Monday,January,Winter,2671.6800000000003
1/27/2021,11,12,Wind,27,Wednesday,January,Winter,4803.32
2/4/2024,21,22,Wind,35,Sunday,February,Winter,7273.52
9/28/2020,13,14,Wind,272,Monday,September,Fall,5763.799999999999
3/24/2024,1,2,Wind,84,Sunday,March,Spring,9107.08
1/27/2023,16,17,Wind,27,Friday,January,Winter,7477.759999999999
10/15/2024,0,1,Wind,289,Tuesday,October,Fall,1092.04
9/19/2025,22,23,Wind,262,Friday,September,Fall,6440.0
3/14/2021,18,19,Wind,73,Sunday,March,Spring,8583.6
1/6/2025,8,9,Wind,6,Monday,January,Winter,17333.719999999998
12/22/2024,23,0,Wind,357,Sunday,December,Winter,14928.84
2/10/2021,5,6,Wind,41,Wednesday,February,Winter,6752.8
2/8/2024,10,11,Wind,39,Thursday,February,Winter,14622.48
1/4/2022,13,14,Wind,4,Tuesday,January,Winter,5446.4
1/15/2024,11,12,Wind,15,Monday,January,Winter,5607.4
2/12/2025,18,19,Wind,43,Wednesday,February,Winter,436.0799999999999
4/15/2024,18,19,Wind,106,Monday,April,Spring,16529.64
10/26/2022,7,8,Wind,299,Wednesday,October,Fall,6839.279999999999
1/14/2023,1,2,Wind,14,Saturday,January,Winter,7600.12
5/15/2020,8,9,Wind,136,Friday,May,Spring,4667.16
7/31/2021,17,18,Wind,212,Saturday,July,Summer,4236.6
2/23/2024,10,11,Wind,54,Friday,February,Winter,14953.68
7/21/2024,8,9,Wind,203,Sunday,July,Summer,3011.16
7/2/2020,16,17,Wind,184,Thursday,July,Summer,6584.44
1/9/2025,20,21,Wind,9,Thursday,January,Winter,5952.4
1/28/2025,14,15,Wind,28,Tuesday,January,Winter,18862.76
2/19/2022,22,23,Wind,50,Saturday,February,Winter,12645.4
10/10/2023,20,21,Wind,283,Tuesday,October,Fall,1996.4
9/24/2024,21,22,Wind,268,Tuesday,September,Fall,3873.2000000000003
1/4/2023,4,5,Wind,4,Wednesday,January,Winter,13240.64
2/17/2022,8,9,Wind,48,Thursday,February,Winter,13228.68
10/19/2022,23,0,Wind,292,Wednesday,October,Fall,5799.68
12/4/2023,8,9,Wind,338,Monday,December,Winter,12903.0
2/20/2024,9,10,Wind,51,Tuesday,February,Winter,4269.72
3/25/2025,17,18,Wind,84,Tuesday,March,Spring,4671.76
6/22/2024,17,18,Wind,174,Saturday,June,Summer,6960.72
2/24/2023,16,17,Wind,55,Friday,February,Winter,4105.96
2/2/2022,6,7,Wind,33,Wednesday,February,Winter,6886.200000000001
3/11/2020,12,13,Wind,71,Wednesday,March,Spring,11189.96
4/9/2021,15,16,Wind,99,Friday,April,Spring,6927.6
12/29/2023,16,17,Wind,363,Friday,December,Winter,11686.76
1/9/2020,15,16,Wind,9,Thursday,January,Winter,9959.0
11/22/2021,21,22,Wind,326,Monday,November,Fall,9073.96
1/7/2023,22,23,Wind,7,Saturday,January,Winter,12047.4
3/7/2021,8,9,Wind,66,Sunday,March,Spring,1860.2399999999998
4/24/2024,11,12,Wind,115,Wednesday,April,Spring,9027.96
11/20/2022,17,18,Wind,324,Sunday,November,Fall,8322.32
1/9/2021,23,0,Wind,9,Saturday,January,Winter,4897.16
2/19/2022,14,15,Wind,50,Saturday,February,Winter,14463.32
12/19/2024,5,6,Wind,354,Thursday,December,Winter,16283.08
3/19/2020,19,20,Wind,79,Thursday,March,Spring,2457.3199999999997
10/9/2024,9,10,Wind,283,Wednesday,October,Fall,9760.279999999999
2/22/2023,4,5,Wind,53,Wednesday,February,Winter,2820.72
12/22/2022,1,2,Wind,356,Thursday,December,Winter,12225.88
2/20/2022,12,13,Wind,51,Sunday,February,Winter,15928.88
1/27/2021,14,15,Wind,27,Wednesday,January,Winter,4718.679999999999
9/22/2023,1,2,Wind,265,Friday,September,Fall,7099.639999999999
12/19/2021,14,15,Wind,353,Sunday,December,Winter,3815.24
5/16/2022,9,10,Wind,136,Monday,May,Spring,6278.08
8/19/2020,9,10,Wind,232,Wednesday,August,Summer,3406.76
4/15/2022,4,5,Wind,105,Friday,April,Spring,1190.48
12/15/2021,18,19,Wind,349,Wednesday,December,Winter,1483.04
2/4/2025,6,7,Wind,35,Tuesday,February,Winter,1746.1599999999999
12/15/2024,8,9,Wind,350,Sunday,December,Winter,5564.16
5/16/2021,2,3,Wind,136,Sunday,May,Spring,4489.6
2/10/2021,15,16,Wind,41,Wednesday,February,Winter,7244.079999999999
7/24/2023,15,16,Wind,205,Monday,July,Summer,12319.720000000001
7/22/2020,2,3,Wind,204,Wednesday,July,Summer,4370.0
9/27/2022,9,10,Wind,270,Tuesday,September,Fall,7371.04
7/25/2023,13,14,Wind,206,Tuesday,July,Summer,10039.04
10/28/2024,8,9,Wind,302,Monday,October,Fall,2346.9199999999996
5/9/2021,14,15,Wind,129,Sunday,May,Spring,10338.96
12/3/2024,5,6,Wind,338,Tuesday,December,Winter,3761.8799999999997
1/31/2025,5,6,Wind,31,Friday,January,Winter,2497.7999999999997
1/13/2020,19,20,Wind,13,Monday,January,Winter,10553.32
2/9/2021,2,3,Wind,40,Tuesday,February,Winter,1795.84
9/8/2024,15,16,Wind,252,Sunday,September,Fall,11632.48
2/17/2020,16,17,Wind,48,Monday,February,Winter,11270.0
4/8/2024,2,3,Wind,99,Monday,April,Spring,3214.48
1/8/2024,3,4,Wind,8,Monday,January,Winter,10533.08
2/29/2024,10,11,Wind,60,Thursday,February,Winter,10166.0
1/23/2024,12,13,Wind,23,Tuesday,January,Winter,12098.0
10/24/2025,8,9,Wind,297,Friday,October,Fall,11481.599999999999
3/4/2020,9,10,Wind,64,Wednesday,March,Spring,3451.8399999999997
1/13/2024,0,1,Wind,13,Saturday,January,Winter,2302.7599999999998
1/4/2024,12,13,Wind,4,Thursday,January,Winter,10681.199999999999
12/20/2022,9,10,Wind,354,Tuesday,December,Winter,11673.88
9/24/2023,19,20,Wind,267,Sunday,September,Fall,3625.72
2/19/2024,8,9,Wind,50,Monday,February,Winter,3773.8399999999997
4/24/2021,16,17,Wind,114,Saturday,April,Spring,7513.639999999999
1/26/2025,1,2,Wind,26,Sunday,January,Winter,9535.8
1/4/2022,11,12,Wind,4,Tuesday,January,Winter,5497.0
8/8/2022,18,19,Wind,220,Monday,August,Summer,7869.679999999999
2/26/2025,8,9,Wind,57,Wednesday,February,Winter,7582.639999999999
5/8/2025,16,17,Wind,128,Thursday,May,Spring,4824.48
7/7/2020,5,6,Wind,189,Tuesday,July,Summer,1899.8000000000002
12/31/2021,12,13,Wind,365,Friday,December,Winter,6105.12
2/22/2020,16,17,Wind,53,Saturday,February,Winter,9480.599999999999
10/29/2020,9,10,Wind,303,Thursday,October,Fall,7013.16
2/16/2020,17,18,Wind,47,Sunday,February,Winter,11619.599999999999
1/18/2022,12,13,Wind,18,Tuesday,January,Winter,5040.68
1/28/2022,18,19,Wind,28,Friday,January,Winter,2256.7599999999998
7/23/2025,0,1,Wind,204,Wednesday,July,Summer,1303.64
2/4/2021,3,4,Wind,35,Thursday,February,Winter,3361.68
2/17/2020,17,18,Wind,48,Monday,February,Winter,10647.16
3/31/2020,16,17,Wind,91,Tuesday,March,Spring,9768.56
5/20/2023,15,16,Wind,140,Saturday,May,Spring,9073.039999999999
11/28/2022,19,20,Wind,332,Monday,November,Fall,3003.7999999999997
2/6/2023,4,5,Wind,37,Monday,February,Winter,6533.84
4/25/2022,3,4,Wind,115,Monday,April,Spring,3186.88
4/3/2025,12,13,Wind,93,Thursday,April,Spring,6202.639999999999
2/8/2020,7,8,Wind,39,Saturday,February,Winter,4978.12
3/2/2024,23,0,Wind,62,Saturday,March,Spring,3086.6
3/20/2020,13,14,Wind,80,Friday,March,Spring,6846.639999999999
1/5/2024,8,9,Wind,5,Friday,January,Winter,7266.16
12/6/2021,9,10,Wind,340,Monday,December,Winter,2759.08
3/26/2021,13,14,Wind,85,Friday,March,Spring,10637.96
9/8/2021,9,10,Wind,251,Wednesday,September,Fall,4511.679999999999
2/25/2020,18,19,Wind,56,Tuesday,February,Winter,10277.32
4/3/2020,22,23,Wind,94,Friday,April,Spring,790.28
12/23/2021,11,12,Wind,357,Thursday,December,Winter,8667.32
9/27/2024,11,12,Wind,271,Friday,September,Fall,16761.48
5/18/2020,20,21,Wind,139,Monday,May,Spring,2613.72
3/29/2020,23,0,Wind,89,Sunday,March,Spring,11588.32
1/22/2024,3,4,Wind,22,Monday,January,Winter,15414.6
12/2/2024,10,11,Wind,337,Monday,December,Winter,7969.959999999999
2/9/2022,1,2,Wind,40,Wednesday,February,Winter,2339.56
8/3/2023,11,12,Wind,215,Thursday,August,Summer,11916.76
7/3/2024,20,21,Wind,185,Wednesday,July,Summer,5649.72
9/3/2020,5,6,Wind,247,Thursday,September,Fall,1309.1599999999999
1/8/2025,6,7,Wind,8,Wednesday,January,Winter,3551.2000000000003
11/19/2021,7,8,Wind,323,Friday,November,Fall,1218.9999999999998
2/16/2023,17,18,Wind,47,Thursday,February,Winter,6493.360000000001
2/3/2022,22,23,Wind,34,Thursday,February,Winter,3472.08
8/28/2021,16,17,Wind,240,Saturday,August,Summer,8636.039999999999
8/7/2023,6,7,Wind,219,Monday,August,Summer,2748.96
11/22/2024,10,11,Wind,327,Friday,November,Fall,13147.72
4/8/2022,17,18,Wind,98,Friday,April,Spring,11219.4
11/16/2021,21,22,Wind,320,Tuesday,November,Fall,1256.72
1/18/2024,7,8,Wind,18,Thursday,January,Winter,7665.44
2/25/2024,9,10,Wind,56,Sunday,February,Winter,9624.12
2/11/2024,16,17,Wind,42,Sunday,February,Winter,12754.88
10/17/2025,8,9,Wind,290,Friday,October,Fall,4657.96
11/3/2021,12,13,Wind,307,Wednesday,November,Fall,4304.679999999999
4/14/2020,12,13,Wind,105,Tuesday,April,Spring,8243.2
12/27/2021,15,16,Wind,361,Monday,December,Winter,8974.6
3/11/2021,19,20,Wind,70,Thursday,March,Spring,12735.56
2/8/2022,7,8,Wind,39,Tuesday,February,Winter,4247.639999999999
7/19/2022,1,2,Wind,200,Tuesday,July,Summer,5612.92
10/25/2020,7,8,Wind,299,Sunday,October,Fall,7621.279999999999
5/25/2021,10,11,Wind,145,Tuesday,May,Spring,11215.720000000001
12/24/2024,16,17,Wind,359,Tuesday,December,Winter,2639.48
7/16/2020,9,10,Wind,198,Thursday,July,Summer,2579.6800000000003
6/10/2024,9,10,Wind,162,Monday,June,Summer,9376.64
7/13/2025,0,1,Wind,194,Sunday,July,Summer,3886.08
12/7/2020,18,19,Wind,342,Monday,December,Winter,2690.08
4/27/2022,9,10,Wind,117,Wednesday,April,Spring,5164.88
2/15/2023,2,3,Wind,46,Wednesday,February,Winter,4418.76
12/18/2024,17,18,Wind,353,Wednesday,December,Winter,13004.199999999999
10/2/2021,15,16,Wind,275,Saturday,October,Fall,13986.759999999998
11/22/2024,9,10,Wind,327,Friday,November,Fall,11719.88
4/24/2023,10,11,Wind,114,Monday,April,Spring,7567.92
4/16/2022,16,17,Wind,106,Saturday,April,Spring,9841.24
2/20/2022,23,0,Wind,51,Sunday,February,Winter,14194.68
6/5/2024,23,0,Wind,157,Wednesday,June,Summer,1591.6
3/12/2020,10,11,Wind,72,Thursday,March,Spring,7383.92
5/28/2025,23,0,Wind,148,Wednesday,May,Spring,4497.88
10/31/2023,12,13,Wind,304,Tuesday,October,Fall,10879.0
3/27/2024,18,19,Wind,87,Wednesday,March,Spring,10290.199999999999
2/24/2020,14,15,Wind,55,Monday,February,Winter,12686.8
6/3/2025,21,22,Wind,154,Tuesday,June,Summer,4283.5199999999995
3/4/2023,20,21,Wind,63,Saturday,March,Spring,3456.4399999999996
2/17/2025,17,18,Wind,48,Monday,February,Winter,1890.6000000000001
12/30/2022,17,18,Wind,364,Friday,December,Winter,14575.559999999998
3/14/2022,8,9,Wind,73,Monday,March,Spring,3957.8399999999997
6/10/2024,21,22,Wind,162,Monday,June,Summer,3737.0399999999995
9/24/2025,9,10,Wind,267,Wednesday,September,Fall,7642.44
3/14/2022,18,19,Wind,73,Monday,March,Spring,3261.3999999999996
10/8/2020,5,6,Wind,282,Thursday,October,Fall,6490.599999999999
9/1/2024,18,19,Wind,245,Sunday,September,Fall,4540.2
2/26/2024,10,11,Wind,57,Monday,February,Winter,10788.84
2/17/2024,20,21,Wind,48,Saturday,February,Winter,3193.3199999999997
2/9/2021,11,12,Wind,40,Tuesday,February,Winter,3000.12
12/10/2021,16,17,Wind,344,Friday,December,Winter,12747.52
12/5/2024,18,19,Wind,340,Thursday,December,Winter,15352.96
12/25/2020,15,16,Wind,360,Friday,December,Winter,6197.12
4/14/2023,10,11,Wind,104,Friday,April,Spring,7784.12
12/6/2023,19,20,Wind,340,Wednesday,December,Winter,1633.0
4/8/2020,20,21,Wind,99,Wednesday,April,Spring,429.64
8/3/2021,18,19,Wind,215,Tuesday,August,Summer,2459.16
9/26/2025,23,0,Wind,269,Friday,September,Fall,402.96000000000004
3/20/2020,4,5,Wind,80,Friday,March,Spring,3113.28
12/26/2021,10,11,Wind,360,Sunday,December,Winter,3699.3199999999997
10/4/2025,8,9,Wind,277,Saturday,October,Fall,16138.64
8/25/2025,8,9,Wind,237,Monday,August,Summer,3593.52
2/17/2022,7,8,Wind,48,Thursday,February,Winter,13385.08
6/12/2020,18,19,Wind,164,Friday,June,Summer,4571.48
12/26/2022,9,10,Wind,360,Monday,December,Winter,8791.52
8/4/2020,6,7,Wind,217,Tuesday,August,Summer,1771.0
11/4/2025,9,10,Wind,308,Tuesday,November,Fall,11294.84
1/21/2020,8,9,Wind,21,Tuesday,January,Winter,3155.6
10/29/2022,17,18,Wind,302,Saturday,October,Fall,5426.16
12/18/2021,13,14,Wind,352,Saturday,December,Winter,6184.24
4/4/2021,3,4,Wind,94,Sunday,April,Spring,5513.56
2/5/2023,8,9,Wind,36,Sunday,February,Winter,6010.360000000001
7/10/2022,8,9,Wind,191,Sunday,July,Summer,4152.88
12/12/2020,19,20,Wind,347,Saturday,December,Winter,5965.28
10/11/2023,0,1,Wind,284,Wednesday,October,Fall,2108.64
1/13/2025,6,7,Wind,13,Monday,January,Winter,4902.679999999999
3/4/2023,18,19,Wind,63,Saturday,March,Spring,2880.52
1/30/2024,0,1,Wind,30,Tuesday,January,Winter,7463.959999999999
12/14/2023,9,10,Wind,348,Thursday,December,Winter,5601.88
12/20/2023,2,3,Wind,354,Wednesday,December,Winter,8029.759999999999
1/10/2021,12,13,Wind,10,Sunday,January,Winter,4404.04
12/29/2022,13,14,Wind,363,Thursday,December,Winter,11983.92
5/19/2025,5,6,Wind,139,Monday,May,Spring,4844.72
1/17/2023,15,16,Wind,17,Tuesday,January,Winter,4434.400000000001
8/30/2023,18,19,Wind,242,Wednesday,August,Summer,7029.72
12/20/2022,18,19,Wind,354,Tuesday,December,Winter,7858.639999999999
5/15/2022,2,3,Wind,135,Sunday,May,Spring,3891.6000000000004
2/17/2022,23,0,Wind,48,Thursday,February,Winter,5604.639999999999
9/3/2022,21,22,Wind,246,Saturday,September,Fall,764.52
12/26/2023,10,11,Wind,360,Tuesday,December,Winter,6712.32
5/14/2020,14,15,Wind,135,Thursday,May,Spring,10246.04
4/10/2020,21,22,Wind,101,Friday,April,Spring,3036.92
5/12/2023,18,19,Wind,132,Friday,May,Spring,5111.52
10/2/2025,4,5,Wind,275,Thursday,October,Fall,2272.4
9/19/2022,18,19,Wind,262,Monday,September,Fall,4271.56
10/9/2024,17,18,Wind,283,Wednesday,October,Fall,9209.2
8/3/2020,17,18,Wind,216,Monday,August,Summer,6660.8
2/28/2023,17,18,Wind,59,Tuesday,February,Winter,7127.24
5/20/2021,3,4,Wind,140,Thursday,May,Spring,1932.0
1/10/2020,18,19,Wind,10,Friday,January,Winter,1909.9199999999998
1/16/2021,15,16,Wind,16,Saturday,January,Winter,6948.759999999999
5/10/2020,7,8,Wind,131,Sunday,May,Spring,1828.04
12/12/2020,14,15,Wind,347,Saturday,December,Winter,6503.48
1/12/2025,20,21,Wind,12,Sunday,January,Winter,4082.0399999999995
9/11/2021,22,23,Wind,254,Saturday,September,Fall,563.9599999999999
1/27/2022,22,23,Wind,27,Thursday,January,Winter,3016.6800000000003
2/2/2022,17,18,Wind,33,Wednesday,February,Winter,2964.24
1/12/2025,17,18,Wind,12,Sunday,January,Winter,3897.12
12/20/2023,13,14,Wind,354,Wednesday,December,Winter,10338.04
6/13/2020,18,19,Wind,165,Saturday,June,Summer,4698.44
6/17/2021,18,19,Wind,168,Thursday,June,Summer,2287.12
3/4/2025,5,6,Wind,63,Tuesday,March,Spring,2714.0
1/5/2025,15,16,Wind,5,Sunday,January,Winter,17800.16
12/12/2024,16,17,Wind,347,Thursday,December,Winter,2374.52
1/2/2021,6,7,Wind,2,Saturday,January,Winter,1485.8
2/13/2022,18,19,Wind,44,Sunday,February,Winter,13566.32
5/24/2020,5,6,Wind,145,Sunday,May,Spring,2802.3199999999997
2/1/2022,21,22,Wind,32,Tuesday,February,Winter,10981.12
12/25/2020,6,7,Wind,360,Friday,December,Winter,5770.24
2/22/2022,13,14,Wind,53,Tuesday,February,Winter,13926.96
3/6/2022,22,23,Wind,65,Sunday,March,Spring,7088.6
12/13/2024,18,19,Wind,348,Friday,December,Winter,631.12
11/25/2025,6,7,Wind,329,Tuesday,November,Fall,11535.88
6/26/2025,6,7,Wind,177,Thursday,June,Summer,5943.2
3/31/2020,14,15,Wind,91,Tuesday,March,Spring,10607.599999999999
1/7/2023,18,19,Wind,7,Saturday,January,Winter,13855.2
11/15/2020,14,15,Wind,320,Sunday,November,Fall,12737.4
10/21/2025,10,11,Wind,294,Tuesday,October,Fall,9186.2
2/15/2021,13,14,Wind,46,Monday,February,Winter,9808.12
2/25/2021,22,23,Wind,56,Thursday,February,Winter,2106.8
1/30/2025,11,12,Wind,30,Thursday,January,Winter,8364.64
12/7/2020,18,19,Wind,342,Monday,December,Winter,2690.08
12/8/2020,15,16,Wind,343,Tuesday,December,Winter,2338.64
10/17/2021,18,19,Wind,290,Sunday,October,Fall,1077.32
10/23/2024,1,2,Wind,297,Wednesday,October,Fall,1518.0
3/14/2021,16,17,Wind,73,Sunday,March,Spring,11545.08
5/26/2024,18,19,Wind,147,Sunday,May,Spring,6955.200000000001
1/30/2020,20,21,Wind,30,Thursday,January,Winter,9954.4
11/11/2022,7,8,Wind,315,Friday,November,Fall,3184.12
1/16/2020,16,17,Wind,16,Thursday,January,Winter,8393.16
3/3/2023,23,0,Wind,62,Friday,March,Spring,4870.48
8/17/2021,15,16,Wind,229,Tuesday,August,Summer,7481.44
4/24/2023,16,17,Wind,114,Monday,April,Spring,8915.72
2/11/2021,9,10,Wind,42,Thursday,February,Winter,6042.56
1/23/2025,17,18,Wind,23,Thursday,January,Winter,13118.279999999999
4/10/2021,12,13,Wind,100,Saturday,April,Spring,6406.88
12/15/2021,19,20,Wind,349,Wednesday,December,Winter,1466.48
2/20/2021,17,18,Wind,51,Saturday,February,Winter,11292.08
11/16/2021,4,5,Wind,320,Tuesday,November,Fall,650.44
2/19/2024,14,15,Wind,50,Monday,February,Winter,10250.64
1/22/2021,8,9,Wind,22,Friday,January,Winter,3550.2799999999997
11/7/2023,17,18,Wind,311,Tuesday,November,Fall,6814.44
2/5/2022,3,4,Wind,36,Saturday,February,Winter,4429.8
3/8/2022,23,0,Wind,67,Tuesday,March,Spring,4820.799999999999
1/3/2020,14,15,Wind,3,Friday,January,Winter,8162.24
7/2/2020,9,10,Wind,184,Thursday,July,Summer,3812.4799999999996
5/17/2021,16,17,Wind,137,Monday,May,Spring,13133.919999999998
1/11/2022,18,19,Wind,11,Tuesday,January,Winter,2411.3199999999997
10/21/2022,6,7,Wind,294,Friday,October,Fall,7599.200000000001
4/27/2023,3,4,Wind,117,Thursday,April,Spring,1121.48
12/3/2022,15,16,Wind,337,Saturday,December,Winter,4767.44
3/24/2023,13,14,Wind,83,Friday,March,Spring,16792.76
10/17/2024,10,11,Wind,291,Thursday,October,Fall,2832.6800000000003
2/4/2023,8,9,Wind,35,Saturday,February,Winter,2435.24
12/18/2021,15,16,Wind,352,Saturday,December,Winter,5270.68
12/21/2020,2,3,Wind,356,Monday,December,Winter,5988.28
9/1/2025,9,10,Wind,244,Monday,September,Fall,5918.360000000001
7/20/2022,20,21,Wind,201,Wednesday,July,Summer,2212.6
1/5/2025,20,21,Wind,5,Sunday,January,Winter,17175.48
3/31/2020,14,15,Wind,91,Tuesday,March,Spring,10607.599999999999
12/18/2020,17,18,Wind,353,Friday,December,Winter,7095.959999999999
1/21/2021,8,9,Wind,21,Thursday,January,Winter,9436.44
1/18/2024,3,4,Wind,18,Thursday,January,Winter,7318.6
4/16/2024,8,9,Wind,107,Tuesday,April,Spring,13257.2
12/28/2021,11,12,Wind,362,Tuesday,December,Winter,14501.04
1/12/2020,3,4,Wind,12,Sunday,January,Winter,5674.56
10/10/2020,0,1,Wind,284,Saturday,October,Fall,2653.28
8/20/2022,4,5,Wind,232,Saturday,August,Summer,1901.6399999999999
1/4/2023,15,16,Wind,4,Wednesday,January,Winter,14854.32
1/2/2024,12,13,Wind,2,Tuesday,January,Winter,17190.2
6/17/2022,4,5,Wind,168,Friday,June,Summer,2715.84
3/21/2021,21,22,Wind,80,Sunday,March,Spring,6052.68
7/9/2024,4,5,Wind,191,Tuesday,July,Summer,4792.28
3/12/2025,3,4,Wind,71,Wednesday,March,Spring,2712.16
2/2/2023,13,14,Wind,33,Thursday,February,Winter,9612.16
11/28/2021,13,14,Wind,332,Sunday,November,Fall,9544.999999999998
7/31/2023,2,3,Wind,212,Monday,July,Summer,6077.52
1/31/2023,11,12,Wind,31,Tuesday,January,Winter,7111.6
10/3/2023,10,11,Wind,276,Tuesday,October,Fall,10128.279999999999
2/7/2025,17,18,Wind,38,Friday,February,Winter,8132.8
12/27/2022,16,17,Wind,361,Tuesday,December,Winter,5353.48
9/25/2025,1,2,Wind,268,Thursday,September,Fall,2921.0
3/26/2023,11,12,Wind,85,Sunday,March,Spring,16307.0
1/12/2023,8,9,Wind,12,Thursday,January,Winter,15037.400000000001
2/19/2020,16,17,Wind,50,Wednesday,February,Winter,5052.639999999999
2/2/2021,19,20,Wind,33,Tuesday,February,Winter,8900.08
1/19/2022,20,21,Wind,19,Wednesday,January,Winter,3751.76
12/9/2021,18,19,Wind,343,Thursday,December,Winter,7238.5599999999995
6/5/2020,5,6,Wind,157,Friday,June,Summer,4174.96
1/9/2021,10,11,Wind,9,Saturday,January,Winter,4006.6000000000004
5/17/2021,21,22,Wind,137,Monday,May,Spring,6934.04
2/22/2020,16,17,Wind,53,Saturday,February,Winter,9480.599999999999
3/31/2025,8,9,Wind,90,Monday,March,Spring,4998.360000000001
12/1/2024,15,16,Wind,336,Sunday,December,Winter,7486.959999999999
8/28/2025,11,12,Wind,240,Thursday,August,Summer,9018.76
4/27/2020,0,1,Wind,118,Monday,April,Spring,252.07999999999998
9/21/2023,17,18,Wind,264,Thursday,September,Fall,6790.52
10/21/2022,10,11,Wind,294,Friday,October,Fall,7330.5599999999995
10/2/2023,17,18,Wind,275,Monday,October,Fall,5676.4
1/29/2020,18,19,Wind,29,Wednesday,January,Winter,3516.24
4/27/2025,6,7,Wind,117,Sunday,April,Spring,3463.8
2/24/2023,14,15,Wind,55,Friday,February,Winter,5389.360000000001
12/21/2023,23,0,Wind,355,Thursday,December,Winter,15060.400000000001
2/1/2021,14,15,Wind,32,Monday,February,Winter,7025.12
5/25/2020,20,21,Wind,146,Monday,May,Spring,2444.44
4/14/2023,20,21,Wind,104,Friday,April,Spring,6060.04
9/4/2025,16,17,Wind,247,Thursday,September,Fall,13202.919999999998
1/9/2023,9,10,Wind,9,Monday,January,Winter,13691.44
2/1/2022,11,12,Wind,32,Tuesday,February,Winter,11725.4
2/28/2022,17,18,Wind,59,Monday,February,Winter,2544.72
4/17/2024,4,5,Wind,108,Wednesday,April,Spring,4881.5199999999995
8/28/2021,15,16,Wind,240,Saturday,August,Summer,8593.72
10/2/2024,1,2,Wind,276,Wednesday,October,Fall,4618.400000000001
8/5/2022,19,20,Wind,217,Friday,August,Summer,7152.079999999999
1/20/2023,13,14,Wind,20,Friday,January,Winter,6317.639999999999
6/6/2020,14,15,Wind,158,Saturday,June,Summer,9374.800000000001
10/10/2020,17,18,Wind,284,Saturday,October,Fall,5618.44
1/1/2023,10,11,Wind,1,Sunday,January,Winter,10537.68
1/18/2023,1,2,Wind,18,Wednesday,January,Winter,4200.72
5/31/2024,13,14,Wind,152,Friday,May,Spring,10518.36
4/7/2023,3,4,Wind,97,Friday,April,Spring,1997.3199999999997
1/31/2023,6,7,Wind,31,Tuesday,January,Winter,3220.92
4/24/2023,18,19,Wind,114,Monday,April,Spring,5902.72
10/14/2022,12,13,Wind,287,Friday,October,Fall,7456.6
4/26/2021,4,5,Wind,116,Monday,April,Spring,8130.04
10/2/2025,18,19,Wind,275,Thursday,October,Fall,2722.28
2/1/2023,15,16,Wind,32,Wednesday,February,Winter,10413.48
1/24/2021,11,12,Wind,24,Sunday,January,Winter,6664.48
6/23/2020,23,0,Wind,175,Tuesday,June,Summer,5212.72
7/15/2021,11,12,Wind,196,Thursday,July,Summer,7820.0
2/24/2020,10,11,Wind,55,Monday,February,Winter,10357.36
10/21/2022,11,12,Wind,294,Friday,October,Fall,7797.0
6/21/2023,23,0,Wind,172,Wednesday,June,Summer,2760.0
12/6/2020,7,8,Wind,341,Sunday,December,Winter,2196.96
2/8/2025,15,16,Wind,39,Saturday,February,Winter,5162.12
3/17/2024,9,10,Wind,77,Sunday,March,Spring,5775.76
2/19/2021,23,0,Wind,50,Friday,February,Winter,8862.359999999999
4/26/2020,1,2,Wind,117,Sunday,April,Spring,1760.88
2/6/2025,8,9,Wind,37,Thursday,February,Winter,6003.0
8/28/2025,15,16,Wind,240,Thursday,August,Summer,10817.36
11/29/2022,9,10,Wind,333,Tuesday,November,Fall,1613.68
10/10/2024,11,12,Wind,284,Thursday,October,Fall,8083.12
3/15/2020,16,17,Wind,75,Sunday,March,Spring,6472.2
2/20/2025,14,15,Wind,51,Thursday,February,Winter,10713.4
12/10/2021,7,8,Wind,344,Friday,December,Winter,11494.48
1/5/2022,21,22,Wind,5,Wednesday,January,Winter,3859.4
1/17/2023,12,13,Wind,17,Tuesday,January,Winter,4699.36
5/4/2021,13,14,Wind,124,Tuesday,May,Spring,14454.119999999999
7/1/2020,20,21,Wind,183,Wednesday,July,Summer,3729.68
1/10/2021,11,12,Wind,10,Sunday,January,Winter,4156.56
11/10/2020,23,0,Wind,315,Tuesday,November,Fall,648.5999999999999
12/20/2020,12,13,Wind,355,Sunday,December,Winter,4697.5199999999995
3/15/2022,15,16,Wind,74,Tuesday,March,Spring,4410.48
12/23/2021,9,10,Wind,357,Thursday,December,Winter,8372.92
1/30/2021,13,14,Wind,30,Saturday,January,Winter,8083.12
7/8/2020,20,21,Wind,190,Wednesday,July,Summer,2026.76
12/7/2020,4,5,Wind,342,Monday,December,Winter,740.5999999999999
12/10/2020,15,16,Wind,345,Thursday,December,Winter,2576.0
2/22/2021,12,13,Wind,53,Monday,February,Winter,4790.44
12/16/2023,23,0,Wind,350,Saturday,December,Winter,1765.48
9/21/2025,4,5,Wind,264,Sunday,September,Fall,4657.04
10/14/2024,20,21,Wind,288,Monday,October,Fall,800.4
2/4/2024,18,19,Wind,35,Sunday,February,Winter,7580.8
12/26/2022,9,10,Wind,360,Monday,December,Winter,8791.52
5/14/2020,20,21,Wind,135,Thursday,May,Spring,8140.16
2/7/2024,19,20,Wind,38,Wednesday,February,Winter,9525.679999999998
2/8/2021,15,16,Wind,39,Monday,February,Winter,1789.4
12/24/2021,8,9,Wind,358,Friday,December,Winter,3097.64
9/25/2024,11,12,Wind,269,Wednesday,September,Fall,10253.4
7/3/2020,14,15,Wind,185,Friday,July,Summer,6611.12
10/25/2020,4,5,Wind,299,Sunday,October,Fall,7575.279999999999
11/29/2022,15,16,Wind,333,Tuesday,November,Fall,1810.56
2/6/2021,20,21,Wind,37,Saturday,February,Winter,4617.48
6/19/2020,0,1,Wind,171,Friday,June,Summer,1932.9199999999998
12/3/2022,16,17,Wind,337,Saturday,December,Winter,4596.32
11/11/2023,15,16,Wind,315,Saturday,November,Fall,3293.6000000000004
12/18/2024,9,10,Wind,353,Wednesday,December,Winter,14719.08
5/1/2021,5,6,Wind,121,Saturday,May,Spring,1126.08
2/21/2020,13,14,Wind,52,Friday,February,Winter,7690.279999999999
6/9/2022,1,2,Wind,160,Thursday,June,Summer,5321.28
1/20/2020,8,9,Wind,20,Monday,January,Winter,5434.44
7/10/2024,7,8,Wind,192,Wednesday,July,Summer,3334.08
10/15/2024,17,18,Wind,289,Tuesday,October,Fall,7909.24
12/10/2021,14,15,Wind,344,Friday,December,Winter,14540.6
12/24/2020,12,13,Wind,359,Thursday,December,Winter,10476.04
9/16/2023,5,6,Wind,259,Saturday,September,Fall,2637.64
1/13/2022,17,18,Wind,13,Thursday,January,Winter,2148.2000000000003
5/25/2021,14,15,Wind,145,Tuesday,May,Spring,13622.44
5/22/2021,18,19,Wind,142,Saturday,May,Spring,8784.16
2/15/2025,23,0,Wind,46,Saturday,February,Winter,4832.76
10/24/2023,12,13,Wind,297,Tuesday,October,Fall,7751.0
10/2/2025,0,1,Wind,275,Thursday,October,Fall,2182.24
1/27/2021,6,7,Wind,27,Wednesday,January,Winter,5184.2
5/8/2023,3,4,Wind,128,Monday,May,Spring,1450.8400000000001
11/24/2023,17,18,Wind,328,Friday,November,Fall,10051.0
8/22/2023,5,6,Wind,234,Tuesday,August,Summer,1032.24
1/19/2022,14,15,Wind,19,Wednesday,January,Winter,3860.3199999999997
2/23/2024,19,20,Wind,54,Friday,February,Winter,6979.12
1/13/2023,17,18,Wind,13,Friday,January,Winter,11144.88
12/3/2024,8,9,Wind,338,Tuesday,December,Winter,2422.36
1/3/2024,12,13,Wind,3,Wednesday,January,Winter,17701.719999999998
4/15/2024,13,14,Wind,106,Monday,April,Spring,11622.36
12/31/2021,21,22,Wind,365,Friday,December,Winter,3429.76
5/15/2023,19,20,Wind,135,Monday,May,Spring,8967.24
1/5/2022,12,13,Wind,5,Wednesday,January,Winter,7391.279999999999
2/9/2021,14,15,Wind,40,Tuesday,February,Winter,4361.72
11/8/2022,11,12,Wind,312,Tuesday,November,Fall,13432.0
10/8/2020,11,12,Wind,282,Thursday,October,Fall,9765.8
1/23/2022,2,3,Wind,23,Sunday,January,Winter,1509.72
3/13/2022,17,18,Wind,72,Sunday,March,Spring,6328.68
10/8/2020,9,10,Wind,282,Thursday,October,Fall,8028.84
10/16/2023,13,14,Wind,289,Monday,October,Fall,10249.720000000001
5/21/2023,9,10,Wind,141,Sunday,May,Spring,4882.44
8/19/2022,18,19,Wind,231,Friday,August,Summer,5393.04
2/1/2024,10,11,Wind,32,Thursday,February,Winter,4446.36
12/22/2021,17,18,Wind,356,Wednesday,December,Winter,3969.8
1/30/2025,10,11,Wind,30,Thursday,January,Winter,7395.879999999999
12/17/2021,13,14,Wind,351,Friday,December,Winter,7920.279999999999
2/11/2025,18,19,Wind,42,Tuesday,February,Winter,2003.76
1/7/2022,22,23,Wind,7,Friday,January,Winter,9106.16
2/8/2025,0,1,Wind,39,Saturday,February,Winter,8452.96
12/12/2022,8,9,Wind,346,Monday,December,Winter,1403.92
7/28/2021,18,19,Wind,209,Wednesday,July,Summer,7777.679999999999
8/2/2020,7,8,Wind,215,Sunday,August,Summer,2602.6800000000003
12/24/2023,3,4,Wind,358,Sunday,December,Winter,9364.679999999998
9/21/2024,23,0,Wind,265,Saturday,September,Fall,4737.999999999999
12/22/2022,14,15,Wind,356,Thursday,December,Winter,12747.52
12/10/2022,23,0,Wind,344,Saturday,December,Winter,1960.5199999999998
9/2/2020,8,9,Wind,246,Wednesday,September,Fall,1325.72
2/9/2024,15,16,Wind,40,Friday,February,Winter,10730.88
1/19/2022,11,12,Wind,19,Wednesday,January,Winter,3511.6399999999994
12/4/2024,17,18,Wind,339,Wednesday,December,Winter,3111.44
7/22/2025,17,18,Wind,203,Tuesday,July,Summer,10699.599999999999
5/9/2021,8,9,Wind,129,Sunday,May,Spring,8752.88
5/9/2025,18,19,Wind,129,Friday,May,Spring,7098.72
9/9/2025,22,23,Wind,252,Tuesday,September,Fall,2792.2
2/18/2024,9,10,Wind,49,Sunday,February,Winter,10865.199999999999
9/18/2021,7,8,Wind,261,Saturday,September,Fall,1614.6
9/19/2023,8,9,Wind,262,Tuesday,September,Fall,6235.76
12/21/2022,4,5,Wind,355,Wednesday,December,Winter,4865.88
1/20/2020,7,8,Wind,20,Monday,January,Winter,5562.32
12/26/2022,18,19,Wind,360,Monday,December,Winter,5486.88
2/11/2023,3,4,Wind,42,Saturday,February,Winter,1951.3199999999997
12/9/2021,17,18,Wind,343,Thursday,December,Winter,6049.92
2/18/2024,8,9,Wind,49,Sunday,February,Winter,9105.24
2/12/2023,17,18,Wind,43,Sunday,February,Winter,2360.72
2/3/2022,10,11,Wind,34,Thursday,February,Winter,3748.08
11/1/2021,22,23,Wind,305,Monday,November,Fall,5244.92
12/3/2020,9,10,Wind,338,Thursday,December,Winter,5841.08
7/30/2023,3,4,Wind,211,Sunday,July,Summer,5179.599999999999
8/22/2023,4,5,Wind,234,Tuesday,August,Summer,1207.9599999999998
4/13/2020,9,10,Wind,104,Monday,April,Spring,5835.56
12/29/2023,0,1,Wind,363,Friday,December,Winter,12406.199999999999
9/4/2025,6,7,Wind,247,Thursday,September,Fall,6055.44
1/10/2023,2,3,Wind,10,Tuesday,January,Winter,7549.52
8/29/2021,18,19,Wind,241,Sunday,August,Summer,5607.4
7/22/2024,0,1,Wind,204,Monday,July,Summer,4985.48
3/31/2025,7,8,Wind,90,Monday,March,Spring,4682.8
3/30/2025,21,22,Wind,89,Sunday,March,Spring,5543.92
12/17/2021,0,1,Wind,351,Friday,December,Winter,6204.48
6/9/2023,18,19,Wind,160,Friday,June,Summer,4386.56
1/10/2025,7,8,Wind,10,Friday,January,Winter,3715.8799999999997
1/18/2023,13,14,Wind,18,Wednesday,January,Winter,5545.76
4/15/2020,14,15,Wind,106,Wednesday,April,Spring,7081.24
1/3/2024,16,17,Wind,3,Wednesday,January,Winter,16811.16
12/17/2024,3,4,Wind,352,Tuesday,December,Winter,1695.56
1/5/2024,14,15,Wind,5,Friday,January,Winter,6869.639999999999
12/18/2022,18,19,Wind,352,Sunday,December,Winter,10142.08
3/7/2022,11,12,Wind,66,Monday,March,Spring,9797.999999999998
1/21/2025,23,0,Wind,21,Tuesday,January,Winter,6567.879999999999
5/14/2023,8,9,Wind,134,Sunday,May,Spring,3573.2799999999997
2/18/2020,14,15,Wind,49,Tuesday,February,Winter,10772.279999999999
7/20/2020,20,21,Wind,202,Monday,July,Summer,3356.16
6/7/2025,15,16,Wind,158,Saturday,June,Summer,8746.44
10/17/2023,17,18,Wind,290,Tuesday,October,Fall,6920.24
1/4/2020,14,15,Wind,4,Saturday,January,Winter,4787.679999999999
2/19/2023,1,2,Wind,50,Sunday,February,Winter,6960.72
11/19/2021,0,1,Wind,323,Friday,November,Fall,1080.08
4/4/2024,9,10,Wind,95,Thursday,April,Spring,15417.359999999999
1/22/2024,11,12,Wind,22,Monday,January,Winter,16827.719999999998
12/29/2021,1,2,Wind,363,Wednesday,December,Winter,8395.92
12/9/2021,17,18,Wind,343,Thursday,December,Winter,6049.92
1/7/2022,16,17,Wind,7,Friday,January,Winter,9421.72
6/4/2020,15,16,Wind,156,Thursday,June,Summer,5395.799999999999
2/23/2020,8,9,Wind,54,Sunday,February,Winter,11042.76
3/7/2023,3,4,Wind,66,Tuesday,March,Spring,5813.48
2/8/2021,19,20,Wind,39,Monday,February,Winter,1894.28
1/4/2021,22,23,Wind,4,Monday,January,Winter,2731.48
12/22/2022,15,16,Wind,356,Thursday,December,Winter,12286.599999999999
11/14/2022,8,9,Wind,318,Monday,November,Fall,3560.4
5/10/2022,18,19,Wind,130,Tuesday,May,Spring,5650.639999999999
12/16/2023,17,18,Wind,350,Saturday,December,Winter,1990.88
2/27/2020,9,10,Wind,58,Thursday,February,Winter,11014.24
1/31/2021,14,15,Wind,31,Sunday,January,Winter,4717.76
12/24/2022,20,21,Wind,358,Saturday,December,Winter,3649.6399999999994
6/9/2020,9,10,Wind,161,Tuesday,June,Summer,3591.68
11/14/2023,14,15,Wind,318,Tuesday,November,Fall,15628.96
1/24/2025,15,16,Wind,24,Friday,January,Winter,14558.08
7/21/2025,16,17,Wind,202,Monday,July,Summer,16180.04
10/18/2024,22,23,Wind,292,Friday,October,Fall,2804.16
5/3/2025,22,23,Wind,123,Saturday,May,Spring,4875.08
12/5/2020,9,10,Wind,340,Saturday,December,Winter,5504.360000000001
3/28/2025,2,3,Wind,87,Friday,March,Spring,1944.88
7/2/2022,20,21,Wind,183,Saturday,July,Summer,1666.12
2/2/2025,8,9,Wind,33,Sunday,February,Winter,2346.0
4/12/2021,4,5,Wind,102,Monday,April,Spring,2254.9199999999996
10/12/2020,18,19,Wind,286,Monday,October,Fall,2205.24
11/6/2023,17,18,Wind,310,Monday,November,Fall,8263.44
2/9/2022,19,20,Wind,40,Wednesday,February,Winter,2270.56
2/12/2025,3,4,Wind,43,Wednesday,February,Winter,2311.96
12/23/2021,16,17,Wind,357,Thursday,December,Winter,5027.799999999999
10/6/2024,14,15,Wind,280,Sunday,October,Fall,5979.08
12/25/2021,1,2,Wind,359,Saturday,December,Winter,2944.0
1/21/2022,10,11,Wind,21,Friday,January,Winter,5479.52
12/14/2020,3,4,Wind,349,Monday,December,Winter,8427.2
8/13/2021,22,23,Wind,225,Friday,August,Summer,1130.68
2/23/2025,23,0,Wind,54,Sunday,February,Winter,11466.88
4/30/2022,2,3,Wind,120,Saturday,April,Spring,4051.68
12/16/2022,8,9,Wind,350,Friday,December,Winter,4404.04
3/12/2023,17,18,Wind,71,Sunday,March,Spring,9529.359999999999
2/28/2022,7,8,Wind,59,Monday,February,Winter,3586.16
7/12/2022,3,4,Wind,193,Tuesday,July,Summer,3182.28
1/3/2020,12,13,Wind,3,Friday,January,Winter,9131.92
3/10/2024,18,19,Wind,70,Sunday,March,Spring,897.0
5/22/2024,7,8,Wind,143,Wednesday,May,Spring,4559.5199999999995
7/12/2023,16,17,Wind,193,Wednesday,July,Summer,8685.72
9/9/2022,9,10,Wind,252,Friday,September,Fall,9621.359999999999
4/27/2022,4,5,Wind,117,Wednesday,April,Spring,5068.28
11/24/2020,12,13,Wind,329,Tuesday,November,Fall,4084.8
5/12/2020,1,2,Wind,133,Tuesday,May,Spring,6111.56
10/28/2023,8,9,Wind,301,Saturday,October,Fall,11277.36
11/25/2024,9,10,Wind,330,Monday,November,Fall,12231.4
1/12/2020,11,12,Wind,12,Sunday,January,Winter,8373.84
8/25/2020,6,7,Wind,238,Tuesday,August,Summer,3642.2799999999997
10/12/2021,21,22,Wind,285,Tuesday,October,Fall,3445.4
3/3/2024,11,12,Wind,63,Sunday,March,Spring,5752.76
8/27/2023,3,4,Wind,239,Sunday,August,Summer,1864.84
8/14/2022,16,17,Wind,226,Sunday,August,Summer,7145.639999999999
12/4/2022,8,9,Wind,338,Sunday,December,Winter,2911.7999999999997
1/31/2020,10,11,Wind,31,Friday,January,Winter,6527.4
2/21/2024,18,19,Wind,52,Wednesday,February,Winter,15168.04
5/28/2025,17,18,Wind,148,Wednesday,May,Spring,16285.84
2/12/2020,13,14,Wind,43,Wednesday,February,Winter,9562.48
12/2/2024,10,11,Wind,337,Monday,December,Winter,7969.959999999999
1/16/2022,18,19,Wind,16,Sunday,January,Winter,2263.2000000000003
5/22/2023,4,5,Wind,142,Monday,May,Spring,2478.48
4/24/2024,5,6,Wind,115,Wednesday,April,Spring,4175.88
11/19/2021,6,7,Wind,323,Friday,November,Fall,1169.32
12/15/2021,15,16,Wind,349,Wednesday,December,Winter,2196.04
2/24/2022,17,18,Wind,55,Thursday,February,Winter,11215.720000000001
12/31/2021,10,11,Wind,365,Friday,December,Winter,6180.56
11/22/2021,12,13,Wind,326,Monday,November,Fall,11545.08
2/24/2025,16,17,Wind,55,Monday,February,Winter,8780.48
12/11/2024,9,10,Wind,346,Wednesday,December,Winter,5363.599999999999
1/28/2023,17,18,Wind,28,Saturday,January,Winter,3451.8399999999997
5/29/2020,13,14,Wind,150,Friday,May,Spring,7543.079999999999
2/13/2021,7,8,Wind,44,Saturday,February,Winter,6956.12
3/13/2021,20,21,Wind,72,Saturday,March,Spring,11247.92
11/13/2023,12,13,Wind,317,Monday,November,Fall,17539.8
1/24/2022,7,8,Wind,24,Monday,January,Winter,2776.56
2/9/2021,2,3,Wind,40,Tuesday,February,Winter,1795.84
1/10/2020,10,11,Wind,10,Friday,January,Winter,5894.44
12/17/2023,4,5,Wind,351,Sunday,December,Winter,1602.64
1/3/2025,15,16,Wind,3,Friday,January,Winter,3922.8799999999997
2/20/2020,10,11,Wind,51,Thursday,February,Winter,9455.76
11/26/2025,23,0,Wind,330,Wednesday,November,Fall,3856.6399999999994
11/3/2021,11,12,Wind,307,Wednesday,November,Fall,4144.6
6/6/2020,23,0,Wind,158,Saturday,June,Summer,4062.72
1/28/2023,12,13,Wind,28,Saturday,January,Winter,7034.32
7/6/2021,13,14,Wind,187,Tuesday,July,Summer,11091.52
12/22/2020,6,7,Wind,357,Tuesday,December,Winter,10258.92
2/9/2024,15,16,Wind,40,Friday,February,Winter,10730.88
12/11/2021,1,2,Wind,345,Saturday,December,Winter,8700.44
1/4/2021,21,22,Wind,4,Monday,January,Winter,2869.48
11/17/2021,5,6,Wind,321,Wednesday,November,Fall,1800.4399999999998
10/14/2023,13,14,Wind,287,Saturday,October,Fall,6380.2
12/16/2023,7,8,Wind,350,Saturday,December,Winter,2301.8399999999997
11/30/2025,8,9,Wind,334,Sunday,November,Fall,4416.92
1/27/2025,7,8,Wind,27,Monday,January,Winter,15889.32
5/21/2021,13,14,Wind,141,Friday,May,Spring,13756.759999999998
11/12/2021,15,16,Wind,316,Friday,November,Fall,3568.68
2/5/2023,18,19,Wind,36,Sunday,February,Winter,8521.039999999999
12/15/2024,3,4,Wind,350,Sunday,December,Winter,4219.12
8/3/2024,8,9,Wind,216,Saturday,August,Summer,3626.6399999999994
9/23/2024,18,19,Wind,267,Monday,September,Fall,5893.52
9/28/2022,9,10,Wind,271,Wednesday,September,Fall,4202.56
2/22/2023,17,18,Wind,53,Wednesday,February,Winter,1874.04
8/19/2024,2,3,Wind,232,Monday,August,Summer,2233.7599999999998
12/19/2024,13,14,Wind,354,Thursday,December,Winter,18182.88
4/9/2021,16,17,Wind,99,Friday,April,Spring,6601.92
2/27/2020,9,10,Wind,58,Thursday,February,Winter,11014.24
12/17/2024,1,2,Wind,352,Tuesday,December,Winter,1934.76
1/22/2024,12,13,Wind,22,Monday,January,Winter,16975.84
10/4/2020,11,12,Wind,278,Sunday,October,Fall,10793.44
5/10/2021,13,14,Wind,130,Monday,May,Spring,8661.800000000001
6/19/2022,18,19,Wind,170,Sunday,June,Summer,8213.76
4/7/2025,4,5,Wind,97,Monday,April,Spring,5457.44
11/14/2023,14,15,Wind,318,Tuesday,November,Fall,15628.96
1/17/2021,1,2,Wind,17,Sunday,January,Winter,4443.6
2/27/2025,15,16,Wind,58,Thursday,February,Winter,8349.0
9/8/2022,13,14,Wind,251,Thursday,September,Fall,11606.720000000001
5/10/2020,8,9,Wind,131,Sunday,May,Spring,1847.36
4/23/2023,15,16,Wind,113,Sunday,April,Spring,15896.68
2/5/2020,2,3,Wind,36,Wednesday,February,Winter,3460.12
2/28/2023,17,18,Wind,59,Tuesday,February,Winter,7127.24
10/19/2021,7,8,Wind,292,Tuesday,October,Fall,6409.639999999999
5/6/2022,8,9,Wind,126,Friday,May,Spring,3513.4799999999996
10/6/2025,1,2,Wind,279,Monday,October,Fall,4283.5199999999995
1/6/2020,1,2,Wind,6,Monday,January,Winter,2208.0
12/8/2020,13,14,Wind,343,Tuesday,December,Winter,2692.84
3/9/2025,23,0,Wind,68,Sunday,March,Spring,1988.12
1/16/2021,13,14,Wind,16,Saturday,January,Winter,6756.48
1/29/2023,6,7,Wind,29,Sunday,January,Winter,1001.88
1/16/2023,22,23,Wind,16,Monday,January,Winter,4124.36
1/28/2025,14,15,Wind,28,Tuesday,January,Winter,18862.76
5/10/2021,1,2,Wind,130,Monday,May,Spring,7222.92
5/23/2020,14,15,Wind,144,Saturday,May,Spring,7698.5599999999995
5/23/2025,23,0,Wind,143,Friday,May,Spring,2011.12
2/14/2021,4,5,Wind,45,Sunday,February,Winter,6642.400000000001
12/3/2021,12,13,Wind,337,Friday,December,Winter,12010.599999999999
2/12/2023,9,10,Wind,43,Sunday,February,Winter,4085.72
12/11/2021,17,18,Wind,345,Saturday,December,Winter,2768.28
12/25/2024,6,7,Wind,360,Wednesday,December,Winter,1392.88
2/8/2023,21,22,Wind,39,Wednesday,February,Winter,3015.76
1/11/2024,13,14,Wind,11,Thursday,January,Winter,7222.0
8/2/2025,8,9,Wind,214,Saturday,August,Summer,5149.24
2/3/2024,5,6,Wind,34,Saturday,February,Winter,3986.36
11/30/2021,1,2,Wind,334,Tuesday,November,Fall,6363.639999999999
10/10/2024,7,8,Wind,284,Thursday,October,Fall,7054.5599999999995
1/30/2023,14,15,Wind,30,Monday,January,Winter,8620.4
3/10/2023,20,21,Wind,69,Friday,March,Spring,4725.12
1/27/2020,12,13,Wind,27,Monday,January,Winter,8540.359999999999
10/29/2020,10,11,Wind,303,Thursday,October,Fall,7306.639999999999
12/23/2021,11,12,Wind,357,Thursday,December,Winter,8667.32
3/24/2021,17,18,Wind,83,Wednesday,March,Spring,3070.04
11/22/2021,15,16,Wind,326,Monday,November,Fall,10655.44
1/25/2024,5,6,Wind,25,Thursday,January,Winter,2114.16
1/10/2025,12,13,Wind,10,Friday,January,Winter,5183.28
6/13/2020,4,5,Wind,165,Saturday,June,Summer,2679.96
12/1/2024,14,15,Wind,336,Sunday,December,Winter,8722.52
11/20/2021,17,18,Wind,324,Saturday,November,Fall,194.12
4/9/2021,6,7,Wind,99,Friday,April,Spring,3673.56
12/24/2024,23,0,Wind,359,Tuesday,December,Winter,2071.8399999999997
5/18/2022,22,23,Wind,138,Wednesday,May,Spring,3651.4799999999996
2/25/2022,13,14,Wind,56,Friday,February,Winter,9202.76
6/18/2021,4,5,Wind,169,Friday,June,Summer,3464.72
1/4/2025,1,2,Wind,4,Saturday,January,Winter,2710.3199999999997
5/8/2023,20,21,Wind,128,Monday,May,Spring,1483.96
2/22/2021,12,13,Wind,53,Monday,February,Winter,4790.44
12/31/2021,13,14,Wind,365,Friday,December,Winter,5907.32
3/13/2023,10,11,Wind,72,Monday,March,Spring,16146.919999999998
12/20/2022,13,14,Wind,354,Tuesday,December,Winter,10053.76
4/9/2023,22,23,Wind,99,Sunday,April,Spring,2909.04
5/20/2021,15,16,Wind,140,Thursday,May,Spring,11194.56
2/26/2022,14,15,Wind,57,Saturday,February,Winter,10278.24
12/24/2021,11,12,Wind,358,Friday,December,Winter,3562.24
12/14/2021,18,19,Wind,348,Tuesday,December,Winter,876.7599999999999
5/12/2022,18,19,Wind,132,Thursday,May,Spring,3208.96
7/18/2020,19,20,Wind,200,Saturday,July,Summer,1843.68
9/21/2025,2,3,Wind,264,Sunday,September,Fall,6390.32
2/20/2022,16,17,Wind,51,Sunday,February,Winter,15329.04
2/25/2020,18,19,Wind,56,Tuesday,February,Winter,10277.32
5/14/2021,22,23,Wind,134,Friday,May,Spring,3055.3199999999997
3/23/2025,9,10,Wind,82,Sunday,March,Spring,7191.639999999999
11/26/2023,18,19,Wind,330,Sunday,November,Fall,2968.84
3/15/2020,17,18,Wind,75,Sunday,March,Spring,4639.56
10/29/2024,4,5,Wind,303,Tuesday,October,Fall,1291.68
3/29/2023,19,20,Wind,88,Wednesday,March,Spring,8406.96
2/11/2020,18,19,Wind,42,Tuesday,February,Winter,10043.64
1/16/2021,7,8,Wind,16,Saturday,January,Winter,2799.56
1/4/2021,10,11,Wind,4,Monday,January,Winter,1874.96
12/21/2020,19,20,Wind,356,Monday,December,Winter,11113.599999999999
1/2/2022,18,19,Wind,2,Sunday,January,Winter,12382.279999999999
12/8/2022,23,0,Wind,342,Thursday,December,Winter,2486.76
8/8/2020,22,23,Wind,221,Saturday,August,Summer,1956.84
4/3/2023,12,13,Wind,93,Monday,April,Spring,10222.12
12/31/2021,9,10,Wind,365,Friday,December,Winter,5685.599999999999
2/17/2023,6,7,Wind,48,Friday,February,Winter,7033.400000000001
12/6/2021,14,15,Wind,340,Monday,December,Winter,6997.52
3/15/2022,8,9,Wind,74,Tuesday,March,Spring,4427.96
1/8/2023,10,11,Wind,8,Sunday,January,Winter,11062.08
1/19/2022,11,12,Wind,19,Wednesday,January,Winter,3511.6399999999994
12/15/2024,18,19,Wind,350,Sunday,December,Winter,8199.039999999999
12/9/2023,8,9,Wind,343,Saturday,December,Winter,13811.04
2/16/2020,11,12,Wind,47,Sunday,February,Winter,13446.72
1/27/2020,6,7,Wind,27,Monday,January,Winter,7319.52
1/28/2021,17,18,Wind,28,Thursday,January,Winter,10747.44
9/26/2022,19,20,Wind,269,Monday,September,Fall,8971.84
2/27/2020,13,14,Wind,58,Thursday,February,Winter,11412.599999999999
12/14/2024,16,17,Wind,349,Saturday,December,Winter,3880.56
9/27/2021,18,19,Wind,270,Monday,September,Fall,5555.88
11/19/2020,4,5,Wind,324,Thursday,November,Fall,7386.679999999999
1/27/2024,6,7,Wind,27,Saturday,January,Winter,2583.36
1/18/2025,5,6,Wind,18,Saturday,January,Winter,1096.64
7/30/2023,20,21,Wind,211,Sunday,July,Summer,6619.400000000001
2/26/2024,13,14,Wind,57,Monday,February,Winter,13034.56
2/8/2021,18,19,Wind,39,Monday,February,Winter,1749.84
2/16/2021,15,16,Wind,47,Tuesday,February,Winter,8687.56
1/31/2024,5,6,Wind,31,Wednesday,January,Winter,574.0799999999999
12/26/2020,16,17,Wind,361,Saturday,December,Winter,7257.879999999999
2/27/2022,11,12,Wind,58,Sunday,February,Winter,9539.48
7/24/2025,22,23,Wind,205,Thursday,July,Summer,1887.84
11/13/2021,16,17,Wind,317,Saturday,November,Fall,2609.12
1/1/2023,13,14,Wind,1,Sunday,January,Winter,8958.96
2/9/2023,18,19,Wind,40,Thursday,February,Winter,456.32
11/29/2022,9,10,Wind,333,Tuesday,November,Fall,1613.68
7/3/2024,5,6,Wind,185,Wednesday,July,Summer,1588.8400000000001
4/7/2022,4,5,Wind,97,Thursday,April,Spring,13906.72
1/25/2020,7,8,Wind,25,Saturday,January,Winter,1357.0
8/20/2021,2,3,Wind,232,Friday,August,Summer,693.68
2/21/2020,12,13,Wind,52,Friday,February,Winter,6792.36
1/30/2020,13,14,Wind,30,Thursday,January,Winter,9188.039999999999
12/19/2021,0,1,Wind,353,Sunday,December,Winter,3923.8
10/1/2024,15,16,Wind,275,Tuesday,October,Fall,7521.92
5/17/2021,18,19,Wind,137,Monday,May,Spring,11218.48
2/25/2022,8,9,Wind,56,Friday,February,Winter,6037.04
5/16/2025,20,21,Wind,136,Friday,May,Spring,6640.5599999999995
5/20/2022,20,21,Wind,140,Friday,May,Spring,5132.68
1/2/2024,5,6,Wind,2,Tuesday,January,Winter,15868.159999999998
12/24/2020,10,11,Wind,359,Thursday,December,Winter,9740.96
2/28/2020,18,19,Wind,59,Friday,February,Winter,9749.24
1/21/2020,12,13,Wind,21,Tuesday,January,Winter,2910.88
10/15/2022,16,17,Wind,288,Saturday,October,Fall,7585.400000000001
1/7/2020,7,8,Wind,7,Tuesday,January,Winter,2687.3199999999997
12/23/2022,11,12,Wind,357,Friday,December,Winter,14880.08
8/2/2021,22,23,Wind,214,Monday,August,Summer,806.84
2/25/2023,9,10,Wind,56,Saturday,February,Winter,5070.12
1/26/2023,13,14,Wind,26,Thursday,January,Winter,6240.360000000001
5/2/2024,12,13,Wind,123,Thursday,May,Spring,11110.84
1/30/2020,3,4,Wind,30,Thursday,January,Winter,5654.32
9/24/2022,9,10,Wind,267,Saturday,September,Fall,1724.08
2/13/2020,17,18,Wind,44,Thursday,February,Winter,12451.279999999999
5/5/2020,12,13,Wind,126,Tuesday,May,Spring,7648.879999999999
4/12/2021,23,0,Wind,102,Monday,April,Spring,1512.48
11/29/2024,11,12,Wind,334,Friday,November,Fall,9513.72
7/4/2020,11,12,Wind,186,Saturday,July,Summer,9890.92
4/30/2020,3,4,Wind,121,Thursday,April,Spring,7568.84
8/23/2024,10,11,Wind,236,Friday,August,Summer,14673.08
12/14/2023,1,2,Wind,348,Thursday,December,Winter,7400.48
1/7/2020,10,11,Wind,7,Tuesday,January,Winter,3160.2
1/29/2022,13,14,Wind,29,Saturday,January,Winter,10518.36
12/20/2023,21,22,Wind,354,Wednesday,December,Winter,12506.48
12/1/2024,14,15,Wind,336,Sunday,December,Winter,8722.52
12/20/2020,15,16,Wind,355,Sunday,December,Winter,4104.12
2/20/2025,22,23,Wind,51,Thursday,February,Winter,8456.64
9/5/2020,7,8,Wind,249,Saturday,September,Fall,2222.72
1/24/2021,7,8,Wind,24,Sunday,January,Winter,3324.8799999999997
9/15/2023,20,21,Wind,258,Friday,September,Fall,2939.3999999999996
10/22/2022,19,20,Wind,295,Saturday,October,Fall,3102.24
6/9/2020,10,11,Wind,161,Tuesday,June,Summer,4017.6399999999994
12/1/2023,16,17,Wind,335,Friday,December,Winter,5028.72
1/4/2023,23,0,Wind,4,Wednesday,January,Winter,11623.279999999999
1/16/2021,18,19,Wind,16,Saturday,January,Winter,6391.24
9/13/2024,21,22,Wind,257,Friday,September,Fall,3777.52
2/12/2024,5,6,Wind,43,Monday,February,Winter,2626.6
2/28/2024,1,2,Wind,59,Wednesday,February,Winter,3895.2799999999997
6/30/2020,14,15,Wind,182,Tuesday,June,Summer,8082.200000000001
1/20/2023,8,9,Wind,20,Friday,January,Winter,2350.6
8/31/2022,0,1,Wind,243,Wednesday,August,Summer,3058.08
2/5/2025,4,5,Wind,36,Wednesday,February,Winter,1918.2
3/26/2024,23,0,Wind,86,Tuesday,March,Spring,7567.92
2/21/2024,10,11,Wind,52,Wednesday,February,Winter,11532.199999999999
3/21/2023,18,19,Wind,80,Tuesday,March,Spring,5029.639999999999
2/9/2025,19,20,Wind,40,Sunday,February,Winter,2779.3199999999997
5/25/2023,4,5,Wind,145,Thursday,May,Spring,6699.44
2/6/2024,15,16,Wind,37,Tuesday,February,Winter,14214.919999999998
3/28/2024,17,18,Wind,88,Thursday,March,Spring,16892.12
12/30/2021,2,3,Wind,364,Thursday,December,Winter,8997.6
1/30/2021,13,14,Wind,30,Saturday,January,Winter,8083.12
12/14/2024,7,8,Wind,349,Saturday,December,Winter,2071.8399999999997
5/29/2024,0,1,Wind,150,Wednesday,May,Spring,7137.36
11/13/2025,14,15,Wind,317,Thursday,November,Fall,8127.279999999999
2/8/2021,18,19,Wind,39,Monday,February,Winter,1749.84
9/18/2023,9,10,Wind,261,Monday,September,Fall,7679.24
6/14/2024,9,10,Wind,166,Friday,June,Summer,7844.84
1/1/2022,11,12,Wind,1,Saturday,January,Winter,6733.48
1/19/2023,11,12,Wind,19,Thursday,January,Winter,3703.0
11/17/2020,23,0,Wind,322,Tuesday,November,Fall,2625.6800000000003
2/22/2020,16,17,Wind,53,Saturday,February,Winter,9480.599999999999
10/11/2024,19,20,Wind,285,Friday,October,Fall,1389.1999999999998
4/15/2025,14,15,Wind,105,Tuesday,April,Spring,6693.92
12/5/2024,8,9,Wind,340,Thursday,December,Winter,13013.4
2/9/2024,22,23,Wind,40,Friday,February,Winter,7818.16
4/23/2023,0,1,Wind,113,Sunday,April,Spring,6186.08
7/28/2023,15,16,Wind,209,Friday,July,Summer,9786.039999999999
6/22/2024,17,18,Wind,174,Saturday,June,Summer,6960.72
1/11/2021,15,16,Wind,11,Monday,January,Winter,5358.08
2/3/2021,16,17,Wind,34,Wednesday,February,Winter,11870.76
1/1/2025,8,9,Wind,1,Wednesday,January,Winter,13206.6
9/2/2020,6,7,Wind,246,Wednesday,September,Fall,976.1199999999999
4/13/2025,13,14,Wind,103,Sunday,April,Spring,4400.36
9/13/2025,21,22,Wind,256,Saturday,September,Fall,5623.96
11/26/2022,17,18,Wind,330,Saturday,November,Fall,3892.52
2/2/2025,2,3,Wind,33,Sunday,February,Winter,2636.72
10/21/2024,9,10,Wind,295,Monday,October,Fall,4722.36
8/21/2022,0,1,Wind,233,Sunday,August,Summer,727.72
8/2/2024,18,19,Wind,215,Friday,August,Summer,6819.04
2/21/2023,9,10,Wind,52,Tuesday,February,Winter,2801.3999999999996
12/10/2024,14,15,Wind,345,Tuesday,December,Winter,8681.12
12/29/2020,17,18,Wind,364,Tuesday,December,Winter,3066.36
1/10/2023,17,18,Wind,10,Tuesday,January,Winter,13295.84
5/21/2025,2,3,Wind,141,Wednesday,May,Spring,2996.44
11/13/2021,15,16,Wind,317,Saturday,November,Fall,3125.24
12/13/2020,15,16,Wind,348,Sunday,December,Winter,7163.12
9/19/2023,21,22,Wind,262,Tuesday,September,Fall,5732.52
3/24/2023,5,6,Wind,83,Friday,March,Spring,10082.279999999999
1/10/2022,17,18,Wind,10,Monday,January,Winter,1705.68
1/9/2020,19,20,Wind,9,Thursday,January,Winter,10293.88
5/16/2021,21,22,Wind,136,Sunday,May,Spring,8629.6
9/16/2022,8,9,Wind,259,Friday,September,Fall,2652.36
4/5/2024,17,18,Wind,96,Friday,April,Spring,10938.8
5/11/2021,8,9,Wind,131,Tuesday,May,Spring,1719.48
12/22/2022,17,18,Wind,356,Thursday,December,Winter,11066.68
7/17/2022,4,5,Wind,198,Sunday,July,Summer,5002.04
12/19/2024,20,21,Wind,354,Thursday,December,Winter,10387.720000000001
3/23/2024,7,8,Wind,83,Saturday,March,Spring,10085.96
7/27/2020,2,3,Wind,209,Monday,July,Summer,563.9599999999999
1/9/2024,12,13,Wind,9,Tuesday,January,Winter,6730.72
2/2/2020,18,19,Wind,33,Sunday,February,Winter,8993.92
1/18/2024,15,16,Wind,18,Thursday,January,Winter,5601.88
10/30/2023,8,9,Wind,303,Monday,October,Fall,5328.639999999999
3/16/2025,4,5,Wind,75,Sunday,March,Spring,7761.12
11/3/2023,8,9,Wind,307,Friday,November,Fall,9088.679999999998
12/26/2020,14,15,Wind,361,Saturday,December,Winter,7008.5599999999995
6/24/2024,3,4,Wind,176,Monday,June,Summer,2606.36
3/23/2020,12,13,Wind,83,Monday,March,Spring,7136.44
5/23/2022,2,3,Wind,143,Monday,May,Spring,2331.28
2/6/2021,12,13,Wind,37,Saturday,February,Winter,2994.6
1/21/2021,18,19,Wind,21,Thursday,January,Winter,12472.44
8/20/2024,8,9,Wind,233,Tuesday,August,Summer,4335.96
1/8/2022,18,19,Wind,8,Saturday,January,Winter,14016.2
12/14/2021,17,18,Wind,348,Tuesday,December,Winter,813.28
1/22/2023,12,13,Wind,22,Sunday,January,Winter,6537.52
10/21/2020,10,11,Wind,295,Wednesday,October,Fall,13260.88
1/5/2023,8,9,Wind,5,Thursday,January,Winter,5809.799999999999
4/27/2020,5,6,Wind,118,Monday,April,Spring,685.4
1/21/2021,12,13,Wind,21,Thursday,January,Winter,11268.16
1/18/2022,12,13,Wind,18,Tuesday,January,Winter,5040.68
11/23/2025,23,0,Wind,327,Sunday,November,Fall,5988.28
2/17/2023,17,18,Wind,48,Friday,February,Winter,8188.0
12/11/2024,13,14,Wind,346,Wednesday,December,Winter,6840.200000000001
2/16/2024,3,4,Wind,47,Friday,February,Winter,9377.56
2/21/2021,11,12,Wind,52,Sunday,February,Winter,8370.16
11/26/2020,19,20,Wind,331,Thursday,November,Fall,1667.96
12/11/2023,4,5,Wind,345,Monday,December,Winter,12435.64
12/7/2022,19,20,Wind,341,Wednesday,December,Winter,1649.56
12/22/2021,4,5,Wind,356,Wednesday,December,Winter,2531.84
11/26/2021,23,0,Wind,330,Friday,November,Fall,7260.639999999999
4/11/2024,5,6,Wind,102,Thursday,April,Spring,3256.7999999999997
8/22/2024,5,6,Wind,235,Thursday,August,Summer,3441.72
1/18/2021,16,17,Wind,18,Monday,January,Winter,4159.32
10/4/2020,7,8,Wind,278,Sunday,October,Fall,9955.32
4/12/2022,11,12,Wind,102,Tuesday,April,Spring,7184.279999999999
11/14/2023,14,15,Wind,318,Tuesday,November,Fall,15628.96
1/20/2020,5,6,Wind,20,Monday,January,Winter,5367.28
3/9/2024,9,10,Wind,69,Saturday,March,Spring,11885.48
1/30/2021,11,12,Wind,30,Saturday,January,Winter,8243.2
10/29/2023,11,12,Wind,302,Sunday,October,Fall,14530.48
9/17/2020,16,17,Wind,261,Thursday,September,Fall,7469.48
2/15/2022,14,15,Wind,46,Tuesday,February,Winter,12588.36
2/20/2025,18,19,Wind,51,Thursday,February,Winter,7457.52
1/8/2024,12,13,Wind,8,Monday,January,Winter,10827.48
2/15/2021,9,10,Wind,46,Monday,February,Winter,10385.88
4/6/2021,12,13,Wind,96,Tuesday,April,Spring,9166.88
2/17/2024,18,19,Wind,48,Saturday,February,Winter,2131.64
2/24/2022,14,15,Wind,55,Thursday,February,Winter,13989.519999999999
6/24/2024,23,0,Wind,176,Monday,June,Summer,4635.88
11/11/2023,1,2,Wind,315,Saturday,November,Fall,6313.96
4/29/2023,22,23,Wind,119,Saturday,April,Spring,2496.88
8/18/2022,21,22,Wind,230,Thursday,August,Summer,3437.12
2/20/2025,3,4,Wind,51,Thursday,February,Winter,6500.72
12/19/2024,6,7,Wind,354,Thursday,December,Winter,16155.2
2/23/2022,4,5,Wind,54,Wednesday,February,Winter,1332.1599999999999
8/14/2022,18,19,Wind,226,Sunday,August,Summer,5281.72
2/16/2025,17,18,Wind,47,Sunday,February,Winter,4357.12
10/29/2021,1,2,Wind,302,Friday,October,Fall,10084.12
9/22/2023,13,14,Wind,265,Friday,September,Fall,11484.36
9/14/2020,2,3,Wind,258,Monday,September,Fall,2485.84
2/15/2020,8,9,Wind,46,Saturday,February,Winter,6759.24
8/6/2020,5,6,Wind,219,Thursday,August,Summer,1090.2
2/18/2020,6,7,Wind,49,Tuesday,February,Winter,6847.5599999999995
7/23/2023,13,14,Wind,204,Sunday,July,Summer,9582.72
9/26/2025,22,23,Wind,269,Friday,September,Fall,287.96
10/24/2023,6,7,Wind,297,Tuesday,October,Fall,3915.52
2/11/2023,17,18,Wind,42,Saturday,February,Winter,1574.12
4/15/2024,3,4,Wind,106,Monday,April,Spring,2979.88
2/17/2021,16,17,Wind,48,Wednesday,February,Winter,6505.32
12/29/2022,17,18,Wind,363,Thursday,December,Winter,7416.12
5/1/2022,4,5,Wind,121,Sunday,May,Spring,2372.68
2/22/2025,11,12,Wind,53,Saturday,February,Winter,10747.44
12/5/2022,22,23,Wind,339,Monday,December,Winter,1622.88
10/5/2024,22,23,Wind,279,Saturday,October,Fall,8543.12
7/30/2020,21,22,Wind,212,Thursday,July,Summer,2011.12
1/2/2024,1,2,Wind,2,Tuesday,January,Winter,16061.359999999999
1/7/2022,16,17,Wind,7,Friday,January,Winter,9421.72
6/25/2021,5,6,Wind,176,Friday,June,Summer,1180.36
5/7/2020,3,4,Wind,128,Thursday,May,Spring,2237.44
7/27/2023,16,17,Wind,208,Thursday,July,Summer,13642.68
2/22/2020,8,9,Wind,53,Saturday,February,Winter,8212.84
8/8/2021,12,13,Wind,220,Sunday,August,Summer,8557.84
2/23/2025,13,14,Wind,54,Sunday,February,Winter,12394.24
9/2/2021,0,1,Wind,245,Thursday,September,Fall,6066.48
4/12/2024,5,6,Wind,103,Friday,April,Spring,1363.44
10/24/2023,23,0,Wind,297,Tuesday,October,Fall,6358.12
1/27/2025,3,4,Wind,27,Monday,January,Winter,16869.12
12/21/2020,15,16,Wind,356,Monday,December,Winter,10697.76
12/20/2021,9,10,Wind,354,Monday,December,Winter,3555.8
7/23/2023,18,19,Wind,204,Sunday,July,Summer,9642.52
10/6/2021,15,16,Wind,279,Wednesday,October,Fall,11353.720000000001
11/26/2025,9,10,Wind,330,Wednesday,November,Fall,5383.84
7/8/2022,3,4,Wind,189,Friday,July,Summer,4260.5199999999995
1/31/2025,23,0,Wind,31,Friday,January,Winter,3478.52
3/18/2021,5,6,Wind,77,Thursday,March,Spring,2995.52
2/4/2020,19,20,Wind,35,Tuesday,February,Winter,8020.5599999999995
1/9/2023,12,13,Wind,9,Monday,January,Winter,15709.919999999998
1/15/2023,20,21,Wind,15,Sunday,January,Winter,13903.96
2/26/2023,18,19,Wind,57,Sunday,February,Winter,14469.759999999998
12/13/2023,14,15,Wind,347,Wednesday,December,Winter,7849.44
4/8/2025,8,9,Wind,98,Tuesday,April,Spring,3199.76
6/9/2020,10,11,Wind,161,Tuesday,June,Summer,4017.6399999999994
1/6/2024,2,3,Wind,6,Saturday,January,Winter,4471.2
2/21/2022,2,3,Wind,52,Monday,February,Winter,13972.04
2/19/2021,10,11,Wind,50,Friday,February,Winter,6612.04
3/29/2023,22,23,Wind,88,Wednesday,March,Spring,10911.199999999999
11/20/2023,17,18,Wind,324,Monday,November,Fall,9612.16
1/1/2020,20,21,Wind,1,Wednesday,January,Winter,1166.56
5/25/2021,5,6,Wind,145,Tuesday,May,Spring,9235.88
4/1/2024,23,0,Wind,92,Monday,April,Spring,10947.08
11/6/2025,21,22,Wind,310,Thursday,November,Fall,2480.3199999999997
2/20/2021,18,19,Wind,51,Saturday,February,Winter,11331.64
1/17/2024,10,11,Wind,17,Wednesday,January,Winter,7836.5599999999995
8/24/2023,3,4,Wind,236,Thursday,August,Summer,3645.0399999999995
2/8/2020,14,15,Wind,39,Saturday,February,Winter,3425.16
1/18/2021,16,17,Wind,18,Monday,January,Winter,4159.32
6/5/2025,12,13,Wind,156,Thursday,June,Summer,8965.4
1/17/2023,8,9,Wind,17,Tuesday,January,Winter,3145.48
1/23/2021,22,23,Wind,23,Saturday,January,Winter,4565.96
3/11/2020,9,10,Wind,71,Wednesday,March,Spring,9915.76
2/4/2024,16,17,Wind,35,Sunday,February,Winter,8481.48
2/7/2020,18,19,Wind,38,Friday,February,Winter,4245.8
12/9/2020,18,19,Wind,344,Wednesday,December,Winter,2598.08
5/10/2022,18,19,Wind,130,Tuesday,May,Spring,5650.639999999999
4/21/2021,8,9,Wind,111,Wednesday,April,Spring,1867.6000000000001
5/9/2020,19,20,Wind,130,Saturday,May,Spring,1748.0
8/20/2024,16,17,Wind,233,Tuesday,August,Summer,11066.68
2/10/2022,23,0,Wind,41,Thursday,February,Winter,4163.92
2/12/2023,9,10,Wind,43,Sunday,February,Winter,4085.72
1/10/2021,18,19,Wind,10,Sunday,January,Winter,3749.0
12/9/2024,11,12,Wind,344,Monday,December,Winter,14088.88
10/10/2024,11,12,Wind,284,Thursday,October,Fall,8083.12
5/2/2020,6,7,Wind,123,Saturday,May,Spring,4164.839999999999
2/9/2024,11,12,Wind,40,Friday,February,Winter,12478.88
8/12/2025,19,20,Wind,224,Tuesday,August,Summer,3174.92
12/7/2020,8,9,Wind,342,Monday,December,Winter,1267.76
11/21/2023,1,2,Wind,325,Tuesday,November,Fall,3859.4
1/4/2024,10,11,Wind,4,Thursday,January,Winter,9923.12
2/28/2023,15,16,Wind,59,Tuesday,February,Winter,9581.8
2/26/2020,7,8,Wind,57,Wednesday,February,Winter,9414.359999999999
1/2/2023,15,16,Wind,2,Monday,January,Winter,6005.76
10/1/2023,23,0,Wind,274,Sunday,October,Fall,2572.3199999999997
1/22/2025,15,16,Wind,22,Wednesday,January,Winter,4303.76
10/29/2025,13,14,Wind,302,Wednesday,October,Fall,8024.24
11/7/2020,5,6,Wind,312,Saturday,November,Fall,5975.4
5/9/2021,10,11,Wind,129,Sunday,May,Spring,8502.64
1/30/2025,11,12,Wind,30,Thursday,January,Winter,8364.64
11/7/2022,17,18,Wind,311,Monday,November,Fall,7586.32
1/12/2024,9,10,Wind,12,Friday,January,Winter,6079.360000000001
12/21/2022,12,13,Wind,355,Wednesday,December,Winter,9416.2
12/11/2020,17,18,Wind,346,Friday,December,Winter,5637.76
11/30/2025,8,9,Wind,334,Sunday,November,Fall,4416.92
1/9/2025,10,11,Wind,9,Thursday,January,Winter,13571.84
1/9/2020,1,2,Wind,9,Thursday,January,Winter,6247.72
2/13/2021,12,13,Wind,44,Saturday,February,Winter,9647.12
12/26/2023,14,15,Wind,360,Tuesday,December,Winter,5576.12
9/21/2022,19,20,Wind,264,Wednesday,September,Fall,1718.56
8/29/2025,8,9,Wind,241,Friday,August,Summer,10931.44
1/18/2023,9,10,Wind,18,Wednesday,January,Winter,3146.3999999999996
2/27/2020,14,15,Wind,58,Thursday,February,Winter,12428.279999999999
11/23/2024,6,7,Wind,328,Saturday,November,Fall,11142.12
8/16/2024,22,23,Wind,229,Friday,August,Summer,1230.04
4/29/2023,18,19,Wind,119,Saturday,April,Spring,3326.72
1/14/2025,3,4,Wind,14,Tuesday,January,Winter,2735.16
12/26/2022,17,18,Wind,360,Monday,December,Winter,5566.92
1/22/2023,3,4,Wind,22,Sunday,January,Winter,5198.92
2/3/2024,13,14,Wind,34,Saturday,February,Winter,7503.52
1/2/2024,13,14,Wind,2,Tuesday,January,Winter,17355.8
2/5/2024,10,11,Wind,36,Monday,February,Winter,7314.92
2/19/2024,7,8,Wind,50,Monday,February,Winter,3004.72
2/17/2021,1,2,Wind,48,Wednesday,February,Winter,8309.44
2/8/2023,2,3,Wind,39,Wednesday,February,Winter,3379.16
10/27/2022,20,21,Wind,300,Thursday,October,Fall,7585.400000000001
11/12/2023,15,16,Wind,316,Sunday,November,Fall,8591.88
12/2/2022,8,9,Wind,336,Friday,December,Winter,1739.7199999999998
10/25/2024,0,1,Wind,299,Friday,October,Fall,7481.44
9/25/2021,4,5,Wind,268,Saturday,September,Fall,1199.68
12/14/2022,7,8,Wind,348,Wednesday,December,Winter,1429.68
11/12/2023,12,13,Wind,316,Sunday,November,Fall,9679.32
2/19/2022,17,18,Wind,50,Saturday,February,Winter,13139.44
5/4/2023,17,18,Wind,124,Thursday,May,Spring,9108.92
5/30/2021,18,19,Wind,150,Sunday,May,Spring,4860.36
1/26/2025,11,12,Wind,26,Sunday,January,Winter,16785.4
3/7/2025,10,11,Wind,66,Friday,March,Spring,11925.96
4/20/2020,17,18,Wind,111,Monday,April,Spring,6908.279999999999
1/6/2025,8,9,Wind,6,Monday,January,Winter,17333.719999999998
8/3/2023,23,0,Wind,215,Thursday,August,Summer,2975.28
11/4/2025,17,18,Wind,308,Tuesday,November,Fall,11932.4
2/4/2022,7,8,Wind,35,Friday,February,Winter,6647.92
8/30/2023,18,19,Wind,242,Wednesday,August,Summer,7029.72
8/27/2023,11,12,Wind,239,Sunday,August,Summer,6968.079999999999
10/7/2024,12,13,Wind,281,Monday,October,Fall,5369.12
12/23/2023,23,0,Wind,357,Saturday,December,Winter,13215.800000000001
12/11/2022,17,18,Wind,345,Sunday,December,Winter,1128.84
2/6/2020,7,8,Wind,37,Thursday,February,Winter,3161.12
2/25/2023,13,14,Wind,56,Saturday,February,Winter,8832.92
9/14/2022,17,18,Wind,257,Wednesday,September,Fall,4694.76
11/20/2021,17,18,Wind,324,Saturday,November,Fall,194.12
6/2/2020,23,0,Wind,154,Tuesday,June,Summer,1623.8
6/11/2024,6,7,Wind,163,Tuesday,June,Summer,1763.6399999999999
8/27/2023,11,12,Wind,239,Sunday,August,Summer,6968.079999999999
12/25/2022,17,18,Wind,359,Sunday,December,Winter,8187.079999999999
11/26/2022,7,8,Wind,330,Saturday,November,Fall,3212.64
9/26/2022,17,18,Wind,269,Monday,September,Fall,11112.68
1/3/2020,19,20,Wind,3,Friday,January,Winter,5068.28
1/1/2023,13,14,Wind,1,Sunday,January,Winter,8958.96
2/4/2020,10,11,Wind,35,Tuesday,February,Winter,11408.92
12/28/2022,2,3,Wind,362,Wednesday,December,Winter,10990.32
2/18/2025,9,10,Wind,49,Tuesday,February,Winter,7302.04
9/28/2021,1,2,Wind,271,Tuesday,September,Fall,2201.56
12/2/2021,23,0,Wind,336,Thursday,December,Winter,2647.76
12/15/2020,9,10,Wind,350,Tuesday,December,Winter,3754.52
2/20/2025,19,20,Wind,51,Thursday,February,Winter,8198.12
2/28/2025,21,22,Wind,59,Friday,February,Winter,6402.28
12/30/2023,20,21,Wind,364,Saturday,December,Winter,13309.64
2/7/2024,21,22,Wind,38,Wednesday,February,Winter,8883.52
3/27/2021,8,9,Wind,86,Saturday,March,Spring,8198.12
2/12/2023,5,6,Wind,43,Sunday,February,Winter,2869.48
7/31/2021,5,6,Wind,212,Saturday,July,Summer,3443.56
11/12/2021,22,23,Wind,316,Friday,November,Fall,5439.04
2/1/2021,19,20,Wind,32,Monday,February,Winter,3588.0
11/11/2022,23,0,Wind,315,Friday,November,Fall,4253.16
2/23/2021,2,3,Wind,54,Tuesday,February,Winter,5853.96
9/21/2024,6,7,Wind,265,Saturday,September,Fall,3108.6800000000003
7/15/2020,8,9,Wind,197,Wednesday,July,Summer,1752.6000000000001
10/16/2023,13,14,Wind,289,Monday,October,Fall,10249.720000000001
2/22/2022,0,1,Wind,53,Tuesday,February,Winter,7818.16
4/7/2022,23,0,Wind,97,Thursday,April,Spring,10716.16
6/22/2021,13,14,Wind,173,Tuesday,June,Summer,6517.28
5/6/2022,8,9,Wind,126,Friday,May,Spring,3513.4799999999996
6/4/2025,8,9,Wind,155,Wednesday,June,Summer,3372.72
12/18/2023,5,6,Wind,352,Monday,December,Winter,1851.04
12/13/2023,16,17,Wind,347,Wednesday,December,Winter,7103.32
3/6/2024,5,6,Wind,66,Wednesday,March,Spring,1190.48
9/27/2024,8,9,Wind,271,Friday,September,Fall,14139.48
11/2/2025,10,11,Wind,306,Sunday,November,Fall,12537.76
10/20/2021,12,13,Wind,293,Wednesday,October,Fall,13250.759999999998
1/7/2020,10,11,Wind,7,Tuesday,January,Winter,3160.2
1/22/2022,5,6,Wind,22,Saturday,January,Winter,2753.56
2/17/2024,18,19,Wind,48,Saturday,February,Winter,2131.64
1/5/2021,8,9,Wind,5,Tuesday,January,Winter,1982.6000000000001
10/16/2021,1,2,Wind,289,Saturday,October,Fall,1552.04
11/29/2022,16,17,Wind,333,Tuesday,November,Fall,1194.1599999999999
1/8/2025,11,12,Wind,8,Wednesday,January,Winter,9041.76
2/3/2025,17,18,Wind,34,Monday,February,Winter,1482.12
8/3/2023,18,19,Wind,215,Thursday,August,Summer,7038.92
12/5/2024,7,8,Wind,340,Thursday,December,Winter,11919.52
7/2/2024,2,3,Wind,184,Tuesday,July,Summer,2753.56
5/25/2023,17,18,Wind,145,Thursday,May,Spring,11425.48
11/23/2024,11,12,Wind,328,Saturday,November,Fall,17845.24
1/1/2024,14,15,Wind,1,Monday,January,Winter,11120.96
12/20/2023,11,12,Wind,354,Wednesday,December,Winter,8971.84
4/15/2025,5,6,Wind,105,Tuesday,April,Spring,5406.84
7/21/2024,15,16,Wind,203,Sunday,July,Summer,4502.48
10/2/2024,10,11,Wind,276,Wednesday,October,Fall,4713.16
12/20/2024,19,20,Wind,355,Friday,December,Winter,11455.84
10/4/2025,18,19,Wind,277,Saturday,October,Fall,16532.4
2/19/2024,17,18,Wind,50,Monday,February,Winter,7137.36
6/30/2024,4,5,Wind,182,Sunday,June,Summer,3494.16
1/23/2023,23,0,Wind,23,Monday,January,Winter,8191.679999999999
11/27/2020,18,19,Wind,332,Friday,November,Fall,2565.88
5/21/2021,13,14,Wind,141,Friday,May,Spring,13756.759999999998
11/8/2020,16,17,Wind,313,Sunday,November,Fall,2002.84
12/16/2022,17,18,Wind,350,Friday,December,Winter,2430.64
7/18/2021,4,5,Wind,199,Sunday,July,Summer,4499.72
10/6/2024,5,6,Wind,280,Sunday,October,Fall,7226.6
8/14/2022,4,5,Wind,226,Sunday,August,Summer,3384.68
12/8/2023,3,4,Wind,342,Friday,December,Winter,4856.679999999999
5/25/2021,14,15,Wind,145,Tuesday,May,Spring,13622.44
9/23/2020,14,15,Wind,267,Wednesday,September,Fall,7861.400000000001
12/21/2023,15,16,Wind,355,Thursday,December,Winter,17294.16
8/27/2025,9,10,Wind,239,Wednesday,August,Summer,3677.24
12/18/2021,10,11,Wind,352,Saturday,December,Winter,6251.4
2/22/2022,11,12,Wind,53,Tuesday,February,Winter,12007.84
12/6/2023,19,20,Wind,340,Wednesday,December,Winter,1633.0
1/27/2020,12,13,Wind,27,Monday,January,Winter,8540.359999999999
6/15/2024,6,7,Wind,167,Saturday,June,Summer,11833.04
1/8/2025,0,1,Wind,8,Wednesday,January,Winter,5844.76
1/15/2024,18,19,Wind,15,Monday,January,Winter,3036.92
12/25/2023,10,11,Wind,359,Monday,December,Winter,13380.48
10/7/2024,10,11,Wind,281,Monday,October,Fall,3891.6000000000004
12/23/2022,18,19,Wind,357,Friday,December,Winter,12734.64
2/17/2020,14,15,Wind,48,Monday,February,Winter,11607.64
2/25/2021,19,20,Wind,56,Thursday,February,Winter,1705.68
4/26/2023,1,2,Wind,116,Wednesday,April,Spring,2496.88
1/27/2020,6,7,Wind,27,Monday,January,Winter,7319.52
12/9/2022,9,10,Wind,343,Friday,December,Winter,2632.12
8/28/2025,11,12,Wind,240,Thursday,August,Summer,9018.76
4/17/2020,19,20,Wind,108,Friday,April,Spring,2117.8399999999997
2/17/2020,14,15,Wind,48,Monday,February,Winter,11607.64
12/30/2020,14,15,Wind,365,Wednesday,December,Winter,3767.4
1/29/2020,21,22,Wind,29,Wednesday,January,Winter,4931.2
1/6/2023,13,14,Wind,6,Friday,January,Winter,7981.0
8/1/2023,18,19,Wind,213,Tuesday,August,Summer,11292.08
10/23/2021,5,6,Wind,296,Saturday,October,Fall,1294.44
11/16/2024,1,2,Wind,321,Saturday,November,Fall,1201.52
3/13/2022,12,13,Wind,72,Sunday,March,Spring,9968.199999999999
12/18/2024,9,10,Wind,353,Wednesday,December,Winter,14719.08
1/31/2025,1,2,Wind,31,Friday,January,Winter,2090.24
2/13/2021,15,16,Wind,44,Saturday,February,Winter,8490.679999999998
5/8/2025,16,17,Wind,128,Thursday,May,Spring,4824.48
7/22/2023,23,0,Wind,203,Saturday,July,Summer,5335.08
5/26/2024,13,14,Wind,147,Sunday,May,Spring,6049.92
11/27/2024,15,16,Wind,332,Wednesday,November,Fall,15030.04
7/23/2024,18,19,Wind,205,Tuesday,July,Summer,8693.08
12/14/2021,2,3,Wind,348,Tuesday,December,Winter,540.04
12/26/2023,11,12,Wind,360,Tuesday,December,Winter,7050.879999999999
10/21/2020,14,15,Wind,295,Wednesday,October,Fall,14266.44
12/12/2024,17,18,Wind,347,Thursday,December,Winter,2508.84
1/26/2025,18,19,Wind,26,Sunday,January,Winter,17799.24
12/25/2023,13,14,Wind,359,Monday,December,Winter,13927.88
11/20/2025,4,5,Wind,324,Thursday,November,Fall,7079.400000000001
7/6/2020,16,17,Wind,188,Monday,July,Summer,8474.12
12/28/2023,21,22,Wind,362,Thursday,December,Winter,12837.68
2/19/2024,12,13,Wind,50,Monday,February,Winter,9407.0
12/30/2024,6,7,Wind,365,Monday,December,Winter,631.12
3/15/2025,12,13,Wind,74,Saturday,March,Spring,16704.44
7/15/2020,17,18,Wind,197,Wednesday,July,Summer,3817.08
1/21/2020,23,0,Wind,21,Tuesday,January,Winter,3358.92
2/1/2022,2,3,Wind,32,Tuesday,February,Winter,6072.0
1/31/2021,5,6,Wind,31,Sunday,January,Winter,3140.88
8/28/2020,15,16,Wind,241,Friday,August,Summer,8229.4
1/12/2023,17,18,Wind,12,Thursday,January,Winter,14877.32
7/29/2023,23,0,Wind,210,Saturday,July,Summer,4003.8399999999997
12/18/2020,5,6,Wind,353,Friday,December,Winter,5329.56
9/6/2023,3,4,Wind,249,Wednesday,September,Fall,2368.08
7/17/2022,7,8,Wind,198,Sunday,July,Summer,4095.8399999999997
8/22/2021,10,11,Wind,234,Sunday,August,Summer,5759.2
2/5/2023,7,8,Wind,36,Sunday,February,Winter,5255.96
6/16/2021,6,7,Wind,167,Wednesday,June,Summer,1160.12
10/21/2024,18,19,Wind,295,Monday,October,Fall,3356.16
6/15/2022,20,21,Wind,166,Wednesday,June,Summer,1877.7199999999998
9/30/2021,5,6,Wind,273,Thursday,September,Fall,1464.64
10/15/2024,15,16,Wind,289,Tuesday,October,Fall,8283.679999999998
11/28/2022,10,11,Wind,332,Monday,November,Fall,3966.12
10/31/2020,15,16,Wind,305,Saturday,October,Fall,8665.48
6/28/2021,23,0,Wind,179,Monday,June,Summer,1598.04
10/9/2021,17,18,Wind,282,Saturday,October,Fall,3001.04
11/6/2025,5,6,Wind,310,Thursday,November,Fall,7485.12
5/11/2020,18,19,Wind,132,Monday,May,Spring,10534.0
7/5/2024,2,3,Wind,187,Friday,July,Summer,3303.72
7/30/2021,8,9,Wind,211,Friday,July,Summer,4220.04
4/24/2021,5,6,Wind,114,Saturday,April,Spring,6503.48
2/4/2024,16,17,Wind,35,Sunday,February,Winter,8481.48
2/12/2020,18,19,Wind,43,Wednesday,February,Winter,3065.44
9/19/2023,13,14,Wind,262,Tuesday,September,Fall,13878.2
1/23/2020,21,22,Wind,23,Thursday,January,Winter,2753.56
11/5/2024,17,18,Wind,310,Tuesday,November,Fall,143.51999999999998
12/2/2023,23,0,Wind,336,Saturday,December,Winter,3924.72
1/20/2021,11,12,Wind,20,Wednesday,January,Winter,12437.48
7/10/2025,3,4,Wind,191,Thursday,July,Summer,2200.64
2/11/2024,21,22,Wind,42,Sunday,February,Winter,6811.679999999999
1/15/2022,9,10,Wind,15,Saturday,January,Winter,1696.48
11/22/2020,8,9,Wind,327,Sunday,November,Fall,1690.04
7/16/2024,12,13,Wind,198,Tuesday,July,Summer,14650.08
3/4/2023,18,19,Wind,63,Saturday,March,Spring,2880.52
3/16/2025,23,0,Wind,75,Sunday,March,Spring,4946.84
9/25/2020,3,4,Wind,269,Friday,September,Fall,9061.08
10/25/2025,15,16,Wind,298,Saturday,October,Fall,10075.84
8/1/2023,10,11,Wind,213,Tuesday,August,Summer,10476.04
3/16/2024,17,18,Wind,76,Saturday,March,Spring,2564.96
5/15/2020,5,6,Wind,136,Friday,May,Spring,6049.0
2/11/2021,17,18,Wind,42,Thursday,February,Winter,7063.759999999999
1/27/2025,17,18,Wind,27,Monday,January,Winter,15962.919999999998
2/18/2023,13,14,Wind,49,Saturday,February,Winter,11963.68
1/26/2024,15,16,Wind,26,Friday,January,Winter,7849.44
8/8/2021,22,23,Wind,220,Sunday,August,Summer,3008.3999999999996
12/12/2021,6,7,Wind,346,Sunday,December,Winter,4702.12
1/24/2022,0,1,Wind,24,Monday,January,Winter,3254.96
1/22/2023,16,17,Wind,22,Sunday,January,Winter,4292.72
2/15/2021,18,19,Wind,46,Monday,February,Winter,7461.200000000001
12/7/2020,4,5,Wind,342,Monday,December,Winter,740.5999999999999
1/24/2024,3,4,Wind,24,Wednesday,January,Winter,15694.279999999999
1/30/2021,16,17,Wind,30,Saturday,January,Winter,6428.04
3/10/2021,9,10,Wind,69,Wednesday,March,Spring,6608.36
1/8/2020,8,9,Wind,8,Wednesday,January,Winter,4288.12
12/13/2020,10,11,Wind,348,Sunday,December,Winter,5021.360000000001
12/3/2020,20,21,Wind,338,Thursday,December,Winter,11400.64
9/17/2020,15,16,Wind,261,Thursday,September,Fall,7605.639999999999
1/2/2020,13,14,Wind,2,Thursday,January,Winter,3806.96
6/3/2025,2,3,Wind,154,Tuesday,June,Summer,652.28
1/15/2024,15,16,Wind,15,Monday,January,Winter,5691.12
9/6/2022,17,18,Wind,249,Tuesday,September,Fall,5234.799999999999
1/28/2023,8,9,Wind,28,Saturday,January,Winter,5447.32
2/10/2022,17,18,Wind,41,Thursday,February,Winter,2774.72
1/6/2021,4,5,Wind,6,Wednesday,January,Winter,1204.28
12/11/2021,19,20,Wind,345,Saturday,December,Winter,3867.68
5/21/2025,19,20,Wind,141,Wednesday,May,Spring,4441.76
5/3/2020,1,2,Wind,124,Sunday,May,Spring,1727.76
9/26/2024,16,17,Wind,270,Thursday,September,Fall,16955.600000000002
2/5/2025,17,18,Wind,36,Wednesday,February,Winter,2376.36
12/25/2022,7,8,Wind,359,Sunday,December,Winter,4814.36
1/31/2022,5,6,Wind,31,Monday,January,Winter,11428.24
5/28/2023,2,3,Wind,148,Sunday,May,Spring,4633.12
4/17/2020,3,4,Wind,108,Friday,April,Spring,1923.7199999999998
12/8/2024,8,9,Wind,343,Sunday,December,Winter,15919.68
4/16/2025,7,8,Wind,106,Wednesday,April,Spring,3158.36
12/3/2020,5,6,Wind,338,Thursday,December,Winter,3520.8399999999997
10/18/2021,6,7,Wind,291,Monday,October,Fall,2288.96
5/11/2024,20,21,Wind,132,Saturday,May,Spring,2728.72
1/21/2021,22,23,Wind,21,Thursday,January,Winter,10696.84
10/18/2025,17,18,Wind,291,Saturday,October,Fall,4999.28
2/16/2024,20,21,Wind,47,Friday,February,Winter,4938.56
12/18/2024,17,18,Wind,353,Wednesday,December,Winter,13004.199999999999
10/21/2020,8,9,Wind,295,Wednesday,October,Fall,11593.84
5/31/2022,18,19,Wind,151,Tuesday,May,Spring,5048.04
2/26/2025,17,18,Wind,57,Wednesday,February,Winter,12693.24
12/31/2023,18,19,Wind,365,Sunday,December,Winter,16015.359999999999
7/18/2021,3,4,Wind,199,Sunday,July,Summer,4728.799999999999
5/24/2021,15,16,Wind,144,Monday,May,Spring,12256.24
12/28/2021,12,13,Wind,362,Tuesday,December,Winter,14755.88
7/21/2024,6,7,Wind,203,Sunday,July,Summer,2507.0
4/11/2023,23,0,Wind,101,Tuesday,April,Spring,9947.96
2/28/2023,11,12,Wind,59,Tuesday,February,Winter,11395.12
12/30/2024,2,3,Wind,365,Monday,December,Winter,617.32
4/12/2022,13,14,Wind,102,Tuesday,April,Spring,7330.5599999999995
1/3/2025,0,1,Wind,3,Friday,January,Winter,2537.36
5/29/2024,14,15,Wind,150,Wednesday,May,Spring,10691.32
10/30/2022,16,17,Wind,303,Sunday,October,Fall,2394.7599999999998
1/18/2021,6,7,Wind,18,Monday,January,Winter,2293.56
2/15/2021,11,12,Wind,46,Monday,February,Winter,11212.96
12/18/2022,8,9,Wind,352,Sunday,December,Winter,6704.04
1/3/2025,15,16,Wind,3,Friday,January,Winter,3922.8799999999997
11/7/2023,3,4,Wind,311,Tuesday,November,Fall,6730.72
12/3/2023,9,10,Wind,337,Sunday,December,Winter,9634.24
11/17/2023,9,10,Wind,321,Friday,November,Fall,4792.28
10/20/2020,14,15,Wind,294,Tuesday,October,Fall,9338.0
12/13/2020,12,13,Wind,348,Sunday,December,Winter,6133.639999999999
9/20/2020,9,10,Wind,264,Sunday,September,Fall,1386.44
9/19/2023,17,18,Wind,262,Tuesday,September,Fall,11053.8
3/23/2025,18,19,Wind,82,Sunday,March,Spring,1674.4
12/11/2020,11,12,Wind,346,Friday,December,Winter,7696.72
2/11/2024,16,17,Wind,42,Sunday,February,Winter,12754.88
2/22/2025,13,14,Wind,53,Saturday,February,Winter,11203.76
11/6/2021,0,1,Wind,310,Saturday,November,Fall,2058.96
10/2/2020,21,22,Wind,276,Friday,October,Fall,3111.44
1/26/2025,8,9,Wind,26,Sunday,January,Winter,10830.24
1/19/2022,17,18,Wind,19,Wednesday,January,Winter,3824.4399999999996
9/11/2025,13,14,Wind,254,Thursday,September,Fall,10384.96
1/1/2024,3,4,Wind,1,Monday,January,Winter,8564.279999999999
1/5/2024,8,9,Wind,5,Friday,January,Winter,7266.16
2/28/2023,6,7,Wind,59,Tuesday,February,Winter,8166.84
1/10/2025,22,23,Wind,10,Friday,January,Winter,2530.0
2/10/2021,2,3,Wind,41,Wednesday,February,Winter,7264.32
6/15/2023,3,4,Wind,166,Thursday,June,Summer,2239.28
3/5/2020,2,3,Wind,65,Thursday,March,Spring,4217.28
2/27/2021,18,19,Wind,58,Saturday,February,Winter,7661.759999999999
11/16/2022,13,14,Wind,320,Wednesday,November,Fall,11195.48
11/11/2023,9,10,Wind,315,Saturday,November,Fall,4800.56
1/16/2020,17,18,Wind,16,Thursday,January,Winter,8759.32
12/4/2020,5,6,Wind,339,Friday,December,Winter,10445.68
1/2/2024,8,9,Wind,2,Tuesday,January,Winter,15696.119999999999
9/9/2020,0,1,Wind,253,Wednesday,September,Fall,860.2
8/15/2024,23,0,Wind,228,Thursday,August,Summer,2727.7999999999997
5/19/2022,8,9,Wind,139,Thursday,May,Spring,3956.0
2/19/2021,3,4,Wind,50,Friday,February,Winter,4409.56
2/19/2020,15,16,Wind,50,Wednesday,February,Winter,6467.599999999999
6/8/2022,12,13,Wind,159,Wednesday,June,Summer,7582.639999999999
12/11/2023,17,18,Wind,345,Monday,December,Winter,5785.88
1/21/2025,8,9,Wind,21,Tuesday,January,Winter,2320.24
10/12/2023,0,1,Wind,285,Thursday,October,Fall,5848.44
2/4/2021,4,5,Wind,35,Thursday,February,Winter,2871.3199999999997
5/26/2022,23,0,Wind,146,Thursday,May,Spring,3991.8799999999997
1/10/2020,14,15,Wind,10,Friday,January,Winter,4508.92
2/19/2025,16,17,Wind,50,Wednesday,February,Winter,5011.24
11/7/2023,17,18,Wind,311,Tuesday,November,Fall,6814.44
12/3/2023,9,10,Wind,337,Sunday,December,Winter,9634.24
8/8/2022,2,3,Wind,220,Monday,August,Summer,5961.599999999999
1/27/2020,0,1,Wind,27,Monday,January,Winter,8167.759999999999
5/7/2021,20,21,Wind,127,Friday,May,Spring,776.48
3/2/2021,9,10,Wind,61,Tuesday,March,Spring,4021.3199999999997
7/31/2023,9,10,Wind,212,Monday,July,Summer,11620.52
11/21/2023,19,20,Wind,325,Tuesday,November,Fall,6761.079999999999
2/20/2024,14,15,Wind,51,Tuesday,February,Winter,7973.639999999999
10/2/2022,16,17,Wind,275,Sunday,October,Fall,7930.400000000001
2/13/2021,12,13,Wind,44,Saturday,February,Winter,9647.12
9/3/2021,19,20,Wind,246,Friday,September,Fall,1096.64
7/5/2023,15,16,Wind,186,Wednesday,July,Summer,11493.56
9/17/2023,8,9,Wind,260,Sunday,September,Fall,3404.92
1/16/2022,18,19,Wind,16,Sunday,January,Winter,2263.2000000000003
2/7/2025,8,9,Wind,38,Friday,February,Winter,10865.199999999999
7/16/2025,23,0,Wind,197,Wednesday,July,Summer,2633.96
12/12/2023,23,0,Wind,346,Tuesday,December,Winter,9967.279999999999
12/6/2022,21,22,Wind,340,Tuesday,December,Winter,1982.6000000000001
12/4/2020,8,9,Wind,339,Friday,December,Winter,8322.32
1/7/2024,18,19,Wind,7,Sunday,January,Winter,9604.8
1/3/2021,15,16,Wind,3,Sunday,January,Winter,2223.64
2/26/2020,23,0,Wind,57,Wednesday,February,Winter,4978.12
10/30/2022,9,10,Wind,303,Sunday,October,Fall,5619.360000000001
9/1/2025,12,13,Wind,244,Monday,September,Fall,11292.08
11/26/2021,14,15,Wind,330,Friday,November,Fall,11640.76
3/20/2025,10,11,Wind,79,Thursday,March,Spring,9061.08
1/21/2021,8,9,Wind,21,Thursday,January,Winter,9436.44
6/28/2021,7,8,Wind,179,Monday,June,Summer,1515.24
5/17/2020,19,20,Wind,138,Sunday,May,Spring,2461.92
2/1/2024,14,15,Wind,32,Thursday,February,Winter,3583.4
1/29/2024,8,9,Wind,29,Monday,January,Winter,6521.88
12/22/2020,5,6,Wind,357,Tuesday,December,Winter,10580.0
3/4/2020,21,22,Wind,64,Wednesday,March,Spring,5466.639999999999
1/24/2021,10,11,Wind,24,Sunday,January,Winter,5976.32
6/4/2020,3,4,Wind,156,Thursday,June,Summer,2525.3999999999996
2/6/2025,22,23,Wind,37,Thursday,February,Winter,10974.68
12/20/2023,4,5,Wind,354,Wednesday,December,Winter,8089.5599999999995
8/21/2021,8,9,Wind,233,Saturday,August,Summer,2105.88
1/20/2023,14,15,Wind,20,Friday,January,Winter,6621.24
5/21/2025,3,4,Wind,141,Wednesday,May,Spring,2308.28
7/24/2020,16,17,Wind,206,Friday,July,Summer,6082.12
12/16/2024,2,3,Wind,351,Monday,December,Winter,7551.36
12/1/2021,6,7,Wind,335,Wednesday,December,Winter,12692.32
1/12/2020,7,8,Wind,12,Sunday,January,Winter,6803.400000000001
1/20/2020,11,12,Wind,20,Monday,January,Winter,5971.72
1/15/2020,9,10,Wind,15,Wednesday,January,Winter,11666.52
5/18/2024,0,1,Wind,139,Saturday,May,Spring,622.84
12/3/2023,13,14,Wind,337,Sunday,December,Winter,11042.76
12/4/2024,18,19,Wind,339,Wednesday,December,Winter,3622.96
1/27/2020,20,21,Wind,27,Monday,January,Winter,11016.08
2/23/2025,21,22,Wind,54,Sunday,February,Winter,10903.84
12/17/2024,6,7,Wind,352,Tuesday,December,Winter,2013.88
1/24/2023,0,1,Wind,24,Tuesday,January,Winter,7952.48
8/16/2023,23,0,Wind,228,Wednesday,August,Summer,2457.3199999999997
10/30/2023,17,18,Wind,303,Monday,October,Fall,6334.2
11/13/2024,14,15,Wind,318,Wednesday,November,Fall,7888.079999999999
10/19/2022,15,16,Wind,292,Wednesday,October,Fall,8337.96
12/24/2023,1,2,Wind,358,Sunday,December,Winter,13868.08
2/11/2023,8,9,Wind,42,Saturday,February,Winter,2199.72
12/12/2020,14,15,Wind,347,Saturday,December,Winter,6503.48
9/9/2024,15,16,Wind,253,Monday,September,Fall,13582.88
10/6/2020,15,16,Wind,280,Tuesday,October,Fall,11537.720000000001
2/2/2021,16,17,Wind,33,Tuesday,February,Winter,8968.16
12/14/2023,9,10,Wind,348,Thursday,December,Winter,5601.88
12/13/2023,11,12,Wind,347,Wednesday,December,Winter,6435.4
6/2/2020,2,3,Wind,154,Tuesday,June,Summer,2141.7599999999998
2/11/2021,1,2,Wind,42,Thursday,February,Winter,3750.8399999999997
2/27/2023,9,10,Wind,58,Monday,February,Winter,12902.08
1/30/2020,16,17,Wind,30,Thursday,January,Winter,8705.039999999999
10/14/2020,14,15,Wind,288,Wednesday,October,Fall,6482.32
1/31/2023,13,14,Wind,31,Tuesday,January,Winter,8962.64
12/4/2023,10,11,Wind,338,Monday,December,Winter,13754.919999999998
1/12/2020,8,9,Wind,12,Sunday,January,Winter,7143.8
2/3/2021,9,10,Wind,34,Wednesday,February,Winter,10123.68
3/11/2024,10,11,Wind,71,Monday,March,Spring,6223.799999999999
8/24/2023,6,7,Wind,236,Thursday,August,Summer,4018.56
10/20/2021,17,18,Wind,293,Wednesday,October,Fall,12071.32
12/6/2024,17,18,Wind,341,Friday,December,Winter,5906.4
1/13/2021,10,11,Wind,13,Wednesday,January,Winter,4928.44
10/13/2024,3,4,Wind,287,Sunday,October,Fall,3625.72
7/10/2020,8,9,Wind,192,Friday,July,Summer,3305.56
9/28/2023,1,2,Wind,271,Thursday,September,Fall,4184.16
8/26/2020,17,18,Wind,239,Wednesday,August,Summer,7987.44
2/6/2023,15,16,Wind,37,Monday,February,Winter,7976.400000000001
3/24/2021,19,20,Wind,83,Wednesday,March,Spring,2015.7199999999998
1/9/2025,14,15,Wind,9,Thursday,January,Winter,11806.36
4/15/2022,8,9,Wind,105,Friday,April,Spring,2161.08
11/22/2022,23,0,Wind,326,Tuesday,November,Fall,8171.44
7/10/2022,20,21,Wind,191,Sunday,July,Summer,4521.8
10/11/2025,7,8,Wind,284,Saturday,October,Fall,3154.6800000000003
10/22/2025,8,9,Wind,295,Wednesday,October,Fall,3642.2799999999997
3/8/2021,22,23,Wind,67,Monday,March,Spring,2707.56
1/28/2020,17,18,Wind,28,Tuesday,January,Winter,9969.12
2/5/2022,13,14,Wind,36,Saturday,February,Winter,8138.32
10/2/2020,16,17,Wind,276,Friday,October,Fall,4155.639999999999
4/3/2023,19,20,Wind,93,Monday,April,Spring,7245.0
3/11/2024,17,18,Wind,71,Monday,March,Spring,7387.6
9/19/2024,8,9,Wind,263,Thursday,September,Fall,8146.6
1/17/2023,10,11,Wind,17,Tuesday,January,Winter,3943.12
12/23/2023,22,23,Wind,357,Saturday,December,Winter,12996.84
2/6/2025,9,10,Wind,37,Thursday,February,Winter,7388.52
11/7/2021,17,18,Wind,311,Sunday,November,Fall,2960.56
1/28/2020,14,15,Wind,28,Tuesday,January,Winter,12663.8
3/22/2021,17,18,Wind,81,Monday,March,Spring,3768.3199999999997
11/19/2022,4,5,Wind,323,Saturday,November,Fall,2275.16
12/7/2024,4,5,Wind,342,Saturday,December,Winter,17071.52
1/22/2020,12,13,Wind,22,Wednesday,January,Winter,3705.76
4/9/2022,23,0,Wind,99,Saturday,April,Spring,1689.12
1/19/2025,20,21,Wind,19,Sunday,January,Winter,1224.52
2/13/2020,17,18,Wind,44,Thursday,February,Winter,12451.279999999999
11/12/2021,14,15,Wind,316,Friday,November,Fall,3841.0
12/31/2024,9,10,Wind,366,Tuesday,December,Winter,4629.44
8/23/2024,3,4,Wind,236,Friday,August,Summer,8828.32
1/10/2024,11,12,Wind,10,Wednesday,January,Winter,2409.48
6/17/2021,10,11,Wind,168,Thursday,June,Summer,4718.679999999999
1/20/2021,12,13,Wind,20,Wednesday,January,Winter,12625.16
7/23/2023,13,14,Wind,204,Sunday,July,Summer,9582.72
4/14/2024,4,5,Wind,105,Sunday,April,Spring,1732.36
4/25/2020,7,8,Wind,116,Saturday,April,Spring,1846.4399999999998
10/10/2025,8,9,Wind,283,Friday,October,Fall,2868.56
3/18/2025,4,5,Wind,77,Tuesday,March,Spring,11472.4
5/23/2025,19,20,Wind,143,Friday,May,Spring,4684.639999999999
12/6/2020,11,12,Wind,341,Sunday,December,Winter,3063.6
12/19/2020,3,4,Wind,354,Saturday,December,Winter,10133.8
2/17/2022,11,12,Wind,48,Thursday,February,Winter,14514.84
2/23/2020,14,15,Wind,54,Sunday,February,Winter,13569.08
1/7/2021,0,1,Wind,7,Thursday,January,Winter,374.44
12/30/2022,10,11,Wind,364,Friday,December,Winter,15207.6
12/25/2021,17,18,Wind,359,Saturday,December,Winter,714.84
12/21/2024,4,5,Wind,356,Saturday,December,Winter,8597.4
1/15/2024,11,12,Wind,15,Monday,January,Winter,5607.4
8/22/2024,2,3,Wind,235,Thursday,August,Summer,1589.76
11/2/2022,15,16,Wind,306,Wednesday,November,Fall,7594.6
6/6/2024,3,4,Wind,158,Thursday,June,Summer,885.9599999999999
1/25/2020,17,18,Wind,25,Saturday,January,Winter,1254.88
11/2/2021,12,13,Wind,306,Tuesday,November,Fall,5696.639999999999
7/31/2023,8,9,Wind,212,Monday,July,Summer,9644.359999999999
4/27/2021,3,4,Wind,117,Tuesday,April,Spring,4358.96
11/21/2020,0,1,Wind,326,Saturday,November,Fall,3019.44
12/27/2020,14,15,Wind,362,Sunday,December,Winter,10276.4
12/13/2022,13,14,Wind,347,Tuesday,December,Winter,3451.8399999999997
1/5/2024,15,16,Wind,5,Friday,January,Winter,5744.48
2/27/2024,9,10,Wind,58,Tuesday,February,Winter,10267.199999999999
9/19/2021,21,22,Wind,262,Sunday,September,Fall,2286.2000000000003
2/14/2021,22,23,Wind,45,Sunday,February,Winter,9283.72
11/5/2023,6,7,Wind,309,Sunday,November,Fall,14271.04
1/9/2023,12,13,Wind,9,Monday,January,Winter,15709.919999999998
8/4/2025,8,9,Wind,216,Monday,August,Summer,3757.2799999999997
2/23/2025,3,4,Wind,54,Sunday,February,Winter,1829.88
5/4/2023,18,19,Wind,124,Thursday,May,Spring,7336.079999999999
10/19/2023,8,9,Wind,292,Thursday,October,Fall,7927.639999999999
6/20/2024,1,2,Wind,172,Thursday,June,Summer,5676.4
2/3/2021,22,23,Wind,34,Wednesday,February,Winter,6543.96
8/24/2023,13,14,Wind,236,Thursday,August,Summer,10837.599999999999
6/14/2020,20,21,Wind,166,Sunday,June,Summer,1736.96
7/30/2024,20,21,Wind,212,Tuesday,July,Summer,1692.8000000000002
2/22/2024,10,11,Wind,53,Thursday,February,Winter,16698.92
2/23/2020,14,15,Wind,54,Sunday,February,Winter,13569.08
2/14/2024,18,19,Wind,45,Wednesday,February,Winter,5421.56
12/4/2024,3,4,Wind,339,Wednesday,December,Winter,1457.28
1/1/2024,10,11,Wind,1,Monday,January,Winter,11685.84
3/23/2023,17,18,Wind,82,Thursday,March,Spring,11784.279999999999
4/19/2024,13,14,Wind,110,Friday,April,Spring,16777.12
12/10/2021,16,17,Wind,344,Friday,December,Winter,12747.52
12/31/2021,7,8,Wind,365,Friday,December,Winter,5458.360000000001
4/17/2024,22,23,Wind,108,Wednesday,April,Spring,3418.72
3/1/2021,9,10,Wind,60,Monday,March,Spring,5049.88
10/7/2020,12,13,Wind,281,Wednesday,October,Fall,8019.639999999999
12/26/2021,15,16,Wind,360,Sunday,December,Winter,3192.3999999999996
12/24/2022,5,6,Wind,358,Saturday,December,Winter,7117.12
3/11/2023,9,10,Wind,70,Saturday,March,Spring,4842.88
3/12/2025,17,18,Wind,71,Wednesday,March,Spring,2951.36
12/2/2023,0,1,Wind,336,Saturday,December,Winter,3559.4799999999996
1/27/2021,11,12,Wind,27,Wednesday,January,Winter,4803.32
12/18/2021,9,10,Wind,352,Saturday,December,Winter,6175.96
3/15/2023,22,23,Wind,74,Wednesday,March,Spring,3821.68
7/4/2022,4,5,Wind,185,Monday,July,Summer,1973.4
3/31/2023,12,13,Wind,90,Friday,March,Spring,19584.04
9/15/2021,5,6,Wind,258,Wednesday,September,Fall,1726.84
7/27/2023,13,14,Wind,208,Thursday,July,Summer,14848.800000000001
2/17/2020,14,15,Wind,48,Monday,February,Winter,11607.64
3/20/2021,11,12,Wind,79,Saturday,March,Spring,7794.24
2/14/2024,18,19,Wind,45,Wednesday,February,Winter,5421.56
12/10/2022,16,17,Wind,344,Saturday,December,Winter,1690.96
3/12/2021,18,19,Wind,71,Friday,March,Spring,12249.8
12/28/2024,8,9,Wind,363,Saturday,December,Winter,672.52
11/15/2021,13,14,Wind,319,Monday,November,Fall,3564.08
4/23/2025,13,14,Wind,113,Wednesday,April,Spring,12509.24
12/5/2023,18,19,Wind,339,Tuesday,December,Winter,6176.88
10/21/2020,10,11,Wind,295,Wednesday,October,Fall,13260.88
6/5/2025,12,13,Wind,156,Thursday,June,Summer,8965.4
5/10/2022,17,18,Wind,130,Tuesday,May,Spring,7171.400000000001
11/13/2021,16,17,Wind,317,Saturday,November,Fall,2609.12
1/29/2025,13,14,Wind,29,Wednesday,January,Winter,13052.96
11/5/2021,4,5,Wind,309,Friday,November,Fall,2859.36
1/30/2020,20,21,Wind,30,Thursday,January,Winter,9954.4
2/14/2021,17,18,Wind,45,Sunday,February,Winter,8853.16
4/1/2023,16,17,Wind,91,Saturday,April,Spring,13830.359999999999
7/19/2022,8,9,Wind,200,Tuesday,July,Summer,5081.16
1/28/2020,16,17,Wind,28,Tuesday,January,Winter,10945.24
1/3/2020,8,9,Wind,3,Friday,January,Winter,8442.84
2/22/2024,16,17,Wind,53,Thursday,February,Winter,16825.88
1/7/2025,9,10,Wind,7,Tuesday,January,Winter,12937.96
1/31/2022,14,15,Wind,31,Monday,January,Winter,14877.32
1/9/2023,2,3,Wind,9,Monday,January,Winter,13963.759999999998
2/8/2025,15,16,Wind,39,Saturday,February,Winter,5162.12
12/17/2024,8,9,Wind,352,Tuesday,December,Winter,2745.28
1/17/2023,2,3,Wind,17,Tuesday,January,Winter,1870.36
11/17/2022,8,9,Wind,321,Thursday,November,Fall,13239.72
4/1/2023,16,17,Wind,91,Saturday,April,Spring,13830.359999999999
5/24/2024,21,22,Wind,145,Friday,May,Spring,603.52
1/2/2020,11,12,Wind,2,Thursday,January,Winter,3527.2799999999997
1/31/2021,12,13,Wind,31,Sunday,January,Winter,4077.4399999999996
3/7/2025,8,9,Wind,66,Friday,March,Spring,10037.199999999999
6/8/2020,21,22,Wind,160,Monday,June,Summer,3555.8
7/31/2022,1,2,Wind,212,Sunday,July,Summer,1942.12
12/29/2022,19,20,Wind,363,Thursday,December,Winter,7567.92
9/6/2023,8,9,Wind,249,Wednesday,September,Fall,2932.04
4/6/2022,8,9,Wind,96,Wednesday,April,Spring,5246.76
1/1/2022,9,10,Wind,1,Saturday,January,Winter,5421.56
1/15/2024,6,7,Wind,15,Monday,January,Winter,2691.92
2/24/2025,12,13,Wind,55,Monday,February,Winter,13763.2
1/14/2020,8,9,Wind,14,Tuesday,January,Winter,10849.56
6/14/2023,5,6,Wind,165,Wednesday,June,Summer,2579.6800000000003
9/2/2025,15,16,Wind,245,Tuesday,September,Fall,15253.6
10/19/2024,15,16,Wind,293,Saturday,October,Fall,8271.72
2/4/2024,18,19,Wind,35,Sunday,February,Winter,7580.8
2/7/2023,7,8,Wind,38,Tuesday,February,Winter,7515.48
2/16/2024,19,20,Wind,47,Friday,February,Winter,4804.24
8/17/2021,15,16,Wind,229,Tuesday,August,Summer,7481.44
10/24/2020,17,18,Wind,298,Saturday,October,Fall,10262.599999999999
4/22/2022,8,9,Wind,112,Friday,April,Spring,4196.12
3/14/2020,16,17,Wind,74,Saturday,March,Spring,4723.28
12/8/2023,15,16,Wind,342,Friday,December,Winter,5161.2
1/14/2023,6,7,Wind,14,Saturday,January,Winter,12753.96
12/22/2022,14,15,Wind,356,Thursday,December,Winter,12747.52
1/1/2021,10,11,Wind,1,Friday,January,Winter,1557.56
2/15/2020,11,12,Wind,46,Saturday,February,Winter,9502.679999999998
12/29/2023,16,17,Wind,363,Friday,December,Winter,11686.76
10/20/2020,14,15,Wind,294,Tuesday,October,Fall,9338.0
10/23/2025,10,11,Wind,296,Thursday,October,Fall,19439.6
12/7/2024,19,20,Wind,342,Saturday,December,Winter,16647.4
1/31/2022,14,15,Wind,31,Monday,January,Winter,14877.32
12/30/2022,23,0,Wind,364,Friday,December,Winter,14317.96
1/2/2022,18,19,Wind,2,Sunday,January,Winter,12382.279999999999
11/1/2024,21,22,Wind,306,Friday,November,Fall,1033.1599999999999
6/2/2023,21,22,Wind,153,Friday,June,Summer,5828.2
2/2/2024,7,8,Wind,33,Friday,February,Winter,5434.44
1/28/2025,23,0,Wind,28,Tuesday,January,Winter,17108.32
7/14/2021,0,1,Wind,195,Wednesday,July,Summer,4679.12
11/30/2021,11,12,Wind,334,Tuesday,November,Fall,12464.16
8/25/2023,11,12,Wind,237,Friday,August,Summer,7637.84
12/18/2023,20,21,Wind,352,Monday,December,Winter,3883.3199999999997
11/12/2020,17,18,Wind,317,Thursday,November,Fall,1195.9999999999998
1/7/2023,18,19,Wind,7,Saturday,January,Winter,13855.2
1/20/2021,13,14,Wind,20,Wednesday,January,Winter,12731.88
3/22/2020,21,22,Wind,82,Sunday,March,Spring,8825.56
2/14/2021,4,5,Wind,45,Sunday,February,Winter,6642.400000000001
2/22/2023,15,16,Wind,53,Wednesday,February,Winter,2891.56
9/23/2024,6,7,Wind,267,Monday,September,Fall,3184.12
3/21/2025,10,11,Wind,80,Friday,March,Spring,12733.720000000001
5/23/2023,15,16,Wind,143,Tuesday,May,Spring,10755.720000000001
1/5/2025,7,8,Wind,5,Sunday,January,Winter,15780.759999999998
2/16/2024,14,15,Wind,47,Friday,February,Winter,7791.48
12/4/2022,8,9,Wind,338,Sunday,December,Winter,2911.7999999999997
7/12/2024,0,1,Wind,194,Friday,July,Summer,4265.12
2/7/2020,13,14,Wind,38,Friday,February,Winter,5189.72
12/15/2024,20,21,Wind,350,Sunday,December,Winter,8931.359999999999
1/23/2025,14,15,Wind,23,Thursday,January,Winter,15805.6
12/10/2021,22,23,Wind,344,Friday,December,Winter,10503.64
4/17/2022,21,22,Wind,107,Sunday,April,Spring,4546.639999999999
6/4/2024,18,19,Wind,156,Tuesday,June,Summer,6862.279999999999
2/26/2021,16,17,Wind,57,Friday,February,Winter,4488.679999999999
3/1/2023,8,9,Wind,60,Wednesday,March,Spring,8080.36
3/6/2025,15,16,Wind,65,Thursday,March,Spring,13237.88
1/16/2022,0,1,Wind,16,Sunday,January,Winter,1078.24
9/4/2022,20,21,Wind,247,Sunday,September,Fall,2277.9199999999996
7/5/2020,13,14,Wind,187,Sunday,July,Summer,10351.84
12/21/2023,16,17,Wind,355,Thursday,December,Winter,16704.44
10/25/2022,9,10,Wind,298,Tuesday,October,Fall,3608.24
12/7/2020,15,16,Wind,342,Monday,December,Winter,1966.96
1/23/2021,13,14,Wind,23,Saturday,January,Winter,6775.8
10/6/2020,21,22,Wind,280,Tuesday,October,Fall,10120.0
10/6/2021,4,5,Wind,279,Wednesday,October,Fall,7580.8
11/24/2023,7,8,Wind,328,Friday,November,Fall,7190.72
3/28/2020,2,3,Wind,88,Saturday,March,Spring,2049.7599999999998
2/10/2023,21,22,Wind,41,Friday,February,Winter,2184.08
2/9/2024,13,14,Wind,40,Friday,February,Winter,12827.56
12/29/2021,5,6,Wind,363,Wednesday,December,Winter,6252.32
5/9/2021,16,17,Wind,129,Sunday,May,Spring,10077.68
10/19/2025,11,12,Wind,292,Sunday,October,Fall,9830.199999999999
1/7/2023,9,10,Wind,7,Saturday,January,Winter,12377.68
8/21/2020,0,1,Wind,234,Friday,August,Summer,4560.44
1/16/2022,15,16,Wind,16,Sunday,January,Winter,4227.400000000001
12/6/2024,15,16,Wind,341,Friday,December,Winter,7022.36
10/1/2023,0,1,Wind,274,Sunday,October,Fall,1629.32
12/2/2021,16,17,Wind,336,Thursday,December,Winter,5876.96
8/29/2025,8,9,Wind,241,Friday,August,Summer,10931.44
7/22/2025,14,15,Wind,203,Tuesday,July,Summer,14195.6
12/1/2022,15,16,Wind,335,Thursday,December,Winter,3978.08
10/9/2024,9,10,Wind,283,Wednesday,October,Fall,9760.279999999999
12/21/2020,13,14,Wind,356,Monday,December,Winter,11689.52
12/31/2023,14,15,Wind,365,Sunday,December,Winter,17274.84
12/6/2021,21,22,Wind,340,Monday,December,Winter,9903.8
11/23/2023,8,9,Wind,327,Thursday,November,Fall,3420.56
5/29/2025,3,4,Wind,149,Thursday,May,Spring,2369.9199999999996
11/30/2023,7,8,Wind,334,Thursday,November,Fall,1690.96
3/13/2022,12,13,Wind,72,Sunday,March,Spring,9968.199999999999
7/2/2020,22,23,Wind,184,Thursday,July,Summer,2973.44
4/14/2024,5,6,Wind,105,Sunday,April,Spring,1376.32
2/7/2021,0,1,Wind,38,Sunday,February,Winter,4642.32
12/7/2021,19,20,Wind,341,Tuesday,December,Winter,12495.44
2/2/2020,9,10,Wind,33,Sunday,February,Winter,11193.64
12/25/2021,23,0,Wind,359,Saturday,December,Winter,1426.92
2/26/2024,13,14,Wind,57,Monday,February,Winter,13034.56
9/8/2025,3,4,Wind,251,Monday,September,Fall,2193.28
1/28/2021,13,14,Wind,28,Thursday,January,Winter,13915.0
8/14/2020,5,6,Wind,227,Friday,August,Summer,1818.84
11/24/2023,14,15,Wind,328,Friday,November,Fall,12960.04
12/20/2021,9,10,Wind,354,Monday,December,Winter,3555.8
2/28/2022,20,21,Wind,59,Monday,February,Winter,3196.08
2/20/2023,1,2,Wind,51,Monday,February,Winter,2927.44
10/1/2022,16,17,Wind,274,Saturday,October,Fall,12042.8
4/22/2020,18,19,Wind,113,Wednesday,April,Spring,2635.7999999999997
5/5/2020,9,10,Wind,126,Tuesday,May,Spring,5389.360000000001
12/9/2023,12,13,Wind,343,Saturday,December,Winter,16709.04
1/31/2025,23,0,Wind,31,Friday,January,Winter,3478.52
12/12/2023,23,0,Wind,346,Tuesday,December,Winter,9967.279999999999
1/10/2020,21,22,Wind,10,Friday,January,Winter,1396.56
3/19/2022,5,6,Wind,78,Saturday,March,Spring,10058.36
12/13/2022,13,14,Wind,347,Tuesday,December,Winter,3451.8399999999997
10/25/2023,16,17,Wind,298,Wednesday,October,Fall,9005.88
7/28/2020,6,7,Wind,210,Tuesday,July,Summer,3321.2000000000003
3/10/2020,18,19,Wind,70,Tuesday,March,Spring,10881.76
1/3/2023,2,3,Wind,3,Tuesday,January,Winter,4252.24
2/8/2025,12,13,Wind,39,Saturday,February,Winter,7532.959999999999
1/22/2021,3,4,Wind,22,Friday,January,Winter,6337.88
9/19/2023,18,19,Wind,262,Tuesday,September,Fall,7865.079999999999
9/12/2024,1,2,Wind,256,Thursday,September,Fall,4347.0
12/23/2021,1,2,Wind,357,Thursday,December,Winter,5536.56
12/3/2023,9,10,Wind,337,Sunday,December,Winter,9634.24
4/19/2023,18,19,Wind,109,Wednesday,April,Spring,6545.799999999999
12/10/2024,17,18,Wind,345,Tuesday,December,Winter,7253.279999999999
5/6/2022,4,5,Wind,126,Friday,May,Spring,3039.6800000000003
11/23/2022,10,11,Wind,327,Wednesday,November,Fall,11259.88
4/25/2020,22,23,Wind,116,Saturday,April,Spring,2451.7999999999997
2/4/2020,10,11,Wind,35,Tuesday,February,Winter,11408.92
2/8/2025,14,15,Wind,39,Saturday,February,Winter,6079.360000000001
11/28/2025,20,21,Wind,332,Friday,November,Fall,6111.56
5/26/2021,14,15,Wind,146,Wednesday,May,Spring,9881.720000000001
1/4/2021,1,2,Wind,4,Monday,January,Winter,1826.2
6/21/2020,22,23,Wind,173,Sunday,June,Summer,3001.04
3/17/2021,11,12,Wind,76,Wednesday,March,Spring,10030.76
7/12/2022,1,2,Wind,193,Tuesday,July,Summer,3755.4399999999996
3/10/2020,1,2,Wind,70,Tuesday,March,Spring,10705.12
3/24/2023,8,9,Wind,83,Friday,March,Spring,11412.599999999999
1/28/2024,18,19,Wind,28,Sunday,January,Winter,7360.92
1/18/2022,13,14,Wind,18,Tuesday,January,Winter,5163.04
12/30/2023,8,9,Wind,364,Saturday,December,Winter,6895.400000000001
1/17/2023,15,16,Wind,17,Tuesday,January,Winter,4434.400000000001
2/3/2024,19,20,Wind,34,Saturday,February,Winter,4481.32
2/14/2024,7,8,Wind,45,Wednesday,February,Winter,7991.12
2/14/2024,17,18,Wind,45,Wednesday,February,Winter,5380.16
8/29/2023,23,0,Wind,241,Tuesday,August,Summer,1490.3999999999999
3/26/2021,11,12,Wind,85,Friday,March,Spring,9116.279999999999
12/11/2022,9,10,Wind,345,Sunday,December,Winter,2496.88
2/24/2025,20,21,Wind,55,Monday,February,Winter,5734.360000000001
1/26/2021,17,18,Wind,26,Tuesday,January,Winter,3628.4799999999996
1/6/2022,5,6,Wind,6,Thursday,January,Winter,1885.08
2/14/2025,5,6,Wind,45,Friday,February,Winter,4752.72
1/20/2024,16,17,Wind,20,Saturday,January,Winter,3428.8399999999997
1/29/2023,19,20,Wind,29,Sunday,January,Winter,3216.3199999999997
1/13/2020,7,8,Wind,13,Monday,January,Winter,3025.88
1/25/2025,15,16,Wind,25,Saturday,January,Winter,5081.16
2/29/2020,14,15,Wind,60,Saturday,February,Winter,12583.76
12/1/2023,8,9,Wind,335,Friday,December,Winter,2571.3999999999996
12/28/2021,20,21,Wind,362,Tuesday,December,Winter,12400.68
12/20/2020,3,4,Wind,355,Sunday,December,Winter,4105.04
8/19/2023,3,4,Wind,231,Saturday,August,Summer,4220.96
8/29/2023,18,19,Wind,241,Tuesday,August,Summer,3589.8399999999997
1/19/2024,21,22,Wind,19,Friday,January,Winter,3206.2
10/2/2020,16,17,Wind,276,Friday,October,Fall,4155.639999999999
1/21/2024,11,12,Wind,21,Sunday,January,Winter,13540.559999999998
1/3/2020,8,9,Wind,3,Friday,January,Winter,8442.84
5/6/2025,5,6,Wind,126,Tuesday,May,Spring,9391.359999999999
2/22/2024,11,12,Wind,53,Thursday,February,Winter,17306.12
10/9/2025,8,9,Wind,282,Thursday,October,Fall,2296.3199999999997
5/26/2025,17,18,Wind,146,Monday,May,Spring,9298.44
2/29/2024,20,21,Wind,60,Thursday,February,Winter,8848.56
12/3/2020,14,15,Wind,338,Thursday,December,Winter,10271.8
10/12/2024,3,4,Wind,286,Saturday,October,Fall,5448.24
3/27/2025,8,9,Wind,86,Thursday,March,Spring,4614.72
12/5/2020,19,20,Wind,340,Saturday,December,Winter,6001.16
7/9/2025,21,22,Wind,190,Wednesday,July,Summer,1860.2399999999998
2/16/2022,17,18,Wind,47,Wednesday,February,Winter,14694.24
11/27/2023,22,23,Wind,331,Monday,November,Fall,12017.04
10/14/2020,19,20,Wind,288,Wednesday,October,Fall,4962.48
5/4/2021,12,13,Wind,124,Tuesday,May,Spring,14495.519999999999
12/25/2022,8,9,Wind,359,Sunday,December,Winter,4957.88
3/7/2021,18,19,Wind,66,Sunday,March,Spring,1835.4
7/27/2021,16,17,Wind,208,Tuesday,July,Summer,6033.360000000001
4/5/2020,17,18,Wind,96,Sunday,April,Spring,7809.879999999999
1/7/2022,18,19,Wind,7,Friday,January,Winter,9391.359999999999
2/25/2023,17,18,Wind,56,Saturday,February,Winter,7544.0
11/6/2023,17,18,Wind,310,Monday,November,Fall,8263.44
1/4/2024,4,5,Wind,4,Thursday,January,Winter,12627.0
12/31/2024,17,18,Wind,366,Tuesday,December,Winter,8313.12
10/19/2023,8,9,Wind,292,Thursday,October,Fall,7927.639999999999
9/16/2023,9,10,Wind,259,Saturday,September,Fall,4002.92
3/29/2024,7,8,Wind,89,Friday,March,Spring,9904.720000000001
1/1/2023,19,20,Wind,1,Sunday,January,Winter,12322.48
11/12/2023,12,13,Wind,316,Sunday,November,Fall,9679.32
8/22/2021,11,12,Wind,234,Sunday,August,Summer,6792.36
6/23/2020,6,7,Wind,175,Tuesday,June,Summer,2271.48
11/8/2024,16,17,Wind,313,Friday,November,Fall,1840.9199999999998
10/20/2024,17,18,Wind,294,Sunday,October,Fall,11592.92
10/11/2022,9,10,Wind,284,Tuesday,October,Fall,3207.12
12/16/2024,9,10,Wind,351,Monday,December,Winter,6548.56
12/30/2020,18,19,Wind,365,Wednesday,December,Winter,4440.839999999999
2/20/2025,18,19,Wind,51,Thursday,February,Winter,7457.52
8/21/2025,9,10,Wind,233,Thursday,August,Summer,6190.68
7/1/2025,6,7,Wind,182,Tuesday,July,Summer,1307.32
11/7/2022,9,10,Wind,311,Monday,November,Fall,11978.4
11/2/2024,16,17,Wind,307,Saturday,November,Fall,3898.96
2/22/2023,22,23,Wind,53,Wednesday,February,Winter,1322.04
1/26/2024,15,16,Wind,26,Friday,January,Winter,7849.44
2/3/2025,17,18,Wind,34,Monday,February,Winter,1482.12
11/15/2021,20,21,Wind,319,Monday,November,Fall,1792.1599999999999
4/19/2022,17,18,Wind,109,Tuesday,April,Spring,3999.24
10/26/2022,3,4,Wind,299,Wednesday,October,Fall,6383.88
1/26/2022,4,5,Wind,26,Wednesday,January,Winter,402.03999999999996
6/23/2024,4,5,Wind,175,Sunday,June,Summer,2189.6
7/27/2024,22,23,Wind,209,Saturday,July,Summer,2043.3199999999997
2/24/2021,17,18,Wind,55,Wednesday,February,Winter,4782.16
3/15/2024,20,21,Wind,75,Friday,March,Spring,10003.16
1/15/2024,10,11,Wind,15,Monday,January,Winter,4804.24
7/15/2022,8,9,Wind,196,Friday,July,Summer,3536.4799999999996
2/2/2021,18,19,Wind,33,Tuesday,February,Winter,8432.72
2/13/2022,21,22,Wind,44,Sunday,February,Winter,13832.2
1/17/2020,15,16,Wind,17,Friday,January,Winter,8842.12
4/27/2024,0,1,Wind,118,Saturday,April,Spring,4363.56
11/25/2025,15,16,Wind,329,Tuesday,November,Fall,11606.720000000001
9/15/2025,15,16,Wind,258,Monday,September,Fall,10846.8
1/16/2023,0,1,Wind,16,Monday,January,Winter,13354.72
2/23/2021,18,19,Wind,54,Tuesday,February,Winter,6116.16
2/25/2020,8,9,Wind,56,Tuesday,February,Winter,7702.24
10/6/2021,20,21,Wind,279,Wednesday,October,Fall,3412.2799999999997
4/15/2025,8,9,Wind,105,Tuesday,April,Spring,5559.56
7/14/2022,20,21,Wind,195,Thursday,July,Summer,5348.88
7/28/2020,22,23,Wind,210,Tuesday,July,Summer,2593.48
1/28/2024,23,0,Wind,28,Sunday,January,Winter,8180.639999999999
5/2/2020,18,19,Wind,123,Saturday,May,Spring,3564.08
10/2/2021,14,15,Wind,275,Saturday,October,Fall,14029.08
7/25/2022,17,18,Wind,206,Monday,July,Summer,10803.56
9/30/2020,18,19,Wind,274,Wednesday,September,Fall,2996.44
8/23/2024,13,14,Wind,236,Friday,August,Summer,8593.72
9/20/2023,17,18,Wind,263,Wednesday,September,Fall,11937.0
5/10/2020,1,2,Wind,131,Sunday,May,Spring,2241.12
1/22/2022,17,18,Wind,22,Saturday,January,Winter,2288.96
3/13/2021,22,23,Wind,72,Saturday,March,Spring,10709.720000000001
3/9/2024,13,14,Wind,69,Saturday,March,Spring,13005.12
9/9/2024,11,12,Wind,253,Monday,September,Fall,11069.44
10/13/2022,4,5,Wind,286,Thursday,October,Fall,1585.1599999999999
2/18/2025,23,0,Wind,49,Tuesday,February,Winter,10333.44
2/14/2021,15,16,Wind,45,Sunday,February,Winter,8981.96
6/19/2024,18,19,Wind,171,Wednesday,June,Summer,7969.959999999999
12/24/2023,9,10,Wind,358,Sunday,December,Winter,15492.800000000001
7/30/2023,17,18,Wind,211,Sunday,July,Summer,11093.36
11/10/2022,9,10,Wind,314,Thursday,November,Fall,4349.76
12/1/2021,14,15,Wind,335,Wednesday,December,Winter,10715.24
7/13/2021,18,19,Wind,194,Tuesday,July,Summer,6980.04
1/26/2023,1,2,Wind,26,Thursday,January,Winter,1224.52
3/9/2024,14,15,Wind,69,Saturday,March,Spring,11682.16
9/10/2025,1,2,Wind,253,Wednesday,September,Fall,3509.8
9/13/2025,14,15,Wind,256,Saturday,September,Fall,8003.079999999999
1/2/2021,13,14,Wind,2,Saturday,January,Winter,2397.52
10/31/2020,13,14,Wind,305,Saturday,October,Fall,9610.32
1/15/2021,10,11,Wind,15,Friday,January,Winter,6018.639999999999
2/25/2020,8,9,Wind,56,Tuesday,February,Winter,7702.24
1/18/2023,13,14,Wind,18,Wednesday,January,Winter,5545.76
12/4/2021,12,13,Wind,338,Saturday,December,Winter,12605.84
12/8/2023,23,0,Wind,342,Friday,December,Winter,7724.32
10/26/2023,18,19,Wind,299,Thursday,October,Fall,4281.679999999999
5/31/2020,15,16,Wind,152,Sunday,May,Spring,6429.88
2/4/2022,3,4,Wind,35,Friday,February,Winter,4791.36
1/31/2022,12,13,Wind,31,Monday,January,Winter,15260.96
2/19/2023,19,20,Wind,50,Sunday,February,Winter,2231.0
7/22/2025,8,9,Wind,203,Tuesday,July,Summer,8429.039999999999
1/30/2020,19,20,Wind,30,Thursday,January,Winter,9687.599999999999
9/22/2025,8,9,Wind,265,Monday,September,Fall,9195.4
2/9/2024,15,16,Wind,40,Friday,February,Winter,10730.88
5/30/2021,18,19,Wind,150,Sunday,May,Spring,4860.36
2/16/2025,5,6,Wind,47,Sunday,February,Winter,3489.56
3/2/2024,17,18,Wind,62,Saturday,March,Spring,5836.48
1/2/2024,8,9,Wind,2,Tuesday,January,Winter,15696.119999999999
12/4/2021,12,13,Wind,338,Saturday,December,Winter,12605.84
11/3/2024,18,19,Wind,308,Sunday,November,Fall,2061.72
11/28/2023,18,19,Wind,332,Tuesday,November,Fall,1031.32
12/4/2020,4,5,Wind,339,Friday,December,Winter,10772.279999999999
2/20/2025,18,19,Wind,51,Thursday,February,Winter,7457.52
8/19/2021,0,1,Wind,231,Thursday,August,Summer,1958.68
11/13/2025,6,7,Wind,317,Thursday,November,Fall,9596.52
12/8/2023,11,12,Wind,342,Friday,December,Winter,4936.72
11/30/2024,16,17,Wind,335,Saturday,November,Fall,1514.32
12/2/2023,16,17,Wind,336,Saturday,December,Winter,1966.04
2/6/2024,12,13,Wind,37,Tuesday,February,Winter,14261.84
10/20/2024,11,12,Wind,294,Sunday,October,Fall,13601.279999999999
10/20/2020,12,13,Wind,294,Tuesday,October,Fall,9642.52
9/16/2020,0,1,Wind,260,Wednesday,September,Fall,736.0
12/2/2022,13,14,Wind,336,Friday,December,Winter,3301.8799999999997
7/27/2023,8,9,Wind,208,Thursday,July,Summer,9567.08
10/8/2020,13,14,Wind,282,Thursday,October,Fall,10900.16
1/15/2021,11,12,Wind,15,Friday,January,Winter,6366.4
2/18/2020,14,15,Wind,49,Tuesday,February,Winter,10772.279999999999
12/20/2022,2,3,Wind,354,Tuesday,December,Winter,12693.24
11/18/2021,0,1,Wind,322,Thursday,November,Fall,1467.3999999999999
11/6/2020,10,11,Wind,311,Friday,November,Fall,6247.72
4/20/2020,13,14,Wind,111,Monday,April,Spring,5791.4
12/30/2020,9,10,Wind,365,Wednesday,December,Winter,3024.04
1/6/2023,10,11,Wind,6,Friday,January,Winter,7176.92
9/13/2025,18,19,Wind,256,Saturday,September,Fall,8881.679999999998
1/27/2024,9,10,Wind,27,Saturday,January,Winter,4337.8
9/26/2024,14,15,Wind,270,Thursday,September,Fall,16771.600000000002
12/23/2023,0,1,Wind,357,Saturday,December,Winter,12121.92
10/18/2020,21,22,Wind,292,Sunday,October,Fall,702.88
1/5/2022,6,7,Wind,5,Wednesday,January,Winter,6382.96
12/18/2024,14,15,Wind,353,Wednesday,December,Winter,14587.519999999999
1/28/2020,17,18,Wind,28,Tuesday,January,Winter,9969.12
12/7/2024,2,3,Wind,342,Saturday,December,Winter,16115.64
6/22/2021,13,14,Wind,173,Tuesday,June,Summer,6517.28
1/25/2025,21,22,Wind,25,Saturday,January,Winter,8395.92
11/19/2024,11,12,Wind,324,Tuesday,November,Fall,19142.44
2/27/2024,13,14,Wind,58,Tuesday,February,Winter,9672.88
3/23/2025,9,10,Wind,82,Sunday,March,Spring,7191.639999999999
6/5/2020,16,17,Wind,157,Friday,June,Summer,12192.76
2/11/2024,21,22,Wind,42,Sunday,February,Winter,6811.679999999999
1/25/2024,10,11,Wind,25,Thursday,January,Winter,5746.32
2/24/2020,9,10,Wind,55,Monday,February,Winter,8736.32
2/22/2021,8,9,Wind,53,Monday,February,Winter,5725.16
1/4/2025,7,8,Wind,4,Saturday,January,Winter,3488.6399999999994
5/6/2022,18,19,Wind,126,Friday,May,Spring,4450.04
5/16/2023,3,4,Wind,136,Tuesday,May,Spring,6864.12
3/22/2022,9,10,Wind,81,Tuesday,March,Spring,6541.2
11/14/2024,7,8,Wind,319,Thursday,November,Fall,3516.24
12/9/2024,11,12,Wind,344,Monday,December,Winter,14088.88
12/20/2023,16,17,Wind,354,Wednesday,December,Winter,9527.52
1/6/2022,8,9,Wind,6,Thursday,January,Winter,1652.3199999999997
2/4/2024,12,13,Wind,35,Sunday,February,Winter,9636.999999999998
10/24/2022,18,19,Wind,297,Monday,October,Fall,7764.8
12/25/2020,23,0,Wind,360,Friday,December,Winter,3358.0
1/5/2024,18,19,Wind,5,Friday,January,Winter,4418.76
1/17/2024,10,11,Wind,17,Wednesday,January,Winter,7836.5599999999995
2/4/2021,7,8,Wind,35,Thursday,February,Winter,2633.96
8/28/2023,21,22,Wind,240,Monday,August,Summer,2955.96
7/17/2022,8,9,Wind,198,Sunday,July,Summer,3841.0
12/4/2022,13,14,Wind,338,Sunday,December,Winter,3655.16
4/3/2025,12,13,Wind,93,Thursday,April,Spring,6202.639999999999
11/25/2022,15,16,Wind,329,Friday,November,Fall,3993.72
12/19/2023,5,6,Wind,353,Tuesday,December,Winter,5871.44
4/15/2023,8,9,Wind,105,Saturday,April,Spring,7448.32
11/26/2023,0,1,Wind,330,Sunday,November,Fall,2651.44
2/15/2021,5,6,Wind,46,Monday,February,Winter,9358.24
6/4/2020,5,6,Wind,156,Thursday,June,Summer,2564.96
2/16/2022,11,12,Wind,47,Wednesday,February,Winter,14507.48
10/16/2024,17,18,Wind,290,Wednesday,October,Fall,9728.999999999998
1/27/2021,5,6,Wind,27,Wednesday,January,Winter,5173.16
1/24/2022,20,21,Wind,24,Monday,January,Winter,1245.68
6/23/2025,11,12,Wind,174,Monday,June,Summer,7031.5599999999995
1/28/2022,1,2,Wind,28,Friday,January,Winter,2243.88
1/10/2023,11,12,Wind,10,Tuesday,January,Winter,12178.04
5/25/2025,7,8,Wind,145,Sunday,May,Spring,8565.2
1/23/2022,16,17,Wind,23,Sunday,January,Winter,3555.8
12/27/2021,15,16,Wind,361,Monday,December,Winter,8974.6
6/8/2022,10,11,Wind,159,Wednesday,June,Summer,5794.16
1/31/2024,20,21,Wind,31,Wednesday,January,Winter,5598.2
1/27/2025,18,19,Wind,27,Monday,January,Winter,16289.519999999999
2/10/2022,16,17,Wind,41,Thursday,February,Winter,3527.2799999999997
11/10/2021,5,6,Wind,314,Wednesday,November,Fall,656.88
12/8/2021,15,16,Wind,342,Wednesday,December,Winter,4566.88
11/12/2021,15,16,Wind,316,Friday,November,Fall,3568.68
1/20/2023,18,19,Wind,20,Friday,January,Winter,3972.56
2/21/2025,13,14,Wind,52,Friday,February,Winter,16011.68
2/8/2025,0,1,Wind,39,Saturday,February,Winter,8452.96
2/19/2022,17,18,Wind,50,Saturday,February,Winter,13139.44
1/18/2022,15,16,Wind,18,Tuesday,January,Winter,4167.6
10/14/2020,10,11,Wind,288,Wednesday,October,Fall,3808.8
3/10/2020,18,19,Wind,70,Tuesday,March,Spring,10881.76
11/11/2020,1,2,Wind,316,Wednesday,November,Fall,609.04
2/3/2021,15,16,Wind,34,Wednesday,February,Winter,12305.92
8/29/2023,18,19,Wind,241,Tuesday,August,Summer,3589.8399999999997
8/17/2024,23,0,Wind,230,Saturday,August,Summer,2449.96
1/31/2022,18,19,Wind,31,Monday,January,Winter,10614.04
1/6/2021,18,19,Wind,6,Wednesday,January,Winter,518.88
3/16/2025,6,7,Wind,75,Sunday,March,Spring,7036.16
4/19/2025,10,11,Wind,109,Saturday,April,Spring,8443.76
12/10/2023,14,15,Wind,344,Sunday,December,Winter,15801.919999999998
3/17/2022,23,0,Wind,76,Thursday,March,Spring,6087.639999999999
10/15/2021,18,19,Wind,288,Friday,October,Fall,1156.44
4/24/2024,16,17,Wind,115,Wednesday,April,Spring,10040.88
12/15/2020,9,10,Wind,350,Tuesday,December,Winter,3754.52
12/30/2020,18,19,Wind,365,Wednesday,December,Winter,4440.839999999999
2/18/2024,11,12,Wind,49,Sunday,February,Winter,12846.88
6/8/2025,7,8,Wind,159,Sunday,June,Summer,7641.52
12/8/2020,4,5,Wind,343,Tuesday,December,Winter,2697.44
8/16/2021,5,6,Wind,228,Monday,August,Summer,4004.76
12/8/2022,23,0,Wind,342,Thursday,December,Winter,2486.76
12/10/2024,17,18,Wind,345,Tuesday,December,Winter,7253.279999999999
11/18/2024,15,16,Wind,323,Monday,November,Fall,7554.12
1/25/2021,10,11,Wind,25,Monday,January,Winter,4253.16
2/24/2022,22,23,Wind,55,Thursday,February,Winter,7302.959999999999
10/21/2024,16,17,Wind,295,Monday,October,Fall,6687.48
1/31/2020,11,12,Wind,31,Friday,January,Winter,7073.879999999999
3/18/2025,9,10,Wind,77,Tuesday,March,Spring,13871.759999999998
12/8/2022,10,11,Wind,342,Thursday,December,Winter,2203.4
12/20/2020,15,16,Wind,355,Sunday,December,Winter,4104.12
1/13/2024,1,2,Wind,13,Saturday,January,Winter,2051.6
12/5/2024,9,10,Wind,340,Thursday,December,Winter,13843.24
12/25/2020,22,23,Wind,360,Friday,December,Winter,3529.12
12/8/2020,0,1,Wind,343,Tuesday,December,Winter,3150.08
1/7/2024,16,17,Wind,7,Sunday,January,Winter,8681.12
12/2/2022,8,9,Wind,336,Friday,December,Winter,1739.7199999999998
12/24/2020,17,18,Wind,359,Thursday,December,Winter,8555.08
5/20/2021,13,14,Wind,140,Thursday,May,Spring,9493.48
2/24/2025,22,23,Wind,55,Monday,February,Winter,5140.96
4/24/2025,8,9,Wind,114,Thursday,April,Spring,3380.08
11/1/2025,15,16,Wind,305,Saturday,November,Fall,10151.279999999999
6/26/2020,9,10,Wind,178,Friday,June,Summer,4289.96
4/8/2024,17,18,Wind,99,Monday,April,Spring,9005.88
4/20/2025,11,12,Wind,110,Sunday,April,Spring,4937.639999999999
11/22/2024,12,13,Wind,327,Friday,November,Fall,15058.559999999998
2/28/2020,13,14,Wind,59,Friday,February,Winter,10132.88
2/17/2021,16,17,Wind,48,Wednesday,February,Winter,6505.32
3/18/2021,18,19,Wind,77,Thursday,March,Spring,3819.8399999999997
10/1/2021,8,9,Wind,274,Friday,October,Fall,6235.76
10/2/2021,12,13,Wind,275,Saturday,October,Fall,12378.599999999999
12/18/2023,16,17,Wind,352,Monday,December,Winter,2754.48
5/23/2023,4,5,Wind,143,Tuesday,May,Spring,4337.8
11/14/2020,21,22,Wind,319,Saturday,November,Fall,10516.52
1/17/2023,10,11,Wind,17,Tuesday,January,Winter,3943.12
2/17/2025,18,19,Wind,48,Monday,February,Winter,1856.56
3/2/2022,18,19,Wind,61,Wednesday,March,Spring,873.0799999999999
4/9/2020,7,8,Wind,100,Thursday,April,Spring,844.56
2/28/2020,2,3,Wind,59,Friday,February,Winter,2916.3999999999996
9/13/2025,15,16,Wind,256,Saturday,September,Fall,13179.919999999998
1/20/2023,20,21,Wind,20,Friday,January,Winter,5029.639999999999
10/2/2024,7,8,Wind,276,Wednesday,October,Fall,3721.4
11/1/2021,10,11,Wind,305,Monday,November,Fall,9272.679999999998
1/30/2025,5,6,Wind,30,Thursday,January,Winter,5377.4
1/20/2020,11,12,Wind,20,Monday,January,Winter,5971.72
6/22/2021,10,11,Wind,173,Tuesday,June,Summer,6088.56
4/22/2023,19,20,Wind,112,Saturday,April,Spring,4859.44
4/5/2020,2,3,Wind,96,Sunday,April,Spring,6787.759999999999
7/20/2022,18,19,Wind,201,Wednesday,July,Summer,4934.88
12/24/2022,2,3,Wind,358,Saturday,December,Winter,8931.359999999999
2/11/2023,17,18,Wind,42,Saturday,February,Winter,1574.12
8/25/2023,17,18,Wind,237,Friday,August,Summer,8394.08
7/23/2022,5,6,Wind,204,Saturday,July,Summer,1036.84
12/9/2020,15,16,Wind,344,Wednesday,December,Winter,2357.96
12/28/2023,16,17,Wind,362,Thursday,December,Winter,11686.76
1/9/2020,13,14,Wind,9,Thursday,January,Winter,11046.44
1/28/2024,18,19,Wind,28,Sunday,January,Winter,7360.92
1/26/2020,19,20,Wind,26,Sunday,January,Winter,6579.84
2/19/2025,16,17,Wind,50,Wednesday,February,Winter,5011.24
12/10/2021,16,17,Wind,344,Friday,December,Winter,12747.52
1/30/2020,19,20,Wind,30,Thursday,January,Winter,9687.599999999999
12/10/2022,0,1,Wind,344,Saturday,December,Winter,1192.32
5/17/2024,5,6,Wind,138,Friday,May,Spring,1981.68
2/19/2020,23,0,Wind,50,Wednesday,February,Winter,5575.2
11/13/2020,11,12,Wind,318,Friday,November,Fall,6796.959999999999
10/20/2020,12,13,Wind,294,Tuesday,October,Fall,9642.52
2/1/2021,14,15,Wind,32,Monday,February,Winter,7025.12
10/15/2024,2,3,Wind,289,Tuesday,October,Fall,1917.28
12/20/2020,12,13,Wind,355,Sunday,December,Winter,4697.5199999999995
8/1/2025,3,4,Wind,213,Friday,August,Summer,1815.1599999999999
3/18/2024,20,21,Wind,78,Monday,March,Spring,840.88
2/16/2022,11,12,Wind,47,Wednesday,February,Winter,14507.48
6/18/2023,6,7,Wind,169,Sunday,June,Summer,2369.9199999999996
4/9/2025,22,23,Wind,99,Wednesday,April,Spring,10488.92
2/29/2024,11,12,Wind,60,Thursday,February,Winter,11143.96
12/3/2022,15,16,Wind,337,Saturday,December,Winter,4767.44
1/22/2021,14,15,Wind,22,Friday,January,Winter,3726.92
2/1/2024,16,17,Wind,32,Thursday,February,Winter,2500.56
5/1/2024,6,7,Wind,122,Wednesday,May,Spring,1679.0
1/7/2022,16,17,Wind,7,Friday,January,Winter,9421.72
4/28/2024,4,5,Wind,119,Sunday,April,Spring,10151.279999999999
1/28/2023,9,10,Wind,28,Saturday,January,Winter,5401.32
12/15/2024,8,9,Wind,350,Sunday,December,Winter,5564.16
4/28/2023,14,15,Wind,118,Friday,April,Spring,10455.8
3/18/2022,19,20,Wind,77,Friday,March,Spring,11436.52
12/22/2023,18,19,Wind,356,Friday,December,Winter,14737.48
1/4/2022,13,14,Wind,4,Tuesday,January,Winter,5446.4
8/19/2020,22,23,Wind,232,Wednesday,August,Summer,3599.96
4/27/2024,3,4,Wind,118,Saturday,April,Spring,4606.44
1/18/2022,18,19,Wind,18,Tuesday,January,Winter,2800.48
2/11/2021,4,5,Wind,42,Thursday,February,Winter,4189.679999999999
9/29/2021,17,18,Wind,272,Wednesday,September,Fall,8363.72
1/27/2020,12,13,Wind,27,Monday,January,Winter,8540.359999999999
7/25/2020,12,13,Wind,207,Saturday,July,Summer,6712.32
12/9/2022,10,11,Wind,343,Friday,December,Winter,2888.7999999999997
3/22/2022,18,19,Wind,81,Tuesday,March,Spring,3280.72
1/2/2021,16,17,Wind,2,Saturday,January,Winter,1761.8000000000002
11/16/2021,2,3,Wind,320,Tuesday,November,Fall,716.68
5/18/2022,20,21,Wind,138,Wednesday,May,Spring,2073.68
6/20/2023,18,19,Wind,171,Tuesday,June,Summer,5144.639999999999
1/8/2020,15,16,Wind,8,Wednesday,January,Winter,3462.8799999999997
10/21/2024,9,10,Wind,295,Monday,October,Fall,4722.36
10/17/2023,15,16,Wind,290,Tuesday,October,Fall,7228.44
2/23/2021,17,18,Wind,54,Tuesday,February,Winter,7307.5599999999995
1/20/2020,10,11,Wind,20,Monday,January,Winter,5607.4
2/6/2024,1,2,Wind,37,Tuesday,February,Winter,8892.72
3/1/2025,3,4,Wind,60,Saturday,March,Spring,6264.28
1/20/2021,13,14,Wind,20,Wednesday,January,Winter,12731.88
4/21/2021,19,20,Wind,111,Wednesday,April,Spring,4714.999999999999
5/21/2022,20,21,Wind,141,Saturday,May,Spring,1136.2
1/11/2025,10,11,Wind,11,Saturday,January,Winter,3301.8799999999997
9/8/2025,7,8,Wind,251,Monday,September,Fall,1622.88
1/24/2021,21,22,Wind,24,Sunday,January,Winter,6188.84
2/12/2025,7,8,Wind,43,Wednesday,February,Winter,1937.5199999999998
4/20/2022,14,15,Wind,110,Wednesday,April,Spring,5864.08
2/25/2020,3,4,Wind,56,Tuesday,February,Winter,8938.72
5/27/2024,16,17,Wind,148,Monday,May,Spring,7680.16
11/11/2025,6,7,Wind,315,Tuesday,November,Fall,7161.279999999999
1/2/2020,18,19,Wind,2,Thursday,January,Winter,4918.32
11/21/2024,5,6,Wind,326,Thursday,November,Fall,4603.679999999999
7/31/2023,9,10,Wind,212,Monday,July,Summer,11620.52
7/31/2023,8,9,Wind,212,Monday,July,Summer,9644.359999999999
3/26/2023,15,16,Wind,85,Sunday,March,Spring,11931.48
12/13/2020,12,13,Wind,348,Sunday,December,Winter,6133.639999999999
12/21/2024,15,16,Wind,356,Saturday,December,Winter,14962.88
1/21/2021,8,9,Wind,21,Thursday,January,Winter,9436.44
1/15/2022,5,6,Wind,15,Saturday,January,Winter,1186.8
6/30/2024,7,8,Wind,182,Sunday,June,Summer,3818.0
11/27/2020,16,17,Wind,332,Friday,November,Fall,1529.04
2/5/2020,1,2,Wind,36,Wednesday,February,Winter,3954.16
11/21/2025,19,20,Wind,325,Friday,November,Fall,5037.92
11/19/2025,11,12,Wind,323,Wednesday,November,Fall,14061.279999999999
1/17/2020,13,14,Wind,17,Friday,January,Winter,9069.359999999999
5/16/2020,2,3,Wind,137,Saturday,May,Spring,3237.48
1/21/2020,12,13,Wind,21,Tuesday,January,Winter,2910.88
5/22/2021,10,11,Wind,142,Saturday,May,Spring,12297.64
2/17/2023,13,14,Wind,48,Friday,February,Winter,11965.52
8/19/2020,14,15,Wind,232,Wednesday,August,Summer,7108.84
5/10/2021,19,20,Wind,130,Monday,May,Spring,2977.12
8/11/2024,8,9,Wind,224,Sunday,August,Summer,5093.12
1/31/2022,18,19,Wind,31,Monday,January,Winter,10614.04
11/6/2020,15,16,Wind,311,Friday,November,Fall,4788.599999999999
1/20/2025,23,0,Wind,20,Monday,January,Winter,977.9599999999999
11/7/2021,12,13,Wind,311,Sunday,November,Fall,6776.72
12/21/2024,13,14,Wind,356,Saturday,December,Winter,14302.32
10/5/2020,6,7,Wind,279,Monday,October,Fall,8568.88
3/1/2025,23,0,Wind,60,Saturday,March,Spring,9372.039999999999
1/3/2020,3,4,Wind,3,Friday,January,Winter,7199.92
1/10/2022,18,19,Wind,10,Monday,January,Winter,1973.4
4/28/2024,14,15,Wind,119,Sunday,April,Spring,6772.12
12/8/2020,19,20,Wind,343,Tuesday,December,Winter,2138.08
1/26/2020,8,9,Wind,26,Sunday,January,Winter,2330.36
9/25/2024,11,12,Wind,269,Wednesday,September,Fall,10253.4
5/24/2022,11,12,Wind,144,Tuesday,May,Spring,8001.24
4/22/2023,21,22,Wind,112,Saturday,April,Spring,4310.2
2/26/2021,23,0,Wind,57,Friday,February,Winter,5375.56
11/22/2021,19,20,Wind,326,Monday,November,Fall,9564.32
12/31/2023,23,0,Wind,365,Sunday,December,Winter,14630.759999999998
2/12/2025,19,20,Wind,43,Wednesday,February,Winter,451.72
11/7/2025,6,7,Wind,311,Friday,November,Fall,3646.8799999999997
2/20/2024,16,17,Wind,51,Tuesday,February,Winter,5861.32
10/8/2022,1,2,Wind,281,Saturday,October,Fall,2702.96
1/5/2025,17,18,Wind,5,Sunday,January,Winter,16785.4
1/1/2023,9,10,Wind,1,Sunday,January,Winter,10380.36
11/8/2023,22,23,Wind,312,Wednesday,November,Fall,12889.199999999999
7/6/2020,10,11,Wind,188,Monday,July,Summer,6688.400000000001
2/5/2023,7,8,Wind,36,Sunday,February,Winter,5255.96
2/19/2024,19,20,Wind,50,Monday,February,Winter,5765.639999999999
2/16/2021,17,18,Wind,47,Tuesday,February,Winter,8362.800000000001
1/13/2021,23,0,Wind,13,Wednesday,January,Winter,8526.56
4/7/2022,16,17,Wind,97,Thursday,April,Spring,15733.84
4/10/2025,2,3,Wind,100,Thursday,April,Spring,8419.84
5/25/2023,7,8,Wind,145,Thursday,May,Spring,6932.200000000001
2/19/2024,10,11,Wind,50,Monday,February,Winter,6715.079999999999
1/13/2021,8,9,Wind,13,Wednesday,January,Winter,3729.68
2/26/2025,8,9,Wind,57,Wednesday,February,Winter,7582.639999999999
1/27/2022,17,18,Wind,27,Thursday,January,Winter,3966.12
12/22/2020,19,20,Wind,357,Tuesday,December,Winter,6290.04
11/29/2023,3,4,Wind,333,Wednesday,November,Fall,2712.16
12/20/2021,18,19,Wind,354,Monday,December,Winter,3105.92
1/19/2022,15,16,Wind,19,Wednesday,January,Winter,3919.2000000000003
11/21/2025,0,1,Wind,325,Friday,November,Fall,3980.8399999999997
8/28/2020,16,17,Wind,241,Friday,August,Summer,7764.8
2/22/2022,11,12,Wind,53,Tuesday,February,Winter,12007.84
12/14/2023,15,16,Wind,348,Thursday,December,Winter,4288.12
11/15/2020,14,15,Wind,320,Sunday,November,Fall,12737.4
5/22/2020,14,15,Wind,143,Friday,May,Spring,6948.759999999999
8/30/2021,17,18,Wind,242,Monday,August,Summer,6898.16
10/27/2024,20,21,Wind,301,Sunday,October,Fall,309.12
3/16/2024,3,4,Wind,76,Saturday,March,Spring,7668.200000000001
2/23/2020,12,13,Wind,54,Sunday,February,Winter,13457.759999999998
8/5/2023,1,2,Wind,217,Saturday,August,Summer,2836.36
4/9/2024,17,18,Wind,100,Tuesday,April,Spring,10194.52
1/28/2021,14,15,Wind,28,Thursday,January,Winter,13425.559999999998
10/28/2023,10,11,Wind,301,Saturday,October,Fall,13584.72
1/21/2023,16,17,Wind,21,Saturday,January,Winter,8001.24
1/21/2023,5,6,Wind,21,Saturday,January,Winter,6748.200000000001
1/20/2023,13,14,Wind,20,Friday,January,Winter,6317.639999999999
9/16/2020,20,21,Wind,260,Wednesday,September,Fall,4248.56
1/18/2023,11,12,Wind,18,Wednesday,January,Winter,4989.16
2/16/2020,11,12,Wind,47,Sunday,February,Winter,13446.72
2/16/2023,2,3,Wind,47,Thursday,February,Winter,3800.52
6/26/2023,3,4,Wind,177,Monday,June,Summer,4542.04
8/28/2021,3,4,Wind,240,Saturday,August,Summer,3898.96
12/5/2021,12,13,Wind,339,Sunday,December,Winter,7956.16
2/20/2025,8,9,Wind,51,Thursday,February,Winter,8311.279999999999
1/10/2020,17,18,Wind,10,Friday,January,Winter,2072.7599999999998
9/29/2020,8,9,Wind,273,Tuesday,September,Fall,1558.48
5/10/2025,5,6,Wind,130,Saturday,May,Spring,6395.84
9/23/2023,22,23,Wind,266,Saturday,September,Fall,1043.28
3/21/2023,8,9,Wind,80,Tuesday,March,Spring,5242.16
2/26/2023,22,23,Wind,57,Sunday,February,Winter,13077.8
1/24/2021,1,2,Wind,24,Sunday,January,Winter,3677.24
1/21/2020,11,12,Wind,21,Tuesday,January,Winter,2737.92
1/8/2023,1,2,Wind,8,Sunday,January,Winter,11199.16
2/8/2020,1,2,Wind,39,Saturday,February,Winter,4668.08
12/19/2021,18,19,Wind,353,Sunday,December,Winter,2780.24
4/7/2020,22,23,Wind,98,Tuesday,April,Spring,2977.12
3/27/2025,19,20,Wind,86,Thursday,March,Spring,2600.84
1/7/2024,18,19,Wind,7,Sunday,January,Winter,9604.8
4/29/2021,22,23,Wind,119,Thursday,April,Spring,1622.88
12/8/2022,19,20,Wind,342,Thursday,December,Winter,2134.4
1/6/2020,11,12,Wind,6,Monday,January,Winter,5211.799999999999
2/19/2022,12,13,Wind,50,Saturday,February,Winter,11888.24
1/13/2020,21,22,Wind,13,Monday,January,Winter,10980.199999999999
5/25/2025,23,0,Wind,145,Sunday,May,Spring,6816.279999999999
1/5/2021,13,14,Wind,5,Tuesday,January,Winter,2260.44
12/31/2023,13,14,Wind,365,Sunday,December,Winter,17488.28
7/13/2021,18,19,Wind,194,Tuesday,July,Summer,6980.04
4/9/2025,3,4,Wind,99,Wednesday,April,Spring,4361.72
12/12/2023,8,9,Wind,346,Tuesday,December,Winter,6681.04
1/21/2021,7,8,Wind,21,Thursday,January,Winter,9277.279999999999
2/8/2024,21,22,Wind,39,Thursday,February,Winter,14785.32
1/10/2023,11,12,Wind,10,Tuesday,January,Winter,12178.04
6/19/2022,5,6,Wind,170,Sunday,June,Summer,6471.28
8/6/2021,12,13,Wind,218,Friday,August,Summer,11338.08
1/18/2025,16,17,Wind,18,Saturday,January,Winter,1748.9199999999998
2/14/2024,9,10,Wind,45,Wednesday,February,Winter,9795.24
2/8/2025,15,16,Wind,39,Saturday,February,Winter,5162.12
8/11/2024,4,5,Wind,224,Sunday,August,Summer,3045.2
12/2/2023,16,17,Wind,336,Saturday,December,Winter,1966.04
2/26/2020,9,10,Wind,57,Wednesday,February,Winter,9965.44
2/13/2024,6,7,Wind,44,Tuesday,February,Winter,3639.52
5/16/2023,17,18,Wind,136,Tuesday,May,Spring,12183.56
9/1/2021,14,15,Wind,244,Wednesday,September,Fall,9639.76
5/16/2022,9,10,Wind,136,Monday,May,Spring,6278.08
1/3/2023,23,0,Wind,3,Tuesday,January,Winter,12320.64
12/3/2024,6,7,Wind,338,Tuesday,December,Winter,3214.48
12/28/2021,18,19,Wind,362,Tuesday,December,Winter,13018.92
1/19/2021,14,15,Wind,19,Tuesday,January,Winter,10487.08
4/4/2025,18,19,Wind,94,Friday,April,Spring,6994.759999999999
12/12/2024,16,17,Wind,347,Thursday,December,Winter,2374.52
2/3/2022,10,11,Wind,34,Thursday,February,Winter,3748.08
3/4/2024,5,6,Wind,64,Monday,March,Spring,3487.72
1/28/2022,16,17,Wind,28,Friday,January,Winter,2768.28
5/8/2021,17,18,Wind,128,Saturday,May,Spring,10236.84
9/27/2023,17,18,Wind,270,Wednesday,September,Fall,5888.92
1/29/2023,1,2,Wind,29,Sunday,January,Winter,1520.76
9/9/2021,21,22,Wind,252,Thursday,September,Fall,2546.56
12/2/2022,0,1,Wind,336,Friday,December,Winter,2295.4
2/7/2020,18,19,Wind,38,Friday,February,Winter,4245.8
2/26/2025,21,22,Wind,57,Wednesday,February,Winter,10798.96
1/6/2021,3,4,Wind,6,Wednesday,January,Winter,1207.9599999999998
6/7/2020,8,9,Wind,159,Sunday,June,Summer,1838.1599999999999
9/4/2025,10,11,Wind,247,Thursday,September,Fall,10788.84
1/24/2024,0,1,Wind,24,Wednesday,January,Winter,15883.800000000001
2/23/2022,2,3,Wind,54,Wednesday,February,Winter,2494.12
12/25/2022,14,15,Wind,359,Sunday,December,Winter,8292.88
3/11/2022,15,16,Wind,70,Friday,March,Spring,12802.720000000001
2/22/2022,12,13,Wind,53,Tuesday,February,Winter,13501.0
5/2/2021,4,5,Wind,122,Sunday,May,Spring,1560.32
12/25/2020,4,5,Wind,360,Friday,December,Winter,6018.639999999999
1/16/2024,4,5,Wind,16,Tuesday,January,Winter,1577.8
12/5/2021,12,13,Wind,339,Sunday,December,Winter,7956.16
1/30/2023,10,11,Wind,30,Monday,January,Winter,7762.959999999999
12/28/2023,18,19,Wind,362,Thursday,December,Winter,12091.56
11/29/2022,2,3,Wind,333,Tuesday,November,Fall,2047.9199999999998
1/2/2025,17,18,Wind,2,Thursday,January,Winter,2704.7999999999997
1/21/2021,5,6,Wind,21,Thursday,January,Winter,10227.64
2/20/2021,17,18,Wind,51,Saturday,February,Winter,11292.08
1/7/2025,17,18,Wind,7,Tuesday,January,Winter,9924.04
5/19/2020,18,19,Wind,140,Tuesday,May,Spring,4202.56
1/25/2025,13,14,Wind,25,Saturday,January,Winter,5820.84
11/20/2023,10,11,Wind,324,Monday,November,Fall,12004.16
12/18/2022,14,15,Wind,352,Sunday,December,Winter,9076.72
10/4/2025,9,10,Wind,277,Saturday,October,Fall,17209.52
4/14/2023,18,19,Wind,104,Friday,April,Spring,8401.44
7/2/2020,16,17,Wind,184,Thursday,July,Summer,6584.44
2/11/2024,3,4,Wind,42,Sunday,February,Winter,9154.0
1/2/2025,15,16,Wind,2,Thursday,January,Winter,3160.2
11/23/2021,8,9,Wind,327,Tuesday,November,Fall,7935.92
12/27/2022,13,14,Wind,361,Tuesday,December,Winter,5466.639999999999
3/7/2022,6,7,Wind,66,Monday,March,Spring,6396.76
5/25/2021,15,16,Wind,145,Tuesday,May,Spring,13548.84
2/27/2020,13,14,Wind,58,Thursday,February,Winter,11412.599999999999
10/25/2021,22,23,Wind,298,Monday,October,Fall,2956.88
7/6/2025,17,18,Wind,187,Sunday,July,Summer,12229.56
1/19/2024,8,9,Wind,19,Friday,January,Winter,1704.76
1/15/2025,16,17,Wind,15,Wednesday,January,Winter,3156.52
3/28/2021,11,12,Wind,87,Sunday,March,Spring,7573.44
12/7/2024,8,9,Wind,342,Saturday,December,Winter,16811.16
2/2/2021,16,17,Wind,33,Tuesday,February,Winter,8968.16
1/27/2024,3,4,Wind,27,Saturday,January,Winter,1928.3199999999997
3/25/2023,11,12,Wind,84,Saturday,March,Spring,16874.64
4/19/2024,3,4,Wind,110,Friday,April,Spring,6818.12
2/12/2023,9,10,Wind,43,Sunday,February,Winter,4085.72
4/10/2022,5,6,Wind,100,Sunday,April,Spring,1067.2
3/16/2023,2,3,Wind,75,Thursday,March,Spring,6106.04
5/30/2020,0,1,Wind,151,Saturday,May,Spring,4836.44
10/18/2020,18,19,Wind,292,Sunday,October,Fall,480.24
12/21/2022,20,21,Wind,355,Wednesday,December,Winter,11028.04
12/26/2021,15,16,Wind,360,Sunday,December,Winter,3192.3999999999996
3/24/2023,3,4,Wind,83,Friday,March,Spring,11241.48
1/12/2023,8,9,Wind,12,Thursday,January,Winter,15037.400000000001
2/9/2023,4,5,Wind,40,Thursday,February,Winter,1279.72
3/22/2022,9,10,Wind,81,Tuesday,March,Spring,6541.2
10/18/2020,18,19,Wind,292,Sunday,October,Fall,480.24
2/12/2023,18,19,Wind,43,Sunday,February,Winter,2405.7999999999997
9/15/2023,0,1,Wind,258,Friday,September,Fall,2863.96
11/22/2021,1,2,Wind,326,Monday,November,Fall,6257.84
12/24/2023,6,7,Wind,358,Sunday,December,Winter,9447.48
2/24/2020,13,14,Wind,55,Monday,February,Winter,12513.84
2/28/2024,16,17,Wind,59,Wednesday,February,Winter,5447.32
7/19/2022,9,10,Wind,200,Tuesday,July,Summer,5241.24
5/21/2025,4,5,Wind,141,Wednesday,May,Spring,1870.36
2/5/2023,18,19,Wind,36,Sunday,February,Winter,8521.039999999999
10/16/2022,5,6,Wind,289,Sunday,October,Fall,2940.3199999999997
1/3/2025,15,16,Wind,3,Friday,January,Winter,3922.8799999999997
7/21/2023,8,9,Wind,202,Friday,July,Summer,3162.96
10/2/2024,4,5,Wind,276,Wednesday,October,Fall,4151.96
2/25/2024,21,22,Wind,56,Sunday,February,Winter,11546.92
12/15/2020,9,10,Wind,350,Tuesday,December,Winter,3754.52
8/3/2021,20,21,Wind,215,Tuesday,August,Summer,1002.8000000000001
1/8/2025,22,23,Wind,8,Wednesday,January,Winter,10959.96
12/3/2022,17,18,Wind,337,Saturday,December,Winter,4725.12
1/12/2020,14,15,Wind,12,Sunday,January,Winter,7361.84
1/21/2020,1,2,Wind,21,Tuesday,January,Winter,4023.16
12/20/2022,4,5,Wind,354,Tuesday,December,Winter,12551.56
2/8/2024,6,7,Wind,39,Thursday,February,Winter,9314.08
6/17/2021,18,19,Wind,168,Thursday,June,Summer,2287.12
11/19/2023,23,0,Wind,323,Sunday,November,Fall,11068.52
12/10/2024,8,9,Wind,345,Tuesday,December,Winter,9650.8
3/3/2021,9,10,Wind,62,Wednesday,March,Spring,1697.4
1/13/2021,9,10,Wind,13,Wednesday,January,Winter,4099.5199999999995
2/10/2022,1,2,Wind,41,Thursday,February,Winter,3710.36
5/16/2021,12,13,Wind,136,Sunday,May,Spring,8343.48
8/23/2023,20,21,Wind,235,Wednesday,August,Summer,1537.32
1/15/2021,8,9,Wind,15,Friday,January,Winter,5641.44
8/25/2021,19,20,Wind,237,Wednesday,August,Summer,4196.12
12/3/2022,15,16,Wind,337,Saturday,December,Winter,4767.44
2/18/2024,11,12,Wind,49,Sunday,February,Winter,12846.88
10/20/2022,13,14,Wind,293,Thursday,October,Fall,7616.679999999999
12/25/2021,16,17,Wind,359,Saturday,December,Winter,766.36
9/3/2025,18,19,Wind,246,Wednesday,September,Fall,16322.64
4/22/2025,19,20,Wind,112,Tuesday,April,Spring,3428.8399999999997
10/5/2021,4,5,Wind,278,Tuesday,October,Fall,7644.279999999999
12/30/2021,20,21,Wind,364,Thursday,December,Winter,4897.16
4/11/2025,20,21,Wind,101,Friday,April,Spring,4450.04
2/27/2021,8,9,Wind,58,Saturday,February,Winter,5900.88
3/16/2025,16,17,Wind,75,Sunday,March,Spring,8729.88
2/9/2020,23,0,Wind,40,Sunday,February,Winter,10071.24
2/13/2022,18,19,Wind,44,Sunday,February,Winter,13566.32
5/23/2024,4,5,Wind,144,Thursday,May,Spring,2827.16
9/23/2024,16,17,Wind,267,Monday,September,Fall,8404.2
1/7/2024,18,19,Wind,7,Sunday,January,Winter,9604.8
7/15/2023,21,22,Wind,196,Saturday,July,Summer,8822.800000000001
7/22/2022,4,5,Wind,203,Friday,July,Summer,2902.6
2/16/2020,1,2,Wind,47,Sunday,February,Winter,11513.8
6/15/2024,11,12,Wind,167,Saturday,June,Summer,9694.96
11/3/2023,18,19,Wind,307,Friday,November,Fall,9290.16
1/10/2025,12,13,Wind,10,Friday,January,Winter,5183.28
3/31/2023,12,13,Wind,90,Friday,March,Spring,19584.04
12/6/2020,9,10,Wind,341,Sunday,December,Winter,2496.88
2/20/2025,18,19,Wind,51,Thursday,February,Winter,7457.52
9/4/2023,4,5,Wind,247,Monday,September,Fall,6371.0
3/18/2024,0,1,Wind,78,Monday,March,Spring,1339.52
2/27/2020,9,10,Wind,58,Thursday,February,Winter,11014.24
5/28/2024,9,10,Wind,149,Tuesday,May,Spring,8176.959999999999
1/29/2025,3,4,Wind,29,Wednesday,January,Winter,14311.519999999999
12/12/2023,20,21,Wind,346,Tuesday,December,Winter,11155.92
9/1/2021,20,21,Wind,244,Wednesday,September,Fall,5622.12
2/22/2023,1,2,Wind,53,Wednesday,February,Winter,3254.96
1/17/2020,2,3,Wind,17,Friday,January,Winter,8638.800000000001
1/19/2023,19,20,Wind,19,Thursday,January,Winter,1419.56
1/11/2020,3,4,Wind,11,Saturday,January,Winter,1997.3199999999997
6/22/2023,18,19,Wind,173,Thursday,June,Summer,7307.5599999999995
8/4/2022,19,20,Wind,216,Thursday,August,Summer,4814.36
8/21/2020,15,16,Wind,234,Friday,August,Summer,9394.12
1/23/2023,23,0,Wind,23,Monday,January,Winter,8191.679999999999
1/2/2021,13,14,Wind,2,Saturday,January,Winter,2397.52
8/21/2023,7,8,Wind,233,Monday,August,Summer,1745.2399999999998
1/13/2022,9,10,Wind,13,Thursday,January,Winter,2919.16
5/26/2024,16,17,Wind,147,Sunday,May,Spring,6136.4
10/12/2024,16,17,Wind,286,Saturday,October,Fall,6362.72
2/16/2022,17,18,Wind,47,Wednesday,February,Winter,14694.24
8/6/2025,2,3,Wind,218,Wednesday,August,Summer,3602.72
12/10/2022,20,21,Wind,344,Saturday,December,Winter,1853.8000000000002
1/1/2022,23,0,Wind,1,Saturday,January,Winter,4954.2
2/10/2021,6,7,Wind,41,Wednesday,February,Winter,6725.200000000001
2/11/2023,20,21,Wind,42,Saturday,February,Winter,3008.3999999999996
3/14/2021,1,2,Wind,73,Sunday,March,Spring,9838.48
6/28/2022,0,1,Wind,179,Tuesday,June,Summer,1591.6
8/4/2020,3,4,Wind,217,Tuesday,August,Summer,2691.0
5/29/2020,0,1,Wind,150,Friday,May,Spring,6286.360000000001
12/4/2023,10,11,Wind,338,Monday,December,Winter,13754.919999999998
7/20/2025,14,15,Wind,201,Sunday,July,Summer,7039.84
4/5/2021,11,12,Wind,95,Monday,April,Spring,10134.720000000001
12/3/2022,16,17,Wind,337,Saturday,December,Winter,4596.32
6/24/2022,22,23,Wind,175,Friday,June,Summer,4545.72
12/17/2024,4,5,Wind,352,Tuesday,December,Winter,1633.92
3/3/2022,21,22,Wind,62,Thursday,March,Spring,978.88
3/15/2022,8,9,Wind,74,Tuesday,March,Spring,4427.96
7/15/2021,11,12,Wind,196,Thursday,July,Summer,7820.0
12/21/2020,13,14,Wind,356,Monday,December,Winter,11689.52
2/16/2020,12,13,Wind,47,Sunday,February,Winter,13588.400000000001
4/28/2024,3,4,Wind,119,Sunday,April,Spring,10121.84
11/18/2022,13,14,Wind,322,Friday,November,Fall,6599.16
11/3/2022,15,16,Wind,307,Thursday,November,Fall,8993.0
12/5/2024,17,18,Wind,340,Thursday,December,Winter,14443.08
7/6/2020,19,20,Wind,188,Monday,July,Summer,4620.24
10/20/2023,17,18,Wind,293,Friday,October,Fall,6354.44
9/7/2022,9,10,Wind,250,Wednesday,September,Fall,3809.72
2/18/2023,9,10,Wind,49,Saturday,February,Winter,9471.4
5/2/2020,15,16,Wind,123,Saturday,May,Spring,5682.84
11/11/2025,16,17,Wind,315,Tuesday,November,Fall,9134.679999999998
1/5/2024,14,15,Wind,5,Friday,January,Winter,6869.639999999999
1/28/2020,12,13,Wind,28,Tuesday,January,Winter,12825.720000000001
11/13/2021,15,16,Wind,317,Saturday,November,Fall,3125.24
7/7/2025,1,2,Wind,188,Monday,July,Summer,4833.679999999999
1/26/2021,17,18,Wind,26,Tuesday,January,Winter,3628.4799999999996
12/27/2021,13,14,Wind,361,Monday,December,Winter,9693.12
1/11/2020,16,17,Wind,11,Saturday,January,Winter,3542.0
5/24/2022,20,21,Wind,144,Tuesday,May,Spring,2047.9199999999998
11/19/2025,5,6,Wind,323,Wednesday,November,Fall,10385.88
5/12/2020,15,16,Wind,133,Tuesday,May,Spring,4414.16
3/11/2022,15,16,Wind,70,Friday,March,Spring,12802.720000000001
6/17/2024,7,8,Wind,169,Monday,June,Summer,2367.16
10/3/2025,12,13,Wind,276,Friday,October,Fall,9488.88
3/16/2024,20,21,Wind,76,Saturday,March,Spring,1142.64
12/3/2020,14,15,Wind,338,Thursday,December,Winter,10271.8
12/27/2022,13,14,Wind,361,Tuesday,December,Winter,5466.639999999999
2/26/2025,7,8,Wind,57,Wednesday,February,Winter,6987.400000000001
10/7/2024,11,12,Wind,281,Monday,October,Fall,4664.400000000001
1/17/2024,13,14,Wind,17,Wednesday,January,Winter,10106.199999999999
2/20/2025,18,19,Wind,51,Thursday,February,Winter,7457.52
12/21/2024,13,14,Wind,356,Saturday,December,Winter,14302.32
4/13/2025,12,13,Wind,103,Sunday,April,Spring,4513.5199999999995
5/4/2023,18,19,Wind,124,Thursday,May,Spring,7336.079999999999
2/1/2024,9,10,Wind,32,Thursday,February,Winter,4678.2
9/16/2025,15,16,Wind,259,Tuesday,September,Fall,13285.72
2/19/2024,14,15,Wind,50,Monday,February,Winter,10250.64
9/9/2025,0,1,Wind,252,Tuesday,September,Fall,2257.68
7/22/2023,20,21,Wind,203,Saturday,July,Summer,4757.32
10/23/2022,11,12,Wind,296,Sunday,October,Fall,10085.96
5/26/2023,8,9,Wind,146,Friday,May,Spring,5792.32
10/9/2020,12,13,Wind,283,Friday,October,Fall,4371.839999999999
1/24/2025,17,18,Wind,24,Friday,January,Winter,11616.84
7/9/2022,7,8,Wind,190,Saturday,July,Summer,2433.3999999999996
1/31/2020,12,13,Wind,31,Friday,January,Winter,7474.079999999999
2/8/2020,23,0,Wind,39,Saturday,February,Winter,6319.48
1/24/2020,20,21,Wind,24,Friday,January,Winter,454.47999999999996
12/4/2022,0,1,Wind,338,Sunday,December,Winter,3212.64
10/15/2024,10,11,Wind,289,Tuesday,October,Fall,5815.32
12/20/2021,9,10,Wind,354,Monday,December,Winter,3555.8
11/20/2020,16,17,Wind,325,Friday,November,Fall,1995.48
8/18/2023,0,1,Wind,230,Friday,August,Summer,2855.6800000000003
1/23/2023,21,22,Wind,23,Monday,January,Winter,7982.84
9/2/2021,12,13,Wind,245,Thursday,September,Fall,6770.279999999999
12/31/2021,13,14,Wind,365,Friday,December,Winter,5907.32
3/7/2023,23,0,Wind,66,Tuesday,March,Spring,6718.759999999999
1/5/2022,21,22,Wind,5,Wednesday,January,Winter,3859.4
12/4/2020,19,20,Wind,339,Friday,December,Winter,4548.48
9/24/2024,8,9,Wind,268,Tuesday,September,Fall,7215.5599999999995
10/8/2024,6,7,Wind,282,Tuesday,October,Fall,8409.72
4/6/2020,16,17,Wind,97,Monday,April,Spring,4195.2
9/12/2021,6,7,Wind,255,Sunday,September,Fall,733.24
2/25/2022,18,19,Wind,56,Friday,February,Winter,3266.0
9/8/2020,6,7,Wind,252,Tuesday,September,Fall,1217.1599999999999
1/4/2021,18,19,Wind,4,Monday,January,Winter,2565.88
12/16/2022,17,18,Wind,350,Friday,December,Winter,2430.64
1/13/2023,14,15,Wind,13,Friday,January,Winter,15915.08
12/21/2024,3,4,Wind,356,Saturday,December,Winter,9141.12
12/10/2024,21,22,Wind,345,Tuesday,December,Winter,6868.72
4/19/2025,2,3,Wind,109,Saturday,April,Spring,8208.24
12/29/2020,13,14,Wind,364,Tuesday,December,Winter,4751.799999999999
8/28/2025,2,3,Wind,240,Thursday,August,Summer,2132.56
12/10/2023,14,15,Wind,344,Sunday,December,Winter,15801.919999999998
2/10/2022,15,16,Wind,41,Thursday,February,Winter,4527.32
2/22/2022,0,1,Wind,53,Tuesday,February,Winter,7818.16
1/7/2024,2,3,Wind,7,Sunday,January,Winter,6682.879999999999
8/2/2021,23,0,Wind,214,Monday,August,Summer,874.0
11/25/2025,8,9,Wind,329,Tuesday,November,Fall,11397.88
8/1/2022,23,0,Wind,213,Monday,August,Summer,1301.8
1/7/2022,18,19,Wind,7,Friday,January,Winter,9391.359999999999
12/22/2023,12,13,Wind,356,Friday,December,Winter,18388.04
1/2/2024,0,1,Wind,2,Tuesday,January,Winter,15922.44
12/6/2023,8,9,Wind,340,Wednesday,December,Winter,1364.36
5/27/2025,14,15,Wind,147,Tuesday,May,Spring,16694.32
5/26/2021,11,12,Wind,146,Wednesday,May,Spring,9450.24
3/1/2023,14,15,Wind,60,Wednesday,March,Spring,11685.84
12/17/2024,14,15,Wind,352,Tuesday,December,Winter,5827.28
12/3/2022,19,20,Wind,337,Saturday,December,Winter,4921.08
2/25/2024,18,19,Wind,56,Sunday,February,Winter,12399.76
2/8/2022,2,3,Wind,39,Tuesday,February,Winter,4620.24
12/17/2024,10,11,Wind,352,Tuesday,December,Winter,5051.72
1/2/2020,22,23,Wind,2,Thursday,January,Winter,6233.92
1/26/2020,18,19,Wind,26,Sunday,January,Winter,5818.08
11/30/2021,19,20,Wind,334,Tuesday,November,Fall,11055.64
8/3/2021,17,18,Wind,215,Tuesday,August,Summer,3008.3999999999996
10/21/2020,9,10,Wind,295,Wednesday,October,Fall,12256.24
3/20/2023,21,22,Wind,79,Monday,March,Spring,1804.12
9/8/2024,15,16,Wind,252,Sunday,September,Fall,11632.48
7/2/2020,7,8,Wind,184,Thursday,July,Summer,2624.76
2/2/2021,7,8,Wind,33,Tuesday,February,Winter,10288.36
5/25/2025,14,15,Wind,145,Sunday,May,Spring,8944.24
2/11/2021,12,13,Wind,42,Thursday,February,Winter,8015.04
10/20/2023,18,19,Wind,293,Friday,October,Fall,6589.04
2/18/2023,13,14,Wind,49,Saturday,February,Winter,11963.68
1/16/2022,18,19,Wind,16,Sunday,January,Winter,2263.2000000000003
11/3/2025,7,8,Wind,307,Monday,November,Fall,7234.879999999999
11/29/2021,14,15,Wind,333,Monday,November,Fall,4049.8399999999997
2/24/2021,17,18,Wind,55,Wednesday,February,Winter,4782.16
6/4/2020,18,19,Wind,156,Thursday,June,Summer,4827.24
2/26/2023,6,7,Wind,57,Sunday,February,Winter,10475.12
2/2/2021,16,17,Wind,33,Tuesday,February,Winter,8968.16
12/10/2024,12,13,Wind,345,Tuesday,December,Winter,9752.92
2/28/2021,18,19,Wind,59,Sunday,February,Winter,5244.92
8/13/2021,21,22,Wind,225,Friday,August,Summer,915.4000000000001
1/27/2021,15,16,Wind,27,Wednesday,January,Winter,4105.96
1/31/2021,5,6,Wind,31,Sunday,January,Winter,3140.88
2/11/2023,18,19,Wind,42,Saturday,February,Winter,1567.68
12/9/2024,16,17,Wind,344,Monday,December,Winter,12621.48
12/3/2021,17,18,Wind,337,Friday,December,Winter,10266.279999999999
12/13/2024,19,20,Wind,348,Friday,December,Winter,642.16
3/8/2024,14,15,Wind,68,Friday,March,Spring,9798.92
9/29/2024,6,7,Wind,273,Sunday,September,Fall,4557.679999999999
12/4/2020,8,9,Wind,339,Friday,December,Winter,8322.32
12/11/2020,9,10,Wind,346,Friday,December,Winter,7574.36
2/25/2021,20,21,Wind,56,Thursday,February,Winter,1863.0
11/14/2023,16,17,Wind,318,Tuesday,November,Fall,15191.04
4/2/2025,5,6,Wind,92,Wednesday,April,Spring,13699.72
1/8/2020,8,9,Wind,8,Wednesday,January,Winter,4288.12
11/21/2021,2,3,Wind,325,Sunday,November,Fall,416.76
1/23/2022,18,19,Wind,23,Sunday,January,Winter,3438.96
2/14/2020,4,5,Wind,45,Friday,February,Winter,5001.12
1/25/2024,7,8,Wind,25,Thursday,January,Winter,2697.44
2/15/2021,16,17,Wind,46,Monday,February,Winter,7494.32
12/3/2020,9,10,Wind,338,Thursday,December,Winter,5841.08
2/22/2024,16,17,Wind,53,Thursday,February,Winter,16825.88
3/27/2021,18,19,Wind,86,Saturday,March,Spring,2649.6
11/20/2025,19,20,Wind,324,Thursday,November,Fall,3703.92
2/11/2023,2,3,Wind,42,Saturday,February,Winter,2076.44
2/25/2024,16,17,Wind,56,Sunday,February,Winter,11684.92
3/21/2023,8,9,Wind,80,Tuesday,March,Spring,5242.16
7/19/2020,3,4,Wind,201,Sunday,July,Summer,793.96
10/14/2020,0,1,Wind,288,Wednesday,October,Fall,1856.56
12/13/2022,22,23,Wind,347,Tuesday,December,Winter,2986.3199999999997
12/8/2021,11,12,Wind,342,Wednesday,December,Winter,6588.12
1/23/2021,19,20,Wind,23,Saturday,January,Winter,4563.2
8/3/2025,18,19,Wind,215,Sunday,August,Summer,8408.800000000001
2/26/2020,9,10,Wind,57,Wednesday,February,Winter,9965.44
1/1/2025,19,20,Wind,1,Wednesday,January,Winter,15610.559999999998
4/13/2025,2,3,Wind,103,Sunday,April,Spring,8401.44
5/5/2020,2,3,Wind,126,Tuesday,May,Spring,6052.68
3/8/2021,3,4,Wind,67,Monday,March,Spring,2639.48
1/21/2021,12,13,Wind,21,Thursday,January,Winter,11268.16
9/17/2024,21,22,Wind,261,Tuesday,September,Fall,10549.64
11/20/2022,8,9,Wind,324,Sunday,November,Fall,6474.96
4/14/2025,7,8,Wind,104,Monday,April,Spring,740.5999999999999
2/3/2024,9,10,Wind,34,Saturday,February,Winter,5224.68
6/1/2023,1,2,Wind,152,Thursday,June,Summer,6858.6
12/16/2023,18,19,Wind,350,Saturday,December,Winter,2266.88
2/25/2025,15,16,Wind,56,Tuesday,February,Winter,12224.04
2/21/2025,21,22,Wind,52,Friday,February,Winter,11814.64
4/30/2021,8,9,Wind,120,Friday,April,Spring,1532.72
12/20/2024,11,12,Wind,355,Friday,December,Winter,8139.24
4/5/2020,8,9,Wind,96,Sunday,April,Spring,7085.84
2/28/2020,23,0,Wind,59,Friday,February,Winter,10790.68
7/31/2023,8,9,Wind,212,Monday,July,Summer,9644.359999999999
9/7/2021,5,6,Wind,250,Tuesday,September,Fall,2971.6
5/13/2020,8,9,Wind,134,Wednesday,May,Spring,3472.08
3/30/2024,20,21,Wind,90,Saturday,March,Spring,5912.84
9/23/2021,6,7,Wind,266,Thursday,September,Fall,805.0
7/15/2023,2,3,Wind,196,Saturday,July,Summer,6692.079999999999
6/8/2023,19,20,Wind,159,Thursday,June,Summer,3931.16
11/25/2025,19,20,Wind,329,Tuesday,November,Fall,9922.199999999999
2/20/2024,15,16,Wind,51,Tuesday,February,Winter,7467.639999999999
12/24/2021,10,11,Wind,358,Friday,December,Winter,3485.8799999999997
11/8/2021,17,18,Wind,312,Monday,November,Fall,1660.6000000000001
7/24/2023,17,18,Wind,205,Monday,July,Summer,10263.52
2/14/2020,14,15,Wind,45,Friday,February,Winter,5886.16
4/29/2025,1,2,Wind,119,Tuesday,April,Spring,6055.44
5/31/2025,0,1,Wind,151,Saturday,May,Spring,750.72
11/9/2024,6,7,Wind,314,Saturday,November,Fall,813.28
1/21/2020,7,8,Wind,21,Tuesday,January,Winter,3204.36
11/27/2020,16,17,Wind,332,Friday,November,Fall,1529.04
12/28/2021,3,4,Wind,362,Tuesday,December,Winter,10473.279999999999
2/12/2020,17,18,Wind,43,Wednesday,February,Winter,3838.24
2/18/2021,11,12,Wind,49,Thursday,February,Winter,10482.48
2/17/2020,14,15,Wind,48,Monday,February,Winter,11607.64
1/15/2024,13,14,Wind,15,Monday,January,Winter,6629.52
3/21/2025,10,11,Wind,80,Friday,March,Spring,12733.720000000001
5/17/2024,4,5,Wind,138,Friday,May,Spring,1739.7199999999998
4/5/2024,10,11,Wind,96,Friday,April,Spring,15467.96
1/5/2021,10,11,Wind,5,Tuesday,January,Winter,2125.2000000000003
5/20/2023,13,14,Wind,140,Saturday,May,Spring,10136.56
1/10/2021,18,19,Wind,10,Sunday,January,Winter,3749.0
12/15/2022,15,16,Wind,349,Thursday,December,Winter,6635.959999999999
2/1/2022,23,0,Wind,32,Tuesday,February,Winter,10282.84
8/25/2021,8,9,Wind,237,Wednesday,August,Summer,4380.12
12/30/2023,10,11,Wind,364,Saturday,December,Winter,9102.48
12/10/2024,18,19,Wind,345,Tuesday,December,Winter,7368.279999999999
10/7/2024,10,11,Wind,281,Monday,October,Fall,3891.6000000000004
10/13/2023,8,9,Wind,286,Friday,October,Fall,11693.199999999999
12/23/2024,12,13,Wind,358,Monday,December,Winter,13669.359999999999
1/20/2024,1,2,Wind,20,Saturday,January,Winter,3170.3199999999997
11/7/2021,18,19,Wind,311,Sunday,November,Fall,2990.92
1/20/2020,18,19,Wind,20,Monday,January,Winter,5042.52
12/18/2024,11,12,Wind,353,Wednesday,December,Winter,16069.64
12/19/2021,14,15,Wind,353,Sunday,December,Winter,3815.24
7/25/2020,22,23,Wind,207,Saturday,July,Summer,3933.0
12/20/2020,15,16,Wind,355,Sunday,December,Winter,4104.12
5/24/2022,10,11,Wind,144,Tuesday,May,Spring,7724.32
12/12/2022,9,10,Wind,346,Monday,December,Winter,2189.6
2/10/2021,4,5,Wind,41,Wednesday,February,Winter,6911.04
6/4/2020,13,14,Wind,156,Thursday,June,Summer,4860.36
9/28/2025,18,19,Wind,271,Sunday,September,Fall,1775.6000000000001
12/30/2021,18,19,Wind,364,Thursday,December,Winter,4909.12
3/3/2022,3,4,Wind,62,Thursday,March,Spring,1517.08
5/15/2022,0,1,Wind,135,Sunday,May,Spring,3521.76
6/23/2021,1,2,Wind,174,Wednesday,June,Summer,2556.6800000000003
1/13/2023,17,18,Wind,13,Friday,January,Winter,11144.88
6/5/2020,16,17,Wind,157,Friday,June,Summer,12192.76
6/30/2020,13,14,Wind,182,Tuesday,June,Summer,7868.759999999999
2/6/2020,3,4,Wind,37,Thursday,February,Winter,2779.3199999999997
3/12/2020,16,17,Wind,72,Thursday,March,Spring,8745.52
12/10/2021,14,15,Wind,344,Friday,December,Winter,14540.6
11/27/2020,16,17,Wind,332,Friday,November,Fall,1529.04
1/27/2022,11,12,Wind,27,Thursday,January,Winter,6119.84
2/16/2022,12,13,Wind,47,Wednesday,February,Winter,15039.24
11/23/2024,20,21,Wind,328,Saturday,November,Fall,17382.48
12/4/2024,20,21,Wind,339,Wednesday,December,Winter,4742.599999999999
2/7/2023,15,16,Wind,38,Tuesday,February,Winter,6982.8
1/24/2020,10,11,Wind,24,Friday,January,Winter,1818.84
12/14/2023,9,10,Wind,348,Thursday,December,Winter,5601.88
12/18/2020,17,18,Wind,353,Friday,December,Winter,7095.959999999999
8/23/2024,10,11,Wind,236,Friday,August,Summer,14673.08
10/28/2020,0,1,Wind,302,Wednesday,October,Fall,7383.0
7/25/2020,19,20,Wind,207,Saturday,July,Summer,5062.76
6/4/2025,17,18,Wind,155,Wednesday,June,Summer,7516.400000000001
12/12/2020,20,21,Wind,347,Saturday,December,Winter,5776.68
5/12/2020,22,23,Wind,133,Tuesday,May,Spring,2691.0
1/15/2022,9,10,Wind,15,Saturday,January,Winter,1696.48
5/28/2025,17,18,Wind,148,Wednesday,May,Spring,16285.84
12/31/2024,18,19,Wind,366,Tuesday,December,Winter,8645.24
1/12/2025,19,20,Wind,12,Sunday,January,Winter,4188.76
1/10/2025,18,19,Wind,10,Friday,January,Winter,2322.08
3/30/2023,15,16,Wind,89,Thursday,March,Spring,16878.32
3/17/2023,21,22,Wind,76,Friday,March,Spring,6688.400000000001
12/27/2023,6,7,Wind,361,Wednesday,December,Winter,7031.5599999999995
12/21/2022,17,18,Wind,355,Wednesday,December,Winter,10053.76
2/17/2025,1,2,Wind,48,Monday,February,Winter,3764.6399999999994
3/29/2023,17,18,Wind,88,Wednesday,March,Spring,9022.44
1/10/2023,22,23,Wind,10,Tuesday,January,Winter,13827.6
1/5/2023,16,17,Wind,5,Thursday,January,Winter,4992.84
5/18/2021,8,9,Wind,138,Tuesday,May,Spring,3299.12
1/30/2023,18,19,Wind,30,Monday,January,Winter,3139.96
2/2/2024,12,13,Wind,33,Friday,February,Winter,8095.079999999999
12/20/2020,10,11,Wind,355,Sunday,December,Winter,4207.16
1/17/2021,13,14,Wind,17,Sunday,January,Winter,7023.279999999999
9/8/2021,9,10,Wind,251,Wednesday,September,Fall,4511.679999999999
6/9/2020,9,10,Wind,161,Tuesday,June,Summer,3591.68
12/2/2023,21,22,Wind,336,Saturday,December,Winter,3174.0
1/19/2023,9,10,Wind,19,Thursday,January,Winter,2717.6800000000003
2/24/2022,6,7,Wind,55,Thursday,February,Winter,5004.799999999999
12/30/2022,17,18,Wind,364,Friday,December,Winter,14575.559999999998
12/15/2024,14,15,Wind,350,Sunday,December,Winter,9257.039999999999
1/21/2024,17,18,Wind,21,Sunday,January,Winter,13322.519999999999
6/24/2024,1,2,Wind,176,Monday,June,Summer,2478.48
11/10/2022,15,16,Wind,314,Thursday,November,Fall,4206.24
2/23/2025,17,18,Wind,54,Sunday,February,Winter,8656.279999999999
2/1/2022,11,12,Wind,32,Tuesday,February,Winter,11725.4
1/31/2023,23,0,Wind,31,Tuesday,January,Winter,6040.72
4/24/2021,21,22,Wind,114,Saturday,April,Spring,7039.84
10/31/2020,15,16,Wind,305,Saturday,October,Fall,8665.48
1/4/2020,20,21,Wind,4,Saturday,January,Winter,2583.36
10/8/2022,21,22,Wind,281,Saturday,October,Fall,2150.96
11/21/2025,14,15,Wind,325,Friday,November,Fall,7751.0
5/12/2020,5,6,Wind,133,Tuesday,May,Spring,5298.28
1/22/2024,8,9,Wind,22,Monday,January,Winter,15379.64
9/16/2021,23,0,Wind,259,Thursday,September,Fall,757.16
11/14/2024,6,7,Wind,319,Thursday,November,Fall,3568.68
5/17/2023,22,23,Wind,137,Wednesday,May,Spring,7050.879999999999
12/1/2020,1,2,Wind,336,Tuesday,December,Winter,6666.32
9/1/2021,17,18,Wind,244,Wednesday,September,Fall,8025.16
4/6/2023,14,15,Wind,96,Thursday,April,Spring,10512.84
4/16/2022,18,19,Wind,106,Saturday,April,Spring,7529.279999999999
12/23/2022,14,15,Wind,357,Friday,December,Winter,15537.88
2/22/2025,14,15,Wind,53,Saturday,February,Winter,10772.279999999999
1/28/2020,17,18,Wind,28,Tuesday,January,Winter,9969.12
1/3/2022,11,12,Wind,3,Monday,January,Winter,10798.96
2/3/2024,13,14,Wind,34,Saturday,February,Winter,7503.52
2/18/2023,23,0,Wind,49,Saturday,February,Winter,7421.639999999999
2/10/2022,17,18,Wind,41,Thursday,February,Winter,2774.72
3/8/2024,11,12,Wind,68,Friday,March,Spring,9443.8
12/13/2020,10,11,Wind,348,Sunday,December,Winter,5021.360000000001
3/17/2024,9,10,Wind,77,Sunday,March,Spring,5775.76
1/23/2022,4,5,Wind,23,Sunday,January,Winter,1609.08
8/9/2025,0,1,Wind,221,Saturday,August,Summer,1485.8
9/1/2021,19,20,Wind,244,Wednesday,September,Fall,6072.92
2/3/2023,12,13,Wind,34,Friday,February,Winter,10440.16
12/22/2024,13,14,Wind,357,Sunday,December,Winter,17913.32
2/12/2022,9,10,Wind,43,Saturday,February,Winter,5863.16
2/8/2025,4,5,Wind,39,Saturday,February,Winter,8249.64
10/12/2025,17,18,Wind,285,Sunday,October,Fall,6975.44
4/4/2020,1,2,Wind,95,Saturday,April,Spring,974.28
1/16/2020,14,15,Wind,16,Thursday,January,Winter,8737.24
11/3/2021,11,12,Wind,307,Wednesday,November,Fall,4144.6
4/3/2023,11,12,Wind,93,Monday,April,Spring,9924.96
12/23/2024,10,11,Wind,358,Monday,December,Winter,13800.919999999998
12/19/2021,15,16,Wind,353,Sunday,December,Winter,3238.3999999999996
6/26/2025,12,13,Wind,177,Thursday,June,Summer,13122.88
12/20/2022,11,12,Wind,354,Tuesday,December,Winter,11030.8
10/15/2020,14,15,Wind,289,Thursday,October,Fall,7095.04
6/5/2021,1,2,Wind,156,Saturday,June,Summer,1979.84
1/23/2024,12,13,Wind,23,Tuesday,January,Winter,12098.0
3/16/2022,13,14,Wind,75,Wednesday,March,Spring,4461.08
8/30/2024,4,5,Wind,243,Friday,August,Summer,2259.52
1/14/2023,12,13,Wind,14,Saturday,January,Winter,17491.04
2/10/2022,16,17,Wind,41,Thursday,February,Winter,3527.2799999999997
2/15/2020,16,17,Wind,46,Saturday,February,Winter,9510.96
12/26/2023,6,7,Wind,360,Tuesday,December,Winter,8427.2
9/29/2023,1,2,Wind,272,Friday,September,Fall,6821.8
1/27/2021,5,6,Wind,27,Wednesday,January,Winter,5173.16
1/2/2020,4,5,Wind,2,Thursday,January,Winter,1485.8
7/16/2020,16,17,Wind,198,Thursday,July,Summer,4055.36
3/18/2022,10,11,Wind,77,Friday,March,Spring,10118.16
10/14/2024,17,18,Wind,288,Monday,October,Fall,3166.64
9/25/2025,17,18,Wind,268,Thursday,September,Fall,4127.12
1/15/2020,16,17,Wind,15,Wednesday,January,Winter,7279.04
5/9/2021,12,13,Wind,129,Sunday,May,Spring,9993.96
12/23/2021,12,13,Wind,357,Thursday,December,Winter,8233.08
1/13/2020,13,14,Wind,13,Monday,January,Winter,7989.279999999999
10/24/2020,9,10,Wind,298,Saturday,October,Fall,8681.12
11/19/2025,12,13,Wind,323,Wednesday,November,Fall,14501.96
1/5/2024,12,13,Wind,5,Friday,January,Winter,7572.52
12/31/2024,11,12,Wind,366,Tuesday,December,Winter,6721.52
12/18/2021,9,10,Wind,352,Saturday,December,Winter,6175.96
4/29/2021,8,9,Wind,119,Thursday,April,Spring,2366.24
1/29/2022,18,19,Wind,29,Saturday,January,Winter,8886.279999999999
2/9/2022,8,9,Wind,40,Wednesday,February,Winter,3173.08
1/22/2025,8,9,Wind,22,Wednesday,January,Winter,5278.96
3/5/2025,20,21,Wind,64,Wednesday,March,Spring,2792.2
11/7/2023,2,3,Wind,311,Tuesday,November,Fall,6770.279999999999
1/19/2024,1,2,Wind,19,Friday,January,Winter,2379.12
5/10/2023,16,17,Wind,130,Wednesday,May,Spring,9896.44
12/1/2021,11,12,Wind,335,Wednesday,December,Winter,11738.279999999999
11/11/2022,1,2,Wind,315,Friday,November,Fall,2642.24
7/31/2022,21,22,Wind,212,Sunday,July,Summer,2895.24
2/17/2024,20,21,Wind,48,Saturday,February,Winter,3193.3199999999997
1/7/2022,16,17,Wind,7,Friday,January,Winter,9421.72
12/18/2020,13,14,Wind,353,Friday,December,Winter,7157.6
2/2/2023,20,21,Wind,33,Thursday,February,Winter,6194.360000000001
9/23/2023,18,19,Wind,266,Saturday,September,Fall,2947.6800000000003
4/13/2020,15,16,Wind,104,Monday,April,Spring,10131.96
11/13/2023,18,19,Wind,317,Monday,November,Fall,14052.08
2/26/2021,10,11,Wind,57,Friday,February,Winter,3632.16
5/15/2024,19,20,Wind,136,Wednesday,May,Spring,2531.84
11/13/2020,13,14,Wind,318,Friday,November,Fall,5760.12
4/14/2023,10,11,Wind,104,Friday,April,Spring,7784.12
12/9/2022,12,13,Wind,343,Friday,December,Winter,3373.6399999999994
4/3/2021,2,3,Wind,93,Saturday,April,Spring,8536.679999999998
1/29/2024,13,14,Wind,29,Monday,January,Winter,7992.04
10/19/2022,18,19,Wind,292,Wednesday,October,Fall,6696.679999999999
3/8/2022,14,15,Wind,67,Tuesday,March,Spring,6848.48
12/29/2023,18,19,Wind,363,Friday,December,Winter,11403.4
10/29/2021,21,22,Wind,302,Friday,October,Fall,5451.92
2/18/2024,22,23,Wind,49,Sunday,February,Winter,6371.0
2/20/2021,17,18,Wind,51,Saturday,February,Winter,11292.08
5/21/2021,11,12,Wind,141,Friday,May,Spring,13080.56
2/6/2024,11,12,Wind,37,Tuesday,February,Winter,13333.559999999998
12/6/2020,13,14,Wind,341,Sunday,December,Winter,3402.16
8/3/2023,5,6,Wind,215,Thursday,August,Summer,11696.88
2/18/2020,4,5,Wind,49,Tuesday,February,Winter,7438.200000000001
4/16/2022,16,17,Wind,106,Saturday,April,Spring,9841.24
1/27/2025,10,11,Wind,27,Monday,January,Winter,16836.0
9/24/2022,6,7,Wind,267,Saturday,September,Fall,1019.3599999999999
2/15/2020,21,22,Wind,46,Saturday,February,Winter,11228.599999999999
3/22/2020,10,11,Wind,82,Sunday,March,Spring,10338.96
3/23/2023,14,15,Wind,82,Thursday,March,Spring,14439.400000000001
10/31/2022,7,8,Wind,304,Monday,October,Fall,3444.4799999999996
12/21/2023,11,12,Wind,355,Thursday,December,Winter,17370.52
7/11/2022,2,3,Wind,192,Monday,July,Summer,4193.36
11/20/2022,3,4,Wind,324,Sunday,November,Fall,4922.0
12/9/2023,6,7,Wind,343,Saturday,December,Winter,11072.199999999999
5/6/2025,8,9,Wind,126,Tuesday,May,Spring,9513.72
7/4/2025,6,7,Wind,185,Friday,July,Summer,3399.4
2/2/2020,12,13,Wind,33,Sunday,February,Winter,13133.919999999998
2/11/2025,23,0,Wind,42,Tuesday,February,Winter,2454.56
2/25/2025,12,13,Wind,56,Tuesday,February,Winter,11642.599999999999
4/17/2021,10,11,Wind,107,Saturday,April,Spring,5638.68
12/6/2021,9,10,Wind,340,Monday,December,Winter,2759.08
10/10/2025,7,8,Wind,283,Friday,October,Fall,2333.12
12/28/2020,23,0,Wind,363,Monday,December,Winter,6428.96
12/6/2021,17,18,Wind,340,Monday,December,Winter,9095.12
7/5/2023,13,14,Wind,186,Wednesday,July,Summer,11658.24
7/30/2020,7,8,Wind,212,Thursday,July,Summer,2261.36
11/15/2021,6,7,Wind,319,Monday,November,Fall,3034.16
1/1/2023,8,9,Wind,1,Sunday,January,Winter,8082.200000000001
2/2/2024,12,13,Wind,33,Friday,February,Winter,8095.079999999999
12/29/2022,20,21,Wind,363,Thursday,December,Winter,7579.879999999999
8/23/2020,0,1,Wind,236,Sunday,August,Summer,4069.16
6/4/2020,6,7,Wind,156,Thursday,June,Summer,2438.9199999999996
5/29/2022,8,9,Wind,149,Sunday,May,Spring,4907.28
3/17/2022,12,13,Wind,76,Thursday,March,Spring,5254.12
12/19/2024,13,14,Wind,354,Thursday,December,Winter,18182.88
3/6/2022,10,11,Wind,65,Sunday,March,Spring,5989.2
2/23/2024,14,15,Wind,54,Friday,February,Winter,14363.04
3/3/2024,10,11,Wind,63,Sunday,March,Spring,4940.4
11/7/2022,17,18,Wind,311,Monday,November,Fall,7586.32
12/1/2024,7,8,Wind,336,Sunday,December,Winter,6458.4
5/11/2021,18,19,Wind,131,Tuesday,May,Spring,7412.44
12/17/2022,16,17,Wind,351,Saturday,December,Winter,2159.24
10/13/2021,19,20,Wind,286,Wednesday,October,Fall,1713.96
10/2/2021,14,15,Wind,275,Saturday,October,Fall,14029.08
2/13/2020,11,12,Wind,44,Thursday,February,Winter,12102.599999999999
5/6/2025,1,2,Wind,126,Tuesday,May,Spring,10223.04
10/6/2020,10,11,Wind,280,Tuesday,October,Fall,10309.52
4/29/2021,8,9,Wind,119,Thursday,April,Spring,2366.24
10/13/2020,12,13,Wind,287,Tuesday,October,Fall,5804.28
1/15/2022,7,8,Wind,15,Saturday,January,Winter,1333.08
12/7/2023,5,6,Wind,341,Thursday,December,Winter,5146.48
11/25/2024,9,10,Wind,330,Monday,November,Fall,12231.4
3/9/2024,14,15,Wind,69,Saturday,March,Spring,11682.16
10/31/2025,11,12,Wind,304,Friday,October,Fall,12525.8
2/12/2020,15,16,Wind,43,Wednesday,February,Winter,7795.16
1/1/2023,13,14,Wind,1,Sunday,January,Winter,8958.96
2/17/2023,11,12,Wind,48,Friday,February,Winter,11430.08
2/3/2023,3,4,Wind,34,Friday,February,Winter,6411.48
1/26/2021,2,3,Wind,26,Tuesday,January,Winter,4064.56
12/14/2020,17,18,Wind,349,Monday,December,Winter,5533.799999999999
4/9/2022,6,7,Wind,99,Saturday,April,Spring,3257.72
1/14/2020,8,9,Wind,14,Tuesday,January,Winter,10849.56
1/31/2022,22,23,Wind,31,Monday,January,Winter,7495.24
12/28/2021,11,12,Wind,362,Tuesday,December,Winter,14501.04
1/16/2024,2,3,Wind,16,Tuesday,January,Winter,1718.56
12/22/2021,17,18,Wind,356,Wednesday,December,Winter,3969.8
7/22/2023,5,6,Wind,203,Saturday,July,Summer,1347.8
8/22/2020,10,11,Wind,235,Saturday,August,Summer,8398.679999999998
10/29/2023,17,18,Wind,302,Sunday,October,Fall,12144.92
7/26/2022,22,23,Wind,207,Tuesday,July,Summer,2523.56
1/23/2025,15,16,Wind,23,Thursday,January,Winter,15430.24
3/7/2022,18,19,Wind,66,Monday,March,Spring,5400.4
12/16/2023,18,19,Wind,350,Saturday,December,Winter,2266.88
11/15/2021,14,15,Wind,319,Monday,November,Fall,3293.6000000000004
12/7/2023,18,19,Wind,341,Thursday,December,Winter,10699.599999999999
12/12/2021,19,20,Wind,346,Sunday,December,Winter,2036.88
2/6/2023,6,7,Wind,37,Monday,February,Winter,5917.44
1/13/2021,19,20,Wind,13,Wednesday,January,Winter,9511.88
10/21/2023,21,22,Wind,294,Saturday,October,Fall,13478.919999999998
10/30/2023,18,19,Wind,303,Monday,October,Fall,7035.24
9/27/2022,6,7,Wind,270,Tuesday,September,Fall,5988.28
2/29/2020,22,23,Wind,60,Saturday,February,Winter,10781.48
1/21/2021,15,16,Wind,21,Thursday,January,Winter,11111.76
2/5/2023,23,0,Wind,36,Sunday,February,Winter,8355.44
12/5/2022,20,21,Wind,339,Monday,December,Winter,1619.1999999999998
7/12/2024,2,3,Wind,194,Friday,July,Summer,4374.6
12/8/2023,17,18,Wind,342,Friday,December,Winter,4718.679999999999
1/19/2020,19,20,Wind,19,Sunday,January,Winter,6231.16
3/26/2024,22,23,Wind,86,Tuesday,March,Spring,7322.279999999999
1/31/2022,14,15,Wind,31,Monday,January,Winter,14877.32
8/18/2023,8,9,Wind,230,Friday,August,Summer,2532.76
1/31/2022,14,15,Wind,31,Monday,January,Winter,14877.32
12/20/2024,11,12,Wind,355,Friday,December,Winter,8139.24
10/10/2022,5,6,Wind,283,Monday,October,Fall,3093.04
1/10/2024,11,12,Wind,10,Wednesday,January,Winter,2409.48
6/5/2024,6,7,Wind,157,Wednesday,June,Summer,1106.76
7/1/2023,6,7,Wind,182,Saturday,July,Summer,7051.8
2/23/2025,13,14,Wind,54,Sunday,February,Winter,12394.24
1/19/2022,12,13,Wind,19,Wednesday,January,Winter,3801.4399999999996
4/24/2024,4,5,Wind,115,Wednesday,April,Spring,4301.0
10/16/2023,13,14,Wind,289,Monday,October,Fall,10249.720000000001
1/11/2024,6,7,Wind,11,Thursday,January,Winter,5356.24
1/25/2023,17,18,Wind,25,Wednesday,January,Winter,1706.6000000000001
10/23/2023,14,15,Wind,296,Monday,October,Fall,7873.36
11/19/2024,16,17,Wind,324,Tuesday,November,Fall,14501.96
9/24/2025,14,15,Wind,267,Wednesday,September,Fall,9767.64
9/26/2021,7,8,Wind,269,Sunday,September,Fall,2209.8399999999997
1/13/2024,9,10,Wind,13,Saturday,January,Winter,1409.44
3/29/2024,14,15,Wind,89,Friday,March,Spring,10446.599999999999
11/14/2022,8,9,Wind,318,Monday,November,Fall,3560.4
2/25/2023,9,10,Wind,56,Saturday,February,Winter,5070.12
2/7/2020,13,14,Wind,38,Friday,February,Winter,5189.72
8/28/2025,11,12,Wind,240,Thursday,August,Summer,9018.76
2/3/2021,12,13,Wind,34,Wednesday,February,Winter,13213.96
8/29/2020,1,2,Wind,242,Saturday,August,Summer,3180.44
12/29/2020,21,22,Wind,364,Tuesday,December,Winter,2902.6
2/20/2021,16,17,Wind,51,Saturday,February,Winter,12161.48
2/21/2025,13,14,Wind,52,Friday,February,Winter,16011.68
3/19/2025,8,9,Wind,78,Wednesday,March,Spring,8934.12
7/7/2025,8,9,Wind,188,Monday,July,Summer,6819.959999999999
9/2/2025,0,1,Wind,245,Tuesday,September,Fall,6290.04
9/10/2021,2,3,Wind,253,Friday,September,Fall,2111.4
9/12/2020,23,0,Wind,256,Saturday,September,Fall,1386.44
1/27/2025,14,15,Wind,27,Monday,January,Winter,17869.16
2/22/2025,12,13,Wind,53,Saturday,February,Winter,11198.24
7/29/2021,9,10,Wind,210,Thursday,July,Summer,4508.92
9/1/2024,6,7,Wind,245,Sunday,September,Fall,3122.48
2/22/2020,16,17,Wind,53,Saturday,February,Winter,9480.599999999999
12/3/2021,20,21,Wind,337,Friday,December,Winter,9915.76
7/14/2023,6,7,Wind,195,Friday,July,Summer,1935.68
4/15/2020,15,16,Wind,106,Wednesday,April,Spring,6629.52
1/10/2021,17,18,Wind,10,Sunday,January,Winter,3572.36
1/14/2023,10,11,Wind,14,Saturday,January,Winter,16393.48
12/30/2023,4,5,Wind,364,Saturday,December,Winter,6157.56
8/25/2025,20,21,Wind,237,Monday,August,Summer,660.56
12/18/2022,9,10,Wind,352,Sunday,December,Winter,7743.639999999999
7/3/2025,4,5,Wind,184,Thursday,July,Summer,5007.56
4/21/2022,3,4,Wind,111,Thursday,April,Spring,3022.2
7/6/2021,13,14,Wind,187,Tuesday,July,Summer,11091.52
9/28/2022,18,19,Wind,271,Wednesday,September,Fall,3281.6399999999994
4/19/2025,5,6,Wind,109,Saturday,April,Spring,8399.6
10/17/2020,8,9,Wind,291,Saturday,October,Fall,845.48
12/31/2022,1,2,Wind,365,Saturday,December,Winter,14319.800000000001
5/28/2024,9,10,Wind,149,Tuesday,May,Spring,8176.959999999999
2/21/2025,15,16,Wind,52,Friday,February,Winter,14456.88
1/8/2023,10,11,Wind,8,Sunday,January,Winter,11062.08
1/14/2020,15,16,Wind,14,Tuesday,January,Winter,12708.88
2/16/2025,17,18,Wind,47,Sunday,February,Winter,4357.12
4/16/2023,1,2,Wind,106,Sunday,April,Spring,6239.44
12/27/2022,10,11,Wind,361,Tuesday,December,Winter,4994.68
3/21/2020,15,16,Wind,81,Saturday,March,Spring,10259.84
2/2/2021,16,17,Wind,33,Tuesday,February,Winter,8968.16
2/17/2024,5,6,Wind,48,Saturday,February,Winter,2242.96
5/20/2025,7,8,Wind,140,Tuesday,May,Spring,3966.12
1/20/2020,23,0,Wind,20,Monday,January,Winter,4433.48
11/22/2024,13,14,Wind,327,Friday,November,Fall,15075.119999999999
9/18/2022,15,16,Wind,261,Sunday,September,Fall,10622.32
11/15/2023,1,2,Wind,319,Wednesday,November,Fall,10005.0
1/13/2021,7,8,Wind,13,Wednesday,January,Winter,3385.6000000000004
6/18/2022,0,1,Wind,169,Saturday,June,Summer,1470.1599999999999
11/7/2022,11,12,Wind,311,Monday,November,Fall,13711.68
3/24/2025,4,5,Wind,83,Monday,March,Spring,687.24
1/26/2024,14,15,Wind,26,Friday,January,Winter,10070.32
9/22/2024,1,2,Wind,266,Sunday,September,Fall,4469.36
10/10/2025,8,9,Wind,283,Friday,October,Fall,2868.56
12/23/2022,13,14,Wind,357,Friday,December,Winter,15720.96
10/14/2021,9,10,Wind,287,Thursday,October,Fall,3250.36
11/23/2021,10,11,Wind,327,Tuesday,November,Fall,8246.88
11/20/2025,15,16,Wind,324,Thursday,November,Fall,5432.599999999999
1/19/2023,18,19,Wind,19,Thursday,January,Winter,1402.08
5/2/2023,2,3,Wind,122,Tuesday,May,Spring,3180.44
3/18/2022,9,10,Wind,77,Friday,March,Spring,8786.0
3/26/2023,15,16,Wind,85,Sunday,March,Spring,11931.48
2/27/2023,13,14,Wind,58,Monday,February,Winter,16645.559999999998
10/22/2025,19,20,Wind,295,Wednesday,October,Fall,7854.04
5/31/2024,3,4,Wind,152,Friday,May,Spring,5166.72
9/22/2023,8,9,Wind,265,Friday,September,Fall,6302.92
8/3/2020,16,17,Wind,216,Monday,August,Summer,6935.879999999999
6/28/2020,11,12,Wind,180,Sunday,June,Summer,6072.92
4/5/2021,5,6,Wind,95,Monday,April,Spring,3802.36
3/3/2020,13,14,Wind,63,Tuesday,March,Spring,2416.8399999999997
6/27/2022,7,8,Wind,178,Monday,June,Summer,1391.96
2/27/2020,14,15,Wind,58,Thursday,February,Winter,12428.279999999999
6/26/2021,23,0,Wind,177,Saturday,June,Summer,3116.96
2/27/2024,13,14,Wind,58,Tuesday,February,Winter,9672.88
1/24/2023,10,11,Wind,24,Tuesday,January,Winter,6463.92
10/16/2022,9,10,Wind,289,Sunday,October,Fall,2917.3199999999997
1/3/2024,12,13,Wind,3,Wednesday,January,Winter,17701.719999999998
3/10/2023,11,12,Wind,69,Friday,March,Spring,18475.44
1/2/2020,18,19,Wind,2,Thursday,January,Winter,4918.32
1/5/2023,14,15,Wind,5,Thursday,January,Winter,6510.84
5/1/2024,22,23,Wind,122,Wednesday,May,Spring,6065.56
1/26/2022,4,5,Wind,26,Wednesday,January,Winter,402.03999999999996
9/27/2023,17,18,Wind,270,Wednesday,September,Fall,5888.92
1/16/2024,4,5,Wind,16,Tuesday,January,Winter,1577.8
2/16/2023,3,4,Wind,47,Thursday,February,Winter,3661.6000000000004
1/2/2025,15,16,Wind,2,Thursday,January,Winter,3160.2
2/7/2021,7,8,Wind,38,Sunday,February,Winter,4299.16
7/8/2022,8,9,Wind,189,Friday,July,Summer,3448.16
10/23/2022,1,2,Wind,296,Sunday,October,Fall,6164.0
6/11/2024,21,22,Wind,163,Tuesday,June,Summer,2351.52
1/14/2021,18,19,Wind,14,Thursday,January,Winter,9671.96
1/26/2024,14,15,Wind,26,Friday,January,Winter,10070.32
2/18/2025,20,21,Wind,49,Tuesday,February,Winter,10798.04
1/4/2024,12,13,Wind,4,Thursday,January,Winter,10681.199999999999
7/27/2023,8,9,Wind,208,Thursday,July,Summer,9567.08
7/12/2024,17,18,Wind,194,Friday,July,Summer,7583.5599999999995
5/19/2021,3,4,Wind,139,Wednesday,May,Spring,3076.48
10/5/2021,13,14,Wind,278,Tuesday,October,Fall,11590.16
12/9/2021,17,18,Wind,343,Thursday,December,Winter,6049.92
11/5/2023,16,17,Wind,309,Sunday,November,Fall,13948.119999999999
4/27/2024,11,12,Wind,118,Saturday,April,Spring,8697.679999999998
11/7/2020,14,15,Wind,312,Saturday,November,Fall,3444.4799999999996
2/7/2022,0,1,Wind,38,Monday,February,Winter,13635.32
5/3/2023,17,18,Wind,123,Wednesday,May,Spring,9581.8
3/13/2023,16,17,Wind,72,Monday,March,Spring,15095.359999999999
12/23/2024,12,13,Wind,358,Monday,December,Winter,13669.359999999999
4/2/2021,8,9,Wind,92,Friday,April,Spring,6836.52
7/12/2024,22,23,Wind,194,Friday,July,Summer,2207.08
2/10/2020,1,2,Wind,41,Monday,February,Winter,9770.4
4/6/2021,4,5,Wind,96,Tuesday,April,Spring,4575.16
2/15/2020,14,15,Wind,46,Saturday,February,Winter,10816.44
2/9/2025,8,9,Wind,40,Sunday,February,Winter,2796.7999999999997
1/29/2020,18,19,Wind,29,Wednesday,January,Winter,3516.24
1/24/2023,11,12,Wind,24,Tuesday,January,Winter,6355.360000000001
5/24/2024,0,1,Wind,145,Friday,May,Spring,937.48
2/12/2020,10,11,Wind,43,Wednesday,February,Winter,8279.08
12/25/2021,10,11,Wind,359,Saturday,December,Winter,1620.12
1/19/2021,12,13,Wind,19,Tuesday,January,Winter,11478.84
1/12/2021,16,17,Wind,12,Tuesday,January,Winter,7876.12
9/16/2022,9,10,Wind,259,Friday,September,Fall,3230.12
1/21/2021,8,9,Wind,21,Thursday,January,Winter,9436.44
6/19/2025,2,3,Wind,170,Thursday,June,Summer,4665.32
4/22/2023,22,23,Wind,112,Saturday,April,Spring,5148.32
1/24/2021,11,12,Wind,24,Sunday,January,Winter,6664.48
3/25/2020,6,7,Wind,85,Wednesday,March,Spring,3997.4
2/15/2021,11,12,Wind,46,Monday,February,Winter,11212.96
1/16/2022,18,19,Wind,16,Sunday,January,Winter,2263.2000000000003
2/17/2022,17,18,Wind,48,Thursday,February,Winter,8310.359999999999
3/11/2022,8,9,Wind,70,Friday,March,Spring,11248.84
12/31/2022,16,17,Wind,365,Saturday,December,Winter,15007.04
8/5/2025,3,4,Wind,217,Tuesday,August,Summer,2295.4
2/21/2021,11,12,Wind,52,Sunday,February,Winter,8370.16
1/25/2021,22,23,Wind,25,Monday,January,Winter,3868.6000000000004
6/4/2020,20,21,Wind,156,Thursday,June,Summer,3467.4799999999996
2/28/2021,18,19,Wind,59,Sunday,February,Winter,5244.92
2/4/2021,15,16,Wind,35,Thursday,February,Winter,2800.48
1/8/2020,15,16,Wind,8,Wednesday,January,Winter,3462.8799999999997
3/20/2025,8,9,Wind,79,Thursday,March,Spring,7759.279999999999
2/25/2023,14,15,Wind,56,Saturday,February,Winter,9136.52
12/18/2024,17,18,Wind,353,Wednesday,December,Winter,13004.199999999999
1/9/2023,1,2,Wind,9,Monday,January,Winter,13777.0
9/19/2020,17,18,Wind,263,Saturday,September,Fall,3154.6800000000003
2/16/2021,11,12,Wind,47,Tuesday,February,Winter,8157.639999999999
1/21/2022,18,19,Wind,21,Friday,January,Winter,3436.2000000000003
10/5/2024,9,10,Wind,279,Saturday,October,Fall,5292.76
1/30/2020,16,17,Wind,30,Thursday,January,Winter,8705.039999999999
9/25/2021,21,22,Wind,268,Saturday,September,Fall,1639.4399999999998
8/16/2025,9,10,Wind,228,Saturday,August,Summer,8204.56
2/19/2025,7,8,Wind,50,Wednesday,February,Winter,7902.8
1/8/2020,8,9,Wind,8,Wednesday,January,Winter,4288.12
2/19/2020,8,9,Wind,50,Wednesday,February,Winter,6824.5599999999995
9/13/2025,14,15,Wind,256,Saturday,September,Fall,8003.079999999999
10/21/2022,3,4,Wind,294,Friday,October,Fall,7486.04
10/3/2020,18,19,Wind,277,Saturday,October,Fall,5906.4
2/9/2022,17,18,Wind,40,Wednesday,February,Winter,1418.64
5/26/2021,11,12,Wind,146,Wednesday,May,Spring,9450.24
3/15/2022,4,5,Wind,74,Tuesday,March,Spring,5465.72
2/16/2020,12,13,Wind,47,Sunday,February,Winter,13588.400000000001
12/15/2020,1,2,Wind,350,Tuesday,December,Winter,5349.799999999999
1/10/2024,19,20,Wind,10,Wednesday,January,Winter,3489.56
2/9/2021,15,16,Wind,40,Tuesday,February,Winter,4711.32
2/2/2022,8,9,Wind,33,Wednesday,February,Winter,6500.72
4/22/2020,17,18,Wind,113,Wednesday,April,Spring,2934.7999999999997
2/1/2024,14,15,Wind,32,Thursday,February,Winter,3583.4
7/27/2022,8,9,Wind,208,Wednesday,July,Summer,3254.04
1/24/2022,18,19,Wind,24,Monday,January,Winter,796.72
2/19/2020,8,9,Wind,50,Wednesday,February,Winter,6824.5599999999995
4/22/2025,2,3,Wind,112,Tuesday,April,Spring,2031.36
2/1/2024,0,1,Wind,32,Thursday,February,Winter,7566.079999999999
2/8/2023,22,23,Wind,39,Wednesday,February,Winter,2770.12
10/22/2022,8,9,Wind,295,Saturday,October,Fall,3654.24
11/15/2022,13,14,Wind,319,Tuesday,November,Fall,10668.32
4/2/2023,11,12,Wind,92,Sunday,April,Spring,11503.68
6/29/2025,20,21,Wind,180,Sunday,June,Summer,2576.92
12/31/2021,12,13,Wind,365,Friday,December,Winter,6105.12
11/24/2025,18,19,Wind,328,Monday,November,Fall,10532.16
8/28/2021,5,6,Wind,240,Saturday,August,Summer,3657.92
1/21/2020,14,15,Wind,21,Tuesday,January,Winter,2779.3199999999997
2/2/2021,16,17,Wind,33,Tuesday,February,Winter,8968.16
12/20/2020,3,4,Wind,355,Sunday,December,Winter,4105.04
6/3/2025,5,6,Wind,154,Tuesday,June,Summer,1703.84
1/12/2023,10,11,Wind,12,Thursday,January,Winter,16109.2
3/14/2023,17,18,Wind,73,Tuesday,March,Spring,9494.4
11/22/2025,9,10,Wind,326,Saturday,November,Fall,7583.5599999999995
11/11/2022,0,1,Wind,315,Friday,November,Fall,2999.2
2/15/2024,5,6,Wind,46,Thursday,February,Winter,7223.84
11/6/2023,21,22,Wind,310,Monday,November,Fall,8466.76
1/5/2025,10,11,Wind,5,Sunday,January,Winter,17531.52
1/10/2020,4,5,Wind,10,Friday,January,Winter,7475.92
8/22/2021,10,11,Wind,234,Sunday,August,Summer,5759.2
1/30/2020,1,2,Wind,30,Thursday,January,Winter,5225.599999999999
1/21/2022,16,17,Wind,21,Friday,January,Winter,4535.6
1/20/2024,16,17,Wind,20,Saturday,January,Winter,3428.8399999999997
7/24/2023,7,8,Wind,205,Monday,July,Summer,4075.6000000000004
6/22/2023,11,12,Wind,173,Thursday,June,Summer,6304.76
11/12/2023,13,14,Wind,316,Sunday,November,Fall,9474.16
1/22/2024,18,19,Wind,22,Monday,January,Winter,13936.159999999998
12/8/2020,13,14,Wind,343,Tuesday,December,Winter,2692.84
7/31/2021,13,14,Wind,212,Saturday,July,Summer,5544.84
10/12/2022,18,19,Wind,285,Wednesday,October,Fall,752.56
12/5/2020,14,15,Wind,340,Saturday,December,Winter,5871.44
1/6/2024,10,11,Wind,6,Saturday,January,Winter,6341.56
12/15/2023,3,4,Wind,349,Friday,December,Winter,2028.6000000000001
12/17/2022,15,16,Wind,351,Saturday,December,Winter,2895.24
7/16/2020,15,16,Wind,198,Thursday,July,Summer,4157.48
10/28/2023,10,11,Wind,301,Saturday,October,Fall,13584.72
10/25/2020,8,9,Wind,299,Sunday,October,Fall,7371.04
12/4/2023,17,18,Wind,338,Monday,December,Winter,13052.04
12/25/2024,8,9,Wind,360,Wednesday,December,Winter,1374.48
1/27/2020,12,13,Wind,27,Monday,January,Winter,8540.359999999999
2/1/2021,14,15,Wind,32,Monday,February,Winter,7025.12
1/20/2025,0,1,Wind,20,Monday,January,Winter,1238.32
1/17/2020,16,17,Wind,17,Friday,January,Winter,7845.759999999999
1/29/2025,14,15,Wind,29,Wednesday,January,Winter,12512.92
12/10/2024,17,18,Wind,345,Tuesday,December,Winter,7253.279999999999
2/10/2023,2,3,Wind,41,Friday,February,Winter,500.47999999999996
9/23/2024,9,10,Wind,267,Monday,September,Fall,5369.12
2/1/2024,19,20,Wind,32,Thursday,February,Winter,2001.0
9/27/2024,1,2,Wind,271,Friday,September,Fall,8698.6
12/22/2024,12,13,Wind,357,Sunday,December,Winter,18388.96
1/12/2020,9,10,Wind,12,Sunday,January,Winter,7555.959999999999
9/22/2023,13,14,Wind,265,Friday,September,Fall,11484.36
1/10/2023,17,18,Wind,10,Tuesday,January,Winter,13295.84
2/21/2024,18,19,Wind,52,Wednesday,February,Winter,15168.04
12/8/2023,22,23,Wind,342,Friday,December,Winter,7394.04
12/2/2024,9,10,Wind,337,Monday,December,Winter,7816.32
4/5/2025,4,5,Wind,95,Saturday,April,Spring,6892.639999999999
8/30/2025,14,15,Wind,242,Saturday,August,Summer,7244.079999999999
3/12/2023,12,13,Wind,71,Sunday,March,Spring,12505.56
4/10/2024,21,22,Wind,101,Wednesday,April,Spring,3847.4399999999996
1/21/2025,23,0,Wind,21,Tuesday,January,Winter,6567.879999999999
9/29/2023,18,19,Wind,272,Friday,September,Fall,3234.72
11/2/2023,10,11,Wind,306,Thursday,November,Fall,13915.919999999998
2/21/2022,16,17,Wind,52,Monday,February,Winter,15622.519999999999
2/17/2023,10,11,Wind,48,Friday,February,Winter,10396.92
2/3/2025,18,19,Wind,34,Monday,February,Winter,1334.0
10/31/2024,22,23,Wind,305,Thursday,October,Fall,862.9599999999999
4/11/2023,9,10,Wind,101,Tuesday,April,Spring,6091.32
1/5/2020,10,11,Wind,5,Sunday,January,Winter,2733.3199999999997
1/2/2025,19,20,Wind,2,Thursday,January,Winter,3024.04
2/4/2020,5,6,Wind,35,Tuesday,February,Winter,9670.12
3/1/2023,0,1,Wind,60,Wednesday,March,Spring,7022.36
1/2/2025,17,18,Wind,2,Thursday,January,Winter,2704.7999999999997
12/6/2024,12,13,Wind,341,Friday,December,Winter,11897.44
8/29/2020,13,14,Wind,242,Saturday,August,Summer,4435.32
4/21/2021,17,18,Wind,111,Wednesday,April,Spring,5520.0
12/9/2021,16,17,Wind,343,Thursday,December,Winter,4948.68
7/31/2021,6,7,Wind,212,Saturday,July,Summer,3210.7999999999997
2/26/2022,19,20,Wind,57,Saturday,February,Winter,7506.279999999999
12/15/2024,10,11,Wind,350,Sunday,December,Winter,7848.52
11/28/2021,15,16,Wind,332,Sunday,November,Fall,7750.079999999999
2/2/2024,11,12,Wind,33,Friday,February,Winter,7808.959999999999
3/2/2023,5,6,Wind,61,Thursday,March,Spring,4415.08
11/13/2020,16,17,Wind,318,Friday,November,Fall,3519.0
2/8/2020,4,5,Wind,39,Saturday,February,Winter,4750.88
2/21/2022,14,15,Wind,52,Monday,February,Winter,17109.24
7/6/2025,13,14,Wind,187,Sunday,July,Summer,13137.6
2/3/2022,2,3,Wind,34,Thursday,February,Winter,2286.2000000000003
2/3/2020,1,2,Wind,34,Monday,February,Winter,7706.84
1/1/2022,12,13,Wind,1,Saturday,January,Winter,6326.84
1/7/2025,22,23,Wind,7,Tuesday,January,Winter,6351.68
3/14/2025,0,1,Wind,73,Friday,March,Spring,2047.0
5/26/2021,14,15,Wind,146,Wednesday,May,Spring,9881.720000000001
2/14/2023,9,10,Wind,45,Tuesday,February,Winter,4378.28
5/31/2024,13,14,Wind,152,Friday,May,Spring,10518.36
9/12/2021,2,3,Wind,255,Sunday,September,Fall,731.4
6/5/2020,19,20,Wind,157,Friday,June,Summer,9361.92
1/18/2023,18,19,Wind,18,Wednesday,January,Winter,4798.72
1/10/2020,14,15,Wind,10,Friday,January,Winter,4508.92
11/14/2025,18,19,Wind,318,Friday,November,Fall,9479.679999999998
12/10/2024,20,21,Wind,345,Tuesday,December,Winter,7203.6
12/24/2022,9,10,Wind,358,Saturday,December,Winter,5289.08
12/31/2024,3,4,Wind,366,Tuesday,December,Winter,2342.3199999999997
1/3/2022,17,18,Wind,3,Monday,January,Winter,7943.279999999999
2/3/2023,9,10,Wind,34,Friday,February,Winter,7226.6
2/25/2020,14,15,Wind,56,Tuesday,February,Winter,11598.44
4/18/2025,0,1,Wind,108,Friday,April,Spring,2754.48
7/16/2021,7,8,Wind,197,Friday,July,Summer,3647.8
8/26/2020,18,19,Wind,239,Wednesday,August,Summer,6322.24
11/26/2021,6,7,Wind,330,Friday,November,Fall,2622.0
1/5/2021,13,14,Wind,5,Tuesday,January,Winter,2260.44
3/8/2024,10,11,Wind,68,Friday,March,Spring,9032.56
2/11/2020,6,7,Wind,42,Tuesday,February,Winter,10700.52
1/15/2025,8,9,Wind,15,Wednesday,January,Winter,2754.48
12/24/2020,8,9,Wind,359,Thursday,December,Winter,9831.12
2/20/2021,13,14,Wind,51,Saturday,February,Winter,13315.159999999998
5/18/2020,7,8,Wind,139,Monday,May,Spring,1671.6399999999999
10/6/2021,9,10,Wind,279,Wednesday,October,Fall,8402.359999999999
7/24/2023,8,9,Wind,205,Monday,July,Summer,4784.92
7/31/2024,6,7,Wind,213,Wednesday,July,Summer,2708.48
4/20/2021,6,7,Wind,110,Tuesday,April,Spring,530.84
1/4/2025,16,17,Wind,4,Saturday,January,Winter,6935.879999999999
2/21/2020,20,21,Wind,52,Friday,February,Winter,5452.84
7/22/2020,19,20,Wind,204,Wednesday,July,Summer,1719.48
5/15/2021,16,17,Wind,135,Saturday,May,Spring,10188.08
11/23/2022,8,9,Wind,327,Wednesday,November,Fall,8769.44
12/31/2023,15,16,Wind,365,Sunday,December,Winter,16960.2
9/23/2023,18,19,Wind,266,Saturday,September,Fall,2947.6800000000003
2/5/2025,17,18,Wind,36,Wednesday,February,Winter,2376.36
1/3/2021,15,16,Wind,3,Sunday,January,Winter,2223.64
8/24/2025,23,0,Wind,236,Sunday,August,Summer,4398.5199999999995
12/4/2024,18,19,Wind,339,Wednesday,December,Winter,3622.96
1/30/2023,6,7,Wind,30,Monday,January,Winter,6657.12
8/7/2021,0,1,Wind,219,Saturday,August,Summer,2619.24
12/12/2020,14,15,Wind,347,Saturday,December,Winter,6503.48
1/5/2024,12,13,Wind,5,Friday,January,Winter,7572.52
10/16/2021,21,22,Wind,289,Saturday,October,Fall,1187.72
1/28/2020,14,15,Wind,28,Tuesday,January,Winter,12663.8
2/11/2021,17,18,Wind,42,Thursday,February,Winter,7063.759999999999
3/27/2020,16,17,Wind,87,Friday,March,Spring,4180.48
1/25/2024,9,10,Wind,25,Thursday,January,Winter,4370.92
3/27/2024,14,15,Wind,87,Wednesday,March,Spring,14357.519999999999
9/5/2024,8,9,Wind,249,Thursday,September,Fall,5822.68
1/30/2023,13,14,Wind,30,Monday,January,Winter,8799.800000000001
3/7/2022,19,20,Wind,66,Monday,March,Spring,6039.799999999999
9/14/2024,18,19,Wind,258,Saturday,September,Fall,4787.679999999999
1/27/2025,11,12,Wind,27,Monday,January,Winter,17695.28
2/2/2025,8,9,Wind,33,Sunday,February,Winter,2346.0
12/1/2023,4,5,Wind,335,Friday,December,Winter,1763.6399999999999
2/10/2020,7,8,Wind,41,Monday,February,Winter,10203.720000000001
1/28/2020,17,18,Wind,28,Tuesday,January,Winter,9969.12
2/1/2022,15,16,Wind,32,Tuesday,February,Winter,12832.16
12/1/2023,7,8,Wind,335,Friday,December,Winter,2382.7999999999997
12/5/2020,18,19,Wind,340,Saturday,December,Winter,6313.04
4/16/2023,2,3,Wind,106,Sunday,April,Spring,5603.72
12/16/2024,12,13,Wind,351,Monday,December,Winter,7925.8
1/10/2023,22,23,Wind,10,Tuesday,January,Winter,13827.6
11/16/2024,2,3,Wind,321,Saturday,November,Fall,1085.6000000000001
2/24/2021,1,2,Wind,55,Wednesday,February,Winter,7448.32
5/27/2022,1,2,Wind,147,Friday,May,Spring,3562.24
2/10/2020,16,17,Wind,41,Monday,February,Winter,12668.4
12/30/2021,8,9,Wind,364,Thursday,December,Winter,7678.32
11/4/2021,10,11,Wind,308,Thursday,November,Fall,4375.5199999999995
3/25/2023,11,12,Wind,84,Saturday,March,Spring,16874.64
1/1/2022,12,13,Wind,1,Saturday,January,Winter,6326.84
10/5/2020,17,18,Wind,279,Monday,October,Fall,9484.279999999999
12/27/2022,18,19,Wind,361,Tuesday,December,Winter,7580.8
8/6/2024,21,22,Wind,219,Tuesday,August,Summer,1859.3199999999997
7/25/2020,8,9,Wind,207,Saturday,July,Summer,2077.36
8/16/2021,13,14,Wind,228,Monday,August,Summer,9901.96
10/11/2021,6,7,Wind,284,Monday,October,Fall,2564.04
11/28/2025,6,7,Wind,332,Friday,November,Fall,7098.72
1/1/2022,18,19,Wind,1,Saturday,January,Winter,4630.36
6/16/2021,22,23,Wind,167,Wednesday,June,Summer,2158.3199999999997
2/12/2022,8,9,Wind,43,Saturday,February,Winter,5013.08
4/4/2021,2,3,Wind,94,Sunday,April,Spring,6026.92
8/16/2022,0,1,Wind,228,Tuesday,August,Summer,914.48
12/1/2022,8,9,Wind,335,Thursday,December,Winter,4014.8799999999997
10/20/2023,5,6,Wind,293,Friday,October,Fall,3933.92
5/15/2024,2,3,Wind,136,Wednesday,May,Spring,2762.76
9/21/2024,19,20,Wind,265,Saturday,September,Fall,2958.72
12/27/2022,10,11,Wind,361,Tuesday,December,Winter,4994.68
12/25/2023,18,19,Wind,359,Monday,December,Winter,11545.08
1/15/2021,13,14,Wind,15,Friday,January,Winter,6447.360000000001
5/12/2023,18,19,Wind,132,Friday,May,Spring,5111.52
3/28/2023,17,18,Wind,87,Tuesday,March,Spring,8220.2
1/11/2020,13,14,Wind,11,Saturday,January,Winter,5743.56
4/8/2025,22,23,Wind,98,Tuesday,April,Spring,4672.679999999999
2/28/2020,18,19,Wind,59,Friday,February,Winter,9749.24
2/13/2022,9,10,Wind,44,Sunday,February,Winter,10904.76
1/19/2022,1,2,Wind,19,Wednesday,January,Winter,1679.0
12/11/2024,13,14,Wind,346,Wednesday,December,Winter,6840.200000000001
2/14/2024,9,10,Wind,45,Wednesday,February,Winter,9795.24
5/29/2020,11,12,Wind,150,Friday,May,Spring,6508.08
7/8/2020,7,8,Wind,190,Wednesday,July,Summer,1999.1599999999999
3/27/2021,3,4,Wind,86,Saturday,March,Spring,8935.039999999999
1/27/2020,19,20,Wind,27,Monday,January,Winter,11051.96
1/31/2025,14,15,Wind,31,Friday,January,Winter,8317.72
8/19/2025,1,2,Wind,231,Tuesday,August,Summer,2763.6800000000003
1/13/2023,1,2,Wind,13,Friday,January,Winter,12799.96
1/1/2021,15,16,Wind,1,Friday,January,Winter,1345.96
2/10/2020,2,3,Wind,41,Monday,February,Winter,9625.96
2/23/2024,13,14,Wind,54,Friday,February,Winter,14895.72
11/14/2025,15,16,Wind,318,Friday,November,Fall,11649.04
12/3/2020,16,17,Wind,338,Thursday,December,Winter,10681.199999999999
11/1/2023,18,19,Wind,305,Wednesday,November,Fall,11764.96
12/30/2023,12,13,Wind,364,Saturday,December,Winter,11283.8
1/16/2023,11,12,Wind,16,Monday,January,Winter,13020.76
10/23/2025,12,13,Wind,296,Thursday,October,Fall,21570.32
3/10/2024,21,22,Wind,70,Sunday,March,Spring,1791.2399999999998
7/16/2025,22,23,Wind,197,Wednesday,July,Summer,2743.44
11/25/2025,2,3,Wind,329,Tuesday,November,Fall,9488.88
3/10/2020,15,16,Wind,70,Tuesday,March,Spring,12147.68
1/15/2020,12,13,Wind,15,Wednesday,January,Winter,12558.0
2/23/2025,11,12,Wind,54,Sunday,February,Winter,8804.4
11/30/2022,4,5,Wind,334,Wednesday,November,Fall,1009.24
8/21/2023,0,1,Wind,233,Monday,August,Summer,2489.52
12/10/2023,14,15,Wind,344,Sunday,December,Winter,15801.919999999998
4/15/2024,18,19,Wind,106,Monday,April,Spring,16529.64
1/22/2024,12,13,Wind,22,Monday,January,Winter,16975.84
2/29/2024,11,12,Wind,60,Thursday,February,Winter,11143.96
9/21/2021,2,3,Wind,264,Tuesday,September,Fall,2794.96
2/22/2023,18,19,Wind,53,Wednesday,February,Winter,1638.5199999999998
4/26/2022,23,0,Wind,116,Tuesday,April,Spring,5314.84
2/3/2022,13,14,Wind,34,Thursday,February,Winter,3875.96
12/7/2021,16,17,Wind,341,Tuesday,December,Winter,11716.199999999999
2/9/2024,18,19,Wind,40,Friday,February,Winter,8762.08
11/12/2021,7,8,Wind,316,Friday,November,Fall,2228.24
1/31/2021,12,13,Wind,31,Sunday,January,Winter,4077.4399999999996
1/29/2022,13,14,Wind,29,Saturday,January,Winter,10518.36
3/23/2021,5,6,Wind,82,Tuesday,March,Spring,2292.64
11/7/2025,16,17,Wind,311,Friday,November,Fall,3689.2000000000003
1/3/2021,18,19,Wind,3,Sunday,January,Winter,1913.6000000000001
6/23/2020,18,19,Wind,175,Tuesday,June,Summer,4127.12
8/28/2021,8,9,Wind,240,Saturday,August,Summer,3519.0
8/1/2025,17,18,Wind,213,Friday,August,Summer,10426.36
2/5/2023,6,7,Wind,36,Sunday,February,Winter,4569.639999999999
12/10/2024,19,20,Wind,345,Tuesday,December,Winter,7308.48
12/30/2020,9,10,Wind,365,Wednesday,December,Winter,3024.04
1/11/2021,6,7,Wind,11,Monday,January,Winter,2056.2000000000003
2/9/2024,17,18,Wind,40,Friday,February,Winter,8763.0
5/15/2021,10,11,Wind,135,Saturday,May,Spring,6938.639999999999
12/19/2023,6,7,Wind,353,Tuesday,December,Winter,6262.44
11/2/2024,1,2,Wind,307,Saturday,November,Fall,1356.08
1/13/2020,2,3,Wind,13,Monday,January,Winter,2397.52
3/10/2021,17,18,Wind,69,Wednesday,March,Spring,9924.04
5/26/2024,14,15,Wind,147,Sunday,May,Spring,6545.799999999999
2/9/2022,8,9,Wind,40,Wednesday,February,Winter,3173.08
12/21/2023,15,16,Wind,355,Thursday,December,Winter,17294.16
2/26/2023,9,10,Wind,57,Sunday,February,Winter,15723.72
10/27/2021,17,18,Wind,300,Wednesday,October,Fall,2376.36
2/17/2020,10,11,Wind,48,Monday,February,Winter,8565.2
5/21/2023,18,19,Wind,141,Sunday,May,Spring,5577.04
2/23/2023,15,16,Wind,54,Thursday,February,Winter,4095.8399999999997
1/6/2020,21,22,Wind,6,Monday,January,Winter,6075.68
4/17/2025,21,22,Wind,107,Thursday,April,Spring,2024.9199999999998
10/6/2024,14,15,Wind,280,Sunday,October,Fall,5979.08
10/24/2025,8,9,Wind,297,Friday,October,Fall,11481.599999999999
1/6/2022,18,19,Wind,6,Thursday,January,Winter,4733.4
1/7/2025,6,7,Wind,7,Tuesday,January,Winter,12188.16
2/5/2020,7,8,Wind,36,Wednesday,February,Winter,2137.16
2/8/2020,13,14,Wind,39,Saturday,February,Winter,4145.5199999999995
1/22/2024,13,14,Wind,22,Monday,January,Winter,16696.16
9/16/2022,14,15,Wind,259,Friday,September,Fall,8731.72
2/12/2022,16,17,Wind,43,Saturday,February,Winter,4445.44
2/27/2021,17,18,Wind,58,Saturday,February,Winter,8669.16
1/29/2025,14,15,Wind,29,Wednesday,January,Winter,12512.92
1/6/2020,22,23,Wind,6,Monday,January,Winter,5624.88
12/30/2022,0,1,Wind,364,Friday,December,Winter,7441.879999999999
1/4/2020,16,17,Wind,4,Saturday,January,Winter,3139.96
1/19/2023,18,19,Wind,19,Thursday,January,Winter,1402.08
12/15/2022,10,11,Wind,349,Thursday,December,Winter,4547.56
12/20/2022,9,10,Wind,354,Tuesday,December,Winter,11673.88
4/17/2022,9,10,Wind,107,Sunday,April,Spring,5733.44
1/10/2022,17,18,Wind,10,Monday,January,Winter,1705.68
11/20/2022,10,11,Wind,324,Sunday,November,Fall,8489.76
9/25/2025,19,20,Wind,268,Thursday,September,Fall,2165.68
10/9/2020,16,17,Wind,283,Friday,October,Fall,4347.0
7/19/2023,6,7,Wind,200,Wednesday,July,Summer,3371.8
3/3/2024,20,21,Wind,63,Sunday,March,Spring,4496.96
2/21/2021,11,12,Wind,52,Sunday,February,Winter,8370.16
12/20/2022,15,16,Wind,354,Tuesday,December,Winter,8376.6
1/17/2021,23,0,Wind,17,Sunday,January,Winter,1812.4
2/12/2022,18,19,Wind,43,Saturday,February,Winter,3800.52
9/13/2024,5,6,Wind,257,Friday,September,Fall,5030.56
12/26/2023,15,16,Wind,360,Tuesday,December,Winter,4036.0399999999995
2/4/2020,5,6,Wind,35,Tuesday,February,Winter,9670.12
6/3/2025,12,13,Wind,154,Tuesday,June,Summer,6650.679999999999
1/14/2021,22,23,Wind,14,Thursday,January,Winter,8564.279999999999
7/4/2021,22,23,Wind,185,Sunday,July,Summer,2624.76
9/11/2020,8,9,Wind,255,Friday,September,Fall,1075.48
5/26/2023,21,22,Wind,146,Friday,May,Spring,7133.679999999999
2/9/2023,18,19,Wind,40,Thursday,February,Winter,456.32
8/28/2020,6,7,Wind,241,Friday,August,Summer,3890.68
11/10/2023,14,15,Wind,314,Friday,November,Fall,16870.04
12/9/2021,18,19,Wind,343,Thursday,December,Winter,7238.5599999999995
2/1/2025,20,21,Wind,32,Saturday,February,Winter,3726.92
12/17/2020,22,23,Wind,352,Thursday,December,Winter,4742.599999999999
2/6/2025,11,12,Wind,37,Thursday,February,Winter,10304.92
10/29/2023,14,15,Wind,302,Sunday,October,Fall,16180.04
12/18/2024,14,15,Wind,353,Wednesday,December,Winter,14587.519999999999
8/20/2020,19,20,Wind,233,Thursday,August,Summer,2676.28
4/19/2024,18,19,Wind,110,Friday,April,Spring,10877.16
2/15/2021,6,7,Wind,46,Monday,February,Winter,9388.6
7/15/2024,17,18,Wind,197,Monday,July,Summer,9372.96
8/25/2022,19,20,Wind,237,Thursday,August,Summer,4469.36
8/25/2025,21,22,Wind,237,Monday,August,Summer,791.1999999999999
12/5/2020,16,17,Wind,340,Saturday,December,Winter,5383.84
2/14/2021,13,14,Wind,45,Sunday,February,Winter,9613.08
8/14/2025,6,7,Wind,226,Thursday,August,Summer,1157.36
12/23/2021,16,17,Wind,357,Thursday,December,Winter,5027.799999999999
2/4/2020,1,2,Wind,35,Tuesday,February,Winter,9690.359999999999
2/16/2021,0,1,Wind,47,Tuesday,February,Winter,7579.879999999999
2/14/2020,3,4,Wind,45,Friday,February,Winter,5700.32
12/31/2024,9,10,Wind,366,Tuesday,December,Winter,4629.44
2/25/2024,14,15,Wind,56,Sunday,February,Winter,11826.599999999999
11/8/2023,14,15,Wind,312,Wednesday,November,Fall,16341.04
5/3/2022,21,22,Wind,123,Tuesday,May,Spring,3788.56
11/19/2020,9,10,Wind,324,Thursday,November,Fall,8336.12
7/20/2025,1,2,Wind,201,Sunday,July,Summer,4145.5199999999995
10/27/2021,23,0,Wind,300,Wednesday,October,Fall,3896.2000000000003
12/11/2024,8,9,Wind,346,Wednesday,December,Winter,5308.4
1/7/2020,16,17,Wind,7,Tuesday,January,Winter,3873.2000000000003
11/20/2024,12,13,Wind,325,Wednesday,November,Fall,8583.6
3/10/2025,8,9,Wind,69,Monday,March,Spring,3193.3199999999997
1/31/2023,12,13,Wind,31,Tuesday,January,Winter,8263.44
6/27/2025,7,8,Wind,178,Friday,June,Summer,2536.44
2/13/2021,19,20,Wind,44,Saturday,February,Winter,6152.96
2/18/2024,11,12,Wind,49,Sunday,February,Winter,12846.88
11/21/2023,9,10,Wind,325,Tuesday,November,Fall,5162.12
6/7/2025,11,12,Wind,158,Saturday,June,Summer,14689.64
1/18/2023,15,16,Wind,18,Wednesday,January,Winter,5302.88
2/2/2022,15,16,Wind,33,Wednesday,February,Winter,5064.599999999999
11/23/2025,21,22,Wind,327,Sunday,November,Fall,6630.44
12/23/2020,14,15,Wind,358,Wednesday,December,Winter,10603.92
10/31/2024,17,18,Wind,305,Thursday,October,Fall,820.64
1/6/2021,9,10,Wind,6,Wednesday,January,Winter,1068.12
2/5/2021,17,18,Wind,36,Friday,February,Winter,1551.12
12/30/2021,11,12,Wind,364,Thursday,December,Winter,8556.0
5/21/2023,18,19,Wind,141,Sunday,May,Spring,5577.04
11/17/2022,17,18,Wind,321,Thursday,November,Fall,7708.679999999999
5/3/2021,6,7,Wind,123,Monday,May,Spring,747.04
12/7/2023,8,9,Wind,341,Thursday,December,Winter,7246.84
1/9/2022,18,19,Wind,9,Sunday,January,Winter,2312.88
6/26/2025,1,2,Wind,177,Thursday,June,Summer,3798.68
2/27/2021,17,18,Wind,58,Saturday,February,Winter,8669.16
2/21/2024,11,12,Wind,52,Wednesday,February,Winter,13137.6
9/7/2020,8,9,Wind,251,Monday,September,Fall,2137.16
12/23/2020,4,5,Wind,358,Wednesday,December,Winter,5989.2
2/29/2020,20,21,Wind,60,Saturday,February,Winter,10440.16
2/21/2021,15,16,Wind,52,Sunday,February,Winter,6923.0
1/26/2022,5,6,Wind,26,Wednesday,January,Winter,472.87999999999994
12/3/2022,13,14,Wind,337,Saturday,December,Winter,5430.76
2/21/2024,11,12,Wind,52,Wednesday,February,Winter,13137.6
1/31/2025,18,19,Wind,31,Friday,January,Winter,4972.599999999999
8/26/2020,16,17,Wind,239,Wednesday,August,Summer,9003.12
2/25/2024,18,19,Wind,56,Sunday,February,Winter,12399.76
12/21/2021,8,9,Wind,355,Tuesday,December,Winter,2546.56
8/20/2023,6,7,Wind,232,Sunday,August,Summer,1238.32
2/13/2025,18,19,Wind,44,Thursday,February,Winter,3196.08
4/25/2024,21,22,Wind,116,Thursday,April,Spring,1473.8400000000001
5/19/2023,16,17,Wind,139,Friday,May,Spring,9170.56
12/3/2022,9,10,Wind,337,Saturday,December,Winter,6100.52
3/15/2020,19,20,Wind,75,Sunday,March,Spring,3225.52
1/7/2021,6,7,Wind,7,Thursday,January,Winter,450.8
5/29/2024,6,7,Wind,150,Wednesday,May,Spring,5484.12
12/19/2024,8,9,Wind,354,Thursday,December,Winter,15823.08
1/8/2025,7,8,Wind,8,Wednesday,January,Winter,4095.8399999999997
10/29/2023,17,18,Wind,302,Sunday,October,Fall,12144.92
12/29/2022,12,13,Wind,363,Thursday,December,Winter,12826.64
1/23/2022,7,8,Wind,23,Sunday,January,Winter,2011.12
1/8/2025,21,22,Wind,8,Wednesday,January,Winter,11860.64
9/4/2021,20,21,Wind,247,Saturday,September,Fall,592.4799999999999
1/21/2023,2,3,Wind,21,Saturday,January,Winter,5951.48
9/24/2024,7,8,Wind,268,Tuesday,September,Fall,6690.24
10/6/2025,22,23,Wind,279,Monday,October,Fall,1783.88
2/21/2024,12,13,Wind,52,Wednesday,February,Winter,13758.6
5/23/2021,5,6,Wind,143,Sunday,May,Spring,4872.32
12/31/2024,9,10,Wind,366,Tuesday,December,Winter,4629.44
3/14/2021,8,9,Wind,73,Sunday,March,Spring,9786.039999999999
1/10/2024,1,2,Wind,10,Wednesday,January,Winter,2146.36
11/26/2022,4,5,Wind,330,Saturday,November,Fall,2173.96
1/22/2020,23,0,Wind,22,Wednesday,January,Winter,6165.84
1/11/2021,7,8,Wind,11,Monday,January,Winter,2281.6
10/1/2021,14,15,Wind,274,Friday,October,Fall,8498.96
11/26/2023,1,2,Wind,330,Sunday,November,Fall,2426.96
2/13/2020,17,18,Wind,44,Thursday,February,Winter,12451.279999999999
12/10/2023,1,2,Wind,344,Sunday,December,Winter,14526.800000000001
1/28/2021,13,14,Wind,28,Thursday,January,Winter,13915.0
5/29/2023,19,20,Wind,149,Monday,May,Spring,11596.599999999999
4/28/2020,13,14,Wind,119,Tuesday,April,Spring,7984.679999999999
8/30/2025,8,9,Wind,242,Saturday,August,Summer,4953.28
12/31/2021,13,14,Wind,365,Friday,December,Winter,5907.32
1/12/2024,6,7,Wind,12,Friday,January,Winter,5963.44
9/25/2024,3,4,Wind,269,Wednesday,September,Fall,3939.4399999999996
1/27/2022,3,4,Wind,27,Thursday,January,Winter,2222.72
3/27/2022,20,21,Wind,86,Sunday,March,Spring,1717.6399999999999
4/29/2021,18,19,Wind,119,Thursday,April,Spring,1956.84
5/22/2020,9,10,Wind,143,Friday,May,Spring,4406.8
5/31/2024,13,14,Wind,152,Friday,May,Spring,10518.36
5/12/2022,7,8,Wind,132,Thursday,May,Spring,1362.52
6/5/2025,8,9,Wind,156,Thursday,June,Summer,8254.24
12/10/2022,16,17,Wind,344,Saturday,December,Winter,1690.96
2/24/2025,16,17,Wind,55,Monday,February,Winter,8780.48
2/17/2022,9,10,Wind,48,Thursday,February,Winter,13434.759999999998
1/3/2025,15,16,Wind,3,Friday,January,Winter,3922.8799999999997
5/7/2025,8,9,Wind,127,Wednesday,May,Spring,7009.48
7/17/2020,18,19,Wind,199,Friday,July,Summer,3316.6000000000004
1/21/2025,8,9,Wind,21,Tuesday,January,Winter,2320.24
5/10/2021,9,10,Wind,130,Monday,May,Spring,7990.200000000001
1/23/2021,17,18,Wind,23,Saturday,January,Winter,4727.88
6/8/2021,20,21,Wind,159,Tuesday,June,Summer,1328.48
12/9/2023,9,10,Wind,343,Saturday,December,Winter,15122.04
2/29/2024,19,20,Wind,60,Thursday,February,Winter,8284.6
1/27/2021,13,14,Wind,27,Wednesday,January,Winter,5003.88
4/28/2020,12,13,Wind,119,Tuesday,April,Spring,8039.879999999999
1/22/2020,8,9,Wind,22,Wednesday,January,Winter,3715.8799999999997
6/4/2022,8,9,Wind,155,Saturday,June,Summer,2933.88
3/21/2023,6,7,Wind,80,Tuesday,March,Spring,3934.8399999999997
9/15/2024,3,4,Wind,259,Sunday,September,Fall,3220.92
12/15/2020,8,9,Wind,350,Tuesday,December,Winter,3630.3199999999997
3/23/2022,22,23,Wind,82,Wednesday,March,Spring,2772.88
12/13/2020,16,17,Wind,348,Sunday,December,Winter,7498.92
4/7/2021,1,2,Wind,97,Wednesday,April,Spring,3552.12
3/2/2023,8,9,Wind,61,Thursday,March,Spring,4160.24
7/14/2023,16,17,Wind,195,Friday,July,Summer,14974.84
5/30/2022,0,1,Wind,150,Monday,May,Spring,4201.639999999999
4/22/2025,21,22,Wind,112,Tuesday,April,Spring,2864.88
11/14/2021,19,20,Wind,318,Sunday,November,Fall,4448.2
4/6/2024,17,18,Wind,97,Saturday,April,Spring,5502.52
3/11/2020,13,14,Wind,71,Wednesday,March,Spring,11084.16
9/13/2025,7,8,Wind,256,Saturday,September,Fall,7506.279999999999
2/8/2020,5,6,Wind,39,Saturday,February,Winter,4871.4
2/4/2024,11,12,Wind,35,Sunday,February,Winter,8976.44
2/27/2025,14,15,Wind,58,Thursday,February,Winter,9486.12
1/20/2020,21,22,Wind,20,Monday,January,Winter,4909.12
1/2/2021,13,14,Wind,2,Saturday,January,Winter,2397.52
4/14/2020,12,13,Wind,105,Tuesday,April,Spring,8243.2
12/19/2024,22,23,Wind,354,Thursday,December,Winter,9899.199999999999
1/9/2025,2,3,Wind,9,Thursday,January,Winter,10702.36
10/5/2022,22,23,Wind,278,Wednesday,October,Fall,6001.16
3/26/2023,11,12,Wind,85,Sunday,March,Spring,16307.0
1/24/2023,10,11,Wind,24,Tuesday,January,Winter,6463.92
12/24/2020,22,23,Wind,359,Thursday,December,Winter,7218.32
11/20/2025,5,6,Wind,324,Thursday,November,Fall,6546.72
12/23/2021,9,10,Wind,357,Thursday,December,Winter,8372.92
3/9/2022,15,16,Wind,68,Wednesday,March,Spring,7288.24
2/7/2021,5,6,Wind,38,Sunday,February,Winter,3924.72
8/26/2020,9,10,Wind,239,Wednesday,August,Summer,8861.44
2/12/2021,2,3,Wind,43,Friday,February,Winter,7743.639999999999
3/27/2024,17,18,Wind,87,Wednesday,March,Spring,10747.44
2/21/2021,15,16,Wind,52,Sunday,February,Winter,6923.0
12/17/2024,15,16,Wind,352,Tuesday,December,Winter,5329.56
6/21/2021,22,23,Wind,172,Monday,June,Summer,3137.2
12/7/2022,10,11,Wind,341,Wednesday,December,Winter,3333.16
4/15/2024,5,6,Wind,106,Monday,April,Spring,4049.8399999999997
1/9/2022,18,19,Wind,9,Sunday,January,Winter,2312.88
12/10/2021,16,17,Wind,344,Friday,December,Winter,12747.52
7/17/2023,5,6,Wind,198,Monday,July,Summer,2138.08
1/15/2022,5,6,Wind,15,Saturday,January,Winter,1186.8
1/30/2021,11,12,Wind,30,Saturday,January,Winter,8243.2
7/9/2025,7,8,Wind,190,Wednesday,July,Summer,2187.7599999999998
7/20/2022,18,19,Wind,201,Wednesday,July,Summer,4934.88
4/14/2023,18,19,Wind,104,Friday,April,Spring,8401.44
12/29/2024,1,2,Wind,364,Sunday,December,Winter,683.56
1/19/2021,12,13,Wind,19,Tuesday,January,Winter,11478.84
12/31/2021,12,13,Wind,365,Friday,December,Winter,6105.12
8/2/2021,1,2,Wind,214,Monday,August,Summer,1207.04
12/21/2022,18,19,Wind,355,Wednesday,December,Winter,10646.24
8/7/2021,8,9,Wind,219,Saturday,August,Summer,3806.0399999999995
1/2/2023,16,17,Wind,2,Monday,January,Winter,4801.48
11/15/2022,13,14,Wind,319,Tuesday,November,Fall,10668.32
4/23/2021,2,3,Wind,113,Friday,April,Spring,5995.639999999999
1/2/2024,18,19,Wind,2,Tuesday,January,Winter,15938.08
1/7/2020,16,17,Wind,7,Tuesday,January,Winter,3873.2000000000003
12/15/2024,11,12,Wind,350,Sunday,December,Winter,8618.56
1/8/2021,6,7,Wind,8,Friday,January,Winter,1012.0
12/20/2024,19,20,Wind,355,Friday,December,Winter,11455.84
1/8/2021,19,20,Wind,8,Friday,January,Winter,786.5999999999999
8/20/2021,5,6,Wind,232,Friday,August,Summer,509.67999999999995
11/8/2025,16,17,Wind,312,Saturday,November,Fall,2491.36
1/22/2025,12,13,Wind,22,Wednesday,January,Winter,5903.639999999999
2/19/2021,8,9,Wind,50,Friday,February,Winter,5895.360000000001
1/28/2020,15,16,Wind,28,Tuesday,January,Winter,11726.32
10/11/2022,21,22,Wind,284,Tuesday,October,Fall,1942.12
7/3/2023,9,10,Wind,184,Monday,July,Summer,6406.88
12/31/2022,10,11,Wind,365,Saturday,December,Winter,15406.32
11/29/2020,16,17,Wind,334,Sunday,November,Fall,2446.28
1/8/2023,14,15,Wind,8,Sunday,January,Winter,11398.8
6/23/2020,20,21,Wind,175,Tuesday,June,Summer,2653.28
12/7/2024,10,11,Wind,342,Saturday,December,Winter,18319.96
11/13/2020,11,12,Wind,318,Friday,November,Fall,6796.959999999999
10/30/2024,6,7,Wind,304,Wednesday,October,Fall,1680.84
2/9/2020,15,16,Wind,40,Sunday,February,Winter,12951.76
1/7/2025,9,10,Wind,7,Tuesday,January,Winter,12937.96
1/24/2025,8,9,Wind,24,Friday,January,Winter,16664.88
12/16/2020,14,15,Wind,351,Wednesday,December,Winter,6486.92
4/1/2021,21,22,Wind,91,Thursday,April,Spring,7051.8
2/28/2020,13,14,Wind,59,Friday,February,Winter,10132.88
4/16/2020,3,4,Wind,107,Thursday,April,Spring,4265.12
2/20/2020,1,2,Wind,51,Thursday,February,Winter,5647.88
2/18/2024,22,23,Wind,49,Sunday,February,Winter,6371.0
7/23/2021,18,19,Wind,204,Friday,July,Summer,6051.76
12/13/2020,21,22,Wind,348,Sunday,December,Winter,9060.16
12/7/2021,9,10,Wind,341,Tuesday,December,Winter,5745.4
1/31/2022,14,15,Wind,31,Monday,January,Winter,14877.32
8/7/2024,4,5,Wind,220,Wednesday,August,Summer,1318.36
6/2/2025,4,5,Wind,153,Monday,June,Summer,2357.96
7/1/2020,18,19,Wind,183,Wednesday,July,Summer,5630.4
8/13/2020,9,10,Wind,226,Thursday,August,Summer,2079.2000000000003
2/15/2020,17,18,Wind,46,Saturday,February,Winter,9350.88
2/7/2025,10,11,Wind,38,Friday,February,Winter,11888.24
2/3/2023,15,16,Wind,34,Friday,February,Winter,8644.32
5/28/2024,10,11,Wind,149,Tuesday,May,Spring,10038.12
8/17/2020,9,10,Wind,230,Monday,August,Summer,2734.24
6/4/2024,18,19,Wind,156,Tuesday,June,Summer,6862.279999999999
2/8/2025,17,18,Wind,39,Saturday,February,Winter,3073.72
8/24/2023,17,18,Wind,236,Thursday,August,Summer,9072.12
12/20/2020,8,9,Wind,355,Sunday,December,Winter,4033.2799999999997
3/10/2022,17,18,Wind,69,Thursday,March,Spring,4415.08
1/26/2023,5,6,Wind,26,Thursday,January,Winter,1656.9199999999998
1/21/2021,8,9,Wind,21,Thursday,January,Winter,9436.44
5/16/2024,21,22,Wind,137,Thursday,May,Spring,639.4
1/2/2024,18,19,Wind,2,Tuesday,January,Winter,15938.08
12/27/2021,21,22,Wind,361,Monday,December,Winter,11563.48
9/24/2020,3,4,Wind,268,Thursday,September,Fall,6320.4
4/15/2021,8,9,Wind,105,Thursday,April,Spring,4383.8
9/8/2021,20,21,Wind,251,Wednesday,September,Fall,2246.64
8/26/2022,8,9,Wind,238,Friday,August,Summer,3371.8
11/24/2021,4,5,Wind,328,Wednesday,November,Fall,4795.04
6/29/2025,5,6,Wind,180,Sunday,June,Summer,2246.64
10/21/2024,18,19,Wind,295,Monday,October,Fall,3356.16
5/26/2021,13,14,Wind,146,Wednesday,May,Spring,10076.76
11/25/2024,23,0,Wind,330,Monday,November,Fall,6047.16
1/28/2021,9,10,Wind,28,Thursday,January,Winter,13129.32
6/27/2020,3,4,Wind,179,Saturday,June,Summer,2517.12
1/30/2020,10,11,Wind,30,Thursday,January,Winter,8156.72
2/2/2024,6,7,Wind,33,Friday,February,Winter,4953.28
1/3/2024,22,23,Wind,3,Wednesday,January,Winter,15516.72
11/16/2025,9,10,Wind,320,Sunday,November,Fall,3591.68
2/15/2025,9,10,Wind,46,Saturday,February,Winter,7049.04
5/22/2023,17,18,Wind,142,Monday,May,Spring,6268.88
2/28/2023,12,13,Wind,59,Tuesday,February,Winter,12387.8
4/21/2024,9,10,Wind,112,Sunday,April,Spring,9594.679999999998
6/6/2022,7,8,Wind,157,Monday,June,Summer,2330.36
1/10/2025,12,13,Wind,10,Friday,January,Winter,5183.28
6/23/2021,6,7,Wind,174,Wednesday,June,Summer,2009.28
3/15/2023,8,9,Wind,74,Wednesday,March,Spring,3146.3999999999996
11/18/2025,1,2,Wind,322,Tuesday,November,Fall,2892.48
2/1/2021,4,5,Wind,32,Monday,February,Winter,4750.88
1/6/2022,22,23,Wind,6,Thursday,January,Winter,7416.12
11/25/2021,8,9,Wind,329,Thursday,November,Fall,2816.12
2/7/2021,10,11,Wind,38,Sunday,February,Winter,4773.88
3/11/2021,16,17,Wind,70,Thursday,March,Spring,13811.96
3/26/2023,15,16,Wind,85,Sunday,March,Spring,11931.48
1/11/2020,0,1,Wind,11,Saturday,January,Winter,1472.0
12/5/2020,12,13,Wind,340,Saturday,December,Winter,6058.2
5/2/2025,20,21,Wind,122,Friday,May,Spring,2809.6800000000003
2/27/2020,3,4,Wind,58,Thursday,February,Winter,5405.92
8/9/2022,19,20,Wind,221,Tuesday,August,Summer,6705.879999999999
1/29/2022,8,9,Wind,29,Saturday,January,Winter,6496.12
7/1/2025,22,23,Wind,182,Tuesday,July,Summer,1074.56
5/31/2023,12,13,Wind,151,Wednesday,May,Spring,11617.76
2/8/2025,17,18,Wind,39,Saturday,February,Winter,3073.72
2/17/2022,8,9,Wind,48,Thursday,February,Winter,13228.68
10/13/2020,4,5,Wind,287,Tuesday,October,Fall,2522.64
2/22/2022,18,19,Wind,53,Tuesday,February,Winter,9936.0
6/23/2021,19,20,Wind,174,Wednesday,June,Summer,3380.08
11/18/2020,6,7,Wind,323,Wednesday,November,Fall,6018.639999999999
8/30/2021,17,18,Wind,242,Monday,August,Summer,6898.16
2/20/2022,12,13,Wind,51,Sunday,February,Winter,15928.88
6/30/2021,7,8,Wind,181,Wednesday,June,Summer,2168.44
9/23/2020,10,11,Wind,267,Wednesday,September,Fall,5015.84
9/27/2023,1,2,Wind,270,Wednesday,September,Fall,364.32
8/1/2023,7,8,Wind,213,Tuesday,August,Summer,8367.4
4/12/2025,10,11,Wind,102,Saturday,April,Spring,8570.72
2/25/2022,13,14,Wind,56,Friday,February,Winter,9202.76
12/17/2021,11,12,Wind,351,Friday,December,Winter,7550.44
4/3/2023,4,5,Wind,93,Monday,April,Spring,4631.28
2/9/2021,14,15,Wind,40,Tuesday,February,Winter,4361.72
3/28/2020,18,19,Wind,88,Saturday,March,Spring,7896.36
11/7/2022,11,12,Wind,311,Monday,November,Fall,13711.68
1/14/2021,9,10,Wind,14,Thursday,January,Winter,7163.12
4/14/2020,0,1,Wind,105,Tuesday,April,Spring,8245.96
12/19/2024,9,10,Wind,354,Thursday,December,Winter,15735.68
3/22/2025,23,0,Wind,81,Saturday,March,Spring,4106.88
12/22/2024,16,17,Wind,357,Sunday,December,Winter,14873.64
9/14/2022,2,3,Wind,257,Wednesday,September,Fall,1690.04
1/22/2020,10,11,Wind,22,Wednesday,January,Winter,3982.68
2/7/2024,2,3,Wind,38,Wednesday,February,Winter,14995.08
5/11/2020,14,15,Wind,132,Monday,May,Spring,11689.52
11/11/2023,9,10,Wind,315,Saturday,November,Fall,4800.56
5/27/2025,14,15,Wind,147,Tuesday,May,Spring,16694.32
1/16/2022,8,9,Wind,16,Sunday,January,Winter,2615.56
1/26/2021,13,14,Wind,26,Tuesday,January,Winter,5043.44
4/28/2022,6,7,Wind,118,Thursday,April,Spring,5065.52
10/28/2020,12,13,Wind,302,Wednesday,October,Fall,11555.199999999999
2/19/2022,14,15,Wind,50,Saturday,February,Winter,14463.32
12/2/2022,12,13,Wind,336,Friday,December,Winter,2886.04
2/25/2024,17,18,Wind,56,Sunday,February,Winter,11649.96
8/30/2023,17,18,Wind,242,Wednesday,August,Summer,8669.16
5/11/2021,9,10,Wind,131,Tuesday,May,Spring,2367.16
3/3/2024,12,13,Wind,63,Sunday,March,Spring,6682.879999999999
10/15/2020,18,19,Wind,289,Thursday,October,Fall,4165.76
1/23/2024,13,14,Wind,23,Tuesday,January,Winter,13389.68
2/20/2025,13,14,Wind,51,Thursday,February,Winter,11462.279999999999
12/25/2023,9,10,Wind,359,Monday,December,Winter,12015.199999999999
2/2/2021,16,17,Wind,33,Tuesday,February,Winter,8968.16
3/15/2023,0,1,Wind,74,Wednesday,March,Spring,4901.76
2/22/2025,10,11,Wind,53,Saturday,February,Winter,10092.4
12/8/2023,18,19,Wind,342,Friday,December,Winter,5564.16
2/5/2022,9,10,Wind,36,Saturday,February,Winter,4207.16
12/27/2024,7,8,Wind,362,Friday,December,Winter,1162.8799999999999
1/3/2021,23,0,Wind,3,Sunday,January,Winter,1895.2
12/30/2024,1,2,Wind,365,Monday,December,Winter,662.4
11/7/2022,9,10,Wind,311,Monday,November,Fall,11978.4
7/13/2022,23,0,Wind,194,Wednesday,July,Summer,1195.9999999999998
8/14/2020,21,22,Wind,227,Friday,August,Summer,837.2
2/20/2021,18,19,Wind,51,Saturday,February,Winter,11331.64
1/10/2025,7,8,Wind,10,Friday,January,Winter,3715.8799999999997
1/21/2023,12,13,Wind,21,Saturday,January,Winter,9837.56
12/10/2023,19,20,Wind,344,Sunday,December,Winter,14858.919999999998
1/26/2023,19,20,Wind,26,Thursday,January,Winter,6229.32
12/15/2021,19,20,Wind,349,Wednesday,December,Winter,1466.48
2/2/2025,17,18,Wind,33,Sunday,February,Winter,1019.3599999999999
4/28/2020,18,19,Wind,119,Tuesday,April,Spring,6851.24
12/26/2024,5,6,Wind,361,Thursday,December,Winter,2519.88
9/22/2024,3,4,Wind,266,Sunday,September,Fall,3596.2799999999997
10/5/2022,5,6,Wind,278,Wednesday,October,Fall,5382.0
4/17/2025,5,6,Wind,107,Thursday,April,Spring,2365.3199999999997
1/10/2024,10,11,Wind,10,Wednesday,January,Winter,2348.7599999999998
1/1/2020,8,9,Wind,1,Wednesday,January,Winter,1684.5199999999998
1/14/2022,18,19,Wind,14,Friday,January,Winter,362.48
1/9/2024,12,13,Wind,9,Tuesday,January,Winter,6730.72
6/7/2022,7,8,Wind,158,Tuesday,June,Summer,2949.52
1/4/2021,18,19,Wind,4,Monday,January,Winter,2565.88
1/16/2021,15,16,Wind,16,Saturday,January,Winter,6948.759999999999
4/22/2020,19,20,Wind,113,Wednesday,April,Spring,2156.48
4/21/2021,8,9,Wind,111,Wednesday,April,Spring,1867.6000000000001
3/16/2025,15,16,Wind,75,Sunday,March,Spring,9785.12
4/30/2022,17,18,Wind,120,Saturday,April,Spring,6918.400000000001
11/13/2024,5,6,Wind,318,Wednesday,November,Fall,6070.16
12/14/2020,17,18,Wind,349,Monday,December,Winter,5533.799999999999
4/13/2025,18,19,Wind,103,Sunday,April,Spring,4080.2000000000003
12/22/2024,18,19,Wind,357,Sunday,December,Winter,13670.279999999999
1/20/2020,10,11,Wind,20,Monday,January,Winter,5607.4
11/10/2025,23,0,Wind,314,Monday,November,Fall,8500.800000000001
3/5/2025,0,1,Wind,64,Wednesday,March,Spring,2238.36
9/29/2021,21,22,Wind,272,Wednesday,September,Fall,3349.72
2/18/2021,4,5,Wind,49,Thursday,February,Winter,10077.68
8/9/2021,18,19,Wind,221,Monday,August,Summer,5068.28
8/3/2020,16,17,Wind,216,Monday,August,Summer,6935.879999999999
12/20/2022,15,16,Wind,354,Tuesday,December,Winter,8376.6
12/28/2023,10,11,Wind,362,Thursday,December,Winter,13372.2
8/20/2021,3,4,Wind,232,Friday,August,Summer,618.24
7/27/2023,16,17,Wind,208,Thursday,July,Summer,13642.68
10/26/2020,14,15,Wind,300,Monday,October,Fall,10135.64
9/28/2023,18,19,Wind,271,Thursday,September,Fall,3389.2799999999997
12/5/2024,22,23,Wind,340,Thursday,December,Winter,16596.8
12/17/2023,3,4,Wind,351,Sunday,December,Winter,1485.8
1/14/2022,8,9,Wind,14,Friday,January,Winter,819.7199999999999
2/19/2022,14,15,Wind,50,Saturday,February,Winter,14463.32
2/28/2020,13,14,Wind,59,Friday,February,Winter,10132.88
1/1/2025,2,3,Wind,1,Wednesday,January,Winter,10809.08
1/3/2025,16,17,Wind,3,Friday,January,Winter,2848.3199999999997
1/31/2021,17,18,Wind,31,Sunday,January,Winter,4998.360000000001
11/9/2025,4,5,Wind,313,Sunday,November,Fall,2235.6
3/18/2021,9,10,Wind,77,Thursday,March,Spring,4229.24
6/25/2020,7,8,Wind,177,Thursday,June,Summer,2950.44
2/24/2024,3,4,Wind,55,Saturday,February,Winter,6578.0
2/28/2025,20,21,Wind,59,Friday,February,Winter,5769.32
4/9/2025,0,1,Wind,99,Wednesday,April,Spring,5134.52
4/17/2021,7,8,Wind,107,Saturday,April,Spring,4467.5199999999995
10/19/2023,11,12,Wind,292,Thursday,October,Fall,9476.92
4/7/2021,4,5,Wind,97,Wednesday,April,Spring,3850.2000000000003
12/22/2023,8,9,Wind,356,Friday,December,Winter,15089.84
6/4/2023,18,19,Wind,155,Sunday,June,Summer,6980.959999999999
9/26/2025,4,5,Wind,269,Friday,September,Fall,996.3599999999999
2/20/2025,8,9,Wind,51,Thursday,February,Winter,8311.279999999999
6/19/2022,18,19,Wind,170,Sunday,June,Summer,8213.76
9/17/2020,0,1,Wind,261,Thursday,September,Fall,4418.76
5/16/2021,15,16,Wind,136,Sunday,May,Spring,9701.4
9/13/2025,10,11,Wind,256,Saturday,September,Fall,10183.48
1/22/2025,8,9,Wind,22,Wednesday,January,Winter,5278.96
1/25/2020,15,16,Wind,25,Saturday,January,Winter,1596.1999999999998
1/19/2024,22,23,Wind,19,Friday,January,Winter,3115.12
5/20/2025,18,19,Wind,140,Tuesday,May,Spring,8200.88
4/21/2022,15,16,Wind,111,Thursday,April,Spring,6461.16
10/7/2021,0,1,Wind,280,Thursday,October,Fall,1966.04
4/15/2025,8,9,Wind,105,Tuesday,April,Spring,5559.56
4/19/2022,19,20,Wind,109,Tuesday,April,Spring,3320.2799999999997
1/7/2024,13,14,Wind,7,Sunday,January,Winter,9516.48
2/15/2021,11,12,Wind,46,Monday,February,Winter,11212.96
12/20/2024,18,19,Wind,355,Friday,December,Winter,10598.4
1/25/2023,9,10,Wind,25,Wednesday,January,Winter,2311.96
8/19/2022,19,20,Wind,231,Friday,August,Summer,4150.12
7/25/2023,11,12,Wind,206,Tuesday,July,Summer,8579.92
7/31/2023,0,1,Wind,212,Monday,July,Summer,5775.76
5/27/2024,7,8,Wind,148,Monday,May,Spring,2079.2000000000003
12/20/2021,11,12,Wind,354,Monday,December,Winter,4386.56
8/30/2023,18,19,Wind,242,Wednesday,August,Summer,7029.72
8/3/2020,15,16,Wind,216,Monday,August,Summer,6796.959999999999
5/6/2022,7,8,Wind,126,Friday,May,Spring,3188.72
11/27/2023,17,18,Wind,331,Monday,November,Fall,10198.199999999999
2/21/2025,10,11,Wind,52,Friday,February,Winter,14579.24
12/13/2020,13,14,Wind,348,Sunday,December,Winter,6534.76
2/13/2025,18,19,Wind,44,Thursday,February,Winter,3196.08
6/4/2023,0,1,Wind,155,Sunday,June,Summer,7588.16
5/16/2023,6,7,Wind,136,Tuesday,May,Spring,7224.759999999999
12/11/2022,8,9,Wind,345,Sunday,December,Winter,2073.68
4/28/2022,17,18,Wind,118,Thursday,April,Spring,5363.599999999999
2/27/2024,11,12,Wind,58,Tuesday,February,Winter,10292.04
3/16/2020,9,10,Wind,76,Monday,March,Spring,3053.48
3/5/2021,2,3,Wind,64,Friday,March,Spring,2713.08
2/7/2025,22,23,Wind,38,Friday,February,Winter,8736.32
3/21/2021,5,6,Wind,80,Sunday,March,Spring,2955.04
1/9/2020,5,6,Wind,9,Thursday,January,Winter,8557.84
1/29/2023,8,9,Wind,29,Sunday,January,Winter,1126.08
1/23/2024,22,23,Wind,23,Tuesday,January,Winter,15504.759999999998
2/21/2023,9,10,Wind,52,Tuesday,February,Winter,2801.3999999999996
2/10/2025,15,16,Wind,41,Monday,February,Winter,5733.44
11/17/2022,1,2,Wind,321,Thursday,November,Fall,14161.559999999998
2/27/2021,17,18,Wind,58,Saturday,February,Winter,8669.16
1/9/2023,12,13,Wind,9,Monday,January,Winter,15709.919999999998
8/12/2020,17,18,Wind,225,Wednesday,August,Summer,2925.6
4/24/2023,23,0,Wind,114,Monday,April,Spring,2516.2
12/13/2021,3,4,Wind,347,Monday,December,Winter,1431.52
6/22/2021,12,13,Wind,173,Tuesday,June,Summer,6877.0
11/12/2021,10,11,Wind,316,Friday,November,Fall,3928.4
9/3/2021,5,6,Wind,246,Friday,September,Fall,1991.8000000000002
11/25/2025,13,14,Wind,329,Tuesday,November,Fall,13779.759999999998
4/9/2025,1,2,Wind,99,Wednesday,April,Spring,4653.36
1/14/2021,18,19,Wind,14,Thursday,January,Winter,9671.96
9/7/2021,20,21,Wind,250,Tuesday,September,Fall,4490.5199999999995
2/8/2020,13,14,Wind,39,Saturday,February,Winter,4145.5199999999995
4/19/2023,21,22,Wind,109,Wednesday,April,Spring,6364.56
2/28/2020,17,18,Wind,59,Friday,February,Winter,9645.279999999999
3/9/2023,16,17,Wind,68,Thursday,March,Spring,13862.559999999998
5/16/2025,18,19,Wind,136,Friday,May,Spring,10053.76
1/23/2023,5,6,Wind,23,Monday,January,Winter,3877.8
9/11/2020,1,2,Wind,255,Friday,September,Fall,1590.68
7/19/2021,17,18,Wind,200,Monday,July,Summer,6826.400000000001
11/9/2025,6,7,Wind,313,Sunday,November,Fall,2159.24
4/24/2024,8,9,Wind,115,Wednesday,April,Spring,5036.08
1/2/2025,14,15,Wind,2,Thursday,January,Winter,3796.8399999999997
2/4/2022,9,10,Wind,35,Friday,February,Winter,7999.400000000001
2/13/2023,18,19,Wind,44,Monday,February,Winter,1584.24
6/8/2022,21,22,Wind,159,Wednesday,June,Summer,6417.92
6/5/2022,5,6,Wind,156,Sunday,June,Summer,1479.36
9/19/2023,23,0,Wind,262,Tuesday,September,Fall,6326.84
1/4/2025,4,5,Wind,4,Saturday,January,Winter,2954.12
1/3/2023,23,0,Wind,3,Tuesday,January,Winter,12320.64
2/7/2021,18,19,Wind,38,Sunday,February,Winter,3211.72
1/11/2021,6,7,Wind,11,Monday,January,Winter,2056.2000000000003
2/20/2024,10,11,Wind,51,Tuesday,February,Winter,5905.48
12/8/2020,13,14,Wind,343,Tuesday,December,Winter,2692.84
10/3/2021,13,14,Wind,276,Sunday,October,Fall,9158.6
1/25/2024,21,22,Wind,25,Thursday,January,Winter,5704.92
1/14/2020,18,19,Wind,14,Tuesday,January,Winter,11714.36
9/1/2024,9,10,Wind,245,Sunday,September,Fall,4518.12
1/27/2025,11,12,Wind,27,Monday,January,Winter,17695.28
2/1/2025,8,9,Wind,32,Saturday,February,Winter,2882.36
1/23/2023,1,2,Wind,23,Monday,January,Winter,3308.3199999999997
12/21/2020,15,16,Wind,356,Monday,December,Winter,10697.76
5/14/2021,18,19,Wind,134,Friday,May,Spring,6626.759999999999
12/26/2024,9,10,Wind,361,Thursday,December,Winter,2942.16
1/30/2022,16,17,Wind,30,Sunday,January,Winter,1878.6399999999999
3/22/2020,13,14,Wind,82,Sunday,March,Spring,9960.84
8/24/2022,7,8,Wind,236,Wednesday,August,Summer,1027.64
7/20/2023,19,20,Wind,201,Thursday,July,Summer,3153.76
8/28/2024,0,1,Wind,241,Wednesday,August,Summer,2597.16
3/16/2022,10,11,Wind,75,Wednesday,March,Spring,4463.839999999999
5/31/2020,4,5,Wind,152,Sunday,May,Spring,4653.36
12/6/2022,18,19,Wind,340,Tuesday,December,Winter,1667.04
9/13/2021,4,5,Wind,256,Monday,September,Fall,1992.7199999999998
1/27/2022,17,18,Wind,27,Thursday,January,Winter,3966.12
11/19/2021,5,6,Wind,323,Friday,November,Fall,1116.8799999999999
7/12/2022,6,7,Wind,193,Tuesday,July,Summer,2366.24
12/13/2020,14,15,Wind,348,Sunday,December,Winter,6755.5599999999995
1/2/2021,13,14,Wind,2,Saturday,January,Winter,2397.52
1/8/2023,15,16,Wind,8,Sunday,January,Winter,11047.36
1/17/2023,15,16,Wind,17,Tuesday,January,Winter,4434.400000000001
1/23/2024,0,1,Wind,23,Tuesday,January,Winter,12808.24
11/22/2024,17,18,Wind,327,Friday,November,Fall,9140.2
1/1/2021,15,16,Wind,1,Friday,January,Winter,1345.96
7/3/2022,22,23,Wind,184,Sunday,July,Summer,2570.48
9/12/2020,22,23,Wind,256,Saturday,September,Fall,1463.72
10/26/2020,7,8,Wind,300,Monday,October,Fall,6340.639999999999
6/26/2025,20,21,Wind,177,Thursday,June,Summer,5988.28
12/27/2023,17,18,Wind,361,Wednesday,December,Winter,13509.279999999999
1/22/2020,21,22,Wind,22,Wednesday,January,Winter,6388.48
2/25/2025,8,9,Wind,56,Tuesday,February,Winter,6478.639999999999
12/12/2022,20,21,Wind,346,Monday,December,Winter,5961.599999999999
1/18/2025,5,6,Wind,18,Saturday,January,Winter,1096.64
11/21/2024,0,1,Wind,326,Thursday,November,Fall,4880.599999999999
2/16/2023,2,3,Wind,47,Thursday,February,Winter,3800.52
7/3/2020,5,6,Wind,185,Friday,July,Summer,2313.8
2/5/2024,9,10,Wind,36,Monday,February,Winter,6387.56
5/10/2024,5,6,Wind,131,Friday,May,Spring,4226.48
2/17/2024,18,19,Wind,48,Saturday,February,Winter,2131.64
12/31/2021,13,14,Wind,365,Friday,December,Winter,5907.32
2/7/2024,0,1,Wind,38,Wednesday,February,Winter,14779.800000000001
10/30/2023,8,9,Wind,303,Monday,October,Fall,5328.639999999999
2/5/2021,9,10,Wind,36,Friday,February,Winter,1840.9199999999998
11/9/2025,15,16,Wind,313,Sunday,November,Fall,5609.24
4/22/2023,11,12,Wind,112,Saturday,April,Spring,7612.079999999999
12/15/2021,22,23,Wind,349,Wednesday,December,Winter,1641.28
2/7/2021,17,18,Wind,38,Sunday,February,Winter,3549.36
1/18/2024,20,21,Wind,18,Thursday,January,Winter,4468.44
10/2/2020,1,2,Wind,276,Friday,October,Fall,7187.959999999999
7/16/2020,16,17,Wind,198,Thursday,July,Summer,4055.36
12/24/2023,9,10,Wind,358,Sunday,December,Winter,15492.800000000001
6/12/2023,0,1,Wind,163,Monday,June,Summer,1725.9199999999998
12/20/2024,11,12,Wind,355,Friday,December,Winter,8139.24
3/14/2022,17,18,Wind,73,Monday,March,Spring,3395.72
1/2/2023,4,5,Wind,2,Monday,January,Winter,8294.72
4/6/2022,12,13,Wind,96,Wednesday,April,Spring,9811.8
11/4/2022,11,12,Wind,308,Friday,November,Fall,7683.84
3/10/2021,10,11,Wind,69,Wednesday,March,Spring,7808.04
3/9/2025,14,15,Wind,68,Sunday,March,Spring,5609.24
10/29/2020,4,5,Wind,303,Thursday,October,Fall,7295.6
12/16/2022,16,17,Wind,350,Friday,December,Winter,2350.6
11/27/2024,7,8,Wind,332,Wednesday,November,Fall,13422.800000000001
2/1/2021,9,10,Wind,32,Monday,February,Winter,5054.48
2/6/2022,14,15,Wind,37,Sunday,February,Winter,16349.32
11/1/2023,15,16,Wind,305,Wednesday,November,Fall,14343.72
2/25/2023,20,21,Wind,56,Saturday,February,Winter,8742.76
2/23/2025,13,14,Wind,54,Sunday,February,Winter,12394.24
10/26/2023,16,17,Wind,299,Thursday,October,Fall,4942.24
12/19/2024,15,16,Wind,354,Thursday,December,Winter,16445.0
5/31/2023,6,7,Wind,151,Wednesday,May,Spring,6790.52
11/8/2022,8,9,Wind,312,Tuesday,November,Fall,12724.52
12/19/2023,3,4,Wind,353,Tuesday,December,Winter,5265.16
7/5/2025,19,20,Wind,186,Saturday,July,Summer,6516.360000000001
1/30/2022,16,17,Wind,30,Sunday,January,Winter,1878.6399999999999
2/3/2022,5,6,Wind,34,Thursday,February,Winter,2694.6800000000003
9/23/2024,17,18,Wind,267,Monday,September,Fall,7233.04
1/1/2023,8,9,Wind,1,Sunday,January,Winter,8082.200000000001
3/16/2024,22,23,Wind,76,Saturday,March,Spring,2021.2399999999998
7/26/2022,0,1,Wind,207,Tuesday,July,Summer,4432.56
2/16/2020,14,15,Wind,47,Sunday,February,Winter,12973.84
2/20/2021,12,13,Wind,51,Saturday,February,Winter,12721.76
4/22/2021,2,3,Wind,112,Thursday,April,Spring,5462.96
12/5/2020,9,10,Wind,340,Saturday,December,Winter,5504.360000000001
9/29/2021,12,13,Wind,272,Wednesday,September,Fall,10364.720000000001
1/30/2022,4,5,Wind,30,Sunday,January,Winter,3208.96
10/15/2024,16,17,Wind,289,Tuesday,October,Fall,8171.44
12/2/2023,16,17,Wind,336,Saturday,December,Winter,1966.04
12/17/2024,13,14,Wind,352,Tuesday,December,Winter,6633.200000000001
1/18/2021,14,15,Wind,18,Monday,January,Winter,5352.56
9/24/2023,9,10,Wind,267,Sunday,September,Fall,6006.68
6/26/2025,12,13,Wind,177,Thursday,June,Summer,13122.88
1/9/2020,20,21,Wind,9,Thursday,January,Winter,10215.68
1/22/2021,5,6,Wind,22,Friday,January,Winter,4723.28
7/23/2023,17,18,Wind,204,Sunday,July,Summer,11043.68
10/26/2023,18,19,Wind,299,Thursday,October,Fall,4281.679999999999
2/27/2022,21,22,Wind,58,Sunday,February,Winter,5952.4
12/20/2023,11,12,Wind,354,Wednesday,December,Winter,8971.84
11/22/2024,5,6,Wind,327,Friday,November,Fall,7105.16
1/23/2022,18,19,Wind,23,Sunday,January,Winter,3438.96
1/26/2020,8,9,Wind,26,Sunday,January,Winter,2330.36
5/28/2025,9,10,Wind,148,Wednesday,May,Spring,13457.759999999998
3/26/2023,11,12,Wind,85,Sunday,March,Spring,16307.0
4/8/2024,5,6,Wind,99,Monday,April,Spring,2978.96
3/4/2023,18,19,Wind,63,Saturday,March,Spring,2880.52
2/16/2020,12,13,Wind,47,Sunday,February,Winter,13588.400000000001
2/22/2021,16,17,Wind,53,Monday,February,Winter,3561.3199999999997
2/24/2020,8,9,Wind,55,Monday,February,Winter,7276.279999999999
2/2/2024,11,12,Wind,33,Friday,February,Winter,7808.959999999999
3/13/2021,8,9,Wind,72,Saturday,March,Spring,14036.44
11/22/2021,8,9,Wind,326,Monday,November,Fall,9582.72
2/16/2022,15,16,Wind,47,Wednesday,February,Winter,15246.24
7/16/2022,23,0,Wind,197,Saturday,July,Summer,5983.68
11/26/2021,14,15,Wind,330,Friday,November,Fall,11640.76
2/17/2021,15,16,Wind,48,Wednesday,February,Winter,8439.16
1/16/2023,10,11,Wind,16,Monday,January,Winter,12008.76
2/8/2022,18,19,Wind,39,Tuesday,February,Winter,2126.12
12/23/2021,4,5,Wind,357,Thursday,December,Winter,5943.2
10/27/2025,13,14,Wind,300,Monday,October,Fall,20280.48
2/22/2022,7,8,Wind,53,Tuesday,February,Winter,6013.12
3/10/2021,6,7,Wind,69,Wednesday,March,Spring,3425.16
10/16/2020,9,10,Wind,290,Friday,October,Fall,3070.96
6/29/2020,13,14,Wind,181,Monday,June,Summer,8406.039999999999
1/3/2020,22,23,Wind,3,Friday,January,Winter,3870.4399999999996
12/30/2022,11,12,Wind,364,Friday,December,Winter,15827.68
2/8/2021,16,17,Wind,39,Monday,February,Winter,1636.68
2/8/2020,23,0,Wind,39,Saturday,February,Winter,6319.48
2/16/2020,8,9,Wind,47,Sunday,February,Winter,12119.16
2/16/2023,9,10,Wind,47,Thursday,February,Winter,5620.28
5/15/2025,9,10,Wind,135,Thursday,May,Spring,8924.92
11/29/2021,10,11,Wind,333,Monday,November,Fall,3405.8399999999997
4/6/2023,16,17,Wind,96,Thursday,April,Spring,10300.32
1/27/2020,14,15,Wind,27,Monday,January,Winter,8592.800000000001
9/23/2024,16,17,Wind,267,Monday,September,Fall,8404.2
12/6/2024,15,16,Wind,341,Friday,December,Winter,7022.36
1/12/2020,16,17,Wind,12,Sunday,January,Winter,5308.4
11/13/2023,18,19,Wind,317,Monday,November,Fall,14052.08
2/12/2022,7,8,Wind,43,Saturday,February,Winter,4450.96
3/24/2023,8,9,Wind,83,Friday,March,Spring,11412.599999999999
2/24/2020,10,11,Wind,55,Monday,February,Winter,10357.36
12/14/2020,0,1,Wind,349,Monday,December,Winter,8924.0
12/15/2020,22,23,Wind,350,Tuesday,December,Winter,3688.2799999999997
7/19/2023,23,0,Wind,200,Wednesday,July,Summer,3069.12
10/24/2020,15,16,Wind,298,Saturday,October,Fall,11698.720000000001
5/10/2023,16,17,Wind,130,Wednesday,May,Spring,9896.44
4/2/2024,3,4,Wind,93,Tuesday,April,Spring,11850.52
11/17/2023,9,10,Wind,321,Friday,November,Fall,4792.28
4/5/2021,3,4,Wind,95,Monday,April,Spring,3078.3199999999997
6/21/2023,2,3,Wind,172,Wednesday,June,Summer,939.3199999999999
12/16/2020,11,12,Wind,351,Wednesday,December,Winter,7555.959999999999
10/21/2020,17,18,Wind,295,Wednesday,October,Fall,10856.92
2/5/2023,18,19,Wind,36,Sunday,February,Winter,8521.039999999999
1/31/2022,14,15,Wind,31,Monday,January,Winter,14877.32
1/29/2024,8,9,Wind,29,Monday,January,Winter,6521.88
8/24/2023,7,8,Wind,236,Thursday,August,Summer,4621.16
12/11/2020,17,18,Wind,346,Friday,December,Winter,5637.76
2/23/2021,7,8,Wind,54,Tuesday,February,Winter,6832.84
12/26/2023,15,16,Wind,360,Tuesday,December,Winter,4036.0399999999995
7/1/2020,14,15,Wind,183,Wednesday,July,Summer,5576.12
3/21/2020,19,20,Wind,81,Saturday,March,Spring,7778.6
7/17/2025,2,3,Wind,198,Thursday,July,Summer,1660.6000000000001
1/16/2025,9,10,Wind,16,Thursday,January,Winter,5828.2
2/25/2023,9,10,Wind,56,Saturday,February,Winter,5070.12
1/8/2021,1,2,Wind,8,Friday,January,Winter,1372.64
11/4/2021,16,17,Wind,308,Thursday,November,Fall,3317.52
5/12/2024,20,21,Wind,133,Sunday,May,Spring,3416.8799999999997
3/23/2020,20,21,Wind,83,Monday,March,Spring,7189.8
7/25/2021,9,10,Wind,206,Sunday,July,Summer,4232.0
3/7/2022,9,10,Wind,66,Monday,March,Spring,7722.48
1/5/2024,12,13,Wind,5,Friday,January,Winter,7572.52
8/3/2024,8,9,Wind,216,Saturday,August,Summer,3626.6399999999994
10/31/2020,15,16,Wind,305,Saturday,October,Fall,8665.48
2/11/2024,0,1,Wind,42,Sunday,February,Winter,8813.6
3/18/2021,12,13,Wind,77,Thursday,March,Spring,5610.16
9/24/2023,20,21,Wind,267,Sunday,September,Fall,4599.08
1/2/2020,18,19,Wind,2,Thursday,January,Winter,4918.32
2/13/2020,17,18,Wind,44,Thursday,February,Winter,12451.279999999999
7/8/2025,8,9,Wind,189,Tuesday,July,Summer,6160.32
3/22/2021,7,8,Wind,81,Monday,March,Spring,3626.6399999999994
6/9/2023,18,19,Wind,160,Friday,June,Summer,4386.56
2/7/2024,18,19,Wind,38,Wednesday,February,Winter,10191.76
1/8/2023,6,7,Wind,8,Sunday,January,Winter,9900.12
2/7/2025,7,8,Wind,38,Friday,February,Winter,10423.599999999999
1/4/2021,13,14,Wind,4,Monday,January,Winter,2419.6
2/19/2023,23,0,Wind,50,Sunday,February,Winter,2737.92
3/2/2024,0,1,Wind,62,Saturday,March,Spring,10523.88
2/15/2024,5,6,Wind,46,Thursday,February,Winter,7223.84
3/21/2023,7,8,Wind,80,Tuesday,March,Spring,4462.0
12/26/2021,10,11,Wind,360,Sunday,December,Winter,3699.3199999999997
11/22/2025,14,15,Wind,326,Saturday,November,Fall,11304.04
5/9/2021,8,9,Wind,129,Sunday,May,Spring,8752.88
1/14/2021,17,18,Wind,14,Thursday,January,Winter,10114.48
2/12/2020,13,14,Wind,43,Wednesday,February,Winter,9562.48
1/24/2020,1,2,Wind,24,Friday,January,Winter,2362.56
11/5/2025,15,16,Wind,309,Wednesday,November,Fall,11367.52
1/31/2023,23,0,Wind,31,Tuesday,January,Winter,6040.72
12/13/2020,3,4,Wind,348,Sunday,December,Winter,3687.36
7/20/2020,8,9,Wind,202,Monday,July,Summer,3428.8399999999997
3/2/2024,17,18,Wind,62,Saturday,March,Spring,5836.48
1/12/2021,11,12,Wind,12,Tuesday,January,Winter,11766.8
10/15/2022,17,18,Wind,288,Saturday,October,Fall,5729.76
3/8/2022,14,15,Wind,67,Tuesday,March,Spring,6848.48
2/18/2024,7,8,Wind,49,Sunday,February,Winter,8073.0
2/3/2020,8,9,Wind,34,Monday,February,Winter,6888.04
3/8/2025,18,19,Wind,67,Saturday,March,Spring,9434.599999999999
1/21/2022,4,5,Wind,21,Friday,January,Winter,4565.96
12/13/2020,19,20,Wind,348,Sunday,December,Winter,8935.039999999999
2/18/2024,23,0,Wind,49,Sunday,February,Winter,5774.84
7/16/2021,17,18,Wind,197,Friday,July,Summer,6923.0
6/20/2021,5,6,Wind,171,Sunday,June,Summer,3000.12
2/2/2021,16,17,Wind,33,Tuesday,February,Winter,8968.16
12/14/2023,17,18,Wind,348,Thursday,December,Winter,3296.36
6/28/2020,11,12,Wind,180,Sunday,June,Summer,6072.92
11/20/2025,18,19,Wind,324,Thursday,November,Fall,3529.12
4/3/2024,9,10,Wind,94,Wednesday,April,Spring,11906.64
2/29/2024,11,12,Wind,60,Thursday,February,Winter,11143.96
11/9/2020,19,20,Wind,314,Monday,November,Fall,1434.28
12/13/2022,12,13,Wind,347,Tuesday,December,Winter,3882.4
10/25/2025,18,19,Wind,298,Saturday,October,Fall,7552.279999999999
3/10/2021,23,0,Wind,69,Wednesday,March,Spring,12363.88
11/13/2024,13,14,Wind,318,Wednesday,November,Fall,8650.76
1/19/2022,11,12,Wind,19,Wednesday,January,Winter,3511.6399999999994
5/24/2023,18,19,Wind,144,Wednesday,May,Spring,9371.12
6/12/2024,22,23,Wind,164,Wednesday,June,Summer,1380.0
12/6/2022,4,5,Wind,340,Tuesday,December,Winter,1656.9199999999998
1/7/2025,13,14,Wind,7,Tuesday,January,Winter,15757.759999999998
11/12/2025,21,22,Wind,316,Wednesday,November,Fall,13233.279999999999
6/11/2024,4,5,Wind,163,Tuesday,June,Summer,1656.0
7/2/2021,0,1,Wind,183,Friday,July,Summer,464.6
5/2/2022,3,4,Wind,122,Monday,May,Spring,2204.3199999999997
12/14/2022,8,9,Wind,348,Wednesday,December,Winter,1548.36
3/20/2020,9,10,Wind,80,Friday,March,Spring,5083.92
3/20/2020,11,12,Wind,80,Friday,March,Spring,6382.04
1/31/2020,9,10,Wind,31,Friday,January,Winter,5730.68
12/29/2021,17,18,Wind,363,Wednesday,December,Winter,12854.24
2/3/2024,14,15,Wind,34,Saturday,February,Winter,7343.44
7/2/2020,9,10,Wind,184,Thursday,July,Summer,3812.4799999999996
10/12/2023,23,0,Wind,285,Thursday,October,Fall,3946.8
10/27/2021,9,10,Wind,300,Wednesday,October,Fall,2504.24
2/1/2023,10,11,Wind,32,Wednesday,February,Winter,7868.759999999999
2/6/2020,0,1,Wind,37,Thursday,February,Winter,2663.3999999999996
9/19/2023,15,16,Wind,262,Tuesday,September,Fall,13958.24
12/21/2020,8,9,Wind,356,Monday,December,Winter,9624.12
1/7/2022,6,7,Wind,7,Friday,January,Winter,8261.6
4/28/2023,20,21,Wind,118,Friday,April,Spring,3305.56
6/20/2024,8,9,Wind,172,Thursday,June,Summer,3546.6000000000004
10/15/2025,17,18,Wind,288,Wednesday,October,Fall,6966.24
1/12/2023,14,15,Wind,12,Thursday,January,Winter,16095.400000000001
5/24/2020,19,20,Wind,145,Sunday,May,Spring,2588.88
4/10/2020,1,2,Wind,101,Friday,April,Spring,4267.88
1/11/2025,15,16,Wind,11,Saturday,January,Winter,3760.96
7/19/2023,4,5,Wind,200,Wednesday,July,Summer,2597.16
6/27/2024,0,1,Wind,179,Thursday,June,Summer,1104.0
11/26/2020,18,19,Wind,331,Thursday,November,Fall,1542.8400000000001
2/21/2021,15,16,Wind,52,Sunday,February,Winter,6923.0
1/31/2022,22,23,Wind,31,Monday,January,Winter,7495.24
5/21/2024,4,5,Wind,142,Tuesday,May,Spring,1755.36
2/25/2023,8,9,Wind,56,Saturday,February,Winter,4287.2
12/12/2024,16,17,Wind,347,Thursday,December,Winter,2374.52
4/21/2022,18,19,Wind,111,Thursday,April,Spring,5406.84
2/21/2024,11,12,Wind,52,Wednesday,February,Winter,13137.6
3/27/2021,17,18,Wind,86,Saturday,March,Spring,5278.96
2/4/2024,11,12,Wind,35,Sunday,February,Winter,8976.44
6/27/2020,16,17,Wind,179,Saturday,June,Summer,10492.599999999999
8/26/2023,5,6,Wind,238,Saturday,August,Summer,3277.96
9/25/2023,19,20,Wind,268,Monday,September,Fall,279.68
1/23/2020,19,20,Wind,23,Thursday,January,Winter,3128.0
1/19/2024,23,0,Wind,19,Friday,January,Winter,3239.3199999999997
1/8/2023,14,15,Wind,8,Sunday,January,Winter,11398.8
5/8/2021,11,12,Wind,128,Saturday,May,Spring,9557.88
1/17/2020,13,14,Wind,17,Friday,January,Winter,9069.359999999999
2/3/2020,3,4,Wind,34,Monday,February,Winter,7435.44
3/25/2024,2,3,Wind,85,Monday,March,Spring,1156.44
2/7/2020,14,15,Wind,38,Friday,February,Winter,4955.12
5/8/2021,11,12,Wind,128,Saturday,May,Spring,9557.88
1/5/2021,6,7,Wind,5,Tuesday,January,Winter,1851.96
11/6/2022,14,15,Wind,310,Sunday,November,Fall,11345.44
12/29/2020,12,13,Wind,364,Tuesday,December,Winter,4635.88
2/18/2020,9,10,Wind,49,Tuesday,February,Winter,7587.24
2/29/2020,14,15,Wind,60,Saturday,February,Winter,12583.76
2/7/2021,23,0,Wind,38,Sunday,February,Winter,1599.88
2/29/2024,14,15,Wind,60,Thursday,February,Winter,11362.92
7/24/2020,16,17,Wind,206,Friday,July,Summer,6082.12
12/21/2024,15,16,Wind,356,Saturday,December,Winter,14962.88
3/18/2022,9,10,Wind,77,Friday,March,Spring,8786.0
2/19/2022,21,22,Wind,50,Saturday,February,Winter,13190.96
2/14/2024,11,12,Wind,45,Wednesday,February,Winter,11914.92
10/19/2023,14,15,Wind,292,Thursday,October,Fall,9196.32
11/16/2023,12,13,Wind,320,Thursday,November,Fall,13308.72
2/6/2024,12,13,Wind,37,Tuesday,February,Winter,14261.84
3/20/2020,11,12,Wind,80,Friday,March,Spring,6382.04
5/4/2022,4,5,Wind,124,Wednesday,May,Spring,1703.84
12/27/2024,18,19,Wind,362,Friday,December,Winter,439.76
5/31/2023,9,10,Wind,151,Wednesday,May,Spring,7313.079999999999
5/6/2022,8,9,Wind,126,Friday,May,Spring,3513.4799999999996
5/1/2020,11,12,Wind,122,Friday,May,Spring,7799.759999999999
4/29/2020,22,23,Wind,120,Wednesday,April,Spring,5346.12
1/26/2024,20,21,Wind,26,Friday,January,Winter,2220.88
3/18/2020,22,23,Wind,78,Wednesday,March,Spring,538.2
12/30/2020,0,1,Wind,365,Wednesday,December,Winter,2596.24
5/25/2022,17,18,Wind,145,Wednesday,May,Spring,9774.08
12/7/2021,16,17,Wind,341,Tuesday,December,Winter,11716.199999999999
12/1/2022,6,7,Wind,335,Thursday,December,Winter,3910.0
12/26/2022,1,2,Wind,360,Monday,December,Winter,7094.12
5/26/2020,19,20,Wind,147,Tuesday,May,Spring,4791.36
11/14/2022,22,23,Wind,318,Monday,November,Fall,5834.639999999999
2/17/2020,22,23,Wind,48,Monday,February,Winter,9419.88
1/27/2020,11,12,Wind,27,Monday,January,Winter,8241.359999999999
11/20/2022,8,9,Wind,324,Sunday,November,Fall,6474.96
1/9/2025,14,15,Wind,9,Thursday,January,Winter,11806.36
11/12/2021,15,16,Wind,316,Friday,November,Fall,3568.68
11/19/2025,21,22,Wind,323,Wednesday,November,Fall,11412.599999999999
2/4/2022,16,17,Wind,35,Friday,February,Winter,10657.279999999999
7/3/2020,7,8,Wind,185,Friday,July,Summer,2233.7599999999998
1/22/2021,5,6,Wind,22,Friday,January,Winter,4723.28
10/23/2021,22,23,Wind,296,Saturday,October,Fall,3404.92
7/26/2023,2,3,Wind,207,Wednesday,July,Summer,2729.64
1/15/2023,22,23,Wind,15,Sunday,January,Winter,13263.64
1/8/2021,9,10,Wind,8,Friday,January,Winter,1289.8400000000001
11/22/2021,8,9,Wind,326,Monday,November,Fall,9582.72
7/27/2022,8,9,Wind,208,Wednesday,July,Summer,3254.04
2/19/2025,16,17,Wind,50,Wednesday,February,Winter,5011.24
5/29/2021,21,22,Wind,149,Saturday,May,Spring,4108.72
12/21/2024,19,20,Wind,356,Saturday,December,Winter,17688.84
12/31/2022,10,11,Wind,365,Saturday,December,Winter,15406.32
1/23/2020,7,8,Wind,23,Thursday,January,Winter,4864.04
4/24/2022,18,19,Wind,114,Sunday,April,Spring,4923.84
1/23/2022,1,2,Wind,23,Sunday,January,Winter,1488.56
10/15/2024,23,0,Wind,289,Tuesday,October,Fall,9645.279999999999
11/22/2025,9,10,Wind,326,Saturday,November,Fall,7583.5599999999995
2/3/2020,19,20,Wind,34,Monday,February,Winter,7694.879999999999
1/29/2022,13,14,Wind,29,Saturday,January,Winter,10518.36
7/27/2021,5,6,Wind,208,Tuesday,July,Summer,1678.08
2/6/2024,18,19,Wind,37,Tuesday,February,Winter,13710.759999999998
1/25/2020,18,19,Wind,25,Saturday,January,Winter,1417.72
9/11/2024,12,13,Wind,255,Wednesday,September,Fall,9852.279999999999
9/6/2022,17,18,Wind,249,Tuesday,September,Fall,5234.799999999999
4/25/2023,4,5,Wind,115,Tuesday,April,Spring,2744.36
8/27/2020,4,5,Wind,240,Thursday,August,Summer,764.52
2/21/2020,11,12,Wind,52,Friday,February,Winter,5632.24
7/1/2020,23,0,Wind,183,Wednesday,July,Summer,2330.36
2/19/2021,8,9,Wind,50,Friday,February,Winter,5895.360000000001
11/14/2021,23,0,Wind,318,Sunday,November,Fall,3703.0
8/6/2023,10,11,Wind,218,Sunday,August,Summer,14191.919999999998
12/13/2023,11,12,Wind,347,Wednesday,December,Winter,6435.4
12/22/2023,15,16,Wind,356,Friday,December,Winter,16746.76
12/26/2024,8,9,Wind,361,Thursday,December,Winter,2416.8399999999997
9/23/2025,22,23,Wind,266,Tuesday,September,Fall,6996.6
9/13/2025,13,14,Wind,256,Saturday,September,Fall,8009.52
9/22/2025,17,18,Wind,265,Monday,September,Fall,7677.400000000001
12/30/2023,10,11,Wind,364,Saturday,December,Winter,9102.48
9/17/2020,17,18,Wind,261,Thursday,September,Fall,7079.400000000001
1/17/2024,17,18,Wind,17,Wednesday,January,Winter,9207.359999999999
2/23/2023,18,19,Wind,54,Thursday,February,Winter,4574.24
12/30/2020,18,19,Wind,365,Wednesday,December,Winter,4440.839999999999
12/25/2024,1,2,Wind,360,Wednesday,December,Winter,1770.08
10/24/2025,2,3,Wind,297,Friday,October,Fall,13017.08
3/12/2020,7,8,Wind,72,Thursday,March,Spring,7700.400000000001
5/22/2020,15,16,Wind,143,Friday,May,Spring,7099.639999999999
12/13/2023,14,15,Wind,347,Wednesday,December,Winter,7849.44
5/10/2024,3,4,Wind,131,Friday,May,Spring,4876.92
4/12/2022,19,20,Wind,102,Tuesday,April,Spring,3432.52
1/5/2025,15,16,Wind,5,Sunday,January,Winter,17800.16
1/9/2022,0,1,Wind,9,Sunday,January,Winter,13445.800000000001
2/13/2024,13,14,Wind,44,Tuesday,February,Winter,10949.84
3/28/2023,1,2,Wind,87,Tuesday,March,Spring,2100.36
7/6/2025,18,19,Wind,187,Sunday,July,Summer,11073.12
2/16/2021,14,15,Wind,47,Tuesday,February,Winter,8796.12
11/6/2023,0,1,Wind,310,Monday,November,Fall,11305.88
5/14/2022,22,23,Wind,134,Saturday,May,Spring,2665.24
12/1/2022,14,15,Wind,335,Thursday,December,Winter,4483.16
1/9/2022,19,20,Wind,9,Sunday,January,Winter,2085.64
5/14/2021,12,13,Wind,134,Friday,May,Spring,7035.24
10/28/2023,10,11,Wind,301,Saturday,October,Fall,13584.72
5/2/2020,18,19,Wind,123,Saturday,May,Spring,3564.08
1/18/2022,0,1,Wind,18,Tuesday,January,Winter,2260.44
12/21/2024,8,9,Wind,356,Saturday,December,Winter,7485.12
12/5/2021,11,12,Wind,339,Sunday,December,Winter,7715.12
4/28/2023,16,17,Wind,118,Friday,April,Spring,9263.48
6/19/2025,1,2,Wind,170,Thursday,June,Summer,4808.839999999999
8/15/2024,5,6,Wind,228,Thursday,August,Summer,1171.1599999999999
3/10/2025,4,5,Wind,69,Monday,March,Spring,2649.6
11/21/2025,2,3,Wind,325,Friday,November,Fall,4122.5199999999995
10/7/2024,11,12,Wind,281,Monday,October,Fall,4664.400000000001
9/17/2021,3,4,Wind,260,Friday,September,Fall,640.32
12/18/2021,20,21,Wind,352,Saturday,December,Winter,5475.84
10/25/2021,21,22,Wind,298,Monday,October,Fall,3003.7999999999997
2/1/2024,16,17,Wind,32,Thursday,February,Winter,2500.56
10/8/2024,15,16,Wind,282,Tuesday,October,Fall,14790.84
1/16/2024,3,4,Wind,16,Tuesday,January,Winter,1653.2399999999998
9/1/2020,1,2,Wind,245,Tuesday,September,Fall,1361.6
1/16/2025,10,11,Wind,16,Thursday,January,Winter,6507.16
5/3/2024,5,6,Wind,124,Friday,May,Spring,7866.92
9/8/2022,9,10,Wind,251,Thursday,September,Fall,6554.079999999999
4/28/2025,20,21,Wind,118,Monday,April,Spring,3973.4799999999996
1/3/2025,16,17,Wind,3,Friday,January,Winter,2848.3199999999997
3/1/2021,7,8,Wind,60,Monday,March,Spring,4221.88
5/5/2021,16,17,Wind,125,Wednesday,May,Spring,10313.199999999999
1/26/2024,9,10,Wind,26,Friday,January,Winter,11818.32
9/29/2022,0,1,Wind,272,Thursday,September,Fall,2253.08
10/2/2022,10,11,Wind,275,Sunday,October,Fall,7907.400000000001
12/16/2022,10,11,Wind,350,Friday,December,Winter,4163.0
1/8/2020,11,12,Wind,8,Wednesday,January,Winter,4440.839999999999
2/21/2020,14,15,Wind,52,Friday,February,Winter,7942.36
12/30/2022,23,0,Wind,364,Friday,December,Winter,14317.96
3/12/2020,16,17,Wind,72,Thursday,March,Spring,8745.52
1/23/2021,10,11,Wind,23,Saturday,January,Winter,6411.48
9/2/2020,8,9,Wind,246,Wednesday,September,Fall,1325.72
5/2/2022,1,2,Wind,122,Monday,May,Spring,2719.52
12/7/2021,8,9,Wind,341,Tuesday,December,Winter,5049.88
5/4/2021,19,20,Wind,124,Tuesday,May,Spring,9788.8
7/16/2024,2,3,Wind,198,Tuesday,July,Summer,7447.400000000001
1/24/2023,14,15,Wind,24,Tuesday,January,Winter,5142.799999999999
2/27/2020,3,4,Wind,58,Thursday,February,Winter,5405.92
3/3/2022,20,21,Wind,62,Thursday,March,Spring,839.9599999999999
9/14/2022,8,9,Wind,257,Wednesday,September,Fall,2736.08
1/2/2025,5,6,Wind,2,Thursday,January,Winter,8099.679999999999
12/21/2024,8,9,Wind,356,Saturday,December,Winter,7485.12
9/25/2024,23,0,Wind,269,Wednesday,September,Fall,11930.56
11/19/2025,16,17,Wind,323,Wednesday,November,Fall,12222.199999999999
2/20/2024,17,18,Wind,51,Tuesday,February,Winter,4592.639999999999
12/4/2023,16,17,Wind,338,Monday,December,Winter,13185.44
5/2/2020,1,2,Wind,123,Saturday,May,Spring,5140.04
1/8/2020,12,13,Wind,8,Wednesday,January,Winter,4645.08
3/27/2024,12,13,Wind,87,Wednesday,March,Spring,14126.6
2/15/2022,18,19,Wind,46,Tuesday,February,Winter,11993.12
1/10/2023,2,3,Wind,10,Tuesday,January,Winter,7549.52
12/14/2023,8,9,Wind,348,Thursday,December,Winter,5472.16
2/8/2021,23,0,Wind,39,Monday,February,Winter,1859.3199999999997
9/17/2022,9,10,Wind,260,Saturday,September,Fall,5816.24
11/1/2023,4,5,Wind,305,Wednesday,November,Fall,11019.76
2/10/2021,19,20,Wind,41,Wednesday,February,Winter,4232.0
11/9/2020,23,0,Wind,314,Monday,November,Fall,1205.1999999999998
3/18/2021,12,13,Wind,77,Thursday,March,Spring,5610.16
11/14/2021,17,18,Wind,318,Sunday,November,Fall,3664.36
4/2/2022,13,14,Wind,92,Saturday,April,Spring,12155.96
1/30/2022,16,17,Wind,30,Sunday,January,Winter,1878.6399999999999
12/30/2021,12,13,Wind,364,Thursday,December,Winter,8534.84
2/3/2023,4,5,Wind,34,Friday,February,Winter,6201.72
11/20/2025,16,17,Wind,324,Thursday,November,Fall,3984.52
3/15/2024,7,8,Wind,75,Friday,March,Spring,9844.0
6/30/2023,22,23,Wind,181,Friday,June,Summer,4870.48
4/2/2022,18,19,Wind,92,Saturday,April,Spring,8690.32
5/29/2024,20,21,Wind,150,Wednesday,May,Spring,5760.12
8/30/2021,17,18,Wind,242,Monday,August,Summer,6898.16
10/19/2023,10,11,Wind,292,Thursday,October,Fall,9350.88
12/11/2020,12,13,Wind,346,Friday,December,Winter,7420.72
2/26/2022,9,10,Wind,57,Saturday,February,Winter,6140.08
1/10/2022,21,22,Wind,10,Monday,January,Winter,2394.7599999999998
1/7/2020,11,12,Wind,7,Tuesday,January,Winter,3496.0
2/14/2022,12,13,Wind,45,Monday,February,Winter,9897.36
4/27/2023,19,20,Wind,117,Thursday,April,Spring,2086.56
6/25/2023,22,23,Wind,176,Sunday,June,Summer,4910.96
5/19/2020,18,19,Wind,140,Tuesday,May,Spring,4202.56
11/10/2023,9,10,Wind,314,Friday,November,Fall,13872.68
11/4/2021,6,7,Wind,308,Thursday,November,Fall,2825.3199999999997
4/11/2022,18,19,Wind,101,Monday,April,Spring,7248.679999999999
2/14/2021,3,4,Wind,45,Sunday,February,Winter,6428.04
12/21/2020,9,10,Wind,356,Monday,December,Winter,10276.4
6/19/2024,18,19,Wind,171,Wednesday,June,Summer,7969.959999999999
3/26/2020,23,0,Wind,86,Thursday,March,Spring,4183.24
6/2/2023,23,0,Wind,153,Friday,June,Summer,6583.52
12/8/2024,5,6,Wind,343,Sunday,December,Winter,15562.72
11/7/2025,23,0,Wind,311,Friday,November,Fall,2507.0
12/14/2024,12,13,Wind,349,Saturday,December,Winter,4301.0
2/11/2025,18,19,Wind,42,Tuesday,February,Winter,2003.76
7/14/2023,23,0,Wind,195,Friday,July,Summer,7394.04
12/14/2023,19,20,Wind,348,Thursday,December,Winter,3532.8
1/16/2024,16,17,Wind,16,Tuesday,January,Winter,1127.9199999999998
1/3/2025,15,16,Wind,3,Friday,January,Winter,3922.8799999999997
9/9/2024,18,19,Wind,253,Monday,September,Fall,9122.72
4/20/2022,2,3,Wind,110,Wednesday,April,Spring,4162.08
10/19/2021,15,16,Wind,292,Tuesday,October,Fall,8234.92
2/26/2025,8,9,Wind,57,Wednesday,February,Winter,7582.639999999999
3/12/2022,10,11,Wind,71,Saturday,March,Spring,6141.92
1/26/2021,16,17,Wind,26,Tuesday,January,Winter,3565.0
8/29/2025,20,21,Wind,241,Friday,August,Summer,6952.44
2/16/2020,15,16,Wind,47,Sunday,February,Winter,12530.4
6/19/2020,3,4,Wind,171,Friday,June,Summer,2111.4
12/13/2024,5,6,Wind,348,Friday,December,Winter,2774.72
12/3/2022,17,18,Wind,337,Saturday,December,Winter,4725.12
12/21/2022,1,2,Wind,355,Wednesday,December,Winter,5331.4
11/14/2020,15,16,Wind,319,Saturday,November,Fall,7761.12
2/9/2021,17,18,Wind,40,Tuesday,February,Winter,4971.68
1/2/2025,9,10,Wind,2,Thursday,January,Winter,5545.76
11/16/2022,21,22,Wind,320,Wednesday,November,Fall,14319.800000000001
10/13/2023,5,6,Wind,286,Friday,October,Fall,9191.72
11/13/2023,18,19,Wind,317,Monday,November,Fall,14052.08
6/10/2020,7,8,Wind,162,Wednesday,June,Summer,1331.24
1/31/2020,13,14,Wind,31,Friday,January,Winter,7555.04
9/28/2023,22,23,Wind,271,Thursday,September,Fall,4228.32
2/20/2025,11,12,Wind,51,Thursday,February,Winter,11049.199999999999
5/17/2023,13,14,Wind,137,Wednesday,May,Spring,12936.12
3/7/2022,9,10,Wind,66,Monday,March,Spring,7722.48
8/1/2023,10,11,Wind,213,Tuesday,August,Summer,10476.04
1/13/2021,0,1,Wind,13,Wednesday,January,Winter,3344.2000000000003
12/28/2023,21,22,Wind,362,Thursday,December,Winter,12837.68
9/1/2023,3,4,Wind,244,Friday,September,Fall,4381.04
6/6/2024,21,22,Wind,158,Thursday,June,Summer,2146.36
8/30/2023,18,19,Wind,242,Wednesday,August,Summer,7029.72
11/6/2022,18,19,Wind,310,Sunday,November,Fall,10064.8
5/26/2025,21,22,Wind,146,Monday,May,Spring,3573.2799999999997
5/27/2024,17,18,Wind,148,Monday,May,Spring,7074.8
2/2/2020,0,1,Wind,33,Sunday,February,Winter,6127.2
2/25/2022,15,16,Wind,56,Friday,February,Winter,8039.879999999999
7/27/2025,5,6,Wind,208,Sunday,July,Summer,1643.12
6/15/2021,4,5,Wind,166,Tuesday,June,Summer,1622.88
1/12/2023,8,9,Wind,12,Thursday,January,Winter,15037.400000000001
5/16/2023,12,13,Wind,136,Tuesday,May,Spring,13140.359999999999
2/10/2023,1,2,Wind,41,Friday,February,Winter,476.55999999999995
12/30/2021,3,4,Wind,364,Thursday,December,Winter,8584.52
1/30/2021,11,12,Wind,30,Saturday,January,Winter,8243.2
2/20/2025,2,3,Wind,51,Thursday,February,Winter,6541.2
3/13/2023,16,17,Wind,72,Monday,March,Spring,15095.359999999999
1/13/2023,21,22,Wind,13,Friday,January,Winter,8811.76
1/23/2021,13,14,Wind,23,Saturday,January,Winter,6775.8
2/22/2023,18,19,Wind,53,Wednesday,February,Winter,1638.5199999999998
6/1/2021,2,3,Wind,152,Tuesday,June,Summer,4859.44
2/22/2020,15,16,Wind,53,Saturday,February,Winter,10317.8
9/11/2020,8,9,Wind,255,Friday,September,Fall,1075.48
1/2/2024,18,19,Wind,2,Tuesday,January,Winter,15938.08
1/16/2023,15,16,Wind,16,Monday,January,Winter,14507.48
1/23/2025,15,16,Wind,23,Thursday,January,Winter,15430.24
1/19/2023,6,7,Wind,19,Thursday,January,Winter,2333.12
7/15/2025,23,0,Wind,196,Tuesday,July,Summer,5103.24
4/5/2022,6,7,Wind,95,Tuesday,April,Spring,5587.16
7/8/2020,4,5,Wind,190,Wednesday,July,Summer,1521.68
7/16/2023,8,9,Wind,197,Sunday,July,Summer,5037.0
4/13/2023,22,23,Wind,103,Thursday,April,Spring,3358.92
9/3/2020,17,18,Wind,247,Thursday,September,Fall,4480.400000000001
11/15/2024,22,23,Wind,320,Friday,November,Fall,1716.7199999999998
1/21/2025,7,8,Wind,21,Tuesday,January,Winter,1945.8000000000002
10/11/2021,4,5,Wind,284,Monday,October,Fall,2720.44
12/31/2021,15,16,Wind,365,Friday,December,Winter,4330.44
1/25/2023,10,11,Wind,25,Wednesday,January,Winter,2700.2
2/17/2025,9,10,Wind,48,Monday,February,Winter,4267.88
5/14/2021,18,19,Wind,134,Friday,May,Spring,6626.759999999999
8/26/2020,19,20,Wind,239,Wednesday,August,Summer,4332.28
1/31/2022,12,13,Wind,31,Monday,January,Winter,15260.96
2/21/2025,6,7,Wind,52,Friday,February,Winter,10342.64
1/26/2024,6,7,Wind,26,Friday,January,Winter,10874.4
1/12/2021,13,14,Wind,12,Tuesday,January,Winter,10768.599999999999
3/12/2023,14,15,Wind,71,Sunday,March,Spring,13010.64
12/22/2022,8,9,Wind,356,Thursday,December,Winter,11431.0
10/27/2022,16,17,Wind,300,Thursday,October,Fall,5260.56
1/6/2022,19,20,Wind,6,Thursday,January,Winter,5793.24
8/3/2025,21,22,Wind,215,Sunday,August,Summer,4006.6000000000004
8/27/2025,15,16,Wind,239,Wednesday,August,Summer,8537.6
10/29/2022,21,22,Wind,302,Saturday,October,Fall,5022.28
12/13/2024,16,17,Wind,348,Friday,December,Winter,763.5999999999999
5/25/2023,17,18,Wind,145,Thursday,May,Spring,11425.48
8/6/2022,18,19,Wind,218,Saturday,August,Summer,8047.24
1/8/2023,14,15,Wind,8,Sunday,January,Winter,11398.8
10/20/2021,17,18,Wind,293,Wednesday,October,Fall,12071.32
10/29/2022,17,18,Wind,302,Saturday,October,Fall,5426.16
1/31/2025,15,16,Wind,31,Friday,January,Winter,7198.079999999999
12/25/2020,16,17,Wind,360,Friday,December,Winter,5412.360000000001
1/21/2020,15,16,Wind,21,Tuesday,January,Winter,2537.36
4/7/2025,3,4,Wind,97,Monday,April,Spring,5689.28
12/10/2021,20,21,Wind,344,Friday,December,Winter,11571.76
9/14/2023,6,7,Wind,257,Thursday,September,Fall,634.8
6/27/2021,21,22,Wind,178,Sunday,June,Summer,873.0799999999999
12/27/2023,6,7,Wind,361,Wednesday,December,Winter,7031.5599999999995
12/6/2020,9,10,Wind,341,Sunday,December,Winter,2496.88
8/31/2023,6,7,Wind,243,Thursday,August,Summer,2735.16
12/1/2023,23,0,Wind,335,Friday,December,Winter,3997.4
12/22/2024,9,10,Wind,357,Sunday,December,Winter,17846.16
1/7/2020,16,17,Wind,7,Tuesday,January,Winter,3873.2000000000003
1/14/2022,8,9,Wind,14,Friday,January,Winter,819.7199999999999
3/18/2021,18,19,Wind,77,Thursday,March,Spring,3819.8399999999997
12/16/2022,9,10,Wind,350,Friday,December,Winter,4213.6
12/24/2022,10,11,Wind,358,Saturday,December,Winter,5553.12
6/8/2022,5,6,Wind,159,Wednesday,June,Summer,2909.96
12/8/2021,16,17,Wind,342,Wednesday,December,Winter,3991.8799999999997
9/27/2024,11,12,Wind,271,Friday,September,Fall,16761.48
7/31/2023,15,16,Wind,212,Monday,July,Summer,16559.079999999998
2/7/2020,13,14,Wind,38,Friday,February,Winter,5189.72
2/26/2021,13,14,Wind,57,Friday,February,Winter,5191.56
1/8/2020,15,16,Wind,8,Wednesday,January,Winter,3462.8799999999997
12/6/2022,21,22,Wind,340,Tuesday,December,Winter,1982.6000000000001
2/15/2022,9,10,Wind,46,Tuesday,February,Winter,7206.36
1/2/2023,16,17,Wind,2,Monday,January,Winter,4801.48
12/15/2024,0,1,Wind,350,Sunday,December,Winter,4126.2
9/6/2025,4,5,Wind,249,Saturday,September,Fall,4003.8399999999997
1/2/2020,17,18,Wind,2,Thursday,January,Winter,4365.400000000001
2/8/2020,15,16,Wind,39,Saturday,February,Winter,3005.64
12/9/2021,10,11,Wind,343,Thursday,December,Winter,6532.0
11/8/2022,11,12,Wind,312,Tuesday,November,Fall,13432.0
1/20/2021,7,8,Wind,20,Wednesday,January,Winter,11621.44
4/22/2021,19,20,Wind,112,Thursday,April,Spring,5142.799999999999
8/26/2022,0,1,Wind,238,Friday,August,Summer,4212.679999999999
4/6/2021,14,15,Wind,96,Tuesday,April,Spring,9959.0
2/4/2022,12,13,Wind,35,Friday,February,Winter,11484.36
4/7/2023,23,0,Wind,97,Friday,April,Spring,3084.76
1/31/2020,10,11,Wind,31,Friday,January,Winter,6527.4
1/22/2020,10,11,Wind,22,Wednesday,January,Winter,3982.68
1/24/2025,20,21,Wind,24,Friday,January,Winter,10685.8
12/10/2021,10,11,Wind,344,Friday,December,Winter,13406.24
5/15/2020,11,12,Wind,136,Friday,May,Spring,7091.36
4/16/2025,20,21,Wind,106,Wednesday,April,Spring,2190.52
8/17/2022,7,8,Wind,229,Wednesday,August,Summer,1369.88
10/24/2021,18,19,Wind,297,Sunday,October,Fall,2285.28
12/22/2024,18,19,Wind,357,Sunday,December,Winter,13670.279999999999
2/27/2021,11,12,Wind,58,Saturday,February,Winter,8783.24
5/29/2020,13,14,Wind,150,Friday,May,Spring,7543.079999999999
2/22/2020,5,6,Wind,53,Saturday,February,Winter,7555.04
1/25/2020,15,16,Wind,25,Saturday,January,Winter,1596.1999999999998
12/4/2024,18,19,Wind,339,Wednesday,December,Winter,3622.96
12/8/2021,8,9,Wind,342,Wednesday,December,Winter,6933.12
2/23/2023,16,17,Wind,54,Thursday,February,Winter,3969.8
12/9/2022,19,20,Wind,343,Friday,December,Winter,1863.0
1/22/2021,8,9,Wind,22,Friday,January,Winter,3550.2799999999997
12/11/2020,8,9,Wind,346,Friday,December,Winter,7670.04
8/15/2021,16,17,Wind,227,Sunday,August,Summer,7389.44
2/3/2022,10,11,Wind,34,Thursday,February,Winter,3748.08
3/7/2022,0,1,Wind,66,Monday,March,Spring,6823.639999999999
6/16/2020,19,20,Wind,168,Tuesday,June,Summer,1793.08
3/7/2025,17,18,Wind,66,Friday,March,Spring,6568.8
4/27/2022,20,21,Wind,117,Wednesday,April,Spring,5750.92
6/29/2020,11,12,Wind,181,Monday,June,Summer,7086.759999999999
12/14/2023,0,1,Wind,348,Thursday,December,Winter,7544.92
3/19/2023,6,7,Wind,78,Sunday,March,Spring,2490.44
3/2/2020,10,11,Wind,62,Monday,March,Spring,4924.76
3/4/2020,18,19,Wind,64,Wednesday,March,Spring,4956.96
5/8/2025,3,4,Wind,128,Thursday,May,Spring,5195.24
7/18/2025,4,5,Wind,199,Friday,July,Summer,1154.6000000000001
12/3/2024,4,5,Wind,338,Tuesday,December,Winter,4199.8
2/22/2025,8,9,Wind,53,Saturday,February,Winter,9114.44
4/25/2021,10,11,Wind,115,Sunday,April,Spring,8845.800000000001
7/15/2022,22,23,Wind,196,Friday,July,Summer,3263.24
2/7/2023,9,10,Wind,38,Tuesday,February,Winter,7634.16
2/24/2020,16,17,Wind,55,Monday,February,Winter,11746.56
12/14/2022,17,18,Wind,348,Wednesday,December,Winter,2168.44
1/15/2025,16,17,Wind,15,Wednesday,January,Winter,3156.52
12/4/2020,3,4,Wind,339,Friday,December,Winter,11060.24
4/5/2022,13,14,Wind,95,Tuesday,April,Spring,8953.44
5/4/2024,18,19,Wind,125,Saturday,May,Spring,4140.92
9/30/2024,14,15,Wind,274,Monday,September,Fall,16550.8
1/30/2022,16,17,Wind,30,Sunday,January,Winter,1878.6399999999999
4/21/2025,20,21,Wind,111,Monday,April,Spring,2905.36
3/16/2023,3,4,Wind,75,Thursday,March,Spring,6409.639999999999
1/19/2023,18,19,Wind,19,Thursday,January,Winter,1402.08
1/12/2021,11,12,Wind,12,Tuesday,January,Winter,11766.8
5/14/2020,12,13,Wind,135,Thursday,May,Spring,9998.56
2/4/2024,12,13,Wind,35,Sunday,February,Winter,9636.999999999998
6/7/2023,3,4,Wind,158,Wednesday,June,Summer,4310.2
1/15/2025,16,17,Wind,15,Wednesday,January,Winter,3156.52
1/19/2025,3,4,Wind,19,Sunday,January,Winter,856.52
2/17/2022,9,10,Wind,48,Thursday,February,Winter,13434.759999999998
12/23/2023,4,5,Wind,357,Saturday,December,Winter,7948.8
1/15/2024,18,19,Wind,15,Monday,January,Winter,3036.92
1/3/2025,6,7,Wind,3,Friday,January,Winter,2294.48
7/9/2022,18,19,Wind,190,Saturday,July,Summer,7843.0
5/25/2025,1,2,Wind,145,Sunday,May,Spring,6046.24
5/24/2025,17,18,Wind,144,Saturday,May,Spring,11960.92
1/22/2024,11,12,Wind,22,Monday,January,Winter,16827.719999999998
1/26/2023,7,8,Wind,26,Thursday,January,Winter,2562.2
2/19/2021,12,13,Wind,50,Friday,February,Winter,8097.84
12/7/2020,19,20,Wind,342,Monday,December,Winter,2930.2
2/15/2020,14,15,Wind,46,Saturday,February,Winter,10816.44
12/16/2021,6,7,Wind,350,Thursday,December,Winter,2056.2000000000003
11/28/2020,2,3,Wind,333,Saturday,November,Fall,3454.6000000000004
2/8/2022,17,18,Wind,39,Tuesday,February,Winter,2350.6
2/11/2023,6,7,Wind,42,Saturday,February,Winter,1587.92
7/10/2020,17,18,Wind,192,Friday,July,Summer,4592.639999999999
3/6/2020,8,9,Wind,66,Friday,March,Spring,7117.12
12/22/2024,14,15,Wind,357,Sunday,December,Winter,17051.28
10/1/2021,21,22,Wind,274,Friday,October,Fall,4336.88
2/10/2022,1,2,Wind,41,Thursday,February,Winter,3710.36
6/18/2025,4,5,Wind,169,Wednesday,June,Summer,2278.8399999999997
12/13/2024,3,4,Wind,348,Friday,December,Winter,2808.76
3/10/2023,16,17,Wind,69,Friday,March,Spring,13225.919999999998
9/27/2025,4,5,Wind,270,Saturday,September,Fall,346.84
10/16/2025,5,6,Wind,289,Thursday,October,Fall,4303.76
2/4/2020,11,12,Wind,35,Tuesday,February,Winter,12237.84
8/18/2021,18,19,Wind,230,Wednesday,August,Summer,3604.56
1/5/2021,13,14,Wind,5,Tuesday,January,Winter,2260.44
1/26/2023,11,12,Wind,26,Thursday,January,Winter,5450.08
12/28/2023,9,10,Wind,362,Thursday,December,Winter,13069.52
1/22/2025,12,13,Wind,22,Wednesday,January,Winter,5903.639999999999
11/23/2022,10,11,Wind,327,Wednesday,November,Fall,11259.88
3/24/2023,8,9,Wind,83,Friday,March,Spring,11412.599999999999
9/2/2024,5,6,Wind,246,Monday,September,Fall,1367.12
12/12/2020,11,12,Wind,347,Saturday,December,Winter,5840.16
2/23/2020,8,9,Wind,54,Sunday,February,Winter,11042.76
11/13/2022,17,18,Wind,317,Sunday,November,Fall,1215.32
1/8/2020,15,16,Wind,8,Wednesday,January,Winter,3462.8799999999997
9/29/2024,15,16,Wind,273,Sunday,September,Fall,10087.8
4/3/2021,10,11,Wind,93,Saturday,April,Spring,12061.199999999999
1/21/2021,9,10,Wind,21,Thursday,January,Winter,9903.8
2/8/2023,0,1,Wind,39,Wednesday,February,Winter,3701.16
5/31/2024,9,10,Wind,152,Friday,May,Spring,7845.759999999999
4/13/2022,8,9,Wind,103,Wednesday,April,Spring,1357.0
1/17/2023,10,11,Wind,17,Tuesday,January,Winter,3943.12
1/3/2025,19,20,Wind,3,Friday,January,Winter,3150.08
3/20/2021,23,0,Wind,79,Saturday,March,Spring,3668.0399999999995
12/4/2021,4,5,Wind,338,Saturday,December,Winter,7927.639999999999
11/19/2025,7,8,Wind,323,Wednesday,November,Fall,10855.08
12/3/2024,18,19,Wind,338,Tuesday,December,Winter,899.7599999999999
12/24/2024,16,17,Wind,359,Tuesday,December,Winter,2639.48
11/4/2021,16,17,Wind,308,Thursday,November,Fall,3317.52
2/22/2024,16,17,Wind,53,Thursday,February,Winter,16825.88
5/27/2025,23,0,Wind,147,Tuesday,May,Spring,11039.08
5/1/2024,18,19,Wind,122,Wednesday,May,Spring,4583.44
4/30/2020,16,17,Wind,121,Thursday,April,Spring,13095.279999999999
2/24/2020,10,11,Wind,55,Monday,February,Winter,10357.36
1/19/2025,17,18,Wind,19,Sunday,January,Winter,786.5999999999999
11/12/2023,18,19,Wind,316,Sunday,November,Fall,8003.079999999999
1/10/2024,11,12,Wind,10,Wednesday,January,Winter,2409.48
10/17/2021,1,2,Wind,290,Sunday,October,Fall,1611.8400000000001
12/26/2023,14,15,Wind,360,Tuesday,December,Winter,5576.12
11/2/2025,23,0,Wind,306,Sunday,November,Fall,7574.36
9/10/2021,22,23,Wind,253,Friday,September,Fall,1837.2399999999998
1/29/2023,7,8,Wind,29,Sunday,January,Winter,1110.44
4/4/2020,0,1,Wind,95,Saturday,April,Spring,916.3199999999999
1/10/2024,10,11,Wind,10,Wednesday,January,Winter,2348.7599999999998
1/16/2022,8,9,Wind,16,Sunday,January,Winter,2615.56
1/9/2020,12,13,Wind,9,Thursday,January,Winter,11349.12
11/2/2025,10,11,Wind,306,Sunday,November,Fall,12537.76
4/19/2024,0,1,Wind,110,Friday,April,Spring,4393.0
10/27/2022,9,10,Wind,300,Thursday,October,Fall,7940.52
6/5/2025,7,8,Wind,156,Thursday,June,Summer,7061.92
4/28/2023,10,11,Wind,118,Friday,April,Spring,7547.679999999999
11/28/2020,16,17,Wind,333,Saturday,November,Fall,3075.56
1/13/2021,2,3,Wind,13,Wednesday,January,Winter,3040.6
2/22/2021,15,16,Wind,53,Monday,February,Winter,3862.16
11/21/2025,14,15,Wind,325,Friday,November,Fall,7751.0
7/25/2021,9,10,Wind,206,Sunday,July,Summer,4232.0
9/5/2022,5,6,Wind,248,Monday,September,Fall,2391.08
1/27/2025,15,16,Wind,27,Monday,January,Winter,16896.719999999998
4/22/2020,17,18,Wind,113,Wednesday,April,Spring,2934.7999999999997
1/21/2022,17,18,Wind,21,Friday,January,Winter,3473.0
2/13/2024,6,7,Wind,44,Tuesday,February,Winter,3639.52
1/10/2022,18,19,Wind,10,Monday,January,Winter,1973.4
10/24/2022,16,17,Wind,297,Monday,October,Fall,11085.08
2/9/2021,14,15,Wind,40,Tuesday,February,Winter,4361.72
7/2/2020,4,5,Wind,184,Thursday,July,Summer,2517.12
1/7/2020,13,14,Wind,7,Tuesday,January,Winter,3956.0
9/3/2023,21,22,Wind,246,Sunday,September,Fall,7225.679999999999
3/27/2022,23,0,Wind,86,Sunday,March,Spring,2142.68
1/2/2024,12,13,Wind,2,Tuesday,January,Winter,17190.2
1/4/2022,16,17,Wind,4,Tuesday,January,Winter,5603.72
10/5/2020,22,23,Wind,279,Monday,October,Fall,9808.12
12/16/2024,5,6,Wind,351,Monday,December,Winter,6727.04
9/7/2020,8,9,Wind,251,Monday,September,Fall,2137.16
2/22/2025,18,19,Wind,53,Saturday,February,Winter,3143.64
6/11/2021,2,3,Wind,162,Friday,June,Summer,1737.88
4/3/2024,17,18,Wind,94,Wednesday,April,Spring,16009.84
8/16/2020,2,3,Wind,229,Sunday,August,Summer,1717.6399999999999
5/14/2020,12,13,Wind,135,Thursday,May,Spring,9998.56
4/17/2021,8,9,Wind,107,Saturday,April,Spring,4217.28
3/18/2021,8,9,Wind,77,Thursday,March,Spring,3614.68
10/21/2021,14,15,Wind,294,Thursday,October,Fall,12628.84
11/5/2024,1,2,Wind,310,Tuesday,November,Fall,1966.96
2/28/2024,8,9,Wind,59,Wednesday,February,Winter,2646.84
3/25/2023,11,12,Wind,84,Saturday,March,Spring,16874.64
2/22/2020,13,14,Wind,53,Saturday,February,Winter,11618.68
2/15/2022,9,10,Wind,46,Tuesday,February,Winter,7206.36
5/22/2022,7,8,Wind,142,Sunday,May,Spring,2208.9199999999996
1/5/2022,20,21,Wind,5,Wednesday,January,Winter,3696.56
3/28/2024,17,18,Wind,88,Thursday,March,Spring,16892.12
8/28/2021,22,23,Wind,240,Saturday,August,Summer,4370.0
12/4/2021,16,17,Wind,338,Saturday,December,Winter,10059.279999999999
12/16/2024,23,0,Wind,351,Monday,December,Winter,2065.4
12/20/2022,13,14,Wind,354,Tuesday,December,Winter,10053.76
1/18/2022,17,18,Wind,18,Tuesday,January,Winter,2621.08
2/25/2022,16,17,Wind,56,Friday,February,Winter,6540.28
2/8/2021,3,4,Wind,39,Monday,February,Winter,1081.9199999999998
12/20/2024,10,11,Wind,355,Friday,December,Winter,7129.079999999999
11/12/2025,17,18,Wind,316,Wednesday,November,Fall,12507.4
5/23/2020,20,21,Wind,144,Saturday,May,Spring,5566.0
8/4/2025,18,19,Wind,216,Monday,August,Summer,9227.6
1/21/2024,20,21,Wind,21,Sunday,January,Winter,14750.359999999999
11/4/2023,8,9,Wind,308,Saturday,November,Fall,15192.88
10/11/2023,8,9,Wind,284,Wednesday,October,Fall,3231.04
12/29/2022,17,18,Wind,363,Thursday,December,Winter,7416.12
2/25/2022,7,8,Wind,56,Friday,February,Winter,5974.48
3/27/2024,21,22,Wind,87,Wednesday,March,Spring,13210.279999999999
1/28/2020,16,17,Wind,28,Tuesday,January,Winter,10945.24
11/14/2025,6,7,Wind,318,Friday,November,Fall,11769.56
3/13/2021,10,11,Wind,72,Saturday,March,Spring,15493.72
2/11/2025,9,10,Wind,42,Tuesday,February,Winter,3915.52
1/18/2023,12,13,Wind,18,Wednesday,January,Winter,5331.4
1/27/2020,9,10,Wind,27,Monday,January,Winter,7856.8
12/14/2023,15,16,Wind,348,Thursday,December,Winter,4288.12
12/20/2022,9,10,Wind,354,Tuesday,December,Winter,11673.88
1/31/2025,8,9,Wind,31,Friday,January,Winter,4116.08
8/30/2025,9,10,Wind,242,Saturday,August,Summer,6520.96
1/3/2022,9,10,Wind,3,Monday,January,Winter,8902.84
2/4/2021,19,20,Wind,35,Thursday,February,Winter,3159.28
7/23/2023,11,12,Wind,204,Sunday,July,Summer,9225.76
10/24/2022,6,7,Wind,297,Monday,October,Fall,10787.92
1/12/2024,16,17,Wind,12,Friday,January,Winter,4723.28
1/5/2023,2,3,Wind,5,Thursday,January,Winter,9979.24
5/31/2025,5,6,Wind,151,Saturday,May,Spring,974.28
8/10/2022,17,18,Wind,222,Wednesday,August,Summer,7590.0
7/16/2020,15,16,Wind,198,Thursday,July,Summer,4157.48
7/10/2022,18,19,Wind,191,Sunday,July,Summer,6900.92
3/9/2021,20,21,Wind,68,Tuesday,March,Spring,2072.7599999999998
7/21/2024,8,9,Wind,203,Sunday,July,Summer,3011.16
12/27/2021,11,12,Wind,361,Monday,December,Winter,8538.52
11/27/2020,18,19,Wind,332,Friday,November,Fall,2565.88
5/22/2025,2,3,Wind,142,Thursday,May,Spring,4514.44
2/8/2021,16,17,Wind,39,Monday,February,Winter,1636.68
1/11/2023,13,14,Wind,11,Wednesday,January,Winter,13005.12
7/20/2025,4,5,Wind,201,Sunday,July,Summer,3743.4799999999996
9/30/2022,16,17,Wind,273,Friday,September,Fall,8359.12
3/26/2025,8,9,Wind,85,Wednesday,March,Spring,3787.6399999999994
12/2/2020,8,9,Wind,337,Wednesday,December,Winter,2526.3199999999997
1/19/2021,15,16,Wind,19,Tuesday,January,Winter,9293.84
2/14/2025,3,4,Wind,45,Friday,February,Winter,4087.56
1/27/2022,17,18,Wind,27,Thursday,January,Winter,3966.12
1/17/2025,17,18,Wind,17,Friday,January,Winter,792.12
12/29/2022,19,20,Wind,363,Thursday,December,Winter,7567.92
12/13/2020,6,7,Wind,348,Sunday,December,Winter,3080.16
5/10/2020,16,17,Wind,131,Sunday,May,Spring,3366.2799999999997
2/6/2025,9,10,Wind,37,Thursday,February,Winter,7388.52
9/19/2020,1,2,Wind,263,Saturday,September,Fall,5254.12
11/22/2023,15,16,Wind,326,Wednesday,November,Fall,5185.12
1/31/2020,13,14,Wind,31,Friday,January,Winter,7555.04
1/22/2020,17,18,Wind,22,Wednesday,January,Winter,4141.839999999999
2/13/2022,18,19,Wind,44,Sunday,February,Winter,13566.32
2/25/2022,16,17,Wind,56,Friday,February,Winter,6540.28
9/2/2021,6,7,Wind,245,Thursday,September,Fall,5296.44
8/19/2022,23,0,Wind,231,Friday,August,Summer,2425.12
1/10/2025,18,19,Wind,10,Friday,January,Winter,2322.08
4/6/2022,11,12,Wind,96,Wednesday,April,Spring,8564.279999999999
3/11/2021,16,17,Wind,70,Thursday,March,Spring,13811.96
2/19/2022,17,18,Wind,50,Saturday,February,Winter,13139.44
1/20/2025,22,23,Wind,20,Monday,January,Winter,871.24
4/18/2025,21,22,Wind,108,Friday,April,Spring,8077.6
2/16/2024,14,15,Wind,47,Friday,February,Winter,7791.48
1/6/2020,23,0,Wind,6,Monday,January,Winter,5382.0
10/31/2025,11,12,Wind,304,Friday,October,Fall,12525.8
2/17/2025,9,10,Wind,48,Monday,February,Winter,4267.88
12/31/2020,15,16,Wind,366,Thursday,December,Winter,2738.84
4/23/2023,12,13,Wind,113,Sunday,April,Spring,11961.84
12/24/2020,17,18,Wind,359,Thursday,December,Winter,8555.08
4/28/2020,10,11,Wind,119,Tuesday,April,Spring,7193.48
11/28/2021,15,16,Wind,332,Sunday,November,Fall,7750.079999999999
2/10/2021,1,2,Wind,41,Wednesday,February,Winter,7404.16
3/25/2024,17,18,Wind,85,Monday,March,Spring,8439.16
11/24/2020,15,16,Wind,329,Tuesday,November,Fall,3199.76
1/17/2020,13,14,Wind,17,Friday,January,Winter,9069.359999999999
1/18/2024,3,4,Wind,18,Thursday,January,Winter,7318.6
12/24/2022,11,12,Wind,358,Saturday,December,Winter,5727.92
1/24/2024,8,9,Wind,24,Wednesday,January,Winter,14467.0
5/22/2024,1,2,Wind,143,Wednesday,May,Spring,4242.12
7/13/2021,18,19,Wind,194,Tuesday,July,Summer,6980.04
12/13/2020,13,14,Wind,348,Sunday,December,Winter,6534.76
8/14/2021,7,8,Wind,226,Saturday,August,Summer,1379.08
12/25/2021,23,0,Wind,359,Saturday,December,Winter,1426.92
11/1/2023,15,16,Wind,305,Wednesday,November,Fall,14343.72
12/9/2023,10,11,Wind,343,Saturday,December,Winter,15870.919999999998
8/23/2025,1,2,Wind,235,Saturday,August,Summer,2282.52
3/15/2024,16,17,Wind,75,Friday,March,Spring,13467.88
3/18/2021,16,17,Wind,77,Thursday,March,Spring,4860.36
2/22/2020,6,7,Wind,53,Saturday,February,Winter,7893.6
1/28/2024,7,8,Wind,28,Sunday,January,Winter,8790.6
1/19/2022,0,1,Wind,19,Wednesday,January,Winter,1894.28
12/22/2022,12,13,Wind,356,Thursday,December,Winter,13052.96
8/1/2020,7,8,Wind,214,Saturday,August,Summer,1858.4
1/30/2020,15,16,Wind,30,Thursday,January,Winter,8745.52
1/22/2022,4,5,Wind,22,Saturday,January,Winter,2847.3999999999996
1/1/2025,19,20,Wind,1,Wednesday,January,Winter,15610.559999999998
7/4/2025,3,4,Wind,185,Friday,July,Summer,4863.12
10/21/2021,20,21,Wind,294,Thursday,October,Fall,3505.2000000000003
4/5/2021,9,10,Wind,95,Monday,April,Spring,6773.04
1/8/2021,20,21,Wind,8,Friday,January,Winter,843.64
4/5/2023,1,2,Wind,95,Wednesday,April,Spring,2413.16
1/24/2023,17,18,Wind,24,Tuesday,January,Winter,2870.3999999999996
6/20/2021,9,10,Wind,171,Sunday,June,Summer,3058.08
10/21/2021,19,20,Wind,294,Thursday,October,Fall,4312.04
9/10/2020,8,9,Wind,254,Thursday,September,Fall,1774.68
11/13/2024,18,19,Wind,318,Wednesday,November,Fall,4784.92
2/26/2025,4,5,Wind,57,Wednesday,February,Winter,7636.0
12/23/2022,13,14,Wind,357,Friday,December,Winter,15720.96
10/14/2024,1,2,Wind,288,Monday,October,Fall,3255.88
5/4/2021,14,15,Wind,124,Tuesday,May,Spring,13834.04
1/15/2022,18,19,Wind,15,Saturday,January,Winter,482.0799999999999
5/31/2023,7,8,Wind,151,Wednesday,May,Spring,6526.48
1/8/2024,13,14,Wind,8,Monday,January,Winter,10660.96
2/1/2025,18,19,Wind,32,Saturday,February,Winter,2365.3199999999997
11/3/2024,8,9,Wind,308,Sunday,November,Fall,2925.6
8/8/2020,2,3,Wind,221,Saturday,August,Summer,1567.68
1/27/2020,16,17,Wind,27,Monday,January,Winter,9150.32
3/22/2022,15,16,Wind,81,Tuesday,March,Spring,7496.16
2/2/2022,7,8,Wind,33,Wednesday,February,Winter,6643.32
7/13/2025,21,22,Wind,194,Sunday,July,Summer,3028.64
11/13/2025,14,15,Wind,317,Thursday,November,Fall,8127.279999999999
2/3/2022,12,13,Wind,34,Thursday,February,Winter,4115.16
1/22/2025,8,9,Wind,22,Wednesday,January,Winter,5278.96
12/10/2024,8,9,Wind,345,Tuesday,December,Winter,9650.8
8/3/2020,17,18,Wind,216,Monday,August,Summer,6660.8
12/29/2024,21,22,Wind,364,Sunday,December,Winter,504.15999999999997
1/2/2021,18,19,Wind,2,Saturday,January,Winter,1690.04
12/6/2020,11,12,Wind,341,Sunday,December,Winter,3063.6
6/9/2020,1,2,Wind,161,Tuesday,June,Summer,3412.2799999999997
12/8/2022,23,0,Wind,342,Thursday,December,Winter,2486.76
8/7/2023,21,22,Wind,219,Monday,August,Summer,1696.48
2/18/2020,13,14,Wind,49,Tuesday,February,Winter,10971.92
2/26/2024,8,9,Wind,57,Monday,February,Winter,8586.359999999999
1/25/2022,8,9,Wind,25,Tuesday,January,Winter,345.92
6/2/2020,0,1,Wind,154,Tuesday,June,Summer,2550.24
1/30/2022,9,10,Wind,30,Sunday,January,Winter,2132.56
2/20/2022,16,17,Wind,51,Sunday,February,Winter,15329.04
12/5/2024,10,11,Wind,340,Thursday,December,Winter,15094.44
12/2/2022,14,15,Wind,336,Friday,December,Winter,3642.2799999999997
4/10/2021,14,15,Wind,100,Saturday,April,Spring,6212.76
7/2/2020,3,4,Wind,184,Thursday,July,Summer,2504.24
3/10/2020,12,13,Wind,70,Tuesday,March,Spring,12573.64
11/28/2021,13,14,Wind,332,Sunday,November,Fall,9544.999999999998
10/28/2023,7,8,Wind,301,Saturday,October,Fall,11594.76
5/15/2023,18,19,Wind,135,Monday,May,Spring,9768.56
2/1/2023,16,17,Wind,32,Wednesday,February,Winter,9176.08
12/6/2024,12,13,Wind,341,Friday,December,Winter,11897.44
1/29/2020,13,14,Wind,29,Wednesday,January,Winter,8490.679999999998
12/12/2022,17,18,Wind,346,Monday,December,Winter,4392.08
1/7/2020,16,17,Wind,7,Tuesday,January,Winter,3873.2000000000003
10/2/2022,16,17,Wind,275,Sunday,October,Fall,7930.400000000001
1/1/2021,10,11,Wind,1,Friday,January,Winter,1557.56
2/12/2021,14,15,Wind,43,Friday,February,Winter,8602.92
6/3/2021,5,6,Wind,154,Thursday,June,Summer,1361.6
10/4/2025,4,5,Wind,277,Saturday,October,Fall,16281.24
10/23/2022,18,19,Wind,296,Sunday,October,Fall,12384.12
10/26/2022,4,5,Wind,299,Wednesday,October,Fall,6197.12
7/16/2025,19,20,Wind,197,Wednesday,July,Summer,7186.12
2/25/2022,3,4,Wind,56,Friday,February,Winter,6910.12
2/25/2023,14,15,Wind,56,Saturday,February,Winter,9136.52
3/27/2024,15,16,Wind,87,Wednesday,March,Spring,13981.24
6/11/2020,8,9,Wind,163,Thursday,June,Summer,2476.64
3/6/2023,2,3,Wind,65,Monday,March,Spring,1131.6000000000001
4/27/2020,3,4,Wind,118,Monday,April,Spring,513.36
1/23/2022,16,17,Wind,23,Sunday,January,Winter,3555.8
1/4/2022,18,19,Wind,4,Tuesday,January,Winter,7078.48
11/1/2020,16,17,Wind,306,Sunday,November,Fall,11142.12
12/2/2022,8,9,Wind,336,Friday,December,Winter,1739.7199999999998
2/2/2025,8,9,Wind,33,Sunday,February,Winter,2346.0
11/8/2023,14,15,Wind,312,Wednesday,November,Fall,16341.04
3/13/2023,8,9,Wind,72,Monday,March,Spring,14202.04
12/30/2020,18,19,Wind,365,Wednesday,December,Winter,4440.839999999999
1/29/2020,10,11,Wind,29,Wednesday,January,Winter,7480.52
7/1/2022,5,6,Wind,182,Friday,July,Summer,1957.76
2/1/2024,11,12,Wind,32,Thursday,February,Winter,3778.4399999999996
12/6/2020,12,13,Wind,341,Sunday,December,Winter,3317.52
3/20/2020,12,13,Wind,80,Friday,March,Spring,6797.879999999999
12/22/2024,9,10,Wind,357,Sunday,December,Winter,17846.16
2/27/2023,8,9,Wind,58,Monday,February,Winter,11938.84
12/24/2023,17,18,Wind,358,Sunday,December,Winter,14415.48
7/11/2020,18,19,Wind,193,Saturday,July,Summer,4460.16
3/12/2021,10,11,Wind,71,Friday,March,Spring,12735.56
1/23/2022,19,20,Wind,23,Sunday,January,Winter,3688.2799999999997
11/13/2020,11,12,Wind,318,Friday,November,Fall,6796.959999999999
10/29/2022,3,4,Wind,302,Saturday,October,Fall,4829.08
1/5/2021,7,8,Wind,5,Tuesday,January,Winter,1903.48
2/11/2021,20,21,Wind,42,Thursday,February,Winter,7181.52
3/9/2021,8,9,Wind,68,Tuesday,March,Spring,2712.16
1/20/2021,13,14,Wind,20,Wednesday,January,Winter,12731.88
11/8/2023,6,7,Wind,312,Wednesday,November,Fall,7165.879999999999
1/22/2023,23,0,Wind,22,Sunday,January,Winter,3256.7999999999997
10/1/2023,6,7,Wind,274,Sunday,October,Fall,2180.4
5/16/2020,4,5,Wind,137,Saturday,May,Spring,2587.96
7/9/2020,23,0,Wind,191,Thursday,July,Summer,3529.12
1/25/2025,13,14,Wind,25,Saturday,January,Winter,5820.84
10/16/2024,19,20,Wind,290,Wednesday,October,Fall,9564.32
12/2/2024,10,11,Wind,337,Monday,December,Winter,7969.959999999999
7/5/2020,22,23,Wind,187,Sunday,July,Summer,6551.32
11/7/2020,16,17,Wind,312,Saturday,November,Fall,3439.8799999999997
12/1/2020,20,21,Wind,336,Tuesday,December,Winter,6288.2
6/2/2020,3,4,Wind,154,Tuesday,June,Summer,1869.4399999999998
11/20/2024,17,18,Wind,325,Wednesday,November,Fall,6461.16
8/15/2020,1,2,Wind,228,Saturday,August,Summer,474.72
7/26/2021,3,4,Wind,207,Monday,July,Summer,1923.7199999999998
1/31/2025,18,19,Wind,31,Friday,January,Winter,4972.599999999999
7/12/2023,1,2,Wind,193,Wednesday,July,Summer,3242.08
1/14/2021,0,1,Wind,14,Thursday,January,Winter,8034.36
1/4/2022,11,12,Wind,4,Tuesday,January,Winter,5497.0
5/18/2023,6,7,Wind,138,Thursday,May,Spring,5038.84
1/3/2021,7,8,Wind,3,Sunday,January,Winter,1458.1999999999998
1/27/2022,4,5,Wind,27,Thursday,January,Winter,2434.3199999999997
9/22/2023,10,11,Wind,265,Friday,September,Fall,8174.200000000001
7/5/2020,11,12,Wind,187,Sunday,July,Summer,9941.52
12/21/2023,2,3,Wind,355,Thursday,December,Winter,12370.32
12/20/2020,15,16,Wind,355,Sunday,December,Winter,4104.12
12/6/2023,8,9,Wind,340,Wednesday,December,Winter,1364.36
10/23/2022,23,0,Wind,296,Sunday,October,Fall,12388.720000000001
10/31/2023,18,19,Wind,304,Tuesday,October,Fall,7988.36
10/29/2024,2,3,Wind,303,Tuesday,October,Fall,1373.56
8/1/2023,18,19,Wind,213,Tuesday,August,Summer,11292.08
9/18/2024,7,8,Wind,262,Wednesday,September,Fall,8207.32
7/15/2023,8,9,Wind,196,Saturday,July,Summer,6957.04
2/25/2020,3,4,Wind,56,Tuesday,February,Winter,8938.72
1/6/2023,10,11,Wind,6,Friday,January,Winter,7176.92
12/24/2024,19,20,Wind,359,Tuesday,December,Winter,2550.24
12/29/2021,10,11,Wind,363,Wednesday,December,Winter,8717.0
1/30/2023,12,13,Wind,30,Monday,January,Winter,8888.12
1/19/2024,21,22,Wind,19,Friday,January,Winter,3206.2
1/2/2021,15,16,Wind,2,Saturday,January,Winter,2096.68
6/24/2022,12,13,Wind,175,Friday,June,Summer,7314.92
2/14/2024,11,12,Wind,45,Wednesday,February,Winter,11914.92
11/21/2020,9,10,Wind,326,Saturday,November,Fall,4069.16
8/4/2023,8,9,Wind,216,Friday,August,Summer,4022.24
11/1/2023,14,15,Wind,305,Wednesday,November,Fall,16048.48
3/3/2022,4,5,Wind,62,Thursday,March,Spring,1395.64
6/21/2021,18,19,Wind,172,Monday,June,Summer,3795.0
1/15/2023,1,2,Wind,15,Sunday,January,Winter,9075.800000000001
1/11/2025,8,9,Wind,11,Saturday,January,Winter,1977.08
1/23/2020,10,11,Wind,23,Thursday,January,Winter,4630.36
1/29/2022,7,8,Wind,29,Saturday,January,Winter,6141.92
1/23/2022,9,10,Wind,23,Sunday,January,Winter,2950.44
3/8/2023,16,17,Wind,67,Wednesday,March,Spring,11580.04
3/1/2020,11,12,Wind,61,Sunday,March,Spring,9994.88
4/7/2024,11,12,Wind,98,Sunday,April,Spring,5959.76
4/23/2020,6,7,Wind,114,Thursday,April,Spring,1730.5199999999998
3/25/2025,18,19,Wind,84,Tuesday,March,Spring,3708.52
1/23/2025,13,14,Wind,23,Thursday,January,Winter,14492.759999999998
3/31/2022,17,18,Wind,90,Thursday,March,Spring,11095.199999999999
1/4/2021,13,14,Wind,4,Monday,January,Winter,2419.6
4/4/2022,10,11,Wind,94,Monday,April,Spring,8846.72
1/23/2020,22,23,Wind,23,Thursday,January,Winter,2556.6800000000003
2/20/2021,16,17,Wind,51,Saturday,February,Winter,12161.48
5/1/2021,15,16,Wind,121,Saturday,May,Spring,3920.12
3/5/2021,9,10,Wind,64,Friday,March,Spring,5491.48
1/2/2020,11,12,Wind,2,Thursday,January,Winter,3527.2799999999997
1/29/2024,14,15,Wind,29,Monday,January,Winter,7283.639999999999
2/21/2020,11,12,Wind,52,Friday,February,Winter,5632.24
10/14/2025,16,17,Wind,287,Tuesday,October,Fall,8657.2
1/28/2023,16,17,Wind,28,Saturday,January,Winter,4485.0
2/25/2023,22,23,Wind,56,Saturday,February,Winter,10036.279999999999
1/19/2021,13,14,Wind,19,Tuesday,January,Winter,10966.4
1/18/2024,9,10,Wind,18,Thursday,January,Winter,6969.92
3/14/2020,9,10,Wind,74,Saturday,March,Spring,4794.12
12/2/2020,16,17,Wind,337,Wednesday,December,Winter,1702.9199999999998
8/26/2020,17,18,Wind,239,Wednesday,August,Summer,7987.44
2/29/2024,10,11,Wind,60,Thursday,February,Winter,10166.0
9/24/2024,16,17,Wind,268,Tuesday,September,Fall,9913.0
11/1/2025,18,19,Wind,305,Saturday,November,Fall,8644.32
7/19/2025,23,0,Wind,200,Saturday,July,Summer,3637.68
3/15/2021,21,22,Wind,74,Monday,March,Spring,4901.76
12/5/2024,3,4,Wind,340,Thursday,December,Winter,8705.96
1/18/2022,13,14,Wind,18,Tuesday,January,Winter,5163.04
11/6/2023,17,18,Wind,310,Monday,November,Fall,8263.44
3/13/2025,20,21,Wind,72,Thursday,March,Spring,1621.04
2/21/2025,13,14,Wind,52,Friday,February,Winter,16011.68
12/17/2020,12,13,Wind,352,Thursday,December,Winter,4465.679999999999
1/26/2024,9,10,Wind,26,Friday,January,Winter,11818.32
12/12/2022,9,10,Wind,346,Monday,December,Winter,2189.6
2/22/2024,12,13,Wind,53,Thursday,February,Winter,17837.88
1/12/2023,13,14,Wind,12,Thursday,January,Winter,16691.559999999998
12/3/2023,8,9,Wind,337,Sunday,December,Winter,8296.56
1/24/2022,22,23,Wind,24,Monday,January,Winter,1068.12
12/8/2024,19,20,Wind,343,Sunday,December,Winter,13695.119999999999
8/25/2021,9,10,Wind,237,Wednesday,August,Summer,4584.36
4/3/2024,15,16,Wind,94,Wednesday,April,Spring,17198.48
6/30/2021,6,7,Wind,181,Wednesday,June,Summer,1927.4
5/16/2023,13,14,Wind,136,Tuesday,May,Spring,13636.24
6/3/2025,12,13,Wind,154,Tuesday,June,Summer,6650.679999999999
1/5/2020,23,0,Wind,5,Sunday,January,Winter,1958.68
1/4/2024,10,11,Wind,4,Thursday,January,Winter,9923.12
6/14/2025,8,9,Wind,165,Saturday,June,Summer,4991.92
2/9/2023,20,21,Wind,40,Thursday,February,Winter,648.5999999999999
1/14/2021,9,10,Wind,14,Thursday,January,Winter,7163.12
10/5/2021,9,10,Wind,278,Tuesday,October,Fall,9493.48
5/3/2021,20,21,Wind,123,Monday,May,Spring,6600.079999999999
1/22/2024,18,19,Wind,22,Monday,January,Winter,13936.159999999998
11/21/2021,14,15,Wind,325,Sunday,November,Fall,3633.08
4/4/2025,20,21,Wind,94,Friday,April,Spring,5531.04
2/26/2020,6,7,Wind,57,Wednesday,February,Winter,9247.84
9/25/2023,8,9,Wind,268,Monday,September,Fall,2322.08
7/22/2023,17,18,Wind,203,Saturday,July,Summer,11033.56
9/23/2020,17,18,Wind,267,Wednesday,September,Fall,6206.32
1/3/2022,8,9,Wind,3,Monday,January,Winter,8613.96
12/26/2021,1,2,Wind,360,Sunday,December,Winter,1508.8
12/20/2022,15,16,Wind,354,Tuesday,December,Winter,8376.6
2/7/2022,8,9,Wind,38,Monday,February,Winter,3871.36
12/14/2024,4,5,Wind,349,Saturday,December,Winter,1644.04
4/28/2021,16,17,Wind,118,Wednesday,April,Spring,4296.400000000001
2/23/2020,11,12,Wind,54,Sunday,February,Winter,12999.599999999999
4/28/2020,12,13,Wind,119,Tuesday,April,Spring,8039.879999999999
1/28/2020,12,13,Wind,28,Tuesday,January,Winter,12825.720000000001
6/19/2022,1,2,Wind,170,Sunday,June,Summer,8436.4
2/11/2022,23,0,Wind,42,Friday,February,Winter,3186.88
2/24/2025,12,13,Wind,55,Monday,February,Winter,13763.2
12/16/2021,3,4,Wind,350,Thursday,December,Winter,1732.36
2/14/2021,13,14,Wind,45,Sunday,February,Winter,9613.08
12/8/2020,12,13,Wind,343,Tuesday,December,Winter,2682.72
1/22/2025,9,10,Wind,22,Wednesday,January,Winter,5809.799999999999
12/12/2021,16,17,Wind,346,Sunday,December,Winter,2364.3999999999996
9/8/2021,10,11,Wind,251,Wednesday,September,Fall,5012.16
3/11/2023,21,22,Wind,70,Saturday,March,Spring,4680.04
5/30/2023,8,9,Wind,150,Tuesday,May,Spring,8868.800000000001
1/14/2020,15,16,Wind,14,Tuesday,January,Winter,12708.88
1/1/2025,5,6,Wind,1,Wednesday,January,Winter,11726.32
6/12/2020,10,11,Wind,164,Friday,June,Summer,5464.799999999999
10/25/2021,17,18,Wind,298,Monday,October,Fall,2747.12
11/25/2021,23,0,Wind,329,Thursday,November,Fall,2512.52
8/1/2021,4,5,Wind,213,Sunday,August,Summer,2160.16
9/5/2024,8,9,Wind,249,Thursday,September,Fall,5822.68
1/6/2023,12,13,Wind,6,Friday,January,Winter,8144.759999999999
1/3/2020,16,17,Wind,3,Friday,January,Winter,6000.24
2/14/2021,13,14,Wind,45,Sunday,February,Winter,9613.08
12/25/2022,17,18,Wind,359,Sunday,December,Winter,8187.079999999999
2/29/2020,8,9,Wind,60,Saturday,February,Winter,12174.36
2/4/2023,16,17,Wind,35,Saturday,February,Winter,3539.24
9/22/2025,22,23,Wind,265,Monday,September,Fall,8650.76
6/24/2022,17,18,Wind,175,Friday,June,Summer,9756.599999999999
12/6/2022,17,18,Wind,340,Tuesday,December,Winter,1464.64
11/14/2020,13,14,Wind,319,Saturday,November,Fall,8821.88
7/11/2023,6,7,Wind,192,Tuesday,July,Summer,1960.5199999999998
9/18/2024,11,12,Wind,262,Wednesday,September,Fall,13480.759999999998
1/21/2023,9,10,Wind,21,Saturday,January,Winter,8881.679999999998
6/4/2024,2,3,Wind,156,Tuesday,June,Summer,563.9599999999999
11/26/2024,6,7,Wind,331,Tuesday,November,Fall,5844.76
12/4/2020,14,15,Wind,339,Friday,December,Winter,5531.96
2/1/2025,23,0,Wind,32,Saturday,February,Winter,3658.8399999999997
3/14/2024,6,7,Wind,74,Thursday,March,Spring,5369.12
8/21/2025,0,1,Wind,233,Thursday,August,Summer,3174.0
10/24/2024,16,17,Wind,298,Thursday,October,Fall,6226.56
11/21/2022,15,16,Wind,325,Monday,November,Fall,11295.76
2/1/2022,17,18,Wind,32,Tuesday,February,Winter,11386.84
12/4/2020,11,12,Wind,339,Friday,December,Winter,7083.079999999999
3/21/2023,8,9,Wind,80,Tuesday,March,Spring,5242.16
1/15/2020,15,16,Wind,15,Wednesday,January,Winter,8805.32
3/9/2024,14,15,Wind,69,Saturday,March,Spring,11682.16
11/5/2022,6,7,Wind,309,Saturday,November,Fall,2565.88
2/25/2024,20,21,Wind,56,Sunday,February,Winter,12313.279999999999
11/11/2020,23,0,Wind,316,Wednesday,November,Fall,7178.759999999999
2/18/2023,1,2,Wind,49,Saturday,February,Winter,5147.4
1/4/2023,15,16,Wind,4,Wednesday,January,Winter,14854.32
6/12/2025,0,1,Wind,163,Thursday,June,Summer,8285.52
10/18/2023,20,21,Wind,291,Wednesday,October,Fall,11845.0
5/8/2020,5,6,Wind,129,Friday,May,Spring,1984.4399999999998
12/9/2022,22,23,Wind,343,Friday,December,Winter,1406.68
8/19/2022,18,19,Wind,231,Friday,August,Summer,5393.04
2/27/2022,9,10,Wind,58,Sunday,February,Winter,7889.92
12/18/2023,1,2,Wind,352,Monday,December,Winter,2318.4
7/28/2022,22,23,Wind,209,Thursday,July,Summer,1782.04
2/20/2023,4,5,Wind,51,Monday,February,Winter,3484.0399999999995
10/8/2020,18,19,Wind,282,Thursday,October,Fall,7486.04
9/9/2024,9,10,Wind,253,Monday,September,Fall,8591.88
11/4/2021,10,11,Wind,308,Thursday,November,Fall,4375.5199999999995
12/15/2020,7,8,Wind,350,Tuesday,December,Winter,3785.8
2/2/2025,17,18,Wind,33,Sunday,February,Winter,1019.3599999999999
8/5/2022,21,22,Wind,217,Friday,August,Summer,5772.08
12/11/2020,17,18,Wind,346,Friday,December,Winter,5637.76
12/25/2024,20,21,Wind,360,Wednesday,December,Winter,1556.64
3/23/2024,5,6,Wind,83,Saturday,March,Spring,9224.84
11/28/2024,8,9,Wind,333,Thursday,November,Fall,2112.3199999999997
8/27/2020,23,0,Wind,240,Thursday,August,Summer,6897.24
3/25/2021,0,1,Wind,84,Thursday,March,Spring,1856.56
10/25/2024,12,13,Wind,299,Friday,October,Fall,6341.56
1/27/2021,14,15,Wind,27,Wednesday,January,Winter,4718.679999999999
11/15/2022,14,15,Wind,319,Tuesday,November,Fall,10329.76
8/29/2025,12,13,Wind,241,Friday,August,Summer,15621.6
2/1/2024,10,11,Wind,32,Thursday,February,Winter,4446.36
1/22/2021,14,15,Wind,22,Friday,January,Winter,3726.92
1/25/2021,10,11,Wind,25,Monday,January,Winter,4253.16
1/12/2023,17,18,Wind,12,Thursday,January,Winter,14877.32
8/22/2021,18,19,Wind,234,Sunday,August,Summer,5875.12
1/25/2021,14,15,Wind,25,Monday,January,Winter,4699.36
8/30/2025,13,14,Wind,242,Saturday,August,Summer,6927.6
1/9/2024,12,13,Wind,9,Tuesday,January,Winter,6730.72
1/22/2023,16,17,Wind,22,Sunday,January,Winter,4292.72
12/8/2020,17,18,Wind,343,Tuesday,December,Winter,1785.7199999999998
12/4/2021,14,15,Wind,338,Saturday,December,Winter,12781.56
2/17/2025,18,19,Wind,48,Monday,February,Winter,1856.56
10/17/2021,23,0,Wind,290,Sunday,October,Fall,2794.04
2/2/2023,23,0,Wind,33,Thursday,February,Winter,5909.16
9/22/2024,2,3,Wind,266,Sunday,September,Fall,3994.6399999999994
3/11/2020,12,13,Wind,71,Wednesday,March,Spring,11189.96
10/30/2023,17,18,Wind,303,Monday,October,Fall,6334.2
1/4/2025,21,22,Wind,4,Saturday,January,Winter,9844.92
2/9/2022,18,19,Wind,40,Wednesday,February,Winter,1582.3999999999999
2/24/2024,12,13,Wind,55,Saturday,February,Winter,14141.32
1/31/2025,2,3,Wind,31,Friday,January,Winter,1922.8000000000002
9/30/2025,18,19,Wind,273,Tuesday,September,Fall,3040.6
2/13/2025,0,1,Wind,44,Thursday,February,Winter,934.7199999999999
1/14/2024,9,10,Wind,14,Sunday,January,Winter,1313.76
2/16/2020,11,12,Wind,47,Sunday,February,Winter,13446.72
2/26/2021,17,18,Wind,57,Friday,February,Winter,3692.8799999999997
10/8/2024,15,16,Wind,282,Tuesday,October,Fall,14790.84
11/21/2020,16,17,Wind,326,Saturday,November,Fall,2421.44
1/1/2023,8,9,Wind,1,Sunday,January,Winter,8082.200000000001
10/4/2023,1,2,Wind,277,Wednesday,October,Fall,3098.56
10/12/2024,13,14,Wind,286,Saturday,October,Fall,6246.799999999999
4/12/2025,11,12,Wind,102,Saturday,April,Spring,9913.0
10/12/2025,21,22,Wind,285,Sunday,October,Fall,7232.12
5/11/2021,9,10,Wind,131,Tuesday,May,Spring,2367.16
1/16/2021,3,4,Wind,16,Saturday,January,Winter,1730.5199999999998
6/18/2021,1,2,Wind,169,Friday,June,Summer,3314.76
4/28/2023,16,17,Wind,118,Friday,April,Spring,9263.48
2/20/2024,18,19,Wind,51,Tuesday,February,Winter,4322.16
12/10/2021,13,14,Wind,344,Friday,December,Winter,14762.32
11/24/2021,0,1,Wind,328,Wednesday,November,Fall,6118.0
1/29/2024,13,14,Wind,29,Monday,January,Winter,7992.04
1/22/2025,15,16,Wind,22,Wednesday,January,Winter,4303.76
1/11/2021,22,23,Wind,11,Monday,January,Winter,8041.72
11/15/2022,20,21,Wind,319,Tuesday,November,Fall,7724.32
12/22/2023,1,2,Wind,356,Friday,December,Winter,15029.119999999999
11/9/2020,18,19,Wind,314,Monday,November,Fall,1256.72
5/29/2023,13,14,Wind,149,Monday,May,Spring,8561.52
12/21/2022,18,19,Wind,355,Wednesday,December,Winter,10646.24
10/4/2024,8,9,Wind,278,Friday,October,Fall,3990.0399999999995
7/23/2024,13,14,Wind,205,Tuesday,July,Summer,12960.04
11/22/2024,17,18,Wind,327,Friday,November,Fall,9140.2
10/12/2022,18,19,Wind,285,Wednesday,October,Fall,752.56
2/4/2020,18,19,Wind,35,Tuesday,February,Winter,8542.2
1/30/2020,10,11,Wind,30,Thursday,January,Winter,8156.72
12/24/2023,9,10,Wind,358,Sunday,December,Winter,15492.800000000001
12/7/2021,7,8,Wind,341,Tuesday,December,Winter,4912.799999999999
1/8/2023,16,17,Wind,8,Sunday,January,Winter,10253.4
2/23/2021,17,18,Wind,54,Tuesday,February,Winter,7307.5599999999995
2/14/2020,14,15,Wind,45,Friday,February,Winter,5886.16
6/25/2024,22,23,Wind,177,Tuesday,June,Summer,3132.6
12/2/2020,16,17,Wind,337,Wednesday,December,Winter,1702.9199999999998
7/26/2024,21,22,Wind,208,Friday,July,Summer,465.52
2/1/2021,11,12,Wind,32,Monday,February,Winter,6074.76
11/12/2020,16,17,Wind,317,Thursday,November,Fall,1656.0
1/28/2022,18,19,Wind,28,Friday,January,Winter,2256.7599999999998
6/14/2022,6,7,Wind,165,Tuesday,June,Summer,3764.6399999999994
8/23/2025,6,7,Wind,235,Saturday,August,Summer,1366.1999999999998
1/13/2021,2,3,Wind,13,Wednesday,January,Winter,3040.6
1/30/2021,12,13,Wind,30,Saturday,January,Winter,8498.96
2/18/2023,19,20,Wind,49,Saturday,February,Winter,6689.32
7/6/2021,18,19,Wind,187,Tuesday,July,Summer,6217.360000000001
1/29/2022,10,11,Wind,29,Saturday,January,Winter,8393.16
1/23/2025,0,1,Wind,23,Thursday,January,Winter,7821.84
3/9/2024,7,8,Wind,69,Saturday,March,Spring,11772.32
8/28/2025,16,17,Wind,240,Thursday,August,Summer,10444.76
1/27/2021,11,12,Wind,27,Wednesday,January,Winter,4803.32
1/27/2021,15,16,Wind,27,Wednesday,January,Winter,4105.96
6/29/2020,21,22,Wind,181,Monday,June,Summer,3844.68
1/21/2024,14,15,Wind,21,Sunday,January,Winter,13903.96
2/21/2023,9,10,Wind,52,Tuesday,February,Winter,2801.3999999999996
1/31/2023,7,8,Wind,31,Tuesday,January,Winter,3507.96
10/22/2025,6,7,Wind,295,Wednesday,October,Fall,3863.08
8/19/2021,19,20,Wind,231,Thursday,August,Summer,1922.8000000000002
12/21/2023,15,16,Wind,355,Thursday,December,Winter,17294.16
2/14/2021,15,16,Wind,45,Sunday,February,Winter,8981.96
8/26/2020,18,19,Wind,239,Wednesday,August,Summer,6322.24
1/11/2020,2,3,Wind,11,Saturday,January,Winter,1831.7199999999998
2/26/2021,13,14,Wind,57,Friday,February,Winter,5191.56
10/14/2025,17,18,Wind,287,Tuesday,October,Fall,7398.639999999999
5/8/2020,19,20,Wind,129,Friday,May,Spring,1816.08
7/31/2021,0,1,Wind,212,Saturday,July,Summer,6220.12
1/9/2025,14,15,Wind,9,Thursday,January,Winter,11806.36
2/22/2023,6,7,Wind,53,Wednesday,February,Winter,2731.48
12/12/2022,11,12,Wind,346,Monday,December,Winter,3516.24
2/20/2024,14,15,Wind,51,Tuesday,February,Winter,7973.639999999999
10/29/2021,16,17,Wind,302,Friday,October,Fall,8265.279999999999
10/16/2024,5,6,Wind,290,Wednesday,October,Fall,10224.88
11/7/2023,19,20,Wind,311,Tuesday,November,Fall,8314.039999999999
9/11/2021,2,3,Wind,254,Saturday,September,Fall,1557.56
6/5/2020,7,8,Wind,157,Friday,June,Summer,5491.48
3/21/2023,19,20,Wind,80,Tuesday,March,Spring,4574.24
4/5/2022,12,13,Wind,95,Tuesday,April,Spring,8598.32
12/21/2022,16,17,Wind,355,Wednesday,December,Winter,9189.88
11/13/2024,3,4,Wind,318,Wednesday,November,Fall,6330.52
5/4/2024,12,13,Wind,125,Saturday,May,Spring,8398.679999999998
12/24/2022,9,10,Wind,358,Saturday,December,Winter,5289.08
3/19/2021,4,5,Wind,78,Friday,March,Spring,4663.48
1/12/2020,15,16,Wind,12,Sunday,January,Winter,6256.0
11/19/2025,15,16,Wind,323,Wednesday,November,Fall,13072.279999999999
2/14/2021,11,12,Wind,45,Sunday,February,Winter,8856.84
9/3/2025,18,19,Wind,246,Wednesday,September,Fall,16322.64
12/12/2020,23,0,Wind,347,Saturday,December,Winter,4895.32
5/23/2020,16,17,Wind,144,Saturday,May,Spring,7918.44
1/4/2020,5,6,Wind,4,Saturday,January,Winter,2891.56
8/12/2023,2,3,Wind,224,Saturday,August,Summer,1383.68
12/24/2022,9,10,Wind,358,Saturday,December,Winter,5289.08
1/21/2020,8,9,Wind,21,Tuesday,January,Winter,3155.6
11/6/2022,14,15,Wind,310,Sunday,November,Fall,11345.44
12/27/2023,14,15,Wind,361,Wednesday,December,Winter,11881.8
6/26/2024,2,3,Wind,178,Wednesday,June,Summer,1656.0
2/24/2024,17,18,Wind,55,Saturday,February,Winter,10509.16
2/24/2025,16,17,Wind,55,Monday,February,Winter,8780.48
4/27/2020,2,3,Wind,118,Monday,April,Spring,383.64
4/1/2022,5,6,Wind,91,Friday,April,Spring,8083.12
7/5/2020,11,12,Wind,187,Sunday,July,Summer,9941.52
1/20/2023,17,18,Wind,20,Friday,January,Winter,3602.72
6/8/2025,9,10,Wind,159,Sunday,June,Summer,6167.68
5/1/2022,8,9,Wind,121,Sunday,May,Spring,2462.84
1/21/2025,18,19,Wind,21,Tuesday,January,Winter,4494.2
1/17/2021,13,14,Wind,17,Sunday,January,Winter,7023.279999999999
7/25/2022,8,9,Wind,206,Monday,July,Summer,4402.2
9/16/2024,7,8,Wind,260,Monday,September,Fall,2587.04
5/24/2022,11,12,Wind,144,Tuesday,May,Spring,8001.24
1/8/2021,3,4,Wind,8,Friday,January,Winter,1133.44
12/8/2020,13,14,Wind,343,Tuesday,December,Winter,2692.84
1/17/2023,1,2,Wind,17,Tuesday,January,Winter,2519.88
11/23/2021,10,11,Wind,327,Tuesday,November,Fall,8246.88
1/15/2022,9,10,Wind,15,Saturday,January,Winter,1696.48
3/27/2024,14,15,Wind,87,Wednesday,March,Spring,14357.519999999999
1/9/2022,11,12,Wind,9,Sunday,January,Winter,6698.52
2/20/2021,16,17,Wind,51,Saturday,February,Winter,12161.48
3/23/2020,17,18,Wind,83,Monday,March,Spring,6208.16
5/13/2023,3,4,Wind,133,Saturday,May,Spring,4749.04
6/6/2020,2,3,Wind,158,Saturday,June,Summer,5393.96
3/12/2021,10,11,Wind,71,Friday,March,Spring,12735.56
2/15/2023,21,22,Wind,46,Wednesday,February,Winter,3781.2000000000003
2/1/2024,11,12,Wind,32,Thursday,February,Winter,3778.4399999999996
3/1/2024,11,12,Wind,61,Friday,March,Spring,18409.2
3/21/2023,14,15,Wind,80,Tuesday,March,Spring,8031.6
7/12/2023,3,4,Wind,193,Wednesday,July,Summer,3634.0
9/29/2024,13,14,Wind,273,Sunday,September,Fall,5674.56
3/29/2023,3,4,Wind,88,Wednesday,March,Spring,4131.72
1/26/2020,19,20,Wind,26,Sunday,January,Winter,6579.84
11/15/2024,16,17,Wind,320,Friday,November,Fall,1675.3199999999997
12/23/2022,10,11,Wind,357,Friday,December,Winter,13380.48
1/25/2025,23,0,Wind,25,Saturday,January,Winter,8832.0
1/21/2024,15,16,Wind,21,Sunday,January,Winter,13353.800000000001
11/19/2022,18,19,Wind,323,Saturday,November,Fall,2943.08
2/10/2020,16,17,Wind,41,Monday,February,Winter,12668.4
7/29/2022,7,8,Wind,210,Friday,July,Summer,896.0799999999999
12/13/2024,10,11,Wind,348,Friday,December,Winter,2893.3999999999996
11/27/2023,8,9,Wind,331,Monday,November,Fall,9860.56
8/25/2021,6,7,Wind,237,Wednesday,August,Summer,4422.44
3/6/2022,12,13,Wind,65,Sunday,March,Spring,8377.52
12/2/2023,16,17,Wind,336,Saturday,December,Winter,1966.04
2/5/2024,9,10,Wind,36,Monday,February,Winter,6387.56
12/19/2021,22,23,Wind,353,Sunday,December,Winter,2899.84
12/8/2020,18,19,Wind,343,Tuesday,December,Winter,2035.04
2/10/2020,15,16,Wind,41,Monday,February,Winter,12853.32
3/22/2020,22,23,Wind,82,Sunday,March,Spring,8646.16
12/21/2024,18,19,Wind,356,Saturday,December,Winter,17266.559999999998
12/20/2020,11,12,Wind,355,Sunday,December,Winter,4438.08
9/16/2025,15,16,Wind,259,Tuesday,September,Fall,13285.72
3/26/2024,15,16,Wind,86,Tuesday,March,Spring,5750.92
12/30/2020,18,19,Wind,365,Wednesday,December,Winter,4440.839999999999
10/4/2023,18,19,Wind,277,Wednesday,October,Fall,1886.0
1/2/2025,9,10,Wind,2,Thursday,January,Winter,5545.76
12/9/2023,14,15,Wind,343,Saturday,December,Winter,16636.359999999997
4/1/2024,18,19,Wind,92,Monday,April,Spring,10427.279999999999
7/31/2022,7,8,Wind,212,Sunday,July,Summer,1723.1599999999999
11/25/2023,11,12,Wind,329,Saturday,November,Fall,8602.0
2/4/2024,9,10,Wind,35,Sunday,February,Winter,7391.279999999999
5/4/2021,6,7,Wind,124,Tuesday,May,Spring,11932.4
2/16/2023,16,17,Wind,47,Thursday,February,Winter,7845.759999999999
7/1/2020,16,17,Wind,183,Wednesday,July,Summer,6032.44
1/19/2021,1,2,Wind,19,Tuesday,January,Winter,8045.400000000001
11/28/2022,21,22,Wind,332,Monday,November,Fall,2864.88
2/1/2025,17,18,Wind,32,Saturday,February,Winter,1901.6399999999999
7/4/2023,3,4,Wind,185,Tuesday,July,Summer,2389.24
1/14/2023,4,5,Wind,14,Saturday,January,Winter,10051.0
12/23/2021,21,22,Wind,357,Thursday,December,Winter,6790.52
9/15/2025,11,12,Wind,258,Monday,September,Fall,10130.12
5/26/2020,18,19,Wind,147,Tuesday,May,Spring,5774.84
9/24/2020,20,21,Wind,268,Thursday,September,Fall,7419.8
2/16/2022,17,18,Wind,47,Wednesday,February,Winter,14694.24
6/17/2024,21,22,Wind,169,Monday,June,Summer,1265.0
10/22/2020,9,10,Wind,296,Thursday,October,Fall,4622.08
1/13/2021,4,5,Wind,13,Wednesday,January,Winter,2977.12
3/13/2020,15,16,Wind,73,Friday,March,Spring,5980.92
9/4/2024,2,3,Wind,248,Wednesday,September,Fall,844.56
1/27/2025,16,17,Wind,27,Monday,January,Winter,16247.2
4/25/2024,7,8,Wind,116,Thursday,April,Spring,1303.64
3/7/2023,14,15,Wind,66,Tuesday,March,Spring,10502.720000000001
12/8/2022,4,5,Wind,342,Thursday,December,Winter,1072.72
2/26/2021,19,20,Wind,57,Friday,February,Winter,4205.32
2/6/2023,7,8,Wind,37,Monday,February,Winter,5925.72
10/27/2024,4,5,Wind,301,Sunday,October,Fall,1647.7199999999998
12/7/2024,0,1,Wind,342,Saturday,December,Winter,14270.119999999999
2/26/2025,13,14,Wind,57,Wednesday,February,Winter,15300.519999999999
7/23/2022,2,3,Wind,204,Saturday,July,Summer,1567.68
5/10/2021,13,14,Wind,130,Monday,May,Spring,8661.800000000001
12/31/2024,2,3,Wind,366,Tuesday,December,Winter,2190.52
12/2/2024,15,16,Wind,337,Monday,December,Winter,9357.32
1/20/2021,12,13,Wind,20,Wednesday,January,Winter,12625.16
12/31/2022,4,5,Wind,365,Saturday,December,Winter,14502.88
1/9/2024,4,5,Wind,9,Tuesday,January,Winter,4846.56
5/16/2022,9,10,Wind,136,Monday,May,Spring,6278.08
8/5/2025,20,21,Wind,217,Tuesday,August,Summer,5640.52
8/3/2021,18,19,Wind,215,Tuesday,August,Summer,2459.16
1/17/2020,11,12,Wind,17,Friday,January,Winter,7299.279999999999
10/12/2022,18,19,Wind,285,Wednesday,October,Fall,752.56
2/8/2021,16,17,Wind,39,Monday,February,Winter,1636.68
2/24/2020,16,17,Wind,55,Monday,February,Winter,11746.56
8/3/2022,7,8,Wind,215,Wednesday,August,Summer,964.1599999999999
1/14/2020,15,16,Wind,14,Tuesday,January,Winter,12708.88
3/24/2023,10,11,Wind,83,Friday,March,Spring,14971.159999999998
8/29/2022,18,19,Wind,241,Monday,August,Summer,3818.92
4/21/2022,18,19,Wind,111,Thursday,April,Spring,5406.84
1/20/2021,10,11,Wind,20,Wednesday,January,Winter,12263.599999999999
3/27/2022,1,2,Wind,86,Sunday,March,Spring,6693.92
11/10/2021,8,9,Wind,314,Wednesday,November,Fall,609.04
3/31/2020,11,12,Wind,91,Tuesday,March,Spring,9292.0
1/9/2021,10,11,Wind,9,Saturday,January,Winter,4006.6000000000004
7/23/2021,7,8,Wind,204,Friday,July,Summer,3268.76
7/12/2021,18,19,Wind,193,Monday,July,Summer,3841.0
6/15/2020,4,5,Wind,167,Monday,June,Summer,1955.9199999999998
4/13/2022,7,8,Wind,103,Wednesday,April,Spring,1057.08
1/25/2020,17,18,Wind,25,Saturday,January,Winter,1254.88
1/14/2020,2,3,Wind,14,Tuesday,January,Winter,11281.04
6/27/2020,19,20,Wind,179,Saturday,June,Summer,6668.16
8/29/2020,18,19,Wind,242,Saturday,August,Summer,4560.44
5/13/2021,10,11,Wind,133,Thursday,May,Spring,6333.28
9/16/2021,8,9,Wind,259,Thursday,September,Fall,890.56
1/19/2024,0,1,Wind,19,Friday,January,Winter,2815.2
4/13/2025,12,13,Wind,103,Sunday,April,Spring,4513.5199999999995
4/6/2025,22,23,Wind,96,Sunday,April,Spring,9335.24
7/17/2021,8,9,Wind,198,Saturday,July,Summer,3110.52
3/26/2022,12,13,Wind,85,Saturday,March,Spring,11932.4
2/9/2024,11,12,Wind,40,Friday,February,Winter,12478.88
12/17/2024,15,16,Wind,352,Tuesday,December,Winter,5329.56
11/14/2020,3,4,Wind,319,Saturday,November,Fall,4408.639999999999
1/18/2025,18,19,Wind,18,Saturday,January,Winter,1574.12
7/18/2021,14,15,Wind,199,Sunday,July,Summer,7625.879999999999
8/20/2024,8,9,Wind,233,Tuesday,August,Summer,4335.96
11/12/2021,3,4,Wind,316,Friday,November,Fall,1092.9599999999998
7/16/2024,14,15,Wind,198,Tuesday,July,Summer,14798.2
12/10/2020,8,9,Wind,345,Thursday,December,Winter,4170.36
7/23/2023,12,13,Wind,204,Sunday,July,Summer,9547.76
4/15/2021,5,6,Wind,105,Thursday,April,Spring,4322.16
2/18/2024,9,10,Wind,49,Sunday,February,Winter,10865.199999999999
5/15/2023,5,6,Wind,135,Monday,May,Spring,2450.88
2/28/2021,7,8,Wind,59,Sunday,February,Winter,6435.4
2/27/2021,13,14,Wind,58,Saturday,February,Winter,10602.08
1/23/2021,13,14,Wind,23,Saturday,January,Winter,6775.8
12/27/2024,17,18,Wind,362,Friday,December,Winter,400.2
7/14/2024,0,1,Wind,196,Sunday,July,Summer,325.68
11/7/2020,12,13,Wind,312,Saturday,November,Fall,4140.92
1/1/2023,9,10,Wind,1,Sunday,January,Winter,10380.36
5/29/2022,8,9,Wind,149,Sunday,May,Spring,4907.28
1/26/2023,16,17,Wind,26,Thursday,January,Winter,6128.12
3/23/2025,0,1,Wind,82,Sunday,March,Spring,3767.4
6/1/2024,21,22,Wind,153,Saturday,June,Summer,6979.12
10/20/2020,8,9,Wind,294,Tuesday,October,Fall,8927.679999999998
1/20/2021,13,14,Wind,20,Wednesday,January,Winter,12731.88
7/11/2023,2,3,Wind,192,Tuesday,July,Summer,1324.8
5/11/2021,17,18,Wind,131,Tuesday,May,Spring,8208.24
7/29/2023,18,19,Wind,210,Saturday,July,Summer,8476.88
10/19/2021,15,16,Wind,292,Tuesday,October,Fall,8234.92
6/27/2021,5,6,Wind,178,Sunday,June,Summer,2214.44
1/4/2024,16,17,Wind,4,Thursday,January,Winter,10056.52
2/10/2020,16,17,Wind,41,Monday,February,Winter,12668.4
10/25/2025,15,16,Wind,298,Saturday,October,Fall,10075.84
12/10/2022,7,8,Wind,344,Saturday,December,Winter,1338.6
8/3/2020,21,22,Wind,216,Monday,August,Summer,3479.4399999999996
8/31/2020,18,19,Wind,244,Monday,August,Summer,2586.12
1/21/2022,22,23,Wind,21,Friday,January,Winter,2968.84
12/3/2023,7,8,Wind,337,Sunday,December,Winter,7578.959999999999
4/9/2022,18,19,Wind,99,Saturday,April,Spring,5796.92
4/13/2024,18,19,Wind,104,Saturday,April,Spring,4856.679999999999
2/21/2021,21,22,Wind,52,Sunday,February,Winter,7127.24
3/20/2025,12,13,Wind,79,Thursday,March,Spring,10932.36
3/27/2024,1,2,Wind,87,Wednesday,March,Spring,4911.88
1/26/2020,13,14,Wind,26,Sunday,January,Winter,4082.0399999999995
12/6/2023,16,17,Wind,340,Wednesday,December,Winter,1104.0
1/24/2025,9,10,Wind,24,Friday,January,Winter,17451.48
8/2/2024,17,18,Wind,215,Friday,August,Summer,8075.759999999999
4/22/2021,21,22,Wind,112,Thursday,April,Spring,5798.76
2/10/2021,8,9,Wind,41,Wednesday,February,Winter,7038.92
1/30/2024,21,22,Wind,30,Tuesday,January,Winter,811.44
11/28/2023,16,17,Wind,332,Tuesday,November,Fall,1437.04
12/6/2021,8,9,Wind,340,Monday,December,Winter,2036.88
12/21/2023,1,2,Wind,355,Thursday,December,Winter,12006.0
2/2/2022,15,16,Wind,33,Wednesday,February,Winter,5064.599999999999
1/21/2025,1,2,Wind,21,Tuesday,January,Winter,1168.4
9/16/2025,22,23,Wind,259,Tuesday,September,Fall,2831.76
1/15/2020,15,16,Wind,15,Wednesday,January,Winter,8805.32
8/3/2020,15,16,Wind,216,Monday,August,Summer,6796.959999999999
1/22/2023,17,18,Wind,22,Sunday,January,Winter,3616.52
12/24/2023,14,15,Wind,358,Sunday,December,Winter,16680.52
2/15/2023,21,22,Wind,46,Wednesday,February,Winter,3781.2000000000003
6/20/2024,8,9,Wind,172,Thursday,June,Summer,3546.6000000000004
